fuente,codigo,producto,familia,marca,modelo,anio,info,oem,imagen_producto,url_ficha,aplicacion_dayco,tipo_dayco,dimension,motor,kw,hp,posicion,abs,ficha_oem,ficha_info
DAYCO,KWD1013,Rodamiento de rueda,RODAMIENTO,AUDI,A3,2005 -> 2008,Versión: 1.6 | Motor: AVU/BSF | Combustible: NAFTA | SKF I: VKBA 3456 | SKF II: BAF-4104 BBX | Ubicación: TRASERO,VKBA 3456 | BAF-4104 BBX,,https://www.dayco.com/la-es/catalog/?search=KWD1013,Rueda,WHEEL BEARING KIT,,AVU/BSF,,,TRASERO,,VKBA 3456 | BAF-4104 BBX,Versión: 1.6 | Motor: AVU/BSF | Combustible: NAFTA | Ubicación: TRASERO
DAYCO,KWD1013,Rodamiento de rueda,RODAMIENTO,AUDI,A3,2006 -> 2008,Versión: 1.6 | Motor: AVU/BSF | Combustible: NAFTA | SKF I: VKBA 3456 | SKF II: BAF-4104 BBX | Ubicación: TRASERO,VKBA 3456 | BAF-4104 BBX,,https://www.dayco.com/la-es/catalog/?search=KWD1013,Rueda,WHEEL BEARING KIT,,AVU/BSF,,,TRASERO,,VKBA 3456 | BAF-4104 BBX,Versión: 1.6 | Motor: AVU/BSF | Combustible: NAFTA | Ubicación: TRASERO
DAYCO,KWD1013,Rodamiento de rueda,RODAMIENTO,AUDI,A3,2008 -> 2015,Versión: 1.6 | Motor: AVU/BSF/BSE | Combustible: NAFTA | SKF I: VKBA 3456 | SKF II: BAF-4104 BBX | Ubicación: TRASERO,VKBA 3456 | BAF-4104 BBX,,https://www.dayco.com/la-es/catalog/?search=KWD1013,Rueda,WHEEL BEARING KIT,,AVU/BSF/BSE,,,TRASERO,,VKBA 3456 | BAF-4104 BBX,Versión: 1.6 | Motor: AVU/BSF/BSE | Combustible: NAFTA | Ubicación: TRASERO
DAYCO,KWD1013,Rodamiento de rueda,RODAMIENTO,AUDI,A3,1997 -> 2001,Versión: 1.9 TDI | Motor: ALH | Combustible: DIESEL | SKF I: VKBA 3456 | SKF II: BAF-4104 BBX | Ubicación: TRASERO,VKBA 3456 | BAF-4104 BBX,,https://www.dayco.com/la-es/catalog/?search=KWD1013,Rueda,WHEEL BEARING KIT,,ALH,,,TRASERO,,VKBA 3456 | BAF-4104 BBX,Versión: 1.9 TDI | Motor: ALH | Combustible: DIESEL | Ubicación: TRASERO
DAYCO,KWD1013,Rodamiento de rueda,RODAMIENTO,AUDI,A3,2000 -> 2001,Versión: 1.8 | Motor: AGN | Combustible: NAFTA | SKF I: VKBA 3456 | SKF II: BAF-4104 BBX | Ubicación: TRASERO,VKBA 3456 | BAF-4104 BBX,,https://www.dayco.com/la-es/catalog/?search=KWD1013,Rueda,WHEEL BEARING KIT,,AGN,,,TRASERO,,VKBA 3456 | BAF-4104 BBX,Versión: 1.8 | Motor: AGN | Combustible: NAFTA | Ubicación: TRASERO
DAYCO,KWD1013,Rodamiento de rueda,RODAMIENTO,AUDI,A3,2000 -> 2004,Versión: 1.6 | Motor: AKL | Combustible: NAFTA | SKF I: VKBA 3456 | SKF II: BAF-4104 BBX | Ubicación: TRASERO,VKBA 3456 | BAF-4104 BBX,,https://www.dayco.com/la-es/catalog/?search=KWD1013,Rueda,WHEEL BEARING KIT,,AKL,,,TRASERO,,VKBA 3456 | BAF-4104 BBX,Versión: 1.6 | Motor: AKL | Combustible: NAFTA | Ubicación: TRASERO
DAYCO,KWD1013,Rodamiento de rueda,RODAMIENTO,AUDI,A3,2000 -> 2005,Versión: 1.8 T | Motor: AUM | Combustible: NAFTA | SKF I: VKBA 3456 | SKF II: BAF-4104 BBX | Ubicación: TRASERO,VKBA 3456 | BAF-4104 BBX,,https://www.dayco.com/la-es/catalog/?search=KWD1013,Rueda,WHEEL BEARING KIT,,AUM,,,TRASERO,,VKBA 3456 | BAF-4104 BBX,Versión: 1.8 T | Motor: AUM | Combustible: NAFTA | Ubicación: TRASERO
DAYCO,KWD1013,Rodamiento de rueda,RODAMIENTO,AUDI,A3,2000 -> 2004,Versión: 1.8 T (180 CV) | Motor: APP | Combustible: NAFTA | SKF I: VKBA 3456 | SKF II: BAF-4104 BBX | Ubicación: TRASERO,VKBA 3456 | BAF-4104 BBX,,https://www.dayco.com/la-es/catalog/?search=KWD1013,Rueda,WHEEL BEARING KIT,,APP,,,TRASERO,,VKBA 3456 | BAF-4104 BBX,Versión: 1.8 T (180 CV) | Motor: APP | Combustible: NAFTA | Ubicación: TRASERO
DAYCO,KWD1013,Rodamiento de rueda,RODAMIENTO,AUDI,A3,2000 -> 2005,Versión: 1.9 TDI | Motor: ASV | Combustible: DIESEL | SKF I: VKBA 3456 | SKF II: BAF-4104 BBX | Ubicación: TRASERO,VKBA 3456 | BAF-4104 BBX,,https://www.dayco.com/la-es/catalog/?search=KWD1013,Rueda,WHEEL BEARING KIT,,ASV,,,TRASERO,,VKBA 3456 | BAF-4104 BBX,Versión: 1.9 TDI | Motor: ASV | Combustible: DIESEL | Ubicación: TRASERO
DAYCO,KWD1013,Rodamiento de rueda,RODAMIENTO,AUDI,A3,1997 -> 2001,Versión: 1.8 | Motor: APG | Combustible: NAFTA | SKF I: VKBA 3456 | SKF II: BAF-4104 BBX | Ubicación: TRASERO,VKBA 3456 | BAF-4104 BBX,,https://www.dayco.com/la-es/catalog/?search=KWD1013,Rueda,WHEEL BEARING KIT,,APG,,,TRASERO,,VKBA 3456 | BAF-4104 BBX,Versión: 1.8 | Motor: APG | Combustible: NAFTA | Ubicación: TRASERO
DAYCO,KWD1013,Rodamiento de rueda,RODAMIENTO,AUDI,A3,1997 -> 2001,Versión: 1.8 T | Motor: AQA | Combustible: NAFTA | SKF I: VKBA 3456 | SKF II: BAF-4104 BBX | Ubicación: TRASERO,VKBA 3456 | BAF-4104 BBX,,https://www.dayco.com/la-es/catalog/?search=KWD1013,Rueda,WHEEL BEARING KIT,,AQA,,,TRASERO,,VKBA 3456 | BAF-4104 BBX,Versión: 1.8 T | Motor: AQA | Combustible: NAFTA | Ubicación: TRASERO
DAYCO,KWD1001,Rodamiento de rueda,RODAMIENTO,AUDI,A3,3-2005 -> 6-2008,Versión: 1.6 | Motor: AVU/BSF | Combustible: NAFTA | SKF I: VKBA3643 | SKF II: VKBA 3643 | Ubicación: DELANTERO | ABS: C/ABS,VKBA3643 | VKBA 3643,,https://www.dayco.com/la-es/catalog/?search=KWD1001,Rueda,WHEEL BEARING KIT,,AVU/BSF,,,DELANTERO,C/ABS,VKBA3643 | VKBA 3643,Versión: 1.6 | Motor: AVU/BSF | Combustible: NAFTA | Ubicación: DELANTERO | ABS: C/ABS
DAYCO,KWD1001,Rodamiento de rueda,RODAMIENTO,AUDI,A3,7-2008 -> 4-2015,Versión: 1.8 TFSI | Motor: BFB/CDAA | Combustible: NAFTA | SKF I: VKBA3643 | SKF II: VKBA 3643 | Ubicación: DELANTERO | ABS: C/ABS,VKBA3643 | VKBA 3643,,https://www.dayco.com/la-es/catalog/?search=KWD1001,Rueda,WHEEL BEARING KIT,,BFB/CDAA,,,DELANTERO,C/ABS,VKBA3643 | VKBA 3643,Versión: 1.8 TFSI | Motor: BFB/CDAA | Combustible: NAFTA | Ubicación: DELANTERO | ABS: C/ABS
DAYCO,KWD1001,Rodamiento de rueda,RODAMIENTO,AUDI,A3,7-2008 -> 4-2015,Versión: 2.0 TDI | Motor: BKD/CBA | Combustible: DIESEL | SKF I: VKBA3643 | SKF II: VKBA 3643 | Ubicación: DELANTERO | ABS: C/ABS,VKBA3643 | VKBA 3643,,https://www.dayco.com/la-es/catalog/?search=KWD1001,Rueda,WHEEL BEARING KIT,,BKD/CBA,,,DELANTERO,C/ABS,VKBA3643 | VKBA 3643,Versión: 2.0 TDI | Motor: BKD/CBA | Combustible: DIESEL | Ubicación: DELANTERO | ABS: C/ABS
DAYCO,KWD1001,Rodamiento de rueda,RODAMIENTO,AUDI,A3,11-2013 -> 4-2015,Versión: 1.8 TFSI 180CV | Motor: EA888 CJSA | Combustible: NAFTA | SKF I: VKBA3643 | SKF II: VKBA 3643 | Ubicación: DELANTERO | ABS: C/ABS,VKBA3643 | VKBA 3643,,https://www.dayco.com/la-es/catalog/?search=KWD1001,Rueda,WHEEL BEARING KIT,,EA888 CJSA,,,DELANTERO,C/ABS,VKBA3643 | VKBA 3643,Versión: 1.8 TFSI 180CV | Motor: EA888 CJSA | Combustible: NAFTA | Ubicación: DELANTERO | ABS: C/ABS
DAYCO,KWD1001,Rodamiento de rueda,RODAMIENTO,AUDI,A3,11-2013 -> 4-2015,Versión: 2.0 TDI 143CV | Motor: CRFA | Combustible: DIESEL | SKF I: VKBA3643 | SKF II: VKBA 3643 | Ubicación: DELANTERO | ABS: C/ABS,VKBA3643 | VKBA 3643,,https://www.dayco.com/la-es/catalog/?search=KWD1001,Rueda,WHEEL BEARING KIT,,CRFA,,,DELANTERO,C/ABS,VKBA3643 | VKBA 3643,Versión: 2.0 TDI 143CV | Motor: CRFA | Combustible: DIESEL | Ubicación: DELANTERO | ABS: C/ABS
DAYCO,KWD1072,Rodamiento de rueda,RODAMIENTO,CHEVROLET,AGILE,9-2009 -> 10-2021,Versión: 1.4 8V | Motor: X14YX | Combustible: NAFTA | SKF I: BAHB-636114 | SKF II: BAHB 636114 B/VK210 | Ubicación: DELANTERO | ABS: C/ABS,BAHB-636114 | BAHB 636114 B/VK210,,https://www.dayco.com/la-es/catalog/?search=KWD1072,Rueda,WHEEL BEARING KIT,,X14YX,,,DELANTERO,C/ABS,BAHB-636114 | BAHB 636114 B/VK210,Versión: 1.4 8V | Motor: X14YX | Combustible: NAFTA | Ubicación: DELANTERO | ABS: C/ABS
DAYCO,KWD1134,Rodamiento de rueda,RODAMIENTO,CHEVROLET,ASTRA,1996 -> 1998,Versión: 1.7 TDI | Motor: X17DT | Combustible: DIESEL | SKF I: VKBA3410 | SKF II: BAHB 636096 A/ VKBC 20029 | Ubicación: DELANTERO,VKBA3410 | BAHB 636096 A/ VKBC 20029,,https://www.dayco.com/la-es/catalog/?search=KWD1134,Rueda,WHEEL BEARING KIT,,X17DT,,,DELANTERO,,VKBA3410 | BAHB 636096 A/ VKBC 20029,Versión: 1.7 TDI | Motor: X17DT | Combustible: DIESEL | Ubicación: DELANTERO
DAYCO,KWD1105,Rodamiento de rueda,RODAMIENTO,CHEVROLET,ASTRA,1999 -> 2003,Versión: 2.0 TD | Motor: X20DTL | Combustible: DIESEL | SKF I: BAR-0029 D/VK108 | Ubicación: TRASERO,BAR-0029 D/VK108,,https://www.dayco.com/la-es/catalog/?search=KWD1105,Rueda,WHEEL BEARING KIT,,X20DTL,,,TRASERO,,BAR-0029 D/VK108,Versión: 2.0 TD | Motor: X20DTL | Combustible: DIESEL | Ubicación: TRASERO
DAYCO,KWD1105,Rodamiento de rueda,RODAMIENTO,CHEVROLET,ASTRA,2002 -> 2012,Versión: 2.0 8V | Motor: C20SE | Combustible: NAFTA | SKF I: BAR-0029 D/VK108 | Ubicación: TRASERO,BAR-0029 D/VK108,,https://www.dayco.com/la-es/catalog/?search=KWD1105,Rueda,WHEEL BEARING KIT,,C20SE,,,TRASERO,,BAR-0029 D/VK108,Versión: 2.0 8V | Motor: C20SE | Combustible: NAFTA | Ubicación: TRASERO
DAYCO,KWD1105,Rodamiento de rueda,RODAMIENTO,CHEVROLET,ASTRA,1998 -> 2001,Versión: 2.0 8V | Motor: C20NE | Combustible: NAFTA | SKF I: BAR-0029 D/VK108 | Ubicación: TRASERO,BAR-0029 D/VK108,,https://www.dayco.com/la-es/catalog/?search=KWD1105,Rueda,WHEEL BEARING KIT,,C20NE,,,TRASERO,,BAR-0029 D/VK108,Versión: 2.0 8V | Motor: C20NE | Combustible: NAFTA | Ubicación: TRASERO
DAYCO,KWD1105,Rodamiento de rueda,RODAMIENTO,CHEVROLET,ASTRA,2000 -> 2003,Versión: 1.8 8V | Motor: X18XE1 | Combustible: NAFTA | SKF I: BAR-0029 D/VK108 | Ubicación: TRASERO,BAR-0029 D/VK108,,https://www.dayco.com/la-es/catalog/?search=KWD1105,Rueda,WHEEL BEARING KIT,,X18XE1,,,TRASERO,,BAR-0029 D/VK108,Versión: 1.8 8V | Motor: X18XE1 | Combustible: NAFTA | Ubicación: TRASERO
DAYCO,KWD1105,Rodamiento de rueda,RODAMIENTO,CHEVROLET,ASTRA,2005 -> 2010,Versión: 2.4 16V | Motor: X24SE | Combustible: NAFTA | SKF I: BAR-0029 D/VK108 | Ubicación: TRASERO,BAR-0029 D/VK108,,https://www.dayco.com/la-es/catalog/?search=KWD1105,Rueda,WHEEL BEARING KIT,,X24SE,,,TRASERO,,BAR-0029 D/VK108,Versión: 2.4 16V | Motor: X24SE | Combustible: NAFTA | Ubicación: TRASERO
DAYCO,KWD1105,Rodamiento de rueda,RODAMIENTO,CHEVROLET,ASTRA,2002 -> 2008,Versión: 2.0 TD 16V | Motor: Y20DTH | Combustible: DIESEL | SKF I: BAR-0029 D/VK108 | Ubicación: TRASERO,BAR-0029 D/VK108,,https://www.dayco.com/la-es/catalog/?search=KWD1105,Rueda,WHEEL BEARING KIT,,Y20DTH,,,TRASERO,,BAR-0029 D/VK108,Versión: 2.0 TD 16V | Motor: Y20DTH | Combustible: DIESEL | Ubicación: TRASERO
DAYCO,KWD1105,Rodamiento de rueda,RODAMIENTO,CHEVROLET,ASTRA,1998 -> 2003,Versión: 2.0 TD 16V | Motor: Y20DTH | Combustible: DIESEL | SKF I: BAR-0029 D/VK108 | Ubicación: TRASERO,BAR-0029 D/VK108,,https://www.dayco.com/la-es/catalog/?search=KWD1105,Rueda,WHEEL BEARING KIT,,Y20DTH,,,TRASERO,,BAR-0029 D/VK108,Versión: 2.0 TD 16V | Motor: Y20DTH | Combustible: DIESEL | Ubicación: TRASERO
DAYCO,KWD1105,Rodamiento de rueda,RODAMIENTO,CHEVROLET,ASTRA,2002 -> 2003,Versión: 2.0 16V | Motor: C20SEL | Combustible: NAFTA | SKF I: BAR-0029 D/VK108 | Ubicación: TRASERO,BAR-0029 D/VK108,,https://www.dayco.com/la-es/catalog/?search=KWD1105,Rueda,WHEEL BEARING KIT,,C20SEL,,,TRASERO,,BAR-0029 D/VK108,Versión: 2.0 16V | Motor: C20SEL | Combustible: NAFTA | Ubicación: TRASERO
DAYCO,KWD1105,Rodamiento de rueda,RODAMIENTO,CHEVROLET,ASTRA,1996 -> 1998,Versión: 1.7 TDI | Motor: X17DT | Combustible: DIESEL | SKF I: BAR-0029 D/VK108 | Ubicación: TRASERO,BAR-0029 D/VK108,,https://www.dayco.com/la-es/catalog/?search=KWD1105,Rueda,WHEEL BEARING KIT,,X17DT,,,TRASERO,,BAR-0029 D/VK108,Versión: 1.7 TDI | Motor: X17DT | Combustible: DIESEL | Ubicación: TRASERO
DAYCO,KWD1141,Rodamiento de rueda,RODAMIENTO,CHEVROLET,ASTRA,2002 -> 2008,Versión: 2.0 TD 16V | Motor: Y20DTH | Combustible: DIESEL | SKF I: VKBC 3530 | SKF II: BAR-0050 AC/VK108 | Ubicación: DEL/TRAS,VKBC 3530 | BAR-0050 AC/VK108,,https://www.dayco.com/la-es/catalog/?search=KWD1141,Rueda,WHEEL BEARING KIT,,Y20DTH,,,DEL/TRAS,,VKBC 3530 | BAR-0050 AC/VK108,Versión: 2.0 TD 16V | Motor: Y20DTH | Combustible: DIESEL | Ubicación: DEL/TRAS
DAYCO,KWD1141,Rodamiento de rueda,RODAMIENTO,CHEVROLET,ASTRA,1998 -> 2003,Versión: 2.0 TD 16V | Motor: Y20DTH | Combustible: DIESEL | SKF I: VKBC 3530 | SKF II: BAR-0050 AC/VK108 | Ubicación: DEL/TRAS,VKBC 3530 | BAR-0050 AC/VK108,,https://www.dayco.com/la-es/catalog/?search=KWD1141,Rueda,WHEEL BEARING KIT,,Y20DTH,,,DEL/TRAS,,VKBC 3530 | BAR-0050 AC/VK108,Versión: 2.0 TD 16V | Motor: Y20DTH | Combustible: DIESEL | Ubicación: DEL/TRAS
DAYCO,KWD1141,Rodamiento de rueda,RODAMIENTO,CHEVROLET,ASTRA,2002 -> 2003,Versión: 2.0 16V | Motor: C20SEL | Combustible: NAFTA | SKF I: VKBC 3530 | SKF II: BAR-0050 AC/VK108 | Ubicación: DEL/TRAS,VKBC 3530 | BAR-0050 AC/VK108,,https://www.dayco.com/la-es/catalog/?search=KWD1141,Rueda,WHEEL BEARING KIT,,C20SEL,,,DEL/TRAS,,VKBC 3530 | BAR-0050 AC/VK108,Versión: 2.0 16V | Motor: C20SEL | Combustible: NAFTA | Ubicación: DEL/TRAS
DAYCO,KWD1141,Rodamiento de rueda,RODAMIENTO,CHEVROLET,ASTRA,2005 -> 2010,Versión: 2.4 16V | Motor: X24SE | Combustible: NAFTA | SKF I: VKBC 3530 | SKF II: BAR-0050 AC/VK108 | Ubicación: DEL/TRAS,VKBC 3530 | BAR-0050 AC/VK108,,https://www.dayco.com/la-es/catalog/?search=KWD1141,Rueda,WHEEL BEARING KIT,,X24SE,,,DEL/TRAS,,VKBC 3530 | BAR-0050 AC/VK108,Versión: 2.4 16V | Motor: X24SE | Combustible: NAFTA | Ubicación: DEL/TRAS
DAYCO,KWD1141,Rodamiento de rueda,RODAMIENTO,CHEVROLET,ASTRA,2002 -> 2012,Versión: 2.0 8V | Motor: C20SE | Combustible: NAFTA | SKF I: VKBC 3530 | SKF II: BAR-0050 AC/VK108 | Ubicación: DEL/TRAS,VKBC 3530 | BAR-0050 AC/VK108,,https://www.dayco.com/la-es/catalog/?search=KWD1141,Rueda,WHEEL BEARING KIT,,C20SE,,,DEL/TRAS,,VKBC 3530 | BAR-0050 AC/VK108,Versión: 2.0 8V | Motor: C20SE | Combustible: NAFTA | Ubicación: DEL/TRAS
DAYCO,KWD1141,Rodamiento de rueda,RODAMIENTO,CHEVROLET,ASTRA,1998 -> 2001,Versión: 2.0 8V | Motor: C20NE | Combustible: NAFTA | SKF I: VKBC 3530 | SKF II: BAR-0050 AC/VK108 | Ubicación: DEL/TRAS,VKBC 3530 | BAR-0050 AC/VK108,,https://www.dayco.com/la-es/catalog/?search=KWD1141,Rueda,WHEEL BEARING KIT,,C20NE,,,DEL/TRAS,,VKBC 3530 | BAR-0050 AC/VK108,Versión: 2.0 8V | Motor: C20NE | Combustible: NAFTA | Ubicación: DEL/TRAS
DAYCO,KWD1141,Rodamiento de rueda,RODAMIENTO,CHEVROLET,ASTRA,2000 -> 2003,Versión: 1.8 8V | Motor: X18XE1 | Combustible: NAFTA | SKF I: VKBC 3530 | SKF II: BAR-0050 AC/VK108 | Ubicación: DEL/TRAS,VKBC 3530 | BAR-0050 AC/VK108,,https://www.dayco.com/la-es/catalog/?search=KWD1141,Rueda,WHEEL BEARING KIT,,X18XE1,,,DEL/TRAS,,VKBC 3530 | BAR-0050 AC/VK108,Versión: 1.8 8V | Motor: X18XE1 | Combustible: NAFTA | Ubicación: DEL/TRAS
DAYCO,KWD1141,Rodamiento de rueda,RODAMIENTO,CHEVROLET,ASTRA,1999 -> 2003,Versión: 2.0 TD | Motor: X20DTL | Combustible: DIESEL | SKF I: VKBC 3530 | SKF II: BAR-0050 AC/VK108 | Ubicación: DEL/TRAS,VKBC 3530 | BAR-0050 AC/VK108,,https://www.dayco.com/la-es/catalog/?search=KWD1141,Rueda,WHEEL BEARING KIT,,X20DTL,,,DEL/TRAS,,VKBC 3530 | BAR-0050 AC/VK108,Versión: 2.0 TD | Motor: X20DTL | Combustible: DIESEL | Ubicación: DEL/TRAS
DAYCO,KWD1141,Rodamiento de rueda,RODAMIENTO,CHEVROLET,ASTRA,1996 -> 1998,Versión: 1.7 TDI | Motor: X17DT | Combustible: DIESEL | SKF I: VKBC 3530 | SKF II: BAR-0050 AC/VK108 | Ubicación: DEL/TRAS,VKBC 3530 | BAR-0050 AC/VK108,,https://www.dayco.com/la-es/catalog/?search=KWD1141,Rueda,WHEEL BEARING KIT,,X17DT,,,DEL/TRAS,,VKBC 3530 | BAR-0050 AC/VK108,Versión: 1.7 TDI | Motor: X17DT | Combustible: DIESEL | Ubicación: DEL/TRAS
DAYCO,KWD1134,Rodamiento de rueda,RODAMIENTO,CHEVROLET,ASTRA,2005 -> 2010,Versión: 2.4 16V | Motor: X24SE | Combustible: NAFTA | SKF I: VKBA3410 | SKF II: BAHB 636096 A/ VKBC 20029 | Ubicación: DELANTERO,VKBA3410 | BAHB 636096 A/ VKBC 20029,,https://www.dayco.com/la-es/catalog/?search=KWD1134,Rueda,WHEEL BEARING KIT,,X24SE,,,DELANTERO,,VKBA3410 | BAHB 636096 A/ VKBC 20029,Versión: 2.4 16V | Motor: X24SE | Combustible: NAFTA | Ubicación: DELANTERO
DAYCO,KWD1134,Rodamiento de rueda,RODAMIENTO,CHEVROLET,ASTRA,2002 -> 2012,Versión: 2.0 8V | Motor: C20SE | Combustible: NAFTA | SKF I: VKBA3410 | SKF II: BAHB 636096 A/ VKBC 20029 | Ubicación: DELANTERO,VKBA3410 | BAHB 636096 A/ VKBC 20029,,https://www.dayco.com/la-es/catalog/?search=KWD1134,Rueda,WHEEL BEARING KIT,,C20SE,,,DELANTERO,,VKBA3410 | BAHB 636096 A/ VKBC 20029,Versión: 2.0 8V | Motor: C20SE | Combustible: NAFTA | Ubicación: DELANTERO
DAYCO,KWD1134,Rodamiento de rueda,RODAMIENTO,CHEVROLET,ASTRA,2002 -> 2008,Versión: 2.0 TD 16V | Motor: Y20DTH | Combustible: DIESEL | SKF I: VKBA3410 | SKF II: BAHB 636096 A/ VKBC 20029 | Ubicación: DELANTERO,VKBA3410 | BAHB 636096 A/ VKBC 20029,,https://www.dayco.com/la-es/catalog/?search=KWD1134,Rueda,WHEEL BEARING KIT,,Y20DTH,,,DELANTERO,,VKBA3410 | BAHB 636096 A/ VKBC 20029,Versión: 2.0 TD 16V | Motor: Y20DTH | Combustible: DIESEL | Ubicación: DELANTERO
DAYCO,KWD1134,Rodamiento de rueda,RODAMIENTO,CHEVROLET,ASTRA,1998 -> 2003,Versión: 2.0 TD 16V | Motor: Y20DTH | Combustible: DIESEL | SKF I: VKBA3410 | SKF II: BAHB 636096 A/ VKBC 20029 | Ubicación: DELANTERO,VKBA3410 | BAHB 636096 A/ VKBC 20029,,https://www.dayco.com/la-es/catalog/?search=KWD1134,Rueda,WHEEL BEARING KIT,,Y20DTH,,,DELANTERO,,VKBA3410 | BAHB 636096 A/ VKBC 20029,Versión: 2.0 TD 16V | Motor: Y20DTH | Combustible: DIESEL | Ubicación: DELANTERO
DAYCO,KWD1134,Rodamiento de rueda,RODAMIENTO,CHEVROLET,ASTRA,1998 -> 2001,Versión: 2.0 8V | Motor: C20NE | Combustible: NAFTA | SKF I: VKBA3410 | SKF II: BAHB 636096 A/ VKBC 20029 | Ubicación: DELANTERO,VKBA3410 | BAHB 636096 A/ VKBC 20029,,https://www.dayco.com/la-es/catalog/?search=KWD1134,Rueda,WHEEL BEARING KIT,,C20NE,,,DELANTERO,,VKBA3410 | BAHB 636096 A/ VKBC 20029,Versión: 2.0 8V | Motor: C20NE | Combustible: NAFTA | Ubicación: DELANTERO
DAYCO,KWD1134,Rodamiento de rueda,RODAMIENTO,CHEVROLET,ASTRA,2000 -> 2003,Versión: 1.8 8V | Motor: X18XE1 | Combustible: NAFTA | SKF I: VKBA3410 | SKF II: BAHB 636096 A/ VKBC 20029 | Ubicación: DELANTERO,VKBA3410 | BAHB 636096 A/ VKBC 20029,,https://www.dayco.com/la-es/catalog/?search=KWD1134,Rueda,WHEEL BEARING KIT,,X18XE1,,,DELANTERO,,VKBA3410 | BAHB 636096 A/ VKBC 20029,Versión: 1.8 8V | Motor: X18XE1 | Combustible: NAFTA | Ubicación: DELANTERO
DAYCO,KWD1134,Rodamiento de rueda,RODAMIENTO,CHEVROLET,ASTRA,2002 -> 2003,Versión: 2.0 16V | Motor: C20SEL | Combustible: NAFTA | SKF I: VKBA3410 | SKF II: BAHB 636096 A/ VKBC 20029 | Ubicación: DELANTERO,VKBA3410 | BAHB 636096 A/ VKBC 20029,,https://www.dayco.com/la-es/catalog/?search=KWD1134,Rueda,WHEEL BEARING KIT,,C20SEL,,,DELANTERO,,VKBA3410 | BAHB 636096 A/ VKBC 20029,Versión: 2.0 16V | Motor: C20SEL | Combustible: NAFTA | Ubicación: DELANTERO
DAYCO,KWD1134,Rodamiento de rueda,RODAMIENTO,CHEVROLET,ASTRA,1999 -> 2003,Versión: 2.0 TD | Motor: X20DTL | Combustible: DIESEL | SKF I: VKBA3410 | SKF II: BAHB 636096 A/ VKBC 20029 | Ubicación: DELANTERO,VKBA3410 | BAHB 636096 A/ VKBC 20029,,https://www.dayco.com/la-es/catalog/?search=KWD1134,Rueda,WHEEL BEARING KIT,,X20DTL,,,DELANTERO,,VKBA3410 | BAHB 636096 A/ VKBC 20029,Versión: 2.0 TD | Motor: X20DTL | Combustible: DIESEL | Ubicación: DELANTERO
DAYCO,KWD1094,Rodamiento de rueda,RODAMIENTO,CHEVROLET,AVEO,2008 -> 2011,Versión: 1.6 16V | Motor: F16D | Combustible: NAFTA | SKF I: BT2B 445539 / VKBC 20212 | SKF II: VKBA 3525 | Ubicación: TRASERO,BT2B 445539 / VKBC 20212 | VKBA 3525,,https://www.dayco.com/la-es/catalog/?search=KWD1094,Rueda,WHEEL BEARING KIT,,F16D,,,TRASERO,,BT2B 445539 / VKBC 20212 | VKBA 3525,Versión: 1.6 16V | Motor: F16D | Combustible: NAFTA | Ubicación: TRASERO
DAYCO,KWD1094,Rodamiento de rueda,RODAMIENTO,CHEVROLET,AVEO,2011 -> 2015,Versión: 1.6 16V | Motor: F16D | Combustible: NAFTA | SKF I: BT2B 445539 / VKBC 20212 | SKF II: VKBA 3525 | Ubicación: TRASERO,BT2B 445539 / VKBC 20212 | VKBA 3525,,https://www.dayco.com/la-es/catalog/?search=KWD1094,Rueda,WHEEL BEARING KIT,,F16D,,,TRASERO,,BT2B 445539 / VKBC 20212 | VKBA 3525,Versión: 1.6 16V | Motor: F16D | Combustible: NAFTA | Ubicación: TRASERO
DAYCO,KWD1210,Rodamiento de rueda,RODAMIENTO,CHEVROLET,AVEO,12-2008 -> 9-2011,Versión: 1.6 16V | Motor: F16D | Combustible: NAFTA | SKF I: BAH-0092 | SKF II: VKBC 20003 | Ubicación: DELANTERO | ABS: C/ABS,BAH-0092 | VKBC 20003,,https://www.dayco.com/la-es/catalog/?search=KWD1210,Rueda,WHEEL BEARING KIT,,F16D,,,DELANTERO,C/ABS,BAH-0092 | VKBC 20003,Versión: 1.6 16V | Motor: F16D | Combustible: NAFTA | Ubicación: DELANTERO | ABS: C/ABS
DAYCO,KWD1105,Rodamiento de rueda,RODAMIENTO,CHEVROLET,CORSA,2000 -> 2003,Versión: 1.0 | Motor: C10NE | Combustible: NAFTA | SKF I: BAR-0029 D/VK108 | Ubicación: TRASERO,BAR-0029 D/VK108,,https://www.dayco.com/la-es/catalog/?search=KWD1105,Rueda,WHEEL BEARING KIT,,C10NE,,,TRASERO,,BAR-0029 D/VK108,Versión: 1.0 | Motor: C10NE | Combustible: NAFTA | Ubicación: TRASERO
DAYCO,KWD1039,Rodamiento de rueda,RODAMIENTO,CHEVROLET,CORSA,1-2004 -> 3-2009,Versión: 1.7 TDI | Motor: Y17DTL | Combustible: DIESEL | SKF I: BAH-0274/ VKBA 3600 | SKF II: BAH-0274/ VKBA 3600 | Ubicación: DELANTERO | ABS: C/ABS,BAH-0274/ VKBA 3600 | BAH-0274/ VKBA 3600,,https://www.dayco.com/la-es/catalog/?search=KWD1039,Rueda,WHEEL BEARING KIT,,Y17DTL,,,DELANTERO,C/ABS,BAH-0274/ VKBA 3600 | BAH-0274/ VKBA 3600,Versión: 1.7 TDI | Motor: Y17DTL | Combustible: DIESEL | Ubicación: DELANTERO | ABS: C/ABS
DAYCO,KWD1039,Rodamiento de rueda,RODAMIENTO,CHEVROLET,CORSA,2-2002 -> 2-2012,Versión: 1.8 8V | Motor: CE18NE | Combustible: NAFTA | SKF I: BAH-0274/ VKBA 3600 | SKF II: BAH-0274/ VKBA 3600 | Ubicación: DELANTERO | ABS: C/ABS,BAH-0274/ VKBA 3600 | BAH-0274/ VKBA 3600,,https://www.dayco.com/la-es/catalog/?search=KWD1039,Rueda,WHEEL BEARING KIT,,CE18NE,,,DELANTERO,C/ABS,BAH-0274/ VKBA 3600 | BAH-0274/ VKBA 3600,Versión: 1.8 8V | Motor: CE18NE | Combustible: NAFTA | Ubicación: DELANTERO | ABS: C/ABS
DAYCO,KWD1072,Rodamiento de rueda,RODAMIENTO,CHEVROLET,CORSA,5-2010 -> 10-2021,Versión: 1.4 8V | Motor: X14Y | Combustible: NAFTA | SKF I: BAHB-636114 | SKF II: BAHB 636114 B/VK210 | Ubicación: DELANTERO | ABS: C/ABS,BAHB-636114 | BAHB 636114 B/VK210,,https://www.dayco.com/la-es/catalog/?search=KWD1072,Rueda,WHEEL BEARING KIT,,X14Y,,,DELANTERO,C/ABS,BAHB-636114 | BAHB 636114 B/VK210,Versión: 1.4 8V | Motor: X14Y | Combustible: NAFTA | Ubicación: DELANTERO | ABS: C/ABS
DAYCO,KWD1072,Rodamiento de rueda,RODAMIENTO,CHEVROLET,CORSA,1-2009 -> 11-2009,Versión: 1.4 8V | Motor: X14Y | Combustible: NAFTA | SKF I: BAHB-636114 | SKF II: BAHB 636114 B/VK210 | Ubicación: DELANTERO | ABS: C/ABS,BAHB-636114 | BAHB 636114 B/VK210,,https://www.dayco.com/la-es/catalog/?search=KWD1072,Rueda,WHEEL BEARING KIT,,X14Y,,,DELANTERO,C/ABS,BAHB-636114 | BAHB 636114 B/VK210,Versión: 1.4 8V | Motor: X14Y | Combustible: NAFTA | Ubicación: DELANTERO | ABS: C/ABS
DAYCO,KWD1119,Rodamiento de rueda,RODAMIENTO,CHEVROLET,CORSA,2-2002 -> 12-2004,Versión: 1.7 TDI | Motor: Y17DTL | Combustible: DIESEL | SKF I: VKBA3601 | SKF II: VKBA 3601 | Ubicación: TRASERO | ABS: C/ABS,VKBA3601 | VKBA 3601,,https://www.dayco.com/la-es/catalog/?search=KWD1119,Rueda,WHEEL BEARING KIT,,Y17DTL,,,TRASERO,C/ABS,VKBA3601 | VKBA 3601,Versión: 1.7 TDI | Motor: Y17DTL | Combustible: DIESEL | Ubicación: TRASERO | ABS: C/ABS
DAYCO,KWD1119,Rodamiento de rueda,RODAMIENTO,CHEVROLET,CORSA,1-2004 -> 3-2009,Versión: 1.7 TDI | Motor: Y17DTL | Combustible: DIESEL | SKF I: VKBA3601 | SKF II: VKBA 3601 | Ubicación: TRASERO | ABS: C/ABS,VKBA3601 | VKBA 3601,,https://www.dayco.com/la-es/catalog/?search=KWD1119,Rueda,WHEEL BEARING KIT,,Y17DTL,,,TRASERO,C/ABS,VKBA3601 | VKBA 3601,Versión: 1.7 TDI | Motor: Y17DTL | Combustible: DIESEL | Ubicación: TRASERO | ABS: C/ABS
DAYCO,KWD1119,Rodamiento de rueda,RODAMIENTO,CHEVROLET,CORSA,2-2002 -> 2-2012,Versión: 1.8 8V | Motor: CE18NE | Combustible: NAFTA | SKF I: VKBA3601 | SKF II: VKBA 3601 | Ubicación: TRASERO | ABS: C/ABS,VKBA3601 | VKBA 3601,,https://www.dayco.com/la-es/catalog/?search=KWD1119,Rueda,WHEEL BEARING KIT,,CE18NE,,,TRASERO,C/ABS,VKBA3601 | VKBA 3601,Versión: 1.8 8V | Motor: CE18NE | Combustible: NAFTA | Ubicación: TRASERO | ABS: C/ABS
DAYCO,KWD1504,Rodamiento de rueda,RODAMIENTO,CHEVROLET,CORSA,6-1994 -> 12-1996,Versión: 1.4 | Motor: B14NZ SOHC | Combustible: NAFTA | SKF I: VKBA 4544 | SKF II: VKBA 4544 | Ubicación: TRASERO,VKBA 4544 | VKBA 4544,,https://www.dayco.com/la-es/catalog/?search=KWD1504,Rueda,WHEEL BEARING KIT,,B14NZ SOHC,,,TRASERO,,VKBA 4544 | VKBA 4544,Versión: 1.4 | Motor: B14NZ SOHC | Combustible: NAFTA | Ubicación: TRASERO
DAYCO,KWD1504,Rodamiento de rueda,RODAMIENTO,CHEVROLET,CORSA,1-1996 -> 5-2001,Versión: 1.6 16V | Motor: C16SE DOHC | Combustible: NAFTA | SKF I: VKBA 4544 | SKF II: VKBA 4544 | Ubicación: TRASERO,VKBA 4544 | VKBA 4544,,https://www.dayco.com/la-es/catalog/?search=KWD1504,Rueda,WHEEL BEARING KIT,,C16SE DOHC,,,TRASERO,,VKBA 4544 | VKBA 4544,Versión: 1.6 16V | Motor: C16SE DOHC | Combustible: NAFTA | Ubicación: TRASERO
DAYCO,KWD1504,Rodamiento de rueda,RODAMIENTO,CHEVROLET,CORSA,12-1995 -> 11-2007,Versión: 1.6 8V | Motor: C16NE SOHC | Combustible: NAFTA | SKF I: VKBA 4544 | SKF II: VKBA 4544 | Ubicación: TRASERO,VKBA 4544 | VKBA 4544,,https://www.dayco.com/la-es/catalog/?search=KWD1504,Rueda,WHEEL BEARING KIT,,C16NE SOHC,,,TRASERO,,VKBA 4544 | VKBA 4544,Versión: 1.6 8V | Motor: C16NE SOHC | Combustible: NAFTA | Ubicación: TRASERO
DAYCO,KWD1504,Rodamiento de rueda,RODAMIENTO,CHEVROLET,CORSA,2-1998 -> 10-2003,Versión: 1.7D | Motor: ISUZU BX17D (4EE1) | Combustible: DIESEL | SKF I: VKBA 4544 | SKF II: VKBA 4544 | Ubicación: TRASERO,VKBA 4544 | VKBA 4544,,https://www.dayco.com/la-es/catalog/?search=KWD1504,Rueda,WHEEL BEARING KIT,,ISUZU BX17D (4EE1),,,TRASERO,,VKBA 4544 | VKBA 4544,Versión: 1.7D | Motor: ISUZU BX17D (4EE1) | Combustible: DIESEL | Ubicación: TRASERO
DAYCO,KWD1105,Rodamiento de rueda,RODAMIENTO,CHEVROLET,MERIVA,2003 -> 2006,Versión: 1.8 16V | Motor: C18SEL | Combustible: NAFTA | SKF I: BAR-0029 D/VK108 | Ubicación: TRASERO,BAR-0029 D/VK108,,https://www.dayco.com/la-es/catalog/?search=KWD1105,Rueda,WHEEL BEARING KIT,,C18SEL,,,TRASERO,,BAR-0029 D/VK108,Versión: 1.8 16V | Motor: C18SEL | Combustible: NAFTA | Ubicación: TRASERO
DAYCO,KWD1105,Rodamiento de rueda,RODAMIENTO,CHEVROLET,MERIVA,2004 -> 2005,Versión: 1.7 TDI | Motor: Y17DT1 | Combustible: DIESEL | SKF I: BAR-0029 D/VK108 | Ubicación: TRASERO,BAR-0029 D/VK108,,https://www.dayco.com/la-es/catalog/?search=KWD1105,Rueda,WHEEL BEARING KIT,,Y17DT1,,,TRASERO,,BAR-0029 D/VK108,Versión: 1.7 TDI | Motor: Y17DT1 | Combustible: DIESEL | Ubicación: TRASERO
DAYCO,KWD1105,Rodamiento de rueda,RODAMIENTO,CHEVROLET,MERIVA,2005 -> 2010,Versión: 1.7 TDI | Motor: Y17DT1 | Combustible: DIESEL | SKF I: BAR-0029 D/VK108 | Ubicación: TRASERO,BAR-0029 D/VK108,,https://www.dayco.com/la-es/catalog/?search=KWD1105,Rueda,WHEEL BEARING KIT,,Y17DT1,,,TRASERO,,BAR-0029 D/VK108,Versión: 1.7 TDI | Motor: Y17DT1 | Combustible: DIESEL | Ubicación: TRASERO
DAYCO,KWD1105,Rodamiento de rueda,RODAMIENTO,CHEVROLET,MERIVA,2003 -> 2013,Versión: 1.8 8V | Motor: C18NE1 | Combustible: NAFTA | SKF I: BAR-0029 D/VK108 | Ubicación: TRASERO,BAR-0029 D/VK108,,https://www.dayco.com/la-es/catalog/?search=KWD1105,Rueda,WHEEL BEARING KIT,,C18NE1,,,TRASERO,,BAR-0029 D/VK108,Versión: 1.8 8V | Motor: C18NE1 | Combustible: NAFTA | Ubicación: TRASERO
DAYCO,KWD1039,Rodamiento de rueda,RODAMIENTO,CHEVROLET,MERIVA,3-2003 -> 5-2013,Versión: 1.8 8V | Motor: C18NE1 | Combustible: NAFTA | SKF I: BAH-0274/ VKBA 3600 | SKF II: BAH-0274/ VKBA 3600 | Ubicación: DELANTERO | ABS: C/ABS,BAH-0274/ VKBA 3600 | BAH-0274/ VKBA 3600,,https://www.dayco.com/la-es/catalog/?search=KWD1039,Rueda,WHEEL BEARING KIT,,C18NE1,,,DELANTERO,C/ABS,BAH-0274/ VKBA 3600 | BAH-0274/ VKBA 3600,Versión: 1.8 8V | Motor: C18NE1 | Combustible: NAFTA | Ubicación: DELANTERO | ABS: C/ABS
DAYCO,KWD1039,Rodamiento de rueda,RODAMIENTO,CHEVROLET,MERIVA,3-2003 -> 2-2006,Versión: 1.8 16V | Motor: C18SEL | Combustible: NAFTA | SKF I: BAH-0274/ VKBA 3600 | SKF II: BAH-0274/ VKBA 3600 | Ubicación: DELANTERO | ABS: C/ABS,BAH-0274/ VKBA 3600 | BAH-0274/ VKBA 3600,,https://www.dayco.com/la-es/catalog/?search=KWD1039,Rueda,WHEEL BEARING KIT,,C18SEL,,,DELANTERO,C/ABS,BAH-0274/ VKBA 3600 | BAH-0274/ VKBA 3600,Versión: 1.8 16V | Motor: C18SEL | Combustible: NAFTA | Ubicación: DELANTERO | ABS: C/ABS
DAYCO,KWD1105,Rodamiento de rueda,RODAMIENTO,CHEVROLET,MONTANA,2011 -> 2022,Versión: 1.8 8V | Motor: X14Y | Combustible: NAFTA | SKF I: BAR-0029 D/VK108 | Ubicación: TRASERO,BAR-0029 D/VK108,,https://www.dayco.com/la-es/catalog/?search=KWD1105,Rueda,WHEEL BEARING KIT,,X14Y,,,TRASERO,,BAR-0029 D/VK108,Versión: 1.8 8V | Motor: X14Y | Combustible: NAFTA | Ubicación: TRASERO
DAYCO,KWD1504,Rodamiento de rueda,RODAMIENTO,CHEVROLET,PRISMA,9-2011 -> 11-2013,Versión: 1.4 8V | Motor: C14SE | Combustible: NAFTA | SKF I: VKBA 4544 | SKF II: VKBA 4544 | Ubicación: TRASERO,VKBA 4544 | VKBA 4544,,https://www.dayco.com/la-es/catalog/?search=KWD1504,Rueda,WHEEL BEARING KIT,,C14SE,,,TRASERO,,VKBA 4544 | VKBA 4544,Versión: 1.4 8V | Motor: C14SE | Combustible: NAFTA | Ubicación: TRASERO
DAYCO,KWD1504,Rodamiento de rueda,RODAMIENTO,CHEVROLET,PRISMA,4-2013 -> 4-2016,Versión: 1.4 8V MT | Motor: SPE-4 | Combustible: NAFTA | SKF I: VKBA 4544 | SKF II: VKBA 4544 | Ubicación: TRASERO,VKBA 4544 | VKBA 4544,,https://www.dayco.com/la-es/catalog/?search=KWD1504,Rueda,WHEEL BEARING KIT,,SPE-4,,,TRASERO,,VKBA 4544 | VKBA 4544,Versión: 1.4 8V MT | Motor: SPE-4 | Combustible: NAFTA | Ubicación: TRASERO
DAYCO,KWD1504,Rodamiento de rueda,RODAMIENTO,CHEVROLET,PRISMA,9-2013 -> 4-2016,Versión: 1.4 8V AT | Motor: SPE-4 | Combustible: NAFTA | SKF I: VKBA 4544 | SKF II: VKBA 4544 | Ubicación: TRASERO,VKBA 4544 | VKBA 4544,,https://www.dayco.com/la-es/catalog/?search=KWD1504,Rueda,WHEEL BEARING KIT,,SPE-4,,,TRASERO,,VKBA 4544 | VKBA 4544,Versión: 1.4 8V AT | Motor: SPE-4 | Combustible: NAFTA | Ubicación: TRASERO
DAYCO,KWD1504,Rodamiento de rueda,RODAMIENTO,CHEVROLET,PRISMA,8-2016 -> 12-2023,Versión: 1.4 8V MT | Motor: SPE-4 | Combustible: NAFTA | SKF I: VKBA 4544 | SKF II: VKBA 4544 | Ubicación: TRASERO,VKBA 4544 | VKBA 4544,,https://www.dayco.com/la-es/catalog/?search=KWD1504,Rueda,WHEEL BEARING KIT,,SPE-4,,,TRASERO,,VKBA 4544 | VKBA 4544,Versión: 1.4 8V MT | Motor: SPE-4 | Combustible: NAFTA | Ubicación: TRASERO
DAYCO,KWD1501,Rodamiento de rueda,RODAMIENTO,CHEVROLET,S-10,2-1996 -> 11-2001,Versión: 2.5 TD | Motor: MAXION ROVER HST 2.5TD | Combustible: DIESEL | SKF I: BR930064 | SKF II: BR930064 | Ubicación: DELANTERO,BR930064 | BR930064,,https://www.dayco.com/la-es/catalog/?search=KWD1501,Rueda,WHEEL BEARING KIT,,MAXION ROVER HST 2.5TD,,,DELANTERO,,BR930064 | BR930064,Versión: 2.5 TD | Motor: MAXION ROVER HST 2.5TD | Combustible: DIESEL | Ubicación: DELANTERO
DAYCO,KWD1501,Rodamiento de rueda,RODAMIENTO,CHEVROLET,S-10,3-1995 -> 10-1999,Versión: 2.2 EFI | Motor: B22NZ | Combustible: NAFTA | SKF I: BR930064 | SKF II: BR930064 | Ubicación: DELANTERO,BR930064 | BR930064,,https://www.dayco.com/la-es/catalog/?search=KWD1501,Rueda,WHEEL BEARING KIT,,B22NZ,,,DELANTERO,,BR930064 | BR930064,Versión: 2.2 EFI | Motor: B22NZ | Combustible: NAFTA | Ubicación: DELANTERO
DAYCO,KWD1134,Rodamiento de rueda,RODAMIENTO,CHEVROLET,VECTRA,1993 -> 1999,Versión: 2.0 8V | Motor: C20NE | Combustible: NAFTA | SKF I: VKBA3410 | SKF II: BAHB 636096 A/ VKBC 20029 | Ubicación: DELANTERO,VKBA3410 | BAHB 636096 A/ VKBC 20029,,https://www.dayco.com/la-es/catalog/?search=KWD1134,Rueda,WHEEL BEARING KIT,,C20NE,,,DELANTERO,,VKBA3410 | BAHB 636096 A/ VKBC 20029,Versión: 2.0 8V | Motor: C20NE | Combustible: NAFTA | Ubicación: DELANTERO
DAYCO,KWD1134,Rodamiento de rueda,RODAMIENTO,CHEVROLET,VECTRA,1998 -> 2003,Versión: 2.0 16V TDI | Motor: X20DTH | Combustible: DIESEL | SKF I: VKBA3410 | SKF II: BAHB 636096 A/ VKBC 20029 | Ubicación: DELANTERO,VKBA3410 | BAHB 636096 A/ VKBC 20029,,https://www.dayco.com/la-es/catalog/?search=KWD1134,Rueda,WHEEL BEARING KIT,,X20DTH,,,DELANTERO,,VKBA3410 | BAHB 636096 A/ VKBC 20029,Versión: 2.0 16V TDI | Motor: X20DTH | Combustible: DIESEL | Ubicación: DELANTERO
DAYCO,KWD1134,Rodamiento de rueda,RODAMIENTO,CHEVROLET,VECTRA,1996 -> 2006,Versión: 2.2 16V | Motor: C22SE | Combustible: NAFTA | SKF I: VKBA3410 | SKF II: BAHB 636096 A/ VKBC 20029 | Ubicación: DELANTERO,VKBA3410 | BAHB 636096 A/ VKBC 20029,,https://www.dayco.com/la-es/catalog/?search=KWD1134,Rueda,WHEEL BEARING KIT,,C22SE,,,DELANTERO,,VKBA3410 | BAHB 636096 A/ VKBC 20029,Versión: 2.2 16V | Motor: C22SE | Combustible: NAFTA | Ubicación: DELANTERO
DAYCO,KWD1134,Rodamiento de rueda,RODAMIENTO,CHEVROLET,VECTRA,2006 -> 2011,Versión: 2.4 16V | Motor: X24SE | Combustible: NAFTA | SKF I: VKBA3410 | SKF II: BAHB 636096 A/ VKBC 20029 | Ubicación: DELANTERO,VKBA3410 | BAHB 636096 A/ VKBC 20029,,https://www.dayco.com/la-es/catalog/?search=KWD1134,Rueda,WHEEL BEARING KIT,,X24SE,,,DELANTERO,,VKBA3410 | BAHB 636096 A/ VKBC 20029,Versión: 2.4 16V | Motor: X24SE | Combustible: NAFTA | Ubicación: DELANTERO
DAYCO,KWD1105,Rodamiento de rueda,RODAMIENTO,CHEVROLET,VECTRA,1993 -> 1999,Versión: 2.0 8V | Motor: C20NE | Combustible: NAFTA | SKF I: BAR-0029 D/VK108 | Ubicación: TRASERO,BAR-0029 D/VK108,,https://www.dayco.com/la-es/catalog/?search=KWD1105,Rueda,WHEEL BEARING KIT,,C20NE,,,TRASERO,,BAR-0029 D/VK108,Versión: 2.0 8V | Motor: C20NE | Combustible: NAFTA | Ubicación: TRASERO
DAYCO,KWD1105,Rodamiento de rueda,RODAMIENTO,CHEVROLET,VECTRA,2008 -> 2012,Versión: 2.0 16V | Motor: C20SEL | Combustible: NAFTA | SKF I: BAR-0029 D/VK108 | Ubicación: TRASERO,BAR-0029 D/VK108,,https://www.dayco.com/la-es/catalog/?search=KWD1105,Rueda,WHEEL BEARING KIT,,C20SEL,,,TRASERO,,BAR-0029 D/VK108,Versión: 2.0 16V | Motor: C20SEL | Combustible: NAFTA | Ubicación: TRASERO
DAYCO,KWD1105,Rodamiento de rueda,RODAMIENTO,CHEVROLET,VECTRA,1998 -> 2003,Versión: 2.0 16V TDI | Motor: X20DTH | Combustible: DIESEL | SKF I: BAR-0029 D/VK108 | Ubicación: TRASERO,BAR-0029 D/VK108,,https://www.dayco.com/la-es/catalog/?search=KWD1105,Rueda,WHEEL BEARING KIT,,X20DTH,,,TRASERO,,BAR-0029 D/VK108,Versión: 2.0 16V TDI | Motor: X20DTH | Combustible: DIESEL | Ubicación: TRASERO
DAYCO,KWD1141,Rodamiento de rueda,RODAMIENTO,CHEVROLET,VECTRA,2006 -> 2011,Versión: 2.4 16V | Motor: X24SE | Combustible: NAFTA | SKF I: VKBC 3530 | SKF II: BAR-0050 AC/VK108 | Ubicación: DEL/TRAS,VKBC 3530 | BAR-0050 AC/VK108,,https://www.dayco.com/la-es/catalog/?search=KWD1141,Rueda,WHEEL BEARING KIT,,X24SE,,,DEL/TRAS,,VKBC 3530 | BAR-0050 AC/VK108,Versión: 2.4 16V | Motor: X24SE | Combustible: NAFTA | Ubicación: DEL/TRAS
DAYCO,KWD1141,Rodamiento de rueda,RODAMIENTO,CHEVROLET,VECTRA,1993 -> 1999,Versión: 2.0 8V | Motor: C20NE | Combustible: NAFTA | SKF I: VKBC 3530 | SKF II: BAR-0050 AC/VK108 | Ubicación: DEL/TRAS,VKBC 3530 | BAR-0050 AC/VK108,,https://www.dayco.com/la-es/catalog/?search=KWD1141,Rueda,WHEEL BEARING KIT,,C20NE,,,DEL/TRAS,,VKBC 3530 | BAR-0050 AC/VK108,Versión: 2.0 8V | Motor: C20NE | Combustible: NAFTA | Ubicación: DEL/TRAS
DAYCO,KWD1141,Rodamiento de rueda,RODAMIENTO,CHEVROLET,VECTRA,1998 -> 2003,Versión: 2.0 16V TDI | Motor: X20DTH | Combustible: DIESEL | SKF I: VKBC 3530 | SKF II: BAR-0050 AC/VK108 | Ubicación: DEL/TRAS,VKBC 3530 | BAR-0050 AC/VK108,,https://www.dayco.com/la-es/catalog/?search=KWD1141,Rueda,WHEEL BEARING KIT,,X20DTH,,,DEL/TRAS,,VKBC 3530 | BAR-0050 AC/VK108,Versión: 2.0 16V TDI | Motor: X20DTH | Combustible: DIESEL | Ubicación: DEL/TRAS
DAYCO,KWD1141,Rodamiento de rueda,RODAMIENTO,CHEVROLET,VECTRA,1996 -> 2006,Versión: 2.2 16V | Motor: C22SE | Combustible: NAFTA | SKF I: VKBC 3530 | SKF II: BAR-0050 AC/VK108 | Ubicación: DEL/TRAS,VKBC 3530 | BAR-0050 AC/VK108,,https://www.dayco.com/la-es/catalog/?search=KWD1141,Rueda,WHEEL BEARING KIT,,C22SE,,,DEL/TRAS,,VKBC 3530 | BAR-0050 AC/VK108,Versión: 2.2 16V | Motor: C22SE | Combustible: NAFTA | Ubicación: DEL/TRAS
DAYCO,KWD1141,Rodamiento de rueda,RODAMIENTO,CHEVROLET,VECTRA,2008 -> 2012,Versión: 2.0 16V | Motor: C20SEL | Combustible: NAFTA | SKF I: VKBC 3530 | SKF II: BAR-0050 AC/VK108 | Ubicación: DEL/TRAS,VKBC 3530 | BAR-0050 AC/VK108,,https://www.dayco.com/la-es/catalog/?search=KWD1141,Rueda,WHEEL BEARING KIT,,C20SEL,,,DEL/TRAS,,VKBC 3530 | BAR-0050 AC/VK108,Versión: 2.0 16V | Motor: C20SEL | Combustible: NAFTA | Ubicación: DEL/TRAS
DAYCO,KWD1134,Rodamiento de rueda,RODAMIENTO,CHEVROLET,VECTRA,2008 -> 2012,Versión: 2.0 16V | Motor: C20SEL | Combustible: NAFTA | SKF I: VKBA3410 | SKF II: BAHB 636096 A/ VKBC 20029 | Ubicación: DELANTERO,VKBA3410 | BAHB 636096 A/ VKBC 20029,,https://www.dayco.com/la-es/catalog/?search=KWD1134,Rueda,WHEEL BEARING KIT,,C20SEL,,,DELANTERO,,VKBA3410 | BAHB 636096 A/ VKBC 20029,Versión: 2.0 16V | Motor: C20SEL | Combustible: NAFTA | Ubicación: DELANTERO
DAYCO,KWD1105,Rodamiento de rueda,RODAMIENTO,CHEVROLET,ZAFIRA,2001 -> 2009,Versión: 2.0 16V | Motor: C20SEL | Combustible: NAFTA | SKF I: BAR-0029 D/VK108 | Ubicación: TRASERO,BAR-0029 D/VK108,,https://www.dayco.com/la-es/catalog/?search=KWD1105,Rueda,WHEEL BEARING KIT,,C20SEL,,,TRASERO,,BAR-0029 D/VK108,Versión: 2.0 16V | Motor: C20SEL | Combustible: NAFTA | Ubicación: TRASERO
DAYCO,KWD1141,Rodamiento de rueda,RODAMIENTO,CHEVROLET,ZAFIRA,2001 -> 2009,Versión: 2.0 16V | Motor: C20SEL | Combustible: NAFTA | SKF I: VKBC 3530 | SKF II: BAR-0050 AC/VK108 | Ubicación: DEL/TRAS,VKBC 3530 | BAR-0050 AC/VK108,,https://www.dayco.com/la-es/catalog/?search=KWD1141,Rueda,WHEEL BEARING KIT,,C20SEL,,,DEL/TRAS,,VKBC 3530 | BAR-0050 AC/VK108,Versión: 2.0 16V | Motor: C20SEL | Combustible: NAFTA | Ubicación: DEL/TRAS
DAYCO,KWD1141,Rodamiento de rueda,RODAMIENTO,CHEVROLET,ZAFIRA,2001 -> 2010,Versión: 2.0 8V | Motor: C20NE | Combustible: NAFTA | SKF I: VKBC 3530 | SKF II: BAR-0050 AC/VK108 | Ubicación: DEL/TRAS,VKBC 3530 | BAR-0050 AC/VK108,,https://www.dayco.com/la-es/catalog/?search=KWD1141,Rueda,WHEEL BEARING KIT,,C20NE,,,DEL/TRAS,,VKBC 3530 | BAR-0050 AC/VK108,Versión: 2.0 8V | Motor: C20NE | Combustible: NAFTA | Ubicación: DEL/TRAS
DAYCO,KWD1502,Rodamiento de rueda,RODAMIENTO,CHEVROLET,ZAFIRA,4-2001 -> 7-2009,Versión: 2.0 16V | Motor: C20SEL | Combustible: NAFTA | SKF I: BAR-0048 | SKF II: VKBC 20120 | Ubicación: DELANTERO,BAR-0048 | VKBC 20120,,https://www.dayco.com/la-es/catalog/?search=KWD1502,Rueda,WHEEL BEARING KIT,,C20SEL,,,DELANTERO,,BAR-0048 | VKBC 20120,Versión: 2.0 16V | Motor: C20SEL | Combustible: NAFTA | Ubicación: DELANTERO
DAYCO,KWD1502,Rodamiento de rueda,RODAMIENTO,CHEVROLET,ZAFIRA,4-2001 -> 8-2010,Versión: 2.0 8V | Motor: C20NE | Combustible: NAFTA | SKF I: BAR-0048 | SKF II: VKBC 20120 | Ubicación: DELANTERO,BAR-0048 | VKBC 20120,,https://www.dayco.com/la-es/catalog/?search=KWD1502,Rueda,WHEEL BEARING KIT,,C20NE,,,DELANTERO,,BAR-0048 | VKBC 20120,Versión: 2.0 8V | Motor: C20NE | Combustible: NAFTA | Ubicación: DELANTERO
DAYCO,KWD1094,Rodamiento de rueda,RODAMIENTO,CITROEN,BERLINGO,1998 -> 2010,Versión: 1.9D | Motor: XUD9A | Combustible: DIESEL | SKF I: BT2B 445539 / VKBC 20212 | SKF II: VKBA 3525 | Ubicación: TRASERO,BT2B 445539 / VKBC 20212 | VKBA 3525,,https://www.dayco.com/la-es/catalog/?search=KWD1094,Rueda,WHEEL BEARING KIT,,XUD9A,,,TRASERO,,BT2B 445539 / VKBC 20212 | VKBA 3525,Versión: 1.9D | Motor: XUD9A | Combustible: DIESEL | Ubicación: TRASERO
DAYCO,KWD1094,Rodamiento de rueda,RODAMIENTO,CITROEN,BERLINGO,2002 -> 2005,Versión: 2.0 HDI | Motor: DW10TD (RHY) | Combustible: DIESEL | SKF I: BT2B 445539 / VKBC 20212 | SKF II: VKBA 3525 | Ubicación: TRASERO,BT2B 445539 / VKBC 20212 | VKBA 3525,,https://www.dayco.com/la-es/catalog/?search=KWD1094,Rueda,WHEEL BEARING KIT,,DW10TD (RHY),,,TRASERO,,BT2B 445539 / VKBC 20212 | VKBA 3525,Versión: 2.0 HDI | Motor: DW10TD (RHY) | Combustible: DIESEL | Ubicación: TRASERO
DAYCO,KWD1094,Rodamiento de rueda,RODAMIENTO,CITROEN,BERLINGO,2003 -> 2004,Versión: 2.0 HDI | Motor: DW10TD (RHY) | Combustible: DIESEL | SKF I: BT2B 445539 / VKBC 20212 | SKF II: VKBA 3525 | Ubicación: TRASERO,BT2B 445539 / VKBC 20212 | VKBA 3525,,https://www.dayco.com/la-es/catalog/?search=KWD1094,Rueda,WHEEL BEARING KIT,,DW10TD (RHY),,,TRASERO,,BT2B 445539 / VKBC 20212 | VKBA 3525,Versión: 2.0 HDI | Motor: DW10TD (RHY) | Combustible: DIESEL | Ubicación: TRASERO
DAYCO,KWD1094,Rodamiento de rueda,RODAMIENTO,CITROEN,BERLINGO,2011 -> 2014,Versión: 1.6 HDI 110CV | Motor: DV6ATED4 | Combustible: DIESEL | SKF I: BT2B 445539 / VKBC 20212 | SKF II: VKBA 3525 | Ubicación: TRASERO,BT2B 445539 / VKBC 20212 | VKBA 3525,,https://www.dayco.com/la-es/catalog/?search=KWD1094,Rueda,WHEEL BEARING KIT,,DV6ATED4,,,TRASERO,,BT2B 445539 / VKBC 20212 | VKBA 3525,Versión: 1.6 HDI 110CV | Motor: DV6ATED4 | Combustible: DIESEL | Ubicación: TRASERO
DAYCO,KWD1094,Rodamiento de rueda,RODAMIENTO,CITROEN,BERLINGO,2010 ->,Versión: 1.6 HDI | Motor: DV6ATED4 | Combustible: DIESEL | SKF I: BT2B 445539 / VKBC 20212 | SKF II: VKBA 3525 | Ubicación: TRASERO,BT2B 445539 / VKBC 20212 | VKBA 3525,,https://www.dayco.com/la-es/catalog/?search=KWD1094,Rueda,WHEEL BEARING KIT,,DV6ATED4,,,TRASERO,,BT2B 445539 / VKBC 20212 | VKBA 3525,Versión: 1.6 HDI | Motor: DV6ATED4 | Combustible: DIESEL | Ubicación: TRASERO
DAYCO,KWD1094,Rodamiento de rueda,RODAMIENTO,CITROEN,BERLINGO,2010 -> 2017,Versión: 1.6 16V | Motor: TU5JPA | Combustible: NAFTA | SKF I: BT2B 445539 / VKBC 20212 | SKF II: VKBA 3525 | Ubicación: TRASERO,BT2B 445539 / VKBC 20212 | VKBA 3525,,https://www.dayco.com/la-es/catalog/?search=KWD1094,Rueda,WHEEL BEARING KIT,,TU5JPA,,,TRASERO,,BT2B 445539 / VKBC 20212 | VKBA 3525,Versión: 1.6 16V | Motor: TU5JPA | Combustible: NAFTA | Ubicación: TRASERO
DAYCO,KWD1094,Rodamiento de rueda,RODAMIENTO,CITROEN,BERLINGO,2013 ->,Versión: 1.6 HDI 92CV | Motor: DV6ATED4 | Combustible: DIESEL | SKF I: BT2B 445539 / VKBC 20212 | SKF II: VKBA 3525 | Ubicación: TRASERO,BT2B 445539 / VKBC 20212 | VKBA 3525,,https://www.dayco.com/la-es/catalog/?search=KWD1094,Rueda,WHEEL BEARING KIT,,DV6ATED4,,,TRASERO,,BT2B 445539 / VKBC 20212 | VKBA 3525,Versión: 1.6 HDI 92CV | Motor: DV6ATED4 | Combustible: DIESEL | Ubicación: TRASERO
DAYCO,KWD1003,Rodamiento de rueda,RODAMIENTO,CITROEN,BERLINGO,4-2010 -> 12-2023,Versión: 1.6 HDI | Motor: DV6ATED4 | Combustible: DIESEL | SKF I: BAH-0186 | SKF II: VKBC 20011 | Ubicación: DELANTERO | ABS: C/ABS,BAH-0186 | VKBC 20011,,https://www.dayco.com/la-es/catalog/?search=KWD1003,Rueda,WHEEL BEARING KIT,,DV6ATED4,,,DELANTERO,C/ABS,BAH-0186 | VKBC 20011,Versión: 1.6 HDI | Motor: DV6ATED4 | Combustible: DIESEL | Ubicación: DELANTERO | ABS: C/ABS
DAYCO,KWD1003,Rodamiento de rueda,RODAMIENTO,CITROEN,BERLINGO,4-2010 -> 3-2017,Versión: 1.6 16V | Motor: TU5JPA | Combustible: NAFTA | SKF I: BAH-0186 | SKF II: VKBC 20011 | Ubicación: DELANTERO | ABS: C/ABS,BAH-0186 | VKBC 20011,,https://www.dayco.com/la-es/catalog/?search=KWD1003,Rueda,WHEEL BEARING KIT,,TU5JPA,,,DELANTERO,C/ABS,BAH-0186 | VKBC 20011,Versión: 1.6 16V | Motor: TU5JPA | Combustible: NAFTA | Ubicación: DELANTERO | ABS: C/ABS
DAYCO,KWD1003,Rodamiento de rueda,RODAMIENTO,CITROEN,BERLINGO,7-2011 -> 2-2015,Versión: 1.4I | Motor: TU3JP (KFX) | Combustible: NAFTA | SKF I: BAH-0186 | SKF II: VKBC 20011 | Ubicación: DELANTERO | ABS: C/ABS,BAH-0186 | VKBC 20011,,https://www.dayco.com/la-es/catalog/?search=KWD1003,Rueda,WHEEL BEARING KIT,,TU3JP (KFX),,,DELANTERO,C/ABS,BAH-0186 | VKBC 20011,Versión: 1.4I | Motor: TU3JP (KFX) | Combustible: NAFTA | Ubicación: DELANTERO | ABS: C/ABS
DAYCO,KWD1003,Rodamiento de rueda,RODAMIENTO,CITROEN,BERLINGO,5-1998 -> 11-2010,Versión: 1.9D | Motor: XUD9A | Combustible: DIESEL | SKF I: BAH-0186 | SKF II: VKBC 20011 | Ubicación: DELANTERO | ABS: C/ABS,BAH-0186 | VKBC 20011,,https://www.dayco.com/la-es/catalog/?search=KWD1003,Rueda,WHEEL BEARING KIT,,XUD9A,,,DELANTERO,C/ABS,BAH-0186 | VKBC 20011,Versión: 1.9D | Motor: XUD9A | Combustible: DIESEL | Ubicación: DELANTERO | ABS: C/ABS
DAYCO,KWD1003,Rodamiento de rueda,RODAMIENTO,CITROEN,BERLINGO,7-2003 -> 4-2004,Versión: 2.0 HDI | Motor: DW10TD (RHY) | Combustible: DIESEL | SKF I: BAH-0186 | SKF II: VKBC 20011 | Ubicación: DELANTERO | ABS: C/ABS,BAH-0186 | VKBC 20011,,https://www.dayco.com/la-es/catalog/?search=KWD1003,Rueda,WHEEL BEARING KIT,,DW10TD (RHY),,,DELANTERO,C/ABS,BAH-0186 | VKBC 20011,Versión: 2.0 HDI | Motor: DW10TD (RHY) | Combustible: DIESEL | Ubicación: DELANTERO | ABS: C/ABS
DAYCO,KWD1003,Rodamiento de rueda,RODAMIENTO,CITROEN,BERLINGO,7-2011 -> 1-2014,Versión: 1.6 HDI 110CV | Motor: DV6ATED4 | Combustible: DIESEL | SKF I: BAH-0186 | SKF II: VKBC 20011 | Ubicación: DELANTERO | ABS: C/ABS,BAH-0186 | VKBC 20011,,https://www.dayco.com/la-es/catalog/?search=KWD1003,Rueda,WHEEL BEARING KIT,,DV6ATED4,,,DELANTERO,C/ABS,BAH-0186 | VKBC 20011,Versión: 1.6 HDI 110CV | Motor: DV6ATED4 | Combustible: DIESEL | Ubicación: DELANTERO | ABS: C/ABS
DAYCO,KWD1003,Rodamiento de rueda,RODAMIENTO,CITROEN,BERLINGO,7-2013 -> 12-2023,Versión: 1.6 HDI 92CV | Motor: DV6ATED4 | Combustible: DIESEL | SKF I: BAH-0186 | SKF II: VKBC 20011 | Ubicación: DELANTERO | ABS: C/ABS,BAH-0186 | VKBC 20011,,https://www.dayco.com/la-es/catalog/?search=KWD1003,Rueda,WHEEL BEARING KIT,,DV6ATED4,,,DELANTERO,C/ABS,BAH-0186 | VKBC 20011,Versión: 1.6 HDI 92CV | Motor: DV6ATED4 | Combustible: DIESEL | Ubicación: DELANTERO | ABS: C/ABS
DAYCO,KWD1003,Rodamiento de rueda,RODAMIENTO,CITROEN,BERLINGO,7-2003 -> 7-2011,Versión: 1.4I | Motor: TU3JP (KFX) | Combustible: NAFTA | SKF I: BAH-0186 | SKF II: VKBC 20011 | Ubicación: DELANTERO | ABS: C/ABS,BAH-0186 | VKBC 20011,,https://www.dayco.com/la-es/catalog/?search=KWD1003,Rueda,WHEEL BEARING KIT,,TU3JP (KFX),,,DELANTERO,C/ABS,BAH-0186 | VKBC 20011,Versión: 1.4I | Motor: TU3JP (KFX) | Combustible: NAFTA | Ubicación: DELANTERO | ABS: C/ABS
DAYCO,KWD1003,Rodamiento de rueda,RODAMIENTO,CITROEN,BERLINGO,5-2002 -> 9-2003,Versión: 1.8 N | Motor: XU7JB/L3 (LFX) | Combustible: NAFTA | SKF I: BAH-0186 | SKF II: VKBC 20011 | Ubicación: DELANTERO | ABS: C/ABS,BAH-0186 | VKBC 20011,,https://www.dayco.com/la-es/catalog/?search=KWD1003,Rueda,WHEEL BEARING KIT,,XU7JB/L3 (LFX),,,DELANTERO,C/ABS,BAH-0186 | VKBC 20011,Versión: 1.8 N | Motor: XU7JB/L3 (LFX) | Combustible: NAFTA | Ubicación: DELANTERO | ABS: C/ABS
DAYCO,KWD1003,Rodamiento de rueda,RODAMIENTO,CITROEN,BERLINGO,7-2003 -> 4-2004,Versión: 1.8I | Motor: XU7JB | Combustible: NAFTA | SKF I: BAH-0186 | SKF II: VKBC 20011 | Ubicación: DELANTERO | ABS: C/ABS,BAH-0186 | VKBC 20011,,https://www.dayco.com/la-es/catalog/?search=KWD1003,Rueda,WHEEL BEARING KIT,,XU7JB,,,DELANTERO,C/ABS,BAH-0186 | VKBC 20011,Versión: 1.8I | Motor: XU7JB | Combustible: NAFTA | Ubicación: DELANTERO | ABS: C/ABS
DAYCO,KWD1003,Rodamiento de rueda,RODAMIENTO,CITROEN,BERLINGO,8-2002 -> 6-2005,Versión: 2.0 HDI | Motor: DW10TD (RHY) | Combustible: DIESEL | SKF I: BAH-0186 | SKF II: VKBC 20011 | Ubicación: DELANTERO | ABS: C/ABS,BAH-0186 | VKBC 20011,,https://www.dayco.com/la-es/catalog/?search=KWD1003,Rueda,WHEEL BEARING KIT,,DW10TD (RHY),,,DELANTERO,C/ABS,BAH-0186 | VKBC 20011,Versión: 2.0 HDI | Motor: DW10TD (RHY) | Combustible: DIESEL | Ubicación: DELANTERO | ABS: C/ABS
DAYCO,KWD1345,Rodamiento de rueda,RODAMIENTO,CITROEN,BERLINGO,2003/...,Versión: 1.4i | Motor: TU3JP | Combustible: NAFTA | SKF I: VKBA3587 | SKF II: VKBA 3587 | Ubicación: DELANTERO | ABS: C/ABS,VKBA3587 | VKBA 3587,,https://www.dayco.com/la-es/catalog/?search=KWD1345,Rueda,WHEEL BEARING KIT,,TU3JP,,,DELANTERO,C/ABS,VKBA3587 | VKBA 3587,Versión: 1.4i | Motor: TU3JP | Combustible: NAFTA | Ubicación: DELANTERO | ABS: C/ABS
DAYCO,KWD1345,Rodamiento de rueda,RODAMIENTO,CITROEN,BERLINGO,2002/2003,Versión: 1.8 8v | Motor: XU7JB/L3 | Combustible: NAFTA | SKF I: VKBA3587 | SKF II: VKBA 3587 | Ubicación: DELANTERO | ABS: C/ABS,VKBA3587 | VKBA 3587,,https://www.dayco.com/la-es/catalog/?search=KWD1345,Rueda,WHEEL BEARING KIT,,XU7JB/L3,,,DELANTERO,C/ABS,VKBA3587 | VKBA 3587,Versión: 1.8 8v | Motor: XU7JB/L3 | Combustible: NAFTA | Ubicación: DELANTERO | ABS: C/ABS
DAYCO,KWD1345,Rodamiento de rueda,RODAMIENTO,CITROEN,BERLINGO,1998/2010,Versión: 1.9 D | Motor: XUD9A | Combustible: DIESEL | SKF I: VKBA3587 | SKF II: VKBA 3587 | Ubicación: DELANTERO | ABS: C/ABS,VKBA3587 | VKBA 3587,,https://www.dayco.com/la-es/catalog/?search=KWD1345,Rueda,WHEEL BEARING KIT,,XUD9A,,,DELANTERO,C/ABS,VKBA3587 | VKBA 3587,Versión: 1.9 D | Motor: XUD9A | Combustible: DIESEL | Ubicación: DELANTERO | ABS: C/ABS
DAYCO,KWD1014,Rodamiento de rueda,RODAMIENTO,CITROEN,BERLINGO,4-2010 -> 12-2023,Versión: 1.6 HDI | Motor: DV6ATED4 | Combustible: DIESEL | SKF I: BAH-0185 | SKF II: VKBC 20010 | Ubicación: DELANTERO | ABS: C/ABS,BAH-0185 | VKBC 20010,,https://www.dayco.com/la-es/catalog/?search=KWD1014,Rueda,WHEEL BEARING KIT,,DV6ATED4,,,DELANTERO,C/ABS,BAH-0185 | VKBC 20010,Versión: 1.6 HDI | Motor: DV6ATED4 | Combustible: DIESEL | Ubicación: DELANTERO | ABS: C/ABS
DAYCO,KWD1014,Rodamiento de rueda,RODAMIENTO,CITROEN,BERLINGO,4-2010 -> 3-2017,Versión: 1.6 16V | Motor: TU5JPA | Combustible: NAFTA | SKF I: BAH-0185 | SKF II: VKBC 20010 | Ubicación: DELANTERO | ABS: C/ABS,BAH-0185 | VKBC 20010,,https://www.dayco.com/la-es/catalog/?search=KWD1014,Rueda,WHEEL BEARING KIT,,TU5JPA,,,DELANTERO,C/ABS,BAH-0185 | VKBC 20010,Versión: 1.6 16V | Motor: TU5JPA | Combustible: NAFTA | Ubicación: DELANTERO | ABS: C/ABS
DAYCO,KWD1014,Rodamiento de rueda,RODAMIENTO,CITROEN,BERLINGO,7-2011 -> 2-2015,Versión: 1.4I | Motor: TU3JP (KFX) | Combustible: NAFTA | SKF I: BAH-0185 | SKF II: VKBC 20010 | Ubicación: DELANTERO | ABS: C/ABS,BAH-0185 | VKBC 20010,,https://www.dayco.com/la-es/catalog/?search=KWD1014,Rueda,WHEEL BEARING KIT,,TU3JP (KFX),,,DELANTERO,C/ABS,BAH-0185 | VKBC 20010,Versión: 1.4I | Motor: TU3JP (KFX) | Combustible: NAFTA | Ubicación: DELANTERO | ABS: C/ABS
DAYCO,KWD1014,Rodamiento de rueda,RODAMIENTO,CITROEN,BERLINGO,5-1998 -> 11-2010,Versión: 1.9D | Motor: XUD9A | Combustible: DIESEL | SKF I: BAH-0185 | SKF II: VKBC 20010 | Ubicación: DELANTERO | ABS: C/ABS,BAH-0185 | VKBC 20010,,https://www.dayco.com/la-es/catalog/?search=KWD1014,Rueda,WHEEL BEARING KIT,,XUD9A,,,DELANTERO,C/ABS,BAH-0185 | VKBC 20010,Versión: 1.9D | Motor: XUD9A | Combustible: DIESEL | Ubicación: DELANTERO | ABS: C/ABS
DAYCO,KWD1014,Rodamiento de rueda,RODAMIENTO,CITROEN,BERLINGO,7-2003 -> 4-2004,Versión: 2.0 HDI | Motor: DW10TD (RHY) | Combustible: DIESEL | SKF I: BAH-0185 | SKF II: VKBC 20010 | Ubicación: DELANTERO | ABS: C/ABS,BAH-0185 | VKBC 20010,,https://www.dayco.com/la-es/catalog/?search=KWD1014,Rueda,WHEEL BEARING KIT,,DW10TD (RHY),,,DELANTERO,C/ABS,BAH-0185 | VKBC 20010,Versión: 2.0 HDI | Motor: DW10TD (RHY) | Combustible: DIESEL | Ubicación: DELANTERO | ABS: C/ABS
DAYCO,KWD1014,Rodamiento de rueda,RODAMIENTO,CITROEN,BERLINGO,7-2011 -> 1-2014,Versión: 1.6 HDI 110CV | Motor: DV6ATED4 | Combustible: DIESEL | SKF I: BAH-0185 | SKF II: VKBC 20010 | Ubicación: DELANTERO | ABS: C/ABS,BAH-0185 | VKBC 20010,,https://www.dayco.com/la-es/catalog/?search=KWD1014,Rueda,WHEEL BEARING KIT,,DV6ATED4,,,DELANTERO,C/ABS,BAH-0185 | VKBC 20010,Versión: 1.6 HDI 110CV | Motor: DV6ATED4 | Combustible: DIESEL | Ubicación: DELANTERO | ABS: C/ABS
DAYCO,KWD1014,Rodamiento de rueda,RODAMIENTO,CITROEN,BERLINGO,7-2013 -> 12-2023,Versión: 1.6 HDI 92CV | Motor: DV6ATED4 | Combustible: DIESEL | SKF I: BAH-0185 | SKF II: VKBC 20010 | Ubicación: DELANTERO | ABS: C/ABS,BAH-0185 | VKBC 20010,,https://www.dayco.com/la-es/catalog/?search=KWD1014,Rueda,WHEEL BEARING KIT,,DV6ATED4,,,DELANTERO,C/ABS,BAH-0185 | VKBC 20010,Versión: 1.6 HDI 92CV | Motor: DV6ATED4 | Combustible: DIESEL | Ubicación: DELANTERO | ABS: C/ABS
DAYCO,KWD1014,Rodamiento de rueda,RODAMIENTO,CITROEN,BERLINGO,7-2003 -> 7-2011,Versión: 1.4I | Motor: TU3JP (KFX) | Combustible: NAFTA | SKF I: BAH-0185 | SKF II: VKBC 20010 | Ubicación: DELANTERO | ABS: C/ABS,BAH-0185 | VKBC 20010,,https://www.dayco.com/la-es/catalog/?search=KWD1014,Rueda,WHEEL BEARING KIT,,TU3JP (KFX),,,DELANTERO,C/ABS,BAH-0185 | VKBC 20010,Versión: 1.4I | Motor: TU3JP (KFX) | Combustible: NAFTA | Ubicación: DELANTERO | ABS: C/ABS
DAYCO,KWD1014,Rodamiento de rueda,RODAMIENTO,CITROEN,BERLINGO,5-2002 -> 9-2003,Versión: 1.8 N | Motor: XU7JB/L3 (LFX) | Combustible: NAFTA | SKF I: BAH-0185 | SKF II: VKBC 20010 | Ubicación: DELANTERO | ABS: C/ABS,BAH-0185 | VKBC 20010,,https://www.dayco.com/la-es/catalog/?search=KWD1014,Rueda,WHEEL BEARING KIT,,XU7JB/L3 (LFX),,,DELANTERO,C/ABS,BAH-0185 | VKBC 20010,Versión: 1.8 N | Motor: XU7JB/L3 (LFX) | Combustible: NAFTA | Ubicación: DELANTERO | ABS: C/ABS
DAYCO,KWD1014,Rodamiento de rueda,RODAMIENTO,CITROEN,BERLINGO,7-2003 -> 4-2004,Versión: 1.8I | Motor: XU7JB | Combustible: NAFTA | SKF I: BAH-0185 | SKF II: VKBC 20010 | Ubicación: DELANTERO | ABS: C/ABS,BAH-0185 | VKBC 20010,,https://www.dayco.com/la-es/catalog/?search=KWD1014,Rueda,WHEEL BEARING KIT,,XU7JB,,,DELANTERO,C/ABS,BAH-0185 | VKBC 20010,Versión: 1.8I | Motor: XU7JB | Combustible: NAFTA | Ubicación: DELANTERO | ABS: C/ABS
DAYCO,KWD1014,Rodamiento de rueda,RODAMIENTO,CITROEN,BERLINGO,8-2002 -> 6-2005,Versión: 2.0 HDI | Motor: DW10TD (RHY) | Combustible: DIESEL | SKF I: BAH-0185 | SKF II: VKBC 20010 | Ubicación: DELANTERO | ABS: C/ABS,BAH-0185 | VKBC 20010,,https://www.dayco.com/la-es/catalog/?search=KWD1014,Rueda,WHEEL BEARING KIT,,DW10TD (RHY),,,DELANTERO,C/ABS,BAH-0185 | VKBC 20010,Versión: 2.0 HDI | Motor: DW10TD (RHY) | Combustible: DIESEL | Ubicación: DELANTERO | ABS: C/ABS
DAYCO,KWD1178,Rodamiento de rueda,RODAMIENTO,CITROEN,C3,2016 -> 2020,Versión: 1.6 VTI | Motor: EC5 | Combustible: NAFTA | SKF I: VKBA 3585 | SKF II: BAF-0068 D | Ubicación: TRASERO,VKBA 3585 | BAF-0068 D,,https://www.dayco.com/la-es/catalog/?search=KWD1178,Rueda,WHEEL BEARING KIT,,EC5,,,TRASERO,,VKBA 3585 | BAF-0068 D,Versión: 1.6 VTI | Motor: EC5 | Combustible: NAFTA | Ubicación: TRASERO
DAYCO,KWD1178,Rodamiento de rueda,RODAMIENTO,CITROEN,C3,2016 -> 2022,Versión: 1.5I | Motor: TU4 | Combustible: NAFTA | SKF I: VKBA 3585 | SKF II: BAF-0068 D | Ubicación: TRASERO,VKBA 3585 | BAF-0068 D,,https://www.dayco.com/la-es/catalog/?search=KWD1178,Rueda,WHEEL BEARING KIT,,TU4,,,TRASERO,,VKBA 3585 | BAF-0068 D,Versión: 1.5I | Motor: TU4 | Combustible: NAFTA | Ubicación: TRASERO
DAYCO,KWD1178,Rodamiento de rueda,RODAMIENTO,CITROEN,C3,2013 -> 2016,Versión: 1.6 VTI | Motor: EC5 | Combustible: NAFTA | SKF I: VKBA 3585 | SKF II: BAF-0068 D | Ubicación: TRASERO,VKBA 3585 | BAF-0068 D,,https://www.dayco.com/la-es/catalog/?search=KWD1178,Rueda,WHEEL BEARING KIT,,EC5,,,TRASERO,,VKBA 3585 | BAF-0068 D,Versión: 1.6 VTI | Motor: EC5 | Combustible: NAFTA | Ubicación: TRASERO
DAYCO,KWD1094,Rodamiento de rueda,RODAMIENTO,CITROEN,C3,2003 -> 2011,Versión: 1.4 HDI | Motor: DV4TD (8HW) | Combustible: DIESEL | SKF I: BT2B 445539 / VKBC 20212 | SKF II: VKBA 3525 | Ubicación: TRASERO,BT2B 445539 / VKBC 20212 | VKBA 3525,,https://www.dayco.com/la-es/catalog/?search=KWD1094,Rueda,WHEEL BEARING KIT,,DV4TD (8HW),,,TRASERO,,BT2B 445539 / VKBC 20212 | VKBA 3525,Versión: 1.4 HDI | Motor: DV4TD (8HW) | Combustible: DIESEL | Ubicación: TRASERO
DAYCO,KWD1094,Rodamiento de rueda,RODAMIENTO,CITROEN,C3,2003 -> 2012,Versión: 1.4I | Motor: TU3JP (KFV) | Combustible: NAFTA | SKF I: BT2B 445539 / VKBC 20212 | SKF II: VKBA 3525 | Ubicación: TRASERO,BT2B 445539 / VKBC 20212 | VKBA 3525,,https://www.dayco.com/la-es/catalog/?search=KWD1094,Rueda,WHEEL BEARING KIT,,TU3JP (KFV),,,TRASERO,,BT2B 445539 / VKBC 20212 | VKBA 3525,Versión: 1.4I | Motor: TU3JP (KFV) | Combustible: NAFTA | Ubicación: TRASERO
DAYCO,KWD1094,Rodamiento de rueda,RODAMIENTO,CITROEN,C3,2005 -> 2012,Versión: 1.6 16V | Motor: TU5JP4 (NFU) | Combustible: NAFTA | SKF I: BT2B 445539 / VKBC 20212 | SKF II: VKBA 3525 | Ubicación: TRASERO,BT2B 445539 / VKBC 20212 | VKBA 3525,,https://www.dayco.com/la-es/catalog/?search=KWD1094,Rueda,WHEEL BEARING KIT,,TU5JP4 (NFU),,,TRASERO,,BT2B 445539 / VKBC 20212 | VKBA 3525,Versión: 1.6 16V | Motor: TU5JP4 (NFU) | Combustible: NAFTA | Ubicación: TRASERO
DAYCO,KWD1003,Rodamiento de rueda,RODAMIENTO,CITROEN,C3,11-2012 -> 12-2023,Versión: 1.5I | Motor: TU4 | Combustible: NAFTA | SKF I: BAH-0186 | SKF II: VKBC 20011 | Ubicación: DELANTERO | ABS: C/ABS,BAH-0186 | VKBC 20011,,https://www.dayco.com/la-es/catalog/?search=KWD1003,Rueda,WHEEL BEARING KIT,,TU4,,,DELANTERO,C/ABS,BAH-0186 | VKBC 20011,Versión: 1.5I | Motor: TU4 | Combustible: NAFTA | Ubicación: DELANTERO | ABS: C/ABS
DAYCO,KWD1003,Rodamiento de rueda,RODAMIENTO,CITROEN,C3,11-2012 -> 12-2023,Versión: 1.6 VTI | Motor: EC5 | Combustible: NAFTA | SKF I: BAH-0186 | SKF II: VKBC 20011 | Ubicación: DELANTERO | ABS: C/ABS,BAH-0186 | VKBC 20011,,https://www.dayco.com/la-es/catalog/?search=KWD1003,Rueda,WHEEL BEARING KIT,,EC5,,,DELANTERO,C/ABS,BAH-0186 | VKBC 20011,Versión: 1.6 VTI | Motor: EC5 | Combustible: NAFTA | Ubicación: DELANTERO | ABS: C/ABS
DAYCO,KWD1003,Rodamiento de rueda,RODAMIENTO,CITROEN,C3,6-2013 -> 8-2016,Versión: 1.6 VTI | Motor: EC5 | Combustible: NAFTA | SKF I: BAH-0186 | SKF II: VKBC 20011 | Ubicación: DELANTERO | ABS: C/ABS,BAH-0186 | VKBC 20011,,https://www.dayco.com/la-es/catalog/?search=KWD1003,Rueda,WHEEL BEARING KIT,,EC5,,,DELANTERO,C/ABS,BAH-0186 | VKBC 20011,Versión: 1.6 VTI | Motor: EC5 | Combustible: NAFTA | Ubicación: DELANTERO | ABS: C/ABS
DAYCO,KWD1003,Rodamiento de rueda,RODAMIENTO,CITROEN,C3,6-2013 -> 7-2016,Versión: 1.6 VTI | Motor: EC5 | Combustible: NAFTA | SKF I: BAH-0186 | SKF II: VKBC 20011 | Ubicación: DELANTERO | ABS: C/ABS,BAH-0186 | VKBC 20011,,https://www.dayco.com/la-es/catalog/?search=KWD1003,Rueda,WHEEL BEARING KIT,,EC5,,,DELANTERO,C/ABS,BAH-0186 | VKBC 20011,Versión: 1.6 VTI | Motor: EC5 | Combustible: NAFTA | Ubicación: DELANTERO | ABS: C/ABS
DAYCO,KWD1003,Rodamiento de rueda,RODAMIENTO,CITROEN,C3,6-2013 -> 7-2016,Versión: 1.5I | Motor: TU4 | Combustible: NAFTA | SKF I: BAH-0186 | SKF II: VKBC 20011 | Ubicación: DELANTERO | ABS: C/ABS,BAH-0186 | VKBC 20011,,https://www.dayco.com/la-es/catalog/?search=KWD1003,Rueda,WHEEL BEARING KIT,,TU4,,,DELANTERO,C/ABS,BAH-0186 | VKBC 20011,Versión: 1.5I | Motor: TU4 | Combustible: NAFTA | Ubicación: DELANTERO | ABS: C/ABS
DAYCO,KWD1003,Rodamiento de rueda,RODAMIENTO,CITROEN,C3,4-2016 -> 4-2020,Versión: 1.6 VTI | Motor: EC5 | Combustible: NAFTA | SKF I: BAH-0186 | SKF II: VKBC 20011 | Ubicación: DELANTERO | ABS: C/ABS,BAH-0186 | VKBC 20011,,https://www.dayco.com/la-es/catalog/?search=KWD1003,Rueda,WHEEL BEARING KIT,,EC5,,,DELANTERO,C/ABS,BAH-0186 | VKBC 20011,Versión: 1.6 VTI | Motor: EC5 | Combustible: NAFTA | Ubicación: DELANTERO | ABS: C/ABS
DAYCO,KWD1003,Rodamiento de rueda,RODAMIENTO,CITROEN,C3,4-2016 -> 1-2022,Versión: 1.5I | Motor: TU4 | Combustible: NAFTA | SKF I: BAH-0186 | SKF II: VKBC 20011 | Ubicación: DELANTERO | ABS: C/ABS,BAH-0186 | VKBC 20011,,https://www.dayco.com/la-es/catalog/?search=KWD1003,Rueda,WHEEL BEARING KIT,,TU4,,,DELANTERO,C/ABS,BAH-0186 | VKBC 20011,Versión: 1.5I | Motor: TU4 | Combustible: NAFTA | Ubicación: DELANTERO | ABS: C/ABS
DAYCO,KWD1003,Rodamiento de rueda,RODAMIENTO,CITROEN,C3,10-2017 -> 10-2022,Versión: 1.6 VTI AT | Motor: EC5 | Combustible: NAFTA | SKF I: BAH-0186 | SKF II: VKBC 20011 | Ubicación: DELANTERO | ABS: C/ABS,BAH-0186 | VKBC 20011,,https://www.dayco.com/la-es/catalog/?search=KWD1003,Rueda,WHEEL BEARING KIT,,EC5,,,DELANTERO,C/ABS,BAH-0186 | VKBC 20011,Versión: 1.6 VTI AT | Motor: EC5 | Combustible: NAFTA | Ubicación: DELANTERO | ABS: C/ABS
DAYCO,KWD1003,Rodamiento de rueda,RODAMIENTO,CITROEN,C3,10-2018 -> 12-2023,Versión: 1.6 VTI AT | Motor: EC5 | Combustible: NAFTA | SKF I: BAH-0186 | SKF II: VKBC 20011 | Ubicación: DELANTERO | ABS: C/ABS,BAH-0186 | VKBC 20011,,https://www.dayco.com/la-es/catalog/?search=KWD1003,Rueda,WHEEL BEARING KIT,,EC5,,,DELANTERO,C/ABS,BAH-0186 | VKBC 20011,Versión: 1.6 VTI AT | Motor: EC5 | Combustible: NAFTA | Ubicación: DELANTERO | ABS: C/ABS
DAYCO,KWD1003,Rodamiento de rueda,RODAMIENTO,CITROEN,C3,10-2018 -> 12-2023,Versión: 1.6 VTI MT | Motor: EC5 | Combustible: NAFTA | SKF I: BAH-0186 | SKF II: VKBC 20011 | Ubicación: DELANTERO | ABS: C/ABS,BAH-0186 | VKBC 20011,,https://www.dayco.com/la-es/catalog/?search=KWD1003,Rueda,WHEEL BEARING KIT,,EC5,,,DELANTERO,C/ABS,BAH-0186 | VKBC 20011,Versión: 1.6 VTI MT | Motor: EC5 | Combustible: NAFTA | Ubicación: DELANTERO | ABS: C/ABS
DAYCO,KWD1022,Rodamiento de rueda,RODAMIENTO,CITROEN,C3,11-2012 -> 12-2023,Versión: 1.5I | Motor: TU4 | Combustible: NAFTA | SKF I: VKBA6544 | SKF II: VKBA 6544 | Ubicación: TRASERO | ABS: C/ABS,VKBA6544 | VKBA 6544,,https://www.dayco.com/la-es/catalog/?search=KWD1022,Rueda,WHEEL BEARING KIT,,TU4,,,TRASERO,C/ABS,VKBA6544 | VKBA 6544,Versión: 1.5I | Motor: TU4 | Combustible: NAFTA | Ubicación: TRASERO | ABS: C/ABS
DAYCO,KWD1022,Rodamiento de rueda,RODAMIENTO,CITROEN,C3,11-2012 -> 12-2023,Versión: 1.6 VTI | Motor: EC5 | Combustible: NAFTA | SKF I: VKBA6544 | SKF II: VKBA 6544 | Ubicación: TRASERO | ABS: C/ABS,VKBA6544 | VKBA 6544,,https://www.dayco.com/la-es/catalog/?search=KWD1022,Rueda,WHEEL BEARING KIT,,EC5,,,TRASERO,C/ABS,VKBA6544 | VKBA 6544,Versión: 1.6 VTI | Motor: EC5 | Combustible: NAFTA | Ubicación: TRASERO | ABS: C/ABS
DAYCO,KWD1022,Rodamiento de rueda,RODAMIENTO,CITROEN,C3,6-2013 -> 8-2016,Versión: 1.6 VTI | Motor: EC5 | Combustible: NAFTA | SKF I: VKBA6544 | SKF II: VKBA 6544 | Ubicación: TRASERO | ABS: C/ABS,VKBA6544 | VKBA 6544,,https://www.dayco.com/la-es/catalog/?search=KWD1022,Rueda,WHEEL BEARING KIT,,EC5,,,TRASERO,C/ABS,VKBA6544 | VKBA 6544,Versión: 1.6 VTI | Motor: EC5 | Combustible: NAFTA | Ubicación: TRASERO | ABS: C/ABS
DAYCO,KWD1022,Rodamiento de rueda,RODAMIENTO,CITROEN,C3,6-2013 -> 7-2016,Versión: 1.6 VTI | Motor: EC5 | Combustible: NAFTA | SKF I: VKBA6544 | SKF II: VKBA 6544 | Ubicación: TRASERO | ABS: C/ABS,VKBA6544 | VKBA 6544,,https://www.dayco.com/la-es/catalog/?search=KWD1022,Rueda,WHEEL BEARING KIT,,EC5,,,TRASERO,C/ABS,VKBA6544 | VKBA 6544,Versión: 1.6 VTI | Motor: EC5 | Combustible: NAFTA | Ubicación: TRASERO | ABS: C/ABS
DAYCO,KWD1022,Rodamiento de rueda,RODAMIENTO,CITROEN,C3,6-2013 -> 7-2016,Versión: 1.5I | Motor: TU4 | Combustible: NAFTA | SKF I: VKBA6544 | SKF II: VKBA 6544 | Ubicación: TRASERO | ABS: C/ABS,VKBA6544 | VKBA 6544,,https://www.dayco.com/la-es/catalog/?search=KWD1022,Rueda,WHEEL BEARING KIT,,TU4,,,TRASERO,C/ABS,VKBA6544 | VKBA 6544,Versión: 1.5I | Motor: TU4 | Combustible: NAFTA | Ubicación: TRASERO | ABS: C/ABS
DAYCO,KWD1022,Rodamiento de rueda,RODAMIENTO,CITROEN,C3,4-2016 -> 1-2022,Versión: 1.5I | Motor: TU4 | Combustible: NAFTA | SKF I: VKBA6544 | SKF II: VKBA 6544 | Ubicación: TRASERO | ABS: C/ABS,VKBA6544 | VKBA 6544,,https://www.dayco.com/la-es/catalog/?search=KWD1022,Rueda,WHEEL BEARING KIT,,TU4,,,TRASERO,C/ABS,VKBA6544 | VKBA 6544,Versión: 1.5I | Motor: TU4 | Combustible: NAFTA | Ubicación: TRASERO | ABS: C/ABS
DAYCO,KWD1022,Rodamiento de rueda,RODAMIENTO,CITROEN,C3,10-2017 -> 10-2022,Versión: 1.6 VTI AT | Motor: EC5 | Combustible: NAFTA | SKF I: VKBA6544 | SKF II: VKBA 6544 | Ubicación: TRASERO | ABS: C/ABS,VKBA6544 | VKBA 6544,,https://www.dayco.com/la-es/catalog/?search=KWD1022,Rueda,WHEEL BEARING KIT,,EC5,,,TRASERO,C/ABS,VKBA6544 | VKBA 6544,Versión: 1.6 VTI AT | Motor: EC5 | Combustible: NAFTA | Ubicación: TRASERO | ABS: C/ABS
DAYCO,KWD1014,Rodamiento de rueda,RODAMIENTO,CITROEN,C3,7-2003 -> 2-2011,Versión: 1.4 HDI | Motor: DV4TD (8HW) | Combustible: DIESEL | SKF I: BAH-0185 | SKF II: VKBC 20010 | Ubicación: DELANTERO | ABS: C/ABS,BAH-0185 | VKBC 20010,,https://www.dayco.com/la-es/catalog/?search=KWD1014,Rueda,WHEEL BEARING KIT,,DV4TD (8HW),,,DELANTERO,C/ABS,BAH-0185 | VKBC 20010,Versión: 1.4 HDI | Motor: DV4TD (8HW) | Combustible: DIESEL | Ubicación: DELANTERO | ABS: C/ABS
DAYCO,KWD1014,Rodamiento de rueda,RODAMIENTO,CITROEN,C3,7-2003 -> 2-2012,Versión: 1.4I | Motor: TU3JP (KFV) | Combustible: NAFTA | SKF I: BAH-0185 | SKF II: VKBC 20010 | Ubicación: DELANTERO | ABS: C/ABS,BAH-0185 | VKBC 20010,,https://www.dayco.com/la-es/catalog/?search=KWD1014,Rueda,WHEEL BEARING KIT,,TU3JP (KFV),,,DELANTERO,C/ABS,BAH-0185 | VKBC 20010,Versión: 1.4I | Motor: TU3JP (KFV) | Combustible: NAFTA | Ubicación: DELANTERO | ABS: C/ABS
DAYCO,KWD1014,Rodamiento de rueda,RODAMIENTO,CITROEN,C3,7-2005 -> 2-2012,Versión: 1.6 16V | Motor: TU5JP4 (NFU) | Combustible: NAFTA | SKF I: BAH-0185 | SKF II: VKBC 20010 | Ubicación: DELANTERO | ABS: C/ABS,BAH-0185 | VKBC 20010,,https://www.dayco.com/la-es/catalog/?search=KWD1014,Rueda,WHEEL BEARING KIT,,TU5JP4 (NFU),,,DELANTERO,C/ABS,BAH-0185 | VKBC 20010,Versión: 1.6 16V | Motor: TU5JP4 (NFU) | Combustible: NAFTA | Ubicación: DELANTERO | ABS: C/ABS
DAYCO,KWD1024,Rodamiento de rueda,RODAMIENTO,CITROEN,C3,7-2003 -> 2-2011,Versión: 1.4 HDI | Motor: DV4TD (8HW) | Combustible: DIESEL | SKF I: BAH-0072 | SKF II: VKBC 20031 | Ubicación: DELANTERO | ABS: C/ABS,BAH-0072 | VKBC 20031,,https://www.dayco.com/la-es/catalog/?search=KWD1024,Rueda,WHEEL BEARING KIT,,DV4TD (8HW),,,DELANTERO,C/ABS,BAH-0072 | VKBC 20031,Versión: 1.4 HDI | Motor: DV4TD (8HW) | Combustible: DIESEL | Ubicación: DELANTERO | ABS: C/ABS
DAYCO,KWD1024,Rodamiento de rueda,RODAMIENTO,CITROEN,C3,7-2003 -> 2-2012,Versión: 1.4I | Motor: TU3JP (KFV) | Combustible: NAFTA | SKF I: BAH-0072 | SKF II: VKBC 20031 | Ubicación: DELANTERO | ABS: C/ABS,BAH-0072 | VKBC 20031,,https://www.dayco.com/la-es/catalog/?search=KWD1024,Rueda,WHEEL BEARING KIT,,TU3JP (KFV),,,DELANTERO,C/ABS,BAH-0072 | VKBC 20031,Versión: 1.4I | Motor: TU3JP (KFV) | Combustible: NAFTA | Ubicación: DELANTERO | ABS: C/ABS
DAYCO,KWD1024,Rodamiento de rueda,RODAMIENTO,CITROEN,C3,7-2005 -> 2-2012,Versión: 1.6 16V | Motor: TU5JP4 (NFU) | Combustible: NAFTA | SKF I: BAH-0072 | SKF II: VKBC 20031 | Ubicación: DELANTERO | ABS: C/ABS,BAH-0072 | VKBC 20031,,https://www.dayco.com/la-es/catalog/?search=KWD1024,Rueda,WHEEL BEARING KIT,,TU5JP4 (NFU),,,DELANTERO,C/ABS,BAH-0072 | VKBC 20031,Versión: 1.6 16V | Motor: TU5JP4 (NFU) | Combustible: NAFTA | Ubicación: DELANTERO | ABS: C/ABS
DAYCO,KWD1178,Rodamiento de rueda,RODAMIENTO,CITROEN,C3 AIRCROSS,2018 -> 2022,Versión: 1.6 VTI MT | Motor: EC5 | Combustible: NAFTA | SKF I: VKBA 3585 | SKF II: BAF-0068 D | Ubicación: TRASERO,VKBA 3585 | BAF-0068 D,,https://www.dayco.com/la-es/catalog/?search=KWD1178,Rueda,WHEEL BEARING KIT,,EC5,,,TRASERO,,VKBA 3585 | BAF-0068 D,Versión: 1.6 VTI MT | Motor: EC5 | Combustible: NAFTA | Ubicación: TRASERO
DAYCO,KWD1178,Rodamiento de rueda,RODAMIENTO,CITROEN,C3 AIRCROSS,2017 -> 2022,Versión: 1.6 VTI AT | Motor: EC5 | Combustible: NAFTA | SKF I: VKBA 3585 | SKF II: BAF-0068 D | Ubicación: TRASERO,VKBA 3585 | BAF-0068 D,,https://www.dayco.com/la-es/catalog/?search=KWD1178,Rueda,WHEEL BEARING KIT,,EC5,,,TRASERO,,VKBA 3585 | BAF-0068 D,Versión: 1.6 VTI AT | Motor: EC5 | Combustible: NAFTA | Ubicación: TRASERO
DAYCO,KWD1178,Rodamiento de rueda,RODAMIENTO,CITROEN,C3 AIRCROSS,2017 -> 2020,Versión: 1.6 VTI AT | Motor: EC5 | Combustible: NAFTA | SKF I: VKBA 3585 | SKF II: BAF-0068 D | Ubicación: TRASERO,VKBA 3585 | BAF-0068 D,,https://www.dayco.com/la-es/catalog/?search=KWD1178,Rueda,WHEEL BEARING KIT,,EC5,,,TRASERO,,VKBA 3585 | BAF-0068 D,Versión: 1.6 VTI AT | Motor: EC5 | Combustible: NAFTA | Ubicación: TRASERO
DAYCO,KWD1003,Rodamiento de rueda,RODAMIENTO,CITROEN,C3 AIRCROSS,3-2017 -> 4-2020,Versión: 1.6 VTI AT | Motor: EC5 | Combustible: NAFTA | SKF I: BAH-0186 | SKF II: VKBC 20011 | Ubicación: DELANTERO | ABS: C/ABS,BAH-0186 | VKBC 20011,,https://www.dayco.com/la-es/catalog/?search=KWD1003,Rueda,WHEEL BEARING KIT,,EC5,,,DELANTERO,C/ABS,BAH-0186 | VKBC 20011,Versión: 1.6 VTI AT | Motor: EC5 | Combustible: NAFTA | Ubicación: DELANTERO | ABS: C/ABS
DAYCO,KWD1003,Rodamiento de rueda,RODAMIENTO,CITROEN,C3 AIRCROSS,3-2017 -> 10-2022,Versión: 1.6 VTI AT | Motor: EC5 | Combustible: NAFTA | SKF I: BAH-0186 | SKF II: VKBC 20011 | Ubicación: DELANTERO | ABS: C/ABS,BAH-0186 | VKBC 20011,,https://www.dayco.com/la-es/catalog/?search=KWD1003,Rueda,WHEEL BEARING KIT,,EC5,,,DELANTERO,C/ABS,BAH-0186 | VKBC 20011,Versión: 1.6 VTI AT | Motor: EC5 | Combustible: NAFTA | Ubicación: DELANTERO | ABS: C/ABS
DAYCO,KWD1003,Rodamiento de rueda,RODAMIENTO,CITROEN,C3 AIRCROSS,5-2018 -> 10-2022,Versión: 1.6 VTI MT | Motor: EC5 | Combustible: NAFTA | SKF I: BAH-0186 | SKF II: VKBC 20011 | Ubicación: DELANTERO | ABS: C/ABS,BAH-0186 | VKBC 20011,,https://www.dayco.com/la-es/catalog/?search=KWD1003,Rueda,WHEEL BEARING KIT,,EC5,,,DELANTERO,C/ABS,BAH-0186 | VKBC 20011,Versión: 1.6 VTI MT | Motor: EC5 | Combustible: NAFTA | Ubicación: DELANTERO | ABS: C/ABS
DAYCO,KWD1178,Rodamiento de rueda,RODAMIENTO,CITROEN,C4,2011 -> 2014,Versión: 1.6 HDI | Motor: DV6TED4 | Combustible: DIESEL | SKF I: VKBA 3585 | SKF II: BAF-0068 D | Ubicación: TRASERO,VKBA 3585 | BAF-0068 D,,https://www.dayco.com/la-es/catalog/?search=KWD1178,Rueda,WHEEL BEARING KIT,,DV6TED4,,,TRASERO,,VKBA 3585 | BAF-0068 D,Versión: 1.6 HDI | Motor: DV6TED4 | Combustible: DIESEL | Ubicación: TRASERO
DAYCO,KWD1178,Rodamiento de rueda,RODAMIENTO,CITROEN,C4,2007 -> 2014,Versión: 1.6 16V | Motor: TU5JP4 (NFU) | Combustible: NAFTA | SKF I: VKBA 3585 | SKF II: BAF-0068 D | Ubicación: TRASERO,VKBA 3585 | BAF-0068 D,,https://www.dayco.com/la-es/catalog/?search=KWD1178,Rueda,WHEEL BEARING KIT,,TU5JP4 (NFU),,,TRASERO,,VKBA 3585 | BAF-0068 D,Versión: 1.6 16V | Motor: TU5JP4 (NFU) | Combustible: NAFTA | Ubicación: TRASERO
DAYCO,KWD1178,Rodamiento de rueda,RODAMIENTO,CITROEN,C4,2007 -> 2014,Versión: 2.0 16V | Motor: EW10J4 (RFN) | Combustible: NAFTA | SKF I: VKBA 3585 | SKF II: BAF-0068 D | Ubicación: TRASERO,VKBA 3585 | BAF-0068 D,,https://www.dayco.com/la-es/catalog/?search=KWD1178,Rueda,WHEEL BEARING KIT,,EW10J4 (RFN),,,TRASERO,,VKBA 3585 | BAF-0068 D,Versión: 2.0 16V | Motor: EW10J4 (RFN) | Combustible: NAFTA | Ubicación: TRASERO
DAYCO,KWD1178,Rodamiento de rueda,RODAMIENTO,CITROEN,C4,2007 -> 2010,Versión: 2.0 HDI | Motor: DW10 BTED4 | Combustible: DIESEL | SKF I: VKBA 3585 | SKF II: BAF-0068 D | Ubicación: TRASERO,VKBA 3585 | BAF-0068 D,,https://www.dayco.com/la-es/catalog/?search=KWD1178,Rueda,WHEEL BEARING KIT,,DW10 BTED4,,,TRASERO,,VKBA 3585 | BAF-0068 D,Versión: 2.0 HDI | Motor: DW10 BTED4 | Combustible: DIESEL | Ubicación: TRASERO
DAYCO,KWD1178,Rodamiento de rueda,RODAMIENTO,CITROEN,C4,2007 -> 2009,Versión: 2.0 VTS | Motor: EW10J4 (RFN) | Combustible: NAFTA | SKF I: VKBA 3585 | SKF II: BAF-0068 D | Ubicación: TRASERO,VKBA 3585 | BAF-0068 D,,https://www.dayco.com/la-es/catalog/?search=KWD1178,Rueda,WHEEL BEARING KIT,,EW10J4 (RFN),,,TRASERO,,VKBA 3585 | BAF-0068 D,Versión: 2.0 VTS | Motor: EW10J4 (RFN) | Combustible: NAFTA | Ubicación: TRASERO
DAYCO,KWD1003,Rodamiento de rueda,RODAMIENTO,CITROEN,C4,4-2011 -> 11-2014,Versión: 1.6 HDI | Motor: DV6TED4 | Combustible: DIESEL | SKF I: BAH-0186 | SKF II: VKBC 20011 | Ubicación: DELANTERO | ABS: C/ABS,BAH-0186 | VKBC 20011,,https://www.dayco.com/la-es/catalog/?search=KWD1003,Rueda,WHEEL BEARING KIT,,DV6TED4,,,DELANTERO,C/ABS,BAH-0186 | VKBC 20011,Versión: 1.6 HDI | Motor: DV6TED4 | Combustible: DIESEL | Ubicación: DELANTERO | ABS: C/ABS
DAYCO,KWD1003,Rodamiento de rueda,RODAMIENTO,CITROEN,C4,6-2007 -> 11-2014,Versión: 1.6 16V | Motor: TU5JP4 (NFU) | Combustible: NAFTA | SKF I: BAH-0186 | SKF II: VKBC 20011 | Ubicación: DELANTERO | ABS: C/ABS,BAH-0186 | VKBC 20011,,https://www.dayco.com/la-es/catalog/?search=KWD1003,Rueda,WHEEL BEARING KIT,,TU5JP4 (NFU),,,DELANTERO,C/ABS,BAH-0186 | VKBC 20011,Versión: 1.6 16V | Motor: TU5JP4 (NFU) | Combustible: NAFTA | Ubicación: DELANTERO | ABS: C/ABS
DAYCO,KWD1003,Rodamiento de rueda,RODAMIENTO,CITROEN,C4,6-2007 -> 11-2014,Versión: 2.0 16V | Motor: EW10J4 (RFN) | Combustible: NAFTA | SKF I: BAH-0186 | SKF II: VKBC 20011 | Ubicación: DELANTERO | ABS: C/ABS,BAH-0186 | VKBC 20011,,https://www.dayco.com/la-es/catalog/?search=KWD1003,Rueda,WHEEL BEARING KIT,,EW10J4 (RFN),,,DELANTERO,C/ABS,BAH-0186 | VKBC 20011,Versión: 2.0 16V | Motor: EW10J4 (RFN) | Combustible: NAFTA | Ubicación: DELANTERO | ABS: C/ABS
DAYCO,KWD1003,Rodamiento de rueda,RODAMIENTO,CITROEN,C4,6-2007 -> 12-2010,Versión: 2.0 HDI | Motor: DW10 BTED4 | Combustible: DIESEL | SKF I: BAH-0186 | SKF II: VKBC 20011 | Ubicación: DELANTERO | ABS: C/ABS,BAH-0186 | VKBC 20011,,https://www.dayco.com/la-es/catalog/?search=KWD1003,Rueda,WHEEL BEARING KIT,,DW10 BTED4,,,DELANTERO,C/ABS,BAH-0186 | VKBC 20011,Versión: 2.0 HDI | Motor: DW10 BTED4 | Combustible: DIESEL | Ubicación: DELANTERO | ABS: C/ABS
DAYCO,KWD1003,Rodamiento de rueda,RODAMIENTO,CITROEN,C4,1-2007 -> 11-2009,Versión: 2.0 VTS | Motor: EW10J4 (RFN) | Combustible: NAFTA | SKF I: BAH-0186 | SKF II: VKBC 20011 | Ubicación: DELANTERO | ABS: C/ABS,BAH-0186 | VKBC 20011,,https://www.dayco.com/la-es/catalog/?search=KWD1003,Rueda,WHEEL BEARING KIT,,EW10J4 (RFN),,,DELANTERO,C/ABS,BAH-0186 | VKBC 20011,Versión: 2.0 VTS | Motor: EW10J4 (RFN) | Combustible: NAFTA | Ubicación: DELANTERO | ABS: C/ABS
DAYCO,KWD1022,Rodamiento de rueda,RODAMIENTO,CITROEN,C4,4-2011 -> 11-2014,Versión: 1.6 HDI | Motor: DV6TED4 | Combustible: DIESEL | SKF I: VKBA6544 | SKF II: VKBA 6544 | Ubicación: TRASERO | ABS: C/ABS,VKBA6544 | VKBA 6544,,https://www.dayco.com/la-es/catalog/?search=KWD1022,Rueda,WHEEL BEARING KIT,,DV6TED4,,,TRASERO,C/ABS,VKBA6544 | VKBA 6544,Versión: 1.6 HDI | Motor: DV6TED4 | Combustible: DIESEL | Ubicación: TRASERO | ABS: C/ABS
DAYCO,KWD1022,Rodamiento de rueda,RODAMIENTO,CITROEN,C4,6-2007 -> 11-2014,Versión: 1.6 16V | Motor: TU5JP4 (NFU) | Combustible: NAFTA | SKF I: VKBA6544 | SKF II: VKBA 6544 | Ubicación: TRASERO | ABS: C/ABS,VKBA6544 | VKBA 6544,,https://www.dayco.com/la-es/catalog/?search=KWD1022,Rueda,WHEEL BEARING KIT,,TU5JP4 (NFU),,,TRASERO,C/ABS,VKBA6544 | VKBA 6544,Versión: 1.6 16V | Motor: TU5JP4 (NFU) | Combustible: NAFTA | Ubicación: TRASERO | ABS: C/ABS
DAYCO,KWD1022,Rodamiento de rueda,RODAMIENTO,CITROEN,C4,6-2007 -> 11-2014,Versión: 2.0 16V | Motor: EW10J4 (RFN) | Combustible: NAFTA | SKF I: VKBA6544 | SKF II: VKBA 6544 | Ubicación: TRASERO | ABS: C/ABS,VKBA6544 | VKBA 6544,,https://www.dayco.com/la-es/catalog/?search=KWD1022,Rueda,WHEEL BEARING KIT,,EW10J4 (RFN),,,TRASERO,C/ABS,VKBA6544 | VKBA 6544,Versión: 2.0 16V | Motor: EW10J4 (RFN) | Combustible: NAFTA | Ubicación: TRASERO | ABS: C/ABS
DAYCO,KWD1022,Rodamiento de rueda,RODAMIENTO,CITROEN,C4,6-2007 -> 12-2010,Versión: 2.0 HDI | Motor: DW10 BTED4 | Combustible: DIESEL | SKF I: VKBA6544 | SKF II: VKBA 6544 | Ubicación: TRASERO | ABS: C/ABS,VKBA6544 | VKBA 6544,,https://www.dayco.com/la-es/catalog/?search=KWD1022,Rueda,WHEEL BEARING KIT,,DW10 BTED4,,,TRASERO,C/ABS,VKBA6544 | VKBA 6544,Versión: 2.0 HDI | Motor: DW10 BTED4 | Combustible: DIESEL | Ubicación: TRASERO | ABS: C/ABS
DAYCO,KWD1022,Rodamiento de rueda,RODAMIENTO,CITROEN,C4,1-2007 -> 11-2009,Versión: 2.0 VTS | Motor: EW10J4 (RFN) | Combustible: NAFTA | SKF I: VKBA6544 | SKF II: VKBA 6544 | Ubicación: TRASERO | ABS: C/ABS,VKBA6544 | VKBA 6544,,https://www.dayco.com/la-es/catalog/?search=KWD1022,Rueda,WHEEL BEARING KIT,,EW10J4 (RFN),,,TRASERO,C/ABS,VKBA6544 | VKBA 6544,Versión: 2.0 VTS | Motor: EW10J4 (RFN) | Combustible: NAFTA | Ubicación: TRASERO | ABS: C/ABS
DAYCO,KWD1014,Rodamiento de rueda,RODAMIENTO,CITROEN,C4,4-2011 -> 11-2014,Versión: 1.6 HDI | Motor: DV6TED4 | Combustible: DIESEL | SKF I: BAH-0185 | SKF II: VKBC 20010 | Ubicación: DELANTERO | ABS: C/ABS,BAH-0185 | VKBC 20010,,https://www.dayco.com/la-es/catalog/?search=KWD1014,Rueda,WHEEL BEARING KIT,,DV6TED4,,,DELANTERO,C/ABS,BAH-0185 | VKBC 20010,Versión: 1.6 HDI | Motor: DV6TED4 | Combustible: DIESEL | Ubicación: DELANTERO | ABS: C/ABS
DAYCO,KWD1014,Rodamiento de rueda,RODAMIENTO,CITROEN,C4,6-2007 -> 11-2014,Versión: 1.6 16V | Motor: TU5JP4 (NFU) | Combustible: NAFTA | SKF I: BAH-0185 | SKF II: VKBC 20010 | Ubicación: DELANTERO | ABS: C/ABS,BAH-0185 | VKBC 20010,,https://www.dayco.com/la-es/catalog/?search=KWD1014,Rueda,WHEEL BEARING KIT,,TU5JP4 (NFU),,,DELANTERO,C/ABS,BAH-0185 | VKBC 20010,Versión: 1.6 16V | Motor: TU5JP4 (NFU) | Combustible: NAFTA | Ubicación: DELANTERO | ABS: C/ABS
DAYCO,KWD1014,Rodamiento de rueda,RODAMIENTO,CITROEN,C4,6-2007 -> 11-2014,Versión: 2.0 16V | Motor: EW10J4 (RFN) | Combustible: NAFTA | SKF I: BAH-0185 | SKF II: VKBC 20010 | Ubicación: DELANTERO | ABS: C/ABS,BAH-0185 | VKBC 20010,,https://www.dayco.com/la-es/catalog/?search=KWD1014,Rueda,WHEEL BEARING KIT,,EW10J4 (RFN),,,DELANTERO,C/ABS,BAH-0185 | VKBC 20010,Versión: 2.0 16V | Motor: EW10J4 (RFN) | Combustible: NAFTA | Ubicación: DELANTERO | ABS: C/ABS
DAYCO,KWD1014,Rodamiento de rueda,RODAMIENTO,CITROEN,C4,6-2007 -> 12-2010,Versión: 2.0 HDI | Motor: DW10 BTED4 | Combustible: DIESEL | SKF I: BAH-0185 | SKF II: VKBC 20010 | Ubicación: DELANTERO | ABS: C/ABS,BAH-0185 | VKBC 20010,,https://www.dayco.com/la-es/catalog/?search=KWD1014,Rueda,WHEEL BEARING KIT,,DW10 BTED4,,,DELANTERO,C/ABS,BAH-0185 | VKBC 20010,Versión: 2.0 HDI | Motor: DW10 BTED4 | Combustible: DIESEL | Ubicación: DELANTERO | ABS: C/ABS
DAYCO,KWD1014,Rodamiento de rueda,RODAMIENTO,CITROEN,C4,1-2007 -> 11-2009,Versión: 2.0 VTS | Motor: EW10J4 (RFN) | Combustible: NAFTA | SKF I: BAH-0185 | SKF II: VKBC 20010 | Ubicación: DELANTERO | ABS: C/ABS,BAH-0185 | VKBC 20010,,https://www.dayco.com/la-es/catalog/?search=KWD1014,Rueda,WHEEL BEARING KIT,,EW10J4 (RFN),,,DELANTERO,C/ABS,BAH-0185 | VKBC 20010,Versión: 2.0 VTS | Motor: EW10J4 (RFN) | Combustible: NAFTA | Ubicación: DELANTERO | ABS: C/ABS
DAYCO,KWD1022,Rodamiento de rueda,RODAMIENTO,CITROEN,C4 AIRCROSS,11-2013 -> 2-2016,Versión: 2.0 16V CVT | Motor: MMC EURO4 | Combustible: NAFTA | SKF I: VKBA6544 | SKF II: VKBA 6544 | Ubicación: TRASERO | ABS: C/ABS,VKBA6544 | VKBA 6544,,https://www.dayco.com/la-es/catalog/?search=KWD1022,Rueda,WHEEL BEARING KIT,,MMC EURO4,,,TRASERO,C/ABS,VKBA6544 | VKBA 6544,Versión: 2.0 16V CVT | Motor: MMC EURO4 | Combustible: NAFTA | Ubicación: TRASERO | ABS: C/ABS
DAYCO,KWD1022,Rodamiento de rueda,RODAMIENTO,CITROEN,C4 AIRCROSS,11-2013 -> 2-2016,Versión: 2.0 16V | Motor: MMC EURO4 | Combustible: NAFTA | SKF I: VKBA6544 | SKF II: VKBA 6544 | Ubicación: TRASERO | ABS: C/ABS,VKBA6544 | VKBA 6544,,https://www.dayco.com/la-es/catalog/?search=KWD1022,Rueda,WHEEL BEARING KIT,,MMC EURO4,,,TRASERO,C/ABS,VKBA6544 | VKBA 6544,Versión: 2.0 16V | Motor: MMC EURO4 | Combustible: NAFTA | Ubicación: TRASERO | ABS: C/ABS
DAYCO,KWD1178,Rodamiento de rueda,RODAMIENTO,CITROEN,C4 LOUNGE,2013 -> 2017,Versión: 1.6 THP 165CV | Motor: EP6DTM | Combustible: NAFTA | SKF I: VKBA 3585 | SKF II: BAF-0068 D | Ubicación: TRASERO,VKBA 3585 | BAF-0068 D,,https://www.dayco.com/la-es/catalog/?search=KWD1178,Rueda,WHEEL BEARING KIT,,EP6DTM,,,TRASERO,,VKBA 3585 | BAF-0068 D,Versión: 1.6 THP 165CV | Motor: EP6DTM | Combustible: NAFTA | Ubicación: TRASERO
DAYCO,KWD1178,Rodamiento de rueda,RODAMIENTO,CITROEN,C4 LOUNGE,2013 -> 2017,Versión: 1.6 THP 163CV | Motor: EP6DTM | Combustible: NAFTA | SKF I: VKBA 3585 | SKF II: BAF-0068 D | Ubicación: TRASERO,VKBA 3585 | BAF-0068 D,,https://www.dayco.com/la-es/catalog/?search=KWD1178,Rueda,WHEEL BEARING KIT,,EP6DTM,,,TRASERO,,VKBA 3585 | BAF-0068 D,Versión: 1.6 THP 163CV | Motor: EP6DTM | Combustible: NAFTA | Ubicación: TRASERO
DAYCO,KWD1178,Rodamiento de rueda,RODAMIENTO,CITROEN,C4 LOUNGE,2013 -> 2020,Versión: 2.0 16V | Motor: EW10 | Combustible: NAFTA | SKF I: VKBA 3585 | SKF II: BAF-0068 D | Ubicación: TRASERO,VKBA 3585 | BAF-0068 D,,https://www.dayco.com/la-es/catalog/?search=KWD1178,Rueda,WHEEL BEARING KIT,,EW10,,,TRASERO,,VKBA 3585 | BAF-0068 D,Versión: 2.0 16V | Motor: EW10 | Combustible: NAFTA | Ubicación: TRASERO
DAYCO,KWD1178,Rodamiento de rueda,RODAMIENTO,CITROEN,C4 LOUNGE,2013 -> 2017,Versión: 1.6 HDI | Motor: DV6 | Combustible: DIESEL | SKF I: VKBA 3585 | SKF II: BAF-0068 D | Ubicación: TRASERO,VKBA 3585 | BAF-0068 D,,https://www.dayco.com/la-es/catalog/?search=KWD1178,Rueda,WHEEL BEARING KIT,,DV6,,,TRASERO,,VKBA 3585 | BAF-0068 D,Versión: 1.6 HDI | Motor: DV6 | Combustible: DIESEL | Ubicación: TRASERO
DAYCO,KWD1034,Rodamiento de rueda,RODAMIENTO,CITROEN,C4 PICASSO,6-2009 -> 10-2013,Versión: 2.0 16V | Motor: EW10J4/L5 (RFN) | Combustible: NAFTA | SKF I: VKBA6549 | SKF II: VKBA 6549 | Ubicación: TRASERO | ABS: C/ABS,VKBA6549 | VKBA 6549,,https://www.dayco.com/la-es/catalog/?search=KWD1034,Rueda,WHEEL BEARING KIT,,EW10J4/L5 (RFN),,,TRASERO,C/ABS,VKBA6549 | VKBA 6549,Versión: 2.0 16V | Motor: EW10J4/L5 (RFN) | Combustible: NAFTA | Ubicación: TRASERO | ABS: C/ABS
DAYCO,KWD1034,Rodamiento de rueda,RODAMIENTO,CITROEN,C4 PICASSO,5-2010 -> 2-2015,Versión: 1.6 HDI | Motor: DV6TED4 | Combustible: DIESEL | SKF I: VKBA6549 | SKF II: VKBA 6549 | Ubicación: TRASERO | ABS: C/ABS,VKBA6549 | VKBA 6549,,https://www.dayco.com/la-es/catalog/?search=KWD1034,Rueda,WHEEL BEARING KIT,,DV6TED4,,,TRASERO,C/ABS,VKBA6549 | VKBA 6549,Versión: 1.6 HDI | Motor: DV6TED4 | Combustible: DIESEL | Ubicación: TRASERO | ABS: C/ABS
DAYCO,KWD1022,Rodamiento de rueda,RODAMIENTO,CITROEN,DS3,12-2010 -> 3-2016,Versión: 1.6 THP 156CV | Motor: EP6CDT | Combustible: NAFTA | SKF I: VKBA6544 | SKF II: VKBA 6544 | Ubicación: TRASERO | ABS: C/ABS,VKBA6544 | VKBA 6544,,https://www.dayco.com/la-es/catalog/?search=KWD1022,Rueda,WHEEL BEARING KIT,,EP6CDT,,,TRASERO,C/ABS,VKBA6544 | VKBA 6544,Versión: 1.6 THP 156CV | Motor: EP6CDT | Combustible: NAFTA | Ubicación: TRASERO | ABS: C/ABS
DAYCO,KWD1022,Rodamiento de rueda,RODAMIENTO,CITROEN,DS3,6-2013 -> 3-2016,Versión: 1.6 VTI 120CV | Motor: EP6 | Combustible: NAFTA | SKF I: VKBA6544 | SKF II: VKBA 6544 | Ubicación: TRASERO | ABS: C/ABS,VKBA6544 | VKBA 6544,,https://www.dayco.com/la-es/catalog/?search=KWD1022,Rueda,WHEEL BEARING KIT,,EP6,,,TRASERO,C/ABS,VKBA6544 | VKBA 6544,Versión: 1.6 VTI 120CV | Motor: EP6 | Combustible: NAFTA | Ubicación: TRASERO | ABS: C/ABS
DAYCO,KWD1003,Rodamiento de rueda,RODAMIENTO,CITROEN,DS4,2-2012 -> 4-2015,Versión: 1.6 THP 163CV | Motor: EP6DTE | Combustible: NAFTA | SKF I: BAH-0186 | SKF II: VKBC 20011 | Ubicación: DELANTERO | ABS: C/ABS,BAH-0186 | VKBC 20011,,https://www.dayco.com/la-es/catalog/?search=KWD1003,Rueda,WHEEL BEARING KIT,,EP6DTE,,,DELANTERO,C/ABS,BAH-0186 | VKBC 20011,Versión: 1.6 THP 163CV | Motor: EP6DTE | Combustible: NAFTA | Ubicación: DELANTERO | ABS: C/ABS
DAYCO,KWD1034,Rodamiento de rueda,RODAMIENTO,CITROEN,DS4,2-2012 -> 4-2015,Versión: 1.6 THP 163CV | Motor: EP6DTE | Combustible: NAFTA | SKF I: VKBA6549 | SKF II: VKBA 6549 | Ubicación: TRASERO | ABS: C/ABS,VKBA6549 | VKBA 6549,,https://www.dayco.com/la-es/catalog/?search=KWD1034,Rueda,WHEEL BEARING KIT,,EP6DTE,,,TRASERO,C/ABS,VKBA6549 | VKBA 6549,Versión: 1.6 THP 163CV | Motor: EP6DTE | Combustible: NAFTA | Ubicación: TRASERO | ABS: C/ABS
DAYCO,KWD1022,Rodamiento de rueda,RODAMIENTO,CITROEN,DS4,2-2012 -> 4-2015,Versión: 1.6 THP 163CV | Motor: EP6DTE | Combustible: NAFTA | SKF I: VKBA6544 | SKF II: VKBA 6544 | Ubicación: TRASERO | ABS: C/ABS,VKBA6544 | VKBA 6544,,https://www.dayco.com/la-es/catalog/?search=KWD1022,Rueda,WHEEL BEARING KIT,,EP6DTE,,,TRASERO,C/ABS,VKBA6544 | VKBA 6544,Versión: 1.6 THP 163CV | Motor: EP6DTE | Combustible: NAFTA | Ubicación: TRASERO | ABS: C/ABS
DAYCO,KWD1190,Rodamiento de rueda,RODAMIENTO,FIAT,147 1.1,VKBA 4625A,Versión: 128A011 | Motor: NAFTA | Combustible: 1983 -> 1986 | SKF I: BAHB 633313 EA | Ubicación: TRASERO,BAHB 633313 EA,,https://www.dayco.com/la-es/catalog/?search=KWD1190,Rueda,WHEEL BEARING KIT,,NAFTA,,,TRASERO,,BAHB 633313 EA,Versión: 128A011 | Motor: NAFTA | Combustible: 1983 -> 1986 | Ubicación: TRASERO
DAYCO,KWD1190,Rodamiento de rueda,RODAMIENTO,FIAT,147 1.3,VKBA 4625A,Versión: 128A103 | Motor: NAFTA | Combustible: 1983 -> 1984 | SKF I: BAHB 633313 EA | Ubicación: TRASERO,BAHB 633313 EA,,https://www.dayco.com/la-es/catalog/?search=KWD1190,Rueda,WHEEL BEARING KIT,,NAFTA,,,TRASERO,,BAHB 633313 EA,Versión: 128A103 | Motor: NAFTA | Combustible: 1983 -> 1984 | Ubicación: TRASERO
DAYCO,KWD1011,Rodamiento de rueda,RODAMIENTO,FIAT,500 1.4 16V 595 TURISMO,VKBA 6540,Versión: - | Motor: NAFTA | Combustible: 2018 -> 2022 | SKF I: VKBA 6540 | Ubicación: DELANTERO,VKBA 6540,,https://www.dayco.com/la-es/catalog/?search=KWD1011,Rueda,WHEEL BEARING KIT,,NAFTA,,,DELANTERO,,VKBA 6540,Versión: - | Motor: NAFTA | Combustible: 2018 -> 2022 | Ubicación: DELANTERO
DAYCO,KWD1009,Rodamiento de rueda,RODAMIENTO,FIAT,500 1.4 8V EVO,BAF-0040,Versión: 310A2011 | Motor: NAFTA | Combustible: 9-2011 -> 1-2022 | SKF I: VKBC 3540 | SKF II: TRASERO | Ubicación: C/ABS | ABS: C/ABS,VKBC 3540 | TRASERO,,https://www.dayco.com/la-es/catalog/?search=KWD1009,Rueda,WHEEL BEARING KIT,,NAFTA,,,C/ABS,C/ABS,VKBC 3540 | TRASERO,Versión: 310A2011 | Motor: NAFTA | Combustible: 9-2011 -> 1-2022 | Ubicación: C/ABS | ABS: C/ABS
DAYCO,KWD1009,Rodamiento de rueda,RODAMIENTO,FIAT,500 1.4 16V TJET,BAF-0040,Versión: 312 A100 | Motor: NAFTA | Combustible: 10-2012 -> 4-2020 | SKF I: VKBC 3540 | SKF II: TRASERO | Ubicación: C/ABS | ABS: C/ABS,VKBC 3540 | TRASERO,,https://www.dayco.com/la-es/catalog/?search=KWD1009,Rueda,WHEEL BEARING KIT,,NAFTA,,,C/ABS,C/ABS,VKBC 3540 | TRASERO,Versión: 312 A100 | Motor: NAFTA | Combustible: 10-2012 -> 4-2020 | Ubicación: C/ABS | ABS: C/ABS
DAYCO,KWD1009,Rodamiento de rueda,RODAMIENTO,FIAT,500 1.4 16V FIRE MT,BAF-0040,Versión: 169 A3.000 | Motor: NAFTA | Combustible: 2-2009 -> 10-2022 | SKF I: VKBC 3540 | SKF II: TRASERO | Ubicación: C/ABS | ABS: C/ABS,VKBC 3540 | TRASERO,,https://www.dayco.com/la-es/catalog/?search=KWD1009,Rueda,WHEEL BEARING KIT,,NAFTA,,,C/ABS,C/ABS,VKBC 3540 | TRASERO,Versión: 169 A3.000 | Motor: NAFTA | Combustible: 2-2009 -> 10-2022 | Ubicación: C/ABS | ABS: C/ABS
DAYCO,KWD1009,Rodamiento de rueda,RODAMIENTO,FIAT,500 1.4 16V FIRE AT,BAF-0040,Versión: 169 A3.000 | Motor: NAFTA | Combustible: 10-2012 -> 12-2023 | SKF I: VKBC 3540 | SKF II: TRASERO | Ubicación: C/ABS | ABS: C/ABS,VKBC 3540 | TRASERO,,https://www.dayco.com/la-es/catalog/?search=KWD1009,Rueda,WHEEL BEARING KIT,,NAFTA,,,C/ABS,C/ABS,VKBC 3540 | TRASERO,Versión: 169 A3.000 | Motor: NAFTA | Combustible: 10-2012 -> 12-2023 | Ubicación: C/ABS | ABS: C/ABS
DAYCO,KWD1029,Rodamiento de rueda,RODAMIENTO,FIAT,500 1.4 8V FIRE,BAH-0053,Versión: 310A2014 | Motor: NAFTA | Combustible: - | SKF I: VKBC 20130 | SKF II: DELANTERO | Ubicación: C/ABS | ABS: C/ABS,VKBC 20130 | DELANTERO,,https://www.dayco.com/la-es/catalog/?search=KWD1029,Rueda,WHEEL BEARING KIT,,NAFTA,,,C/ABS,C/ABS,VKBC 20130 | DELANTERO,Versión: 310A2014 | Motor: NAFTA | Combustible: - | Ubicación: C/ABS | ABS: C/ABS
DAYCO,KWD1009,Rodamiento de rueda,RODAMIENTO,FIAT,ARGO,3-2017 -> 12-2023,Versión: 1.8 16V | Motor: ETORQUE EVO | Combustible: NAFTA | SKF I: BAF-0040 | SKF II: VKBC 3540 | Ubicación: TRASERO | ABS: C/ABS,BAF-0040 | VKBC 3540,,https://www.dayco.com/la-es/catalog/?search=KWD1009,Rueda,WHEEL BEARING KIT,,ETORQUE EVO,,,TRASERO,C/ABS,BAF-0040 | VKBC 3540,Versión: 1.8 16V | Motor: ETORQUE EVO | Combustible: NAFTA | Ubicación: TRASERO | ABS: C/ABS
DAYCO,KWD1009,Rodamiento de rueda,RODAMIENTO,FIAT,ARGO,3-2017 -> 12-2023,Versión: 1.3 8V Firefly MT | Motor: 1.3 FIREFLY | Combustible: NAFTA | SKF I: BAF-0040 | SKF II: VKBC 3540 | Ubicación: TRASERO | ABS: C/ABS,BAF-0040 | VKBC 3540,,https://www.dayco.com/la-es/catalog/?search=KWD1009,Rueda,WHEEL BEARING KIT,,1.3 FIREFLY,,,TRASERO,C/ABS,BAF-0040 | VKBC 3540,Versión: 1.3 8V Firefly MT | Motor: 1.3 FIREFLY | Combustible: NAFTA | Ubicación: TRASERO | ABS: C/ABS
DAYCO,KWD1011,Rodamiento de rueda,RODAMIENTO,FIAT,CRONOS,2018 ->,Versión: 1.8 16V MT | Motor: E-TORQ EVO | Combustible: NAFTA | SKF I: VKBA 6540 | SKF II: VKBA 6540 | Ubicación: DELANTERO,VKBA 6540 | VKBA 6540,,https://www.dayco.com/la-es/catalog/?search=KWD1011,Rueda,WHEEL BEARING KIT,,E-TORQ EVO,,,DELANTERO,,VKBA 6540 | VKBA 6540,Versión: 1.8 16V MT | Motor: E-TORQ EVO | Combustible: NAFTA | Ubicación: DELANTERO
DAYCO,KWD1011,Rodamiento de rueda,RODAMIENTO,FIAT,CRONOS,2018 ->,Versión: 1.8 16V AT | Motor: E-TORQ EVO | Combustible: NAFTA | SKF I: VKBA 6540 | SKF II: VKBA 6540 | Ubicación: DELANTERO,VKBA 6540 | VKBA 6540,,https://www.dayco.com/la-es/catalog/?search=KWD1011,Rueda,WHEEL BEARING KIT,,E-TORQ EVO,,,DELANTERO,,VKBA 6540 | VKBA 6540,Versión: 1.8 16V AT | Motor: E-TORQ EVO | Combustible: NAFTA | Ubicación: DELANTERO
DAYCO,KWD1190,Rodamiento de rueda,RODAMIENTO,FIAT,DUNA,1988 -> 2001,Versión: 1.3 MPI | Motor: 146A5000 | Combustible: NAFTA | SKF I: VKBA 4625A | SKF II: BAHB 633313 EA | Ubicación: TRASERO,VKBA 4625A | BAHB 633313 EA,,https://www.dayco.com/la-es/catalog/?search=KWD1190,Rueda,WHEEL BEARING KIT,,146A5000,,,TRASERO,,VKBA 4625A | BAHB 633313 EA,Versión: 1.3 MPI | Motor: 146A5000 | Combustible: NAFTA | Ubicación: TRASERO
DAYCO,KWD1190,Rodamiento de rueda,RODAMIENTO,FIAT,DUNA,1988 -> 1998,Versión: 1.3 D | Motor: 146B1000 | Combustible: DIESEL | SKF I: VKBA 4625A | SKF II: BAHB 633313 EA | Ubicación: TRASERO,VKBA 4625A | BAHB 633313 EA,,https://www.dayco.com/la-es/catalog/?search=KWD1190,Rueda,WHEEL BEARING KIT,,146B1000,,,TRASERO,,VKBA 4625A | BAHB 633313 EA,Versión: 1.3 D | Motor: 146B1000 | Combustible: DIESEL | Ubicación: TRASERO
DAYCO,KWD1190,Rodamiento de rueda,RODAMIENTO,FIAT,DUNA,1994 -> 2001,Versión: 1.4 MPI | Motor: 159A2038 | Combustible: NAFTA | SKF I: VKBA 4625A | SKF II: BAHB 633313 EA | Ubicación: TRASERO,VKBA 4625A | BAHB 633313 EA,,https://www.dayco.com/la-es/catalog/?search=KWD1190,Rueda,WHEEL BEARING KIT,,159A2038,,,TRASERO,,VKBA 4625A | BAHB 633313 EA,Versión: 1.4 MPI | Motor: 159A2038 | Combustible: NAFTA | Ubicación: TRASERO
DAYCO,KWD1190,Rodamiento de rueda,RODAMIENTO,FIAT,DUNA,1988 -> 1995,Versión: 1.5 | Motor: 146B5011 | Combustible: NAFTA | SKF I: VKBA 4625A | SKF II: BAHB 633313 EA | Ubicación: TRASERO,VKBA 4625A | BAHB 633313 EA,,https://www.dayco.com/la-es/catalog/?search=KWD1190,Rueda,WHEEL BEARING KIT,,146B5011,,,TRASERO,,VKBA 4625A | BAHB 633313 EA,Versión: 1.5 | Motor: 146B5011 | Combustible: NAFTA | Ubicación: TRASERO
DAYCO,KWD1190,Rodamiento de rueda,RODAMIENTO,FIAT,DUNA,1991 -> 2000,Versión: 1.6 | Motor: 159A303 | Combustible: NAFTA | SKF I: VKBA 4625A | SKF II: BAHB 633313 EA | Ubicación: TRASERO,VKBA 4625A | BAHB 633313 EA,,https://www.dayco.com/la-es/catalog/?search=KWD1190,Rueda,WHEEL BEARING KIT,,159A303,,,TRASERO,,VKBA 4625A | BAHB 633313 EA,Versión: 1.6 | Motor: 159A303 | Combustible: NAFTA | Ubicación: TRASERO
DAYCO,KWD1190,Rodamiento de rueda,RODAMIENTO,FIAT,DUNA,1999 -> 2001,Versión: 1.7D | Motor: 146B2000 | Combustible: DIESEL | SKF I: VKBA 4625A | SKF II: BAHB 633313 EA | Ubicación: TRASERO,VKBA 4625A | BAHB 633313 EA,,https://www.dayco.com/la-es/catalog/?search=KWD1190,Rueda,WHEEL BEARING KIT,,146B2000,,,TRASERO,,VKBA 4625A | BAHB 633313 EA,Versión: 1.7D | Motor: 146B2000 | Combustible: DIESEL | Ubicación: TRASERO
DAYCO,KWD1190,Rodamiento de rueda,RODAMIENTO,FIAT,DUNA,1988 -> 2001,Versión: 1.3 (CARBURADOR) | Motor: - | Combustible: NAFTA | SKF I: VKBA 4625A | SKF II: BAHB 633313 EA | Ubicación: TRASERO,VKBA 4625A | BAHB 633313 EA,,https://www.dayco.com/la-es/catalog/?search=KWD1190,Rueda,WHEEL BEARING KIT,,-,,,TRASERO,,VKBA 4625A | BAHB 633313 EA,Versión: 1.3 (CARBURADOR) | Motor: - | Combustible: NAFTA | Ubicación: TRASERO
DAYCO,KWD1417,Rodamiento de rueda,RODAMIENTO,FIAT,DUNA,4-1988 -> 10-2001,Versión: 1.3 MPI | Motor: 146A5000 | Combustible: NAFTA | SKF I: BAH-0031 | SKF II: BAH-0031 D/VK210 | Ubicación: DELANTERO | ABS: C/ABS,BAH-0031 | BAH-0031 D/VK210,,https://www.dayco.com/la-es/catalog/?search=KWD1417,Rueda,WHEEL BEARING KIT,,146A5000,,,DELANTERO,C/ABS,BAH-0031 | BAH-0031 D/VK210,Versión: 1.3 MPI | Motor: 146A5000 | Combustible: NAFTA | Ubicación: DELANTERO | ABS: C/ABS
DAYCO,KWD1417,Rodamiento de rueda,RODAMIENTO,FIAT,DUNA,5-1988 -> 6-1998,Versión: 1.3 D | Motor: 146B1000 | Combustible: DIESEL | SKF I: BAH-0031 | SKF II: BAH-0031 D/VK210 | Ubicación: DELANTERO | ABS: C/ABS,BAH-0031 | BAH-0031 D/VK210,,https://www.dayco.com/la-es/catalog/?search=KWD1417,Rueda,WHEEL BEARING KIT,,146B1000,,,DELANTERO,C/ABS,BAH-0031 | BAH-0031 D/VK210,Versión: 1.3 D | Motor: 146B1000 | Combustible: DIESEL | Ubicación: DELANTERO | ABS: C/ABS
DAYCO,KWD1417,Rodamiento de rueda,RODAMIENTO,FIAT,DUNA,8-1994 -> 10-2001,Versión: 1.4 MPI | Motor: 159A2038 | Combustible: NAFTA | SKF I: BAH-0031 | SKF II: BAH-0031 D/VK210 | Ubicación: DELANTERO | ABS: C/ABS,BAH-0031 | BAH-0031 D/VK210,,https://www.dayco.com/la-es/catalog/?search=KWD1417,Rueda,WHEEL BEARING KIT,,159A2038,,,DELANTERO,C/ABS,BAH-0031 | BAH-0031 D/VK210,Versión: 1.4 MPI | Motor: 159A2038 | Combustible: NAFTA | Ubicación: DELANTERO | ABS: C/ABS
DAYCO,KWD1417,Rodamiento de rueda,RODAMIENTO,FIAT,DUNA,1-1991 -> 3-2000,Versión: 1.6 | Motor: 159A303 | Combustible: NAFTA | SKF I: BAH-0031 | SKF II: BAH-0031 D/VK210 | Ubicación: DELANTERO | ABS: C/ABS,BAH-0031 | BAH-0031 D/VK210,,https://www.dayco.com/la-es/catalog/?search=KWD1417,Rueda,WHEEL BEARING KIT,,159A303,,,DELANTERO,C/ABS,BAH-0031 | BAH-0031 D/VK210,Versión: 1.6 | Motor: 159A303 | Combustible: NAFTA | Ubicación: DELANTERO | ABS: C/ABS
DAYCO,KWD1417,Rodamiento de rueda,RODAMIENTO,FIAT,DUNA,1-1999 -> 10-2001,Versión: 1.7D | Motor: 146B2000 | Combustible: DIESEL | SKF I: BAH-0031 | SKF II: BAH-0031 D/VK210 | Ubicación: DELANTERO | ABS: C/ABS,BAH-0031 | BAH-0031 D/VK210,,https://www.dayco.com/la-es/catalog/?search=KWD1417,Rueda,WHEEL BEARING KIT,,146B2000,,,DELANTERO,C/ABS,BAH-0031 | BAH-0031 D/VK210,Versión: 1.7D | Motor: 146B2000 | Combustible: DIESEL | Ubicación: DELANTERO | ABS: C/ABS
DAYCO,KWD1190,Rodamiento de rueda,RODAMIENTO,FIAT,FIORINO,2002 -> 2006,Versión: 1.3 MPI | Motor: 178A2000 | Combustible: NAFTA | SKF I: VKBA 4625A | SKF II: BAHB 633313 EA | Ubicación: TRASERO,VKBA 4625A | BAHB 633313 EA,,https://www.dayco.com/la-es/catalog/?search=KWD1190,Rueda,WHEEL BEARING KIT,,178A2000,,,TRASERO,,VKBA 4625A | BAHB 633313 EA,Versión: 1.3 MPI | Motor: 178A2000 | Combustible: NAFTA | Ubicación: TRASERO
DAYCO,KWD1190,Rodamiento de rueda,RODAMIENTO,FIAT,FIORINO,2004 -> 2006,Versión: 1.7D | Motor: 146D7000 | Combustible: DIESEL | SKF I: VKBA 4625A | SKF II: BAHB 633313 EA | Ubicación: TRASERO,VKBA 4625A | BAHB 633313 EA,,https://www.dayco.com/la-es/catalog/?search=KWD1190,Rueda,WHEEL BEARING KIT,,146D7000,,,TRASERO,,VKBA 4625A | BAHB 633313 EA,Versión: 1.7D | Motor: 146D7000 | Combustible: DIESEL | Ubicación: TRASERO
DAYCO,KWD1190,Rodamiento de rueda,RODAMIENTO,FIAT,FIORINO,2005 -> 2015,Versión: 1.3 8V FIRE | Motor: 178E8011 | Combustible: NAFTA | SKF I: VKBA 4625A | SKF II: BAHB 633313 EA | Ubicación: TRASERO,VKBA 4625A | BAHB 633313 EA,,https://www.dayco.com/la-es/catalog/?search=KWD1190,Rueda,WHEEL BEARING KIT,,178E8011,,,TRASERO,,VKBA 4625A | BAHB 633313 EA,Versión: 1.3 8V FIRE | Motor: 178E8011 | Combustible: NAFTA | Ubicación: TRASERO
DAYCO,KWD1417,Rodamiento de rueda,RODAMIENTO,FIAT,FIORINO,1-1989 -> 5-1997,Versión: 1.3D | Motor: 127A5000 | Combustible: DIESEL | SKF I: BAH-0031 | SKF II: BAH-0031 D/VK210 | Ubicación: DELANTERO | ABS: C/ABS,BAH-0031 | BAH-0031 D/VK210,,https://www.dayco.com/la-es/catalog/?search=KWD1417,Rueda,WHEEL BEARING KIT,,127A5000,,,DELANTERO,C/ABS,BAH-0031 | BAH-0031 D/VK210,Versión: 1.3D | Motor: 127A5000 | Combustible: DIESEL | Ubicación: DELANTERO | ABS: C/ABS
DAYCO,KWD1417,Rodamiento de rueda,RODAMIENTO,FIAT,FIORINO,5-1989 -> 7-1998,Versión: 1.4N | Motor: 149C5000 | Combustible: NAFTA | SKF I: BAH-0031 | SKF II: BAH-0031 D/VK210 | Ubicación: DELANTERO | ABS: C/ABS,BAH-0031 | BAH-0031 D/VK210,,https://www.dayco.com/la-es/catalog/?search=KWD1417,Rueda,WHEEL BEARING KIT,,149C5000,,,DELANTERO,C/ABS,BAH-0031 | BAH-0031 D/VK210,Versión: 1.4N | Motor: 149C5000 | Combustible: NAFTA | Ubicación: DELANTERO | ABS: C/ABS
DAYCO,KWD1011,Rodamiento de rueda,RODAMIENTO,FIAT,GRAND SIENA,2013 ->,Versión: 1.4 8V EVO | Motor: 327A055 | Combustible: NAFTA | SKF I: VKBA 6540 | SKF II: VKBA 6540 | Ubicación: DELANTERO,VKBA 6540 | VKBA 6540,,https://www.dayco.com/la-es/catalog/?search=KWD1011,Rueda,WHEEL BEARING KIT,,327A055,,,DELANTERO,,VKBA 6540 | VKBA 6540,Versión: 1.4 8V EVO | Motor: 327A055 | Combustible: NAFTA | Ubicación: DELANTERO
DAYCO,KWD1011,Rodamiento de rueda,RODAMIENTO,FIAT,GRAND SIENA,2012 -> 2020,Versión: 1.6 16V ETORQUE | Motor: 178 F4055 | Combustible: NAFTA | SKF I: VKBA 6540 | SKF II: VKBA 6540 | Ubicación: DELANTERO,VKBA 6540 | VKBA 6540,,https://www.dayco.com/la-es/catalog/?search=KWD1011,Rueda,WHEEL BEARING KIT,,178 F4055,,,DELANTERO,,VKBA 6540 | VKBA 6540,Versión: 1.6 16V ETORQUE | Motor: 178 F4055 | Combustible: NAFTA | Ubicación: DELANTERO
DAYCO,KWD1018,Rodamiento de rueda,RODAMIENTO,FIAT,GRAND SIENA,1-2013 -> 12-2023,Versión: 1.4 8V EVO | Motor: 327A055 | Combustible: NAFTA | SKF I: BAF-0013 | SKF II: BAF-0013 AD/VK210 | Ubicación: TRASERO | ABS: S/ABS,BAF-0013 | BAF-0013 AD/VK210,,https://www.dayco.com/la-es/catalog/?search=KWD1018,Rueda,WHEEL BEARING KIT,,327A055,,,TRASERO,S/ABS,BAF-0013 | BAF-0013 AD/VK210,Versión: 1.4 8V EVO | Motor: 327A055 | Combustible: NAFTA | Ubicación: TRASERO | ABS: S/ABS
DAYCO,KWD1011,Rodamiento de rueda,RODAMIENTO,FIAT,IDEA,2005 -> 2010,Versión: 1.8 8V | Motor: L3027 | Combustible: NAFTA | SKF I: VKBA 6540 | SKF II: VKBA 6540 | Ubicación: DELANTERO,VKBA 6540 | VKBA 6540,,https://www.dayco.com/la-es/catalog/?search=KWD1011,Rueda,WHEEL BEARING KIT,,L3027,,,DELANTERO,,VKBA 6540 | VKBA 6540,Versión: 1.8 8V | Motor: L3027 | Combustible: NAFTA | Ubicación: DELANTERO
DAYCO,KWD1011,Rodamiento de rueda,RODAMIENTO,FIAT,IDEA,2010 -> 2011,Versión: 1.8 8V | Motor: L3027 | Combustible: NAFTA | SKF I: VKBA 6540 | SKF II: VKBA 6540 | Ubicación: DELANTERO,VKBA 6540 | VKBA 6540,,https://www.dayco.com/la-es/catalog/?search=KWD1011,Rueda,WHEEL BEARING KIT,,L3027,,,DELANTERO,,VKBA 6540 | VKBA 6540,Versión: 1.8 8V | Motor: L3027 | Combustible: NAFTA | Ubicación: DELANTERO
DAYCO,KWD1018,Rodamiento de rueda,RODAMIENTO,FIAT,IDEA,3-2007 -> 1-2018,Versión: 1.4 8V FIRE | Motor: 178F3011 | Combustible: NAFTA | SKF I: BAF-0013 | SKF II: BAF-0013 AD/VK210 | Ubicación: TRASERO | ABS: S/ABS,BAF-0013 | BAF-0013 AD/VK210,,https://www.dayco.com/la-es/catalog/?search=KWD1018,Rueda,WHEEL BEARING KIT,,178F3011,,,TRASERO,S/ABS,BAF-0013 | BAF-0013 AD/VK210,Versión: 1.4 8V FIRE | Motor: 178F3011 | Combustible: NAFTA | Ubicación: TRASERO | ABS: S/ABS
DAYCO,KWD1018,Rodamiento de rueda,RODAMIENTO,FIAT,IDEA,11-2010 -> 4-2020,Versión: 1.6 16V | Motor: ETORQUE | Combustible: NAFTA | SKF I: BAF-0013 | SKF II: BAF-0013 AD/VK210 | Ubicación: TRASERO | ABS: S/ABS,BAF-0013 | BAF-0013 AD/VK210,,https://www.dayco.com/la-es/catalog/?search=KWD1018,Rueda,WHEEL BEARING KIT,,ETORQUE,,,TRASERO,S/ABS,BAF-0013 | BAF-0013 AD/VK210,Versión: 1.6 16V | Motor: ETORQUE | Combustible: NAFTA | Ubicación: TRASERO | ABS: S/ABS
DAYCO,KWD1018,Rodamiento de rueda,RODAMIENTO,FIAT,IDEA,5-2010 -> 2-2011,Versión: 1.8 8V | Motor: L3027 | Combustible: NAFTA | SKF I: BAF-0013 | SKF II: BAF-0013 AD/VK210 | Ubicación: TRASERO | ABS: S/ABS,BAF-0013 | BAF-0013 AD/VK210,,https://www.dayco.com/la-es/catalog/?search=KWD1018,Rueda,WHEEL BEARING KIT,,L3027,,,TRASERO,S/ABS,BAF-0013 | BAF-0013 AD/VK210,Versión: 1.8 8V | Motor: L3027 | Combustible: NAFTA | Ubicación: TRASERO | ABS: S/ABS
DAYCO,KWD1029,Rodamiento de rueda,RODAMIENTO,FIAT,IDEA,-,Versión: 1.4 8V FIRE | Motor: 310A2013 | Combustible: NAFTA | SKF I: BAH-0053 | SKF II: VKBC 20130 | Ubicación: DELANTERO | ABS: C/ABS,BAH-0053 | VKBC 20130,,https://www.dayco.com/la-es/catalog/?search=KWD1029,Rueda,WHEEL BEARING KIT,,310A2013,,,DELANTERO,C/ABS,BAH-0053 | VKBC 20130,Versión: 1.4 8V FIRE | Motor: 310A2013 | Combustible: NAFTA | Ubicación: DELANTERO | ABS: C/ABS
DAYCO,KWD1011,Rodamiento de rueda,RODAMIENTO,FIAT,MAREA,1998 -> 2001,Versión: 1.6 16V | Motor: 178A8011 | Combustible: NAFTA | SKF I: VKBA 6540 | SKF II: VKBA 6540 | Ubicación: DELANTERO,VKBA 6540 | VKBA 6540,,https://www.dayco.com/la-es/catalog/?search=KWD1011,Rueda,WHEEL BEARING KIT,,178A8011,,,DELANTERO,,VKBA 6540 | VKBA 6540,Versión: 1.6 16V | Motor: 178A8011 | Combustible: NAFTA | Ubicación: DELANTERO
DAYCO,KWD1011,Rodamiento de rueda,RODAMIENTO,FIAT,MAREA,1998 -> 2000,Versión: 1.9 TDI | Motor: 182A7000 | Combustible: DIESEL | SKF I: VKBA 6540 | SKF II: VKBA 6540 | Ubicación: DELANTERO,VKBA 6540 | VKBA 6540,,https://www.dayco.com/la-es/catalog/?search=KWD1011,Rueda,WHEEL BEARING KIT,,182A7000,,,DELANTERO,,VKBA 6540 | VKBA 6540,Versión: 1.9 TDI | Motor: 182A7000 | Combustible: DIESEL | Ubicación: DELANTERO
DAYCO,KWD1011,Rodamiento de rueda,RODAMIENTO,FIAT,MAREA,2000 -> 2002,Versión: 1.9 JTD | Motor: 182B4000 | Combustible: DIESEL | SKF I: VKBA 6540 | SKF II: VKBA 6540 | Ubicación: DELANTERO,VKBA 6540 | VKBA 6540,,https://www.dayco.com/la-es/catalog/?search=KWD1011,Rueda,WHEEL BEARING KIT,,182B4000,,,DELANTERO,,VKBA 6540 | VKBA 6540,Versión: 1.9 JTD | Motor: 182B4000 | Combustible: DIESEL | Ubicación: DELANTERO
DAYCO,KWD1011,Rodamiento de rueda,RODAMIENTO,FIAT,MAREA,2002 -> 2006,Versión: 1.9 JTD | Motor: 182B9000 | Combustible: DIESEL | SKF I: VKBA 6540 | SKF II: VKBA 6540 | Ubicación: DELANTERO,VKBA 6540 | VKBA 6540,,https://www.dayco.com/la-es/catalog/?search=KWD1011,Rueda,WHEEL BEARING KIT,,182B9000,,,DELANTERO,,VKBA 6540 | VKBA 6540,Versión: 1.9 JTD | Motor: 182B9000 | Combustible: DIESEL | Ubicación: DELANTERO
DAYCO,KWD1011,Rodamiento de rueda,RODAMIENTO,FIAT,MAREA,2003 -> 2005,Versión: 1.6 16V | Motor: 182A4000 | Combustible: NAFTA | SKF I: VKBA 6540 | SKF II: VKBA 6540 | Ubicación: DELANTERO,VKBA 6540 | VKBA 6540,,https://www.dayco.com/la-es/catalog/?search=KWD1011,Rueda,WHEEL BEARING KIT,,182A4000,,,DELANTERO,,VKBA 6540 | VKBA 6540,Versión: 1.6 16V | Motor: 182A4000 | Combustible: NAFTA | Ubicación: DELANTERO
DAYCO,KWD1011,Rodamiento de rueda,RODAMIENTO,FIAT,MAREA,2002 -> 2005,Versión: 1.9 JTD | Motor: 182B9000 | Combustible: DIESEL | SKF I: VKBA 6540 | SKF II: VKBA 6540 | Ubicación: DELANTERO,VKBA 6540 | VKBA 6540,,https://www.dayco.com/la-es/catalog/?search=KWD1011,Rueda,WHEEL BEARING KIT,,182B9000,,,DELANTERO,,VKBA 6540 | VKBA 6540,Versión: 1.9 JTD | Motor: 182B9000 | Combustible: DIESEL | Ubicación: DELANTERO
DAYCO,KWD1011,Rodamiento de rueda,RODAMIENTO,FIAT,PALIO,2004 -> 2010,Versión: 1.8 8V | Motor: 1V0 | Combustible: NAFTA | SKF I: VKBA 6540 | SKF II: VKBA 6540 | Ubicación: DELANTERO,VKBA 6540 | VKBA 6540,,https://www.dayco.com/la-es/catalog/?search=KWD1011,Rueda,WHEEL BEARING KIT,,1V0,,,DELANTERO,,VKBA 6540 | VKBA 6540,Versión: 1.8 8V | Motor: 1V0 | Combustible: NAFTA | Ubicación: DELANTERO
DAYCO,KWD1011,Rodamiento de rueda,RODAMIENTO,FIAT,PALIO,2006 -> 2007,Versión: 1.8 R | Motor: H3025 | Combustible: NAFTA | SKF I: VKBA 6540 | SKF II: VKBA 6540 | Ubicación: DELANTERO,VKBA 6540 | VKBA 6540,,https://www.dayco.com/la-es/catalog/?search=KWD1011,Rueda,WHEEL BEARING KIT,,H3025,,,DELANTERO,,VKBA 6540 | VKBA 6540,Versión: 1.8 R | Motor: H3025 | Combustible: NAFTA | Ubicación: DELANTERO
DAYCO,KWD1011,Rodamiento de rueda,RODAMIENTO,FIAT,PALIO,2006 -> 2010,Versión: 1.8 8V | Motor: H3025 | Combustible: NAFTA | SKF I: VKBA 6540 | SKF II: VKBA 6540 | Ubicación: DELANTERO,VKBA 6540 | VKBA 6540,,https://www.dayco.com/la-es/catalog/?search=KWD1011,Rueda,WHEEL BEARING KIT,,H3025,,,DELANTERO,,VKBA 6540 | VKBA 6540,Versión: 1.8 8V | Motor: H3025 | Combustible: NAFTA | Ubicación: DELANTERO
DAYCO,KWD1011,Rodamiento de rueda,RODAMIENTO,FIAT,PALIO,2012 -> 2015,Versión: 1.6 16V E-TORQ | Motor: E-TORQ | Combustible: NAFTA | SKF I: VKBA 6540 | SKF II: VKBA 6540 | Ubicación: DELANTERO,VKBA 6540 | VKBA 6540,,https://www.dayco.com/la-es/catalog/?search=KWD1011,Rueda,WHEEL BEARING KIT,,E-TORQ,,,DELANTERO,,VKBA 6540 | VKBA 6540,Versión: 1.6 16V E-TORQ | Motor: E-TORQ | Combustible: NAFTA | Ubicación: DELANTERO
DAYCO,KWD1011,Rodamiento de rueda,RODAMIENTO,FIAT,PALIO,2013 ->,Versión: 1.6 16V E-TORQ | Motor: E-TORQ | Combustible: NAFTA | SKF I: VKBA 6540 | SKF II: VKBA 6540 | Ubicación: DELANTERO,VKBA 6540 | VKBA 6540,,https://www.dayco.com/la-es/catalog/?search=KWD1011,Rueda,WHEEL BEARING KIT,,E-TORQ,,,DELANTERO,,VKBA 6540 | VKBA 6540,Versión: 1.6 16V E-TORQ | Motor: E-TORQ | Combustible: NAFTA | Ubicación: DELANTERO
DAYCO,KWD1011,Rodamiento de rueda,RODAMIENTO,FIAT,PALIO,2010 -> 2017,Versión: 1.6 16V E-TORQ | Motor: E-TORQ | Combustible: NAFTA | SKF I: VKBA 6540 | SKF II: VKBA 6540 | Ubicación: DELANTERO,VKBA 6540 | VKBA 6540,,https://www.dayco.com/la-es/catalog/?search=KWD1011,Rueda,WHEEL BEARING KIT,,E-TORQ,,,DELANTERO,,VKBA 6540 | VKBA 6540,Versión: 1.6 16V E-TORQ | Motor: E-TORQ | Combustible: NAFTA | Ubicación: DELANTERO
DAYCO,KWD1011,Rodamiento de rueda,RODAMIENTO,FIAT,PALIO,2010 -> 2022,Versión: 1.6 16V E-TORQ | Motor: E-TORQ | Combustible: NAFTA | SKF I: VKBA 6540 | SKF II: VKBA 6540 | Ubicación: DELANTERO,VKBA 6540 | VKBA 6540,,https://www.dayco.com/la-es/catalog/?search=KWD1011,Rueda,WHEEL BEARING KIT,,E-TORQ,,,DELANTERO,,VKBA 6540 | VKBA 6540,Versión: 1.6 16V E-TORQ | Motor: E-TORQ | Combustible: NAFTA | Ubicación: DELANTERO
DAYCO,KWD1190,Rodamiento de rueda,RODAMIENTO,FIAT,PALIO,2001 -> 2004,Versión: 1.3 MPI | Motor: 178A2000 | Combustible: NAFTA | SKF I: VKBA 4625A | SKF II: BAHB 633313 EA | Ubicación: TRASERO,VKBA 4625A | BAHB 633313 EA,,https://www.dayco.com/la-es/catalog/?search=KWD1190,Rueda,WHEEL BEARING KIT,,178A2000,,,TRASERO,,VKBA 4625A | BAHB 633313 EA,Versión: 1.3 MPI | Motor: 178A2000 | Combustible: NAFTA | Ubicación: TRASERO
DAYCO,KWD1190,Rodamiento de rueda,RODAMIENTO,FIAT,PALIO,2001 -> 2005,Versión: 1.6 16V TORQUE | Motor: 178A8011 | Combustible: NAFTA | SKF I: VKBA 4625A | SKF II: BAHB 633313 EA | Ubicación: TRASERO,VKBA 4625A | BAHB 633313 EA,,https://www.dayco.com/la-es/catalog/?search=KWD1190,Rueda,WHEEL BEARING KIT,,178A8011,,,TRASERO,,VKBA 4625A | BAHB 633313 EA,Versión: 1.6 16V TORQUE | Motor: 178A8011 | Combustible: NAFTA | Ubicación: TRASERO
DAYCO,KWD1190,Rodamiento de rueda,RODAMIENTO,FIAT,PALIO,2004 -> 2010,Versión: 1.8 8V | Motor: 1V0 | Combustible: NAFTA | SKF I: VKBA 4625A | SKF II: BAHB 633313 EA | Ubicación: TRASERO,VKBA 4625A | BAHB 633313 EA,,https://www.dayco.com/la-es/catalog/?search=KWD1190,Rueda,WHEEL BEARING KIT,,1V0,,,TRASERO,,VKBA 4625A | BAHB 633313 EA,Versión: 1.8 8V | Motor: 1V0 | Combustible: NAFTA | Ubicación: TRASERO
DAYCO,KWD1190,Rodamiento de rueda,RODAMIENTO,FIAT,PALIO,2006 -> 2010,Versión: 1.4 8V FIRE | Motor: C513 | Combustible: NAFTA | SKF I: VKBA 4625A | SKF II: BAHB 633313 EA | Ubicación: TRASERO,VKBA 4625A | BAHB 633313 EA,,https://www.dayco.com/la-es/catalog/?search=KWD1190,Rueda,WHEEL BEARING KIT,,C513,,,TRASERO,,VKBA 4625A | BAHB 633313 EA,Versión: 1.4 8V FIRE | Motor: C513 | Combustible: NAFTA | Ubicación: TRASERO
DAYCO,KWD1190,Rodamiento de rueda,RODAMIENTO,FIAT,PALIO,2006 -> 2010,Versión: 1.8 8V | Motor: H3025 | Combustible: NAFTA | SKF I: VKBA 4625A | SKF II: BAHB 633313 EA | Ubicación: TRASERO,VKBA 4625A | BAHB 633313 EA,,https://www.dayco.com/la-es/catalog/?search=KWD1190,Rueda,WHEEL BEARING KIT,,H3025,,,TRASERO,,VKBA 4625A | BAHB 633313 EA,Versión: 1.8 8V | Motor: H3025 | Combustible: NAFTA | Ubicación: TRASERO
DAYCO,KWD1190,Rodamiento de rueda,RODAMIENTO,FIAT,PALIO,2007 -> 2012,Versión: 1.4 8V FIRE | Motor: 178F5038 | Combustible: NAFTA | SKF I: VKBA 4625A | SKF II: BAHB 633313 EA | Ubicación: TRASERO,VKBA 4625A | BAHB 633313 EA,,https://www.dayco.com/la-es/catalog/?search=KWD1190,Rueda,WHEEL BEARING KIT,,178F5038,,,TRASERO,,VKBA 4625A | BAHB 633313 EA,Versión: 1.4 8V FIRE | Motor: 178F5038 | Combustible: NAFTA | Ubicación: TRASERO
DAYCO,KWD1190,Rodamiento de rueda,RODAMIENTO,FIAT,PALIO,2008 -> 2009,Versión: 1.4 8V FIRE | Motor: 178F5038 | Combustible: NAFTA | SKF I: VKBA 4625A | SKF II: BAHB 633313 EA | Ubicación: TRASERO,VKBA 4625A | BAHB 633313 EA,,https://www.dayco.com/la-es/catalog/?search=KWD1190,Rueda,WHEEL BEARING KIT,,178F5038,,,TRASERO,,VKBA 4625A | BAHB 633313 EA,Versión: 1.4 8V FIRE | Motor: 178F5038 | Combustible: NAFTA | Ubicación: TRASERO
DAYCO,KWD1190,Rodamiento de rueda,RODAMIENTO,FIAT,PALIO,2010 -> 2017,Versión: 1.6 16V E-TORQ | Motor: E-TORQ | Combustible: NAFTA | SKF I: VKBA 4625A | SKF II: BAHB 633313 EA | Ubicación: TRASERO,VKBA 4625A | BAHB 633313 EA,,https://www.dayco.com/la-es/catalog/?search=KWD1190,Rueda,WHEEL BEARING KIT,,E-TORQ,,,TRASERO,,VKBA 4625A | BAHB 633313 EA,Versión: 1.6 16V E-TORQ | Motor: E-TORQ | Combustible: NAFTA | Ubicación: TRASERO
DAYCO,KWD1190,Rodamiento de rueda,RODAMIENTO,FIAT,PALIO,2010 -> 2022,Versión: 1.6 16V E-TORQ | Motor: E-TORQ | Combustible: NAFTA | SKF I: VKBA 4625A | SKF II: BAHB 633313 EA | Ubicación: TRASERO,VKBA 4625A | BAHB 633313 EA,,https://www.dayco.com/la-es/catalog/?search=KWD1190,Rueda,WHEEL BEARING KIT,,E-TORQ,,,TRASERO,,VKBA 4625A | BAHB 633313 EA,Versión: 1.6 16V E-TORQ | Motor: E-TORQ | Combustible: NAFTA | Ubicación: TRASERO
DAYCO,KWD1190,Rodamiento de rueda,RODAMIENTO,FIAT,PALIO,2012 -> 2015,Versión: 1.6 16V E-TORQ | Motor: E-TORQ | Combustible: NAFTA | SKF I: VKBA 4625A | SKF II: BAHB 633313 EA | Ubicación: TRASERO,VKBA 4625A | BAHB 633313 EA,,https://www.dayco.com/la-es/catalog/?search=KWD1190,Rueda,WHEEL BEARING KIT,,E-TORQ,,,TRASERO,,VKBA 4625A | BAHB 633313 EA,Versión: 1.6 16V E-TORQ | Motor: E-TORQ | Combustible: NAFTA | Ubicación: TRASERO
DAYCO,KWD1190,Rodamiento de rueda,RODAMIENTO,FIAT,PALIO,2013 ->,Versión: 1.6 16V E-TORQ | Motor: E-TORQ | Combustible: NAFTA | SKF I: VKBA 4625A | SKF II: BAHB 633313 EA | Ubicación: TRASERO,VKBA 4625A | BAHB 633313 EA,,https://www.dayco.com/la-es/catalog/?search=KWD1190,Rueda,WHEEL BEARING KIT,,E-TORQ,,,TRASERO,,VKBA 4625A | BAHB 633313 EA,Versión: 1.6 16V E-TORQ | Motor: E-TORQ | Combustible: NAFTA | Ubicación: TRASERO
DAYCO,KWD1018,Rodamiento de rueda,RODAMIENTO,FIAT,PALIO,10-2012 -> 12-2023,Versión: 1.4 8V EVO | Motor: EVO | Combustible: NAFTA | SKF I: BAF-0013 | SKF II: BAF-0013 AD/VK210 | Ubicación: TRASERO | ABS: S/ABS,BAF-0013 | BAF-0013 AD/VK210,,https://www.dayco.com/la-es/catalog/?search=KWD1018,Rueda,WHEEL BEARING KIT,,EVO,,,TRASERO,S/ABS,BAF-0013 | BAF-0013 AD/VK210,Versión: 1.4 8V EVO | Motor: EVO | Combustible: NAFTA | Ubicación: TRASERO | ABS: S/ABS
DAYCO,KWD1018,Rodamiento de rueda,RODAMIENTO,FIAT,PALIO,2-2013 -> 12-2023,Versión: 1.6 16V ETORQUE | Motor: ETORQUE | Combustible: NAFTA | SKF I: BAF-0013 | SKF II: BAF-0013 AD/VK210 | Ubicación: TRASERO | ABS: S/ABS,BAF-0013 | BAF-0013 AD/VK210,,https://www.dayco.com/la-es/catalog/?search=KWD1018,Rueda,WHEEL BEARING KIT,,ETORQUE,,,TRASERO,S/ABS,BAF-0013 | BAF-0013 AD/VK210,Versión: 1.6 16V ETORQUE | Motor: ETORQUE | Combustible: NAFTA | Ubicación: TRASERO | ABS: S/ABS
DAYCO,KWD1018,Rodamiento de rueda,RODAMIENTO,FIAT,PALIO,6-2001 -> 10-2004,Versión: 1.3 MPI | Motor: 178A2000 | Combustible: NAFTA | SKF I: BAF-0013 | SKF II: BAF-0013 AD/VK210 | Ubicación: TRASERO | ABS: S/ABS,BAF-0013 | BAF-0013 AD/VK210,,https://www.dayco.com/la-es/catalog/?search=KWD1018,Rueda,WHEEL BEARING KIT,,178A2000,,,TRASERO,S/ABS,BAF-0013 | BAF-0013 AD/VK210,Versión: 1.3 MPI | Motor: 178A2000 | Combustible: NAFTA | Ubicación: TRASERO | ABS: S/ABS
DAYCO,KWD1018,Rodamiento de rueda,RODAMIENTO,FIAT,PALIO,7-2001 -> 6-2005,Versión: 1.3 16V FIRE | Motor: 178D7055 | Combustible: NAFTA | SKF I: BAF-0013 | SKF II: BAF-0013 AD/VK210 | Ubicación: TRASERO | ABS: S/ABS,BAF-0013 | BAF-0013 AD/VK210,,https://www.dayco.com/la-es/catalog/?search=KWD1018,Rueda,WHEEL BEARING KIT,,178D7055,,,TRASERO,S/ABS,BAF-0013 | BAF-0013 AD/VK210,Versión: 1.3 16V FIRE | Motor: 178D7055 | Combustible: NAFTA | Ubicación: TRASERO | ABS: S/ABS
DAYCO,KWD1018,Rodamiento de rueda,RODAMIENTO,FIAT,PALIO,7-2005 -> 10-2007,Versión: 1.3 16V FIRE | Motor: 178D7055 | Combustible: NAFTA | SKF I: BAF-0013 | SKF II: BAF-0013 AD/VK210 | Ubicación: TRASERO | ABS: S/ABS,BAF-0013 | BAF-0013 AD/VK210,,https://www.dayco.com/la-es/catalog/?search=KWD1018,Rueda,WHEEL BEARING KIT,,178D7055,,,TRASERO,S/ABS,BAF-0013 | BAF-0013 AD/VK210,Versión: 1.3 16V FIRE | Motor: 178D7055 | Combustible: NAFTA | Ubicación: TRASERO | ABS: S/ABS
DAYCO,KWD1018,Rodamiento de rueda,RODAMIENTO,FIAT,PALIO,4-2007 -> 4-2012,Versión: 1.4 8V FIRE | Motor: 178F5038 | Combustible: NAFTA | SKF I: BAF-0013 | SKF II: BAF-0013 AD/VK210 | Ubicación: TRASERO | ABS: S/ABS,BAF-0013 | BAF-0013 AD/VK210,,https://www.dayco.com/la-es/catalog/?search=KWD1018,Rueda,WHEEL BEARING KIT,,178F5038,,,TRASERO,S/ABS,BAF-0013 | BAF-0013 AD/VK210,Versión: 1.4 8V FIRE | Motor: 178F5038 | Combustible: NAFTA | Ubicación: TRASERO | ABS: S/ABS
DAYCO,KWD1018,Rodamiento de rueda,RODAMIENTO,FIAT,PALIO,4-2012 -> 4-2015,Versión: 1.4 8V EVO | Motor: EVO | Combustible: NAFTA | SKF I: BAF-0013 | SKF II: BAF-0013 AD/VK210 | Ubicación: TRASERO | ABS: S/ABS,BAF-0013 | BAF-0013 AD/VK210,,https://www.dayco.com/la-es/catalog/?search=KWD1018,Rueda,WHEEL BEARING KIT,,EVO,,,TRASERO,S/ABS,BAF-0013 | BAF-0013 AD/VK210,Versión: 1.4 8V EVO | Motor: EVO | Combustible: NAFTA | Ubicación: TRASERO | ABS: S/ABS
DAYCO,KWD1018,Rodamiento de rueda,RODAMIENTO,FIAT,PALIO,7-2006 -> 8-2010,Versión: 1.4 8V FIRE | Motor: C513 | Combustible: NAFTA | SKF I: BAF-0013 | SKF II: BAF-0013 AD/VK210 | Ubicación: TRASERO | ABS: S/ABS,BAF-0013 | BAF-0013 AD/VK210,,https://www.dayco.com/la-es/catalog/?search=KWD1018,Rueda,WHEEL BEARING KIT,,C513,,,TRASERO,S/ABS,BAF-0013 | BAF-0013 AD/VK210,Versión: 1.4 8V FIRE | Motor: C513 | Combustible: NAFTA | Ubicación: TRASERO | ABS: S/ABS
DAYCO,KWD1018,Rodamiento de rueda,RODAMIENTO,FIAT,PALIO,9-2009 -> 12-2023,Versión: 1.4 8V FIRE | Motor: 310A2011 | Combustible: NAFTA | SKF I: BAF-0013 | SKF II: BAF-0013 AD/VK210 | Ubicación: TRASERO | ABS: S/ABS,BAF-0013 | BAF-0013 AD/VK210,,https://www.dayco.com/la-es/catalog/?search=KWD1018,Rueda,WHEEL BEARING KIT,,310A2011,,,TRASERO,S/ABS,BAF-0013 | BAF-0013 AD/VK210,Versión: 1.4 8V FIRE | Motor: 310A2011 | Combustible: NAFTA | Ubicación: TRASERO | ABS: S/ABS
DAYCO,KWD1018,Rodamiento de rueda,RODAMIENTO,FIAT,PALIO,2-2001 -> 5-2005,Versión: 1.6 16V TORQUE | Motor: 178A8011 | Combustible: NAFTA | SKF I: BAF-0013 | SKF II: BAF-0013 AD/VK210 | Ubicación: TRASERO | ABS: S/ABS,BAF-0013 | BAF-0013 AD/VK210,,https://www.dayco.com/la-es/catalog/?search=KWD1018,Rueda,WHEEL BEARING KIT,,178A8011,,,TRASERO,S/ABS,BAF-0013 | BAF-0013 AD/VK210,Versión: 1.6 16V TORQUE | Motor: 178A8011 | Combustible: NAFTA | Ubicación: TRASERO | ABS: S/ABS
DAYCO,KWD1018,Rodamiento de rueda,RODAMIENTO,FIAT,PALIO,11-2010 -> 1-2022,Versión: 1.6 16V ETORQUE | Motor: ETORQUE | Combustible: NAFTA | SKF I: BAF-0013 | SKF II: BAF-0013 AD/VK210 | Ubicación: TRASERO | ABS: S/ABS,BAF-0013 | BAF-0013 AD/VK210,,https://www.dayco.com/la-es/catalog/?search=KWD1018,Rueda,WHEEL BEARING KIT,,ETORQUE,,,TRASERO,S/ABS,BAF-0013 | BAF-0013 AD/VK210,Versión: 1.6 16V ETORQUE | Motor: ETORQUE | Combustible: NAFTA | Ubicación: TRASERO | ABS: S/ABS
DAYCO,KWD1018,Rodamiento de rueda,RODAMIENTO,FIAT,PALIO,1-2005 -> 3-2010,Versión: 1.7 TD | Motor: 176A5000 | Combustible: DIESEL | SKF I: BAF-0013 | SKF II: BAF-0013 AD/VK210 | Ubicación: TRASERO | ABS: S/ABS,BAF-0013 | BAF-0013 AD/VK210,,https://www.dayco.com/la-es/catalog/?search=KWD1018,Rueda,WHEEL BEARING KIT,,176A5000,,,TRASERO,S/ABS,BAF-0013 | BAF-0013 AD/VK210,Versión: 1.7 TD | Motor: 176A5000 | Combustible: DIESEL | Ubicación: TRASERO | ABS: S/ABS
DAYCO,KWD1018,Rodamiento de rueda,RODAMIENTO,FIAT,PALIO,6-2001 -> 12-2003,Versión: 1.7 TD | Motor: 176A5000 | Combustible: DIESEL | SKF I: BAF-0013 | SKF II: BAF-0013 AD/VK210 | Ubicación: TRASERO | ABS: S/ABS,BAF-0013 | BAF-0013 AD/VK210,,https://www.dayco.com/la-es/catalog/?search=KWD1018,Rueda,WHEEL BEARING KIT,,176A5000,,,TRASERO,S/ABS,BAF-0013 | BAF-0013 AD/VK210,Versión: 1.7 TD | Motor: 176A5000 | Combustible: DIESEL | Ubicación: TRASERO | ABS: S/ABS
DAYCO,KWD1018,Rodamiento de rueda,RODAMIENTO,FIAT,PALIO,7-2004 -> 10-2008,Versión: 1.7 TD | Motor: 176A3000 | Combustible: DIESEL | SKF I: BAF-0013 | SKF II: BAF-0013 AD/VK210 | Ubicación: TRASERO | ABS: S/ABS,BAF-0013 | BAF-0013 AD/VK210,,https://www.dayco.com/la-es/catalog/?search=KWD1018,Rueda,WHEEL BEARING KIT,,176A3000,,,TRASERO,S/ABS,BAF-0013 | BAF-0013 AD/VK210,Versión: 1.7 TD | Motor: 176A3000 | Combustible: DIESEL | Ubicación: TRASERO | ABS: S/ABS
DAYCO,KWD1018,Rodamiento de rueda,RODAMIENTO,FIAT,PALIO,1-2006 -> 12-2007,Versión: 1.8 R | Motor: H3025 | Combustible: NAFTA | SKF I: BAF-0013 | SKF II: BAF-0013 AD/VK210 | Ubicación: TRASERO | ABS: S/ABS,BAF-0013 | BAF-0013 AD/VK210,,https://www.dayco.com/la-es/catalog/?search=KWD1018,Rueda,WHEEL BEARING KIT,,H3025,,,TRASERO,S/ABS,BAF-0013 | BAF-0013 AD/VK210,Versión: 1.8 R | Motor: H3025 | Combustible: NAFTA | Ubicación: TRASERO | ABS: S/ABS
DAYCO,KWD1018,Rodamiento de rueda,RODAMIENTO,FIAT,PALIO,7-2004 -> 2-2010,Versión: 1.8 8V | Motor: 1V0 | Combustible: NAFTA | SKF I: BAF-0013 | SKF II: BAF-0013 AD/VK210 | Ubicación: TRASERO | ABS: S/ABS,BAF-0013 | BAF-0013 AD/VK210,,https://www.dayco.com/la-es/catalog/?search=KWD1018,Rueda,WHEEL BEARING KIT,,1V0,,,TRASERO,S/ABS,BAF-0013 | BAF-0013 AD/VK210,Versión: 1.8 8V | Motor: 1V0 | Combustible: NAFTA | Ubicación: TRASERO | ABS: S/ABS
DAYCO,KWD1009,Rodamiento de rueda,RODAMIENTO,FIAT,PALIO,9-2009 -> 12-2023,Versión: 1.4 8V FIRE | Motor: 310A2011 | Combustible: NAFTA | SKF I: BAF-0040 | SKF II: VKBC 3540 | Ubicación: TRASERO | ABS: C/ABS,BAF-0040 | VKBC 3540,,https://www.dayco.com/la-es/catalog/?search=KWD1009,Rueda,WHEEL BEARING KIT,,310A2011,,,TRASERO,C/ABS,BAF-0040 | VKBC 3540,Versión: 1.4 8V FIRE | Motor: 310A2011 | Combustible: NAFTA | Ubicación: TRASERO | ABS: C/ABS
DAYCO,KWD1009,Rodamiento de rueda,RODAMIENTO,FIAT,PALIO,10-2012 -> 12-2023,Versión: 1.4 8V EVO | Motor: EVO | Combustible: NAFTA | SKF I: BAF-0040 | SKF II: VKBC 3540 | Ubicación: TRASERO | ABS: C/ABS,BAF-0040 | VKBC 3540,,https://www.dayco.com/la-es/catalog/?search=KWD1009,Rueda,WHEEL BEARING KIT,,EVO,,,TRASERO,C/ABS,BAF-0040 | VKBC 3540,Versión: 1.4 8V EVO | Motor: EVO | Combustible: NAFTA | Ubicación: TRASERO | ABS: C/ABS
DAYCO,KWD1009,Rodamiento de rueda,RODAMIENTO,FIAT,PALIO,2-2013 -> 12-2023,Versión: 1.6 16V ETORQUE | Motor: ETORQUE | Combustible: NAFTA | SKF I: BAF-0040 | SKF II: VKBC 3540 | Ubicación: TRASERO | ABS: C/ABS,BAF-0040 | VKBC 3540,,https://www.dayco.com/la-es/catalog/?search=KWD1009,Rueda,WHEEL BEARING KIT,,ETORQUE,,,TRASERO,C/ABS,BAF-0040 | VKBC 3540,Versión: 1.6 16V ETORQUE | Motor: ETORQUE | Combustible: NAFTA | Ubicación: TRASERO | ABS: C/ABS
DAYCO,KWD1009,Rodamiento de rueda,RODAMIENTO,FIAT,PALIO,7-2001 -> 6-2005,Versión: 1.3 16V FIRE | Motor: 178D7055 | Combustible: NAFTA | SKF I: BAF-0040 | SKF II: VKBC 3540 | Ubicación: TRASERO | ABS: C/ABS,BAF-0040 | VKBC 3540,,https://www.dayco.com/la-es/catalog/?search=KWD1009,Rueda,WHEEL BEARING KIT,,178D7055,,,TRASERO,C/ABS,BAF-0040 | VKBC 3540,Versión: 1.3 16V FIRE | Motor: 178D7055 | Combustible: NAFTA | Ubicación: TRASERO | ABS: C/ABS
DAYCO,KWD1009,Rodamiento de rueda,RODAMIENTO,FIAT,PALIO,6-2001 -> 10-2004,Versión: 1.3 MPI | Motor: 178A2000 | Combustible: NAFTA | SKF I: BAF-0040 | SKF II: VKBC 3540 | Ubicación: TRASERO | ABS: C/ABS,BAF-0040 | VKBC 3540,,https://www.dayco.com/la-es/catalog/?search=KWD1009,Rueda,WHEEL BEARING KIT,,178A2000,,,TRASERO,C/ABS,BAF-0040 | VKBC 3540,Versión: 1.3 MPI | Motor: 178A2000 | Combustible: NAFTA | Ubicación: TRASERO | ABS: C/ABS
DAYCO,KWD1009,Rodamiento de rueda,RODAMIENTO,FIAT,PALIO,8-2001 -> 6-2005,Versión: 1.7 TD | Motor: 176A3000 | Combustible: DIESEL | SKF I: BAF-0040 | SKF II: VKBC 3540 | Ubicación: TRASERO | ABS: C/ABS,BAF-0040 | VKBC 3540,,https://www.dayco.com/la-es/catalog/?search=KWD1009,Rueda,WHEEL BEARING KIT,,176A3000,,,TRASERO,C/ABS,BAF-0040 | VKBC 3540,Versión: 1.7 TD | Motor: 176A3000 | Combustible: DIESEL | Ubicación: TRASERO | ABS: C/ABS
DAYCO,KWD1009,Rodamiento de rueda,RODAMIENTO,FIAT,PALIO,7-2004 -> 2-2010,Versión: 1.8 8V | Motor: 1V0 | Combustible: NAFTA | SKF I: BAF-0040 | SKF II: VKBC 3540 | Ubicación: TRASERO | ABS: C/ABS,BAF-0040 | VKBC 3540,,https://www.dayco.com/la-es/catalog/?search=KWD1009,Rueda,WHEEL BEARING KIT,,1V0,,,TRASERO,C/ABS,BAF-0040 | VKBC 3540,Versión: 1.8 8V | Motor: 1V0 | Combustible: NAFTA | Ubicación: TRASERO | ABS: C/ABS
DAYCO,KWD1009,Rodamiento de rueda,RODAMIENTO,FIAT,PALIO,7-2005 -> 10-2007,Versión: 1.3 16V FIRE | Motor: 178D7055 | Combustible: NAFTA | SKF I: BAF-0040 | SKF II: VKBC 3540 | Ubicación: TRASERO | ABS: C/ABS,BAF-0040 | VKBC 3540,,https://www.dayco.com/la-es/catalog/?search=KWD1009,Rueda,WHEEL BEARING KIT,,178D7055,,,TRASERO,C/ABS,BAF-0040 | VKBC 3540,Versión: 1.3 16V FIRE | Motor: 178D7055 | Combustible: NAFTA | Ubicación: TRASERO | ABS: C/ABS
DAYCO,KWD1009,Rodamiento de rueda,RODAMIENTO,FIAT,PALIO,7-2006 -> 8-2010,Versión: 1.4 8V FIRE | Motor: C513 | Combustible: NAFTA | SKF I: BAF-0040 | SKF II: VKBC 3540 | Ubicación: TRASERO | ABS: C/ABS,BAF-0040 | VKBC 3540,,https://www.dayco.com/la-es/catalog/?search=KWD1009,Rueda,WHEEL BEARING KIT,,C513,,,TRASERO,C/ABS,BAF-0040 | VKBC 3540,Versión: 1.4 8V FIRE | Motor: C513 | Combustible: NAFTA | Ubicación: TRASERO | ABS: C/ABS
DAYCO,KWD1009,Rodamiento de rueda,RODAMIENTO,FIAT,PALIO,3-1999 -> 8-2001,Versión: 1.3 MPI | Motor: 178A2000 | Combustible: NAFTA | SKF I: BAF-0040 | SKF II: VKBC 3540 | Ubicación: TRASERO | ABS: C/ABS,BAF-0040 | VKBC 3540,,https://www.dayco.com/la-es/catalog/?search=KWD1009,Rueda,WHEEL BEARING KIT,,178A2000,,,TRASERO,C/ABS,BAF-0040 | VKBC 3540,Versión: 1.3 MPI | Motor: 178A2000 | Combustible: NAFTA | Ubicación: TRASERO | ABS: C/ABS
DAYCO,KWD1009,Rodamiento de rueda,RODAMIENTO,FIAT,PALIO,1-2006 -> 12-2007,Versión: 1.8 R | Motor: H3025 | Combustible: NAFTA | SKF I: BAF-0040 | SKF II: VKBC 3540 | Ubicación: TRASERO | ABS: C/ABS,BAF-0040 | VKBC 3540,,https://www.dayco.com/la-es/catalog/?search=KWD1009,Rueda,WHEEL BEARING KIT,,H3025,,,TRASERO,C/ABS,BAF-0040 | VKBC 3540,Versión: 1.8 R | Motor: H3025 | Combustible: NAFTA | Ubicación: TRASERO | ABS: C/ABS
DAYCO,KWD1009,Rodamiento de rueda,RODAMIENTO,FIAT,PALIO,5-2006 -> 8-2010,Versión: 1.8 8V | Motor: H3025 | Combustible: NAFTA | SKF I: BAF-0040 | SKF II: VKBC 3540 | Ubicación: TRASERO | ABS: C/ABS,BAF-0040 | VKBC 3540,,https://www.dayco.com/la-es/catalog/?search=KWD1009,Rueda,WHEEL BEARING KIT,,H3025,,,TRASERO,C/ABS,BAF-0040 | VKBC 3540,Versión: 1.8 8V | Motor: H3025 | Combustible: NAFTA | Ubicación: TRASERO | ABS: C/ABS
DAYCO,KWD1009,Rodamiento de rueda,RODAMIENTO,FIAT,PALIO,4-2007 -> 4-2012,Versión: 1.4 8V FIRE | Motor: 178F5038 | Combustible: NAFTA | SKF I: BAF-0040 | SKF II: VKBC 3540 | Ubicación: TRASERO | ABS: C/ABS,BAF-0040 | VKBC 3540,,https://www.dayco.com/la-es/catalog/?search=KWD1009,Rueda,WHEEL BEARING KIT,,178F5038,,,TRASERO,C/ABS,BAF-0040 | VKBC 3540,Versión: 1.4 8V FIRE | Motor: 178F5038 | Combustible: NAFTA | Ubicación: TRASERO | ABS: C/ABS
DAYCO,KWD1417,Rodamiento de rueda,RODAMIENTO,FIAT,PALIO,9-2009 -> 12-2023,Versión: 1.4 8V FIRE | Motor: 310A2011 | Combustible: NAFTA | SKF I: BAH-0031 | SKF II: BAH-0031 D/VK210 | Ubicación: DELANTERO | ABS: C/ABS,BAH-0031 | BAH-0031 D/VK210,,https://www.dayco.com/la-es/catalog/?search=KWD1417,Rueda,WHEEL BEARING KIT,,310A2011,,,DELANTERO,C/ABS,BAH-0031 | BAH-0031 D/VK210,Versión: 1.4 8V FIRE | Motor: 310A2011 | Combustible: NAFTA | Ubicación: DELANTERO | ABS: C/ABS
DAYCO,KWD1417,Rodamiento de rueda,RODAMIENTO,FIAT,PALIO,7-2001 -> 6-2005,Versión: 1.3 16V FIRE | Motor: 178D7055 | Combustible: NAFTA | SKF I: BAH-0031 | SKF II: BAH-0031 D/VK210 | Ubicación: DELANTERO | ABS: C/ABS,BAH-0031 | BAH-0031 D/VK210,,https://www.dayco.com/la-es/catalog/?search=KWD1417,Rueda,WHEEL BEARING KIT,,178D7055,,,DELANTERO,C/ABS,BAH-0031 | BAH-0031 D/VK210,Versión: 1.3 16V FIRE | Motor: 178D7055 | Combustible: NAFTA | Ubicación: DELANTERO | ABS: C/ABS
DAYCO,KWD1417,Rodamiento de rueda,RODAMIENTO,FIAT,PALIO,6-2001 -> 10-2004,Versión: 1.3 MPI | Motor: 178A2000 | Combustible: NAFTA | SKF I: BAH-0031 | SKF II: BAH-0031 D/VK210 | Ubicación: DELANTERO | ABS: C/ABS,BAH-0031 | BAH-0031 D/VK210,,https://www.dayco.com/la-es/catalog/?search=KWD1417,Rueda,WHEEL BEARING KIT,,178A2000,,,DELANTERO,C/ABS,BAH-0031 | BAH-0031 D/VK210,Versión: 1.3 MPI | Motor: 178A2000 | Combustible: NAFTA | Ubicación: DELANTERO | ABS: C/ABS
DAYCO,KWD1417,Rodamiento de rueda,RODAMIENTO,FIAT,PALIO,2-2001 -> 5-2005,Versión: 1.6 16V TORQUE | Motor: 178A8011 | Combustible: NAFTA | SKF I: BAH-0031 | SKF II: BAH-0031 D/VK210 | Ubicación: DELANTERO | ABS: C/ABS,BAH-0031 | BAH-0031 D/VK210,,https://www.dayco.com/la-es/catalog/?search=KWD1417,Rueda,WHEEL BEARING KIT,,178A8011,,,DELANTERO,C/ABS,BAH-0031 | BAH-0031 D/VK210,Versión: 1.6 16V TORQUE | Motor: 178A8011 | Combustible: NAFTA | Ubicación: DELANTERO | ABS: C/ABS
DAYCO,KWD1417,Rodamiento de rueda,RODAMIENTO,FIAT,PALIO,8-2001 -> 6-2005,Versión: 1.7 TD | Motor: 176A3000 | Combustible: DIESEL | SKF I: BAH-0031 | SKF II: BAH-0031 D/VK210 | Ubicación: DELANTERO | ABS: C/ABS,BAH-0031 | BAH-0031 D/VK210,,https://www.dayco.com/la-es/catalog/?search=KWD1417,Rueda,WHEEL BEARING KIT,,176A3000,,,DELANTERO,C/ABS,BAH-0031 | BAH-0031 D/VK210,Versión: 1.7 TD | Motor: 176A3000 | Combustible: DIESEL | Ubicación: DELANTERO | ABS: C/ABS
DAYCO,KWD1417,Rodamiento de rueda,RODAMIENTO,FIAT,PALIO,7-2005 -> 10-2007,Versión: 1.3 16V FIRE | Motor: 178D7055 | Combustible: NAFTA | SKF I: BAH-0031 | SKF II: BAH-0031 D/VK210 | Ubicación: DELANTERO | ABS: C/ABS,BAH-0031 | BAH-0031 D/VK210,,https://www.dayco.com/la-es/catalog/?search=KWD1417,Rueda,WHEEL BEARING KIT,,178D7055,,,DELANTERO,C/ABS,BAH-0031 | BAH-0031 D/VK210,Versión: 1.3 16V FIRE | Motor: 178D7055 | Combustible: NAFTA | Ubicación: DELANTERO | ABS: C/ABS
DAYCO,KWD1417,Rodamiento de rueda,RODAMIENTO,FIAT,PALIO,7-2006 -> 8-2010,Versión: 1.4 8V FIRE | Motor: C513 | Combustible: NAFTA | SKF I: BAH-0031 | SKF II: BAH-0031 D/VK210 | Ubicación: DELANTERO | ABS: C/ABS,BAH-0031 | BAH-0031 D/VK210,,https://www.dayco.com/la-es/catalog/?search=KWD1417,Rueda,WHEEL BEARING KIT,,C513,,,DELANTERO,C/ABS,BAH-0031 | BAH-0031 D/VK210,Versión: 1.4 8V FIRE | Motor: C513 | Combustible: NAFTA | Ubicación: DELANTERO | ABS: C/ABS
DAYCO,KWD1417,Rodamiento de rueda,RODAMIENTO,FIAT,PALIO,3-1999 -> 8-2001,Versión: 1.3 MPI | Motor: 178A2000 | Combustible: NAFTA | SKF I: BAH-0031 | SKF II: BAH-0031 D/VK210 | Ubicación: DELANTERO | ABS: C/ABS,BAH-0031 | BAH-0031 D/VK210,,https://www.dayco.com/la-es/catalog/?search=KWD1417,Rueda,WHEEL BEARING KIT,,178A2000,,,DELANTERO,C/ABS,BAH-0031 | BAH-0031 D/VK210,Versión: 1.3 MPI | Motor: 178A2000 | Combustible: NAFTA | Ubicación: DELANTERO | ABS: C/ABS
DAYCO,KWD1417,Rodamiento de rueda,RODAMIENTO,FIAT,PALIO,2-1997 -> 10-2001,Versión: 1.6 16V TORQUE | Motor: 178A8011 | Combustible: NAFTA | SKF I: BAH-0031 | SKF II: BAH-0031 D/VK210 | Ubicación: DELANTERO | ABS: C/ABS,BAH-0031 | BAH-0031 D/VK210,,https://www.dayco.com/la-es/catalog/?search=KWD1417,Rueda,WHEEL BEARING KIT,,178A8011,,,DELANTERO,C/ABS,BAH-0031 | BAH-0031 D/VK210,Versión: 1.6 16V TORQUE | Motor: 178A8011 | Combustible: NAFTA | Ubicación: DELANTERO | ABS: C/ABS
DAYCO,KWD1417,Rodamiento de rueda,RODAMIENTO,FIAT,PALIO,7-2004 -> 10-2008,Versión: 1.7 TD | Motor: 176A3000 | Combustible: DIESEL | SKF I: BAH-0031 | SKF II: BAH-0031 D/VK210 | Ubicación: DELANTERO | ABS: C/ABS,BAH-0031 | BAH-0031 D/VK210,,https://www.dayco.com/la-es/catalog/?search=KWD1417,Rueda,WHEEL BEARING KIT,,176A3000,,,DELANTERO,C/ABS,BAH-0031 | BAH-0031 D/VK210,Versión: 1.7 TD | Motor: 176A3000 | Combustible: DIESEL | Ubicación: DELANTERO | ABS: C/ABS
DAYCO,KWD1417,Rodamiento de rueda,RODAMIENTO,FIAT,PALIO,12-2008 -> 10-2009,Versión: 1.4 8V FIRE | Motor: 178F5038 | Combustible: NAFTA | SKF I: BAH-0031 | SKF II: BAH-0031 D/VK210 | Ubicación: DELANTERO | ABS: C/ABS,BAH-0031 | BAH-0031 D/VK210,,https://www.dayco.com/la-es/catalog/?search=KWD1417,Rueda,WHEEL BEARING KIT,,178F5038,,,DELANTERO,C/ABS,BAH-0031 | BAH-0031 D/VK210,Versión: 1.4 8V FIRE | Motor: 178F5038 | Combustible: NAFTA | Ubicación: DELANTERO | ABS: C/ABS
DAYCO,KWD1417,Rodamiento de rueda,RODAMIENTO,FIAT,PALIO,1-2005 -> 3-2010,Versión: 1.7 TD | Motor: 176A5000 | Combustible: DIESEL | SKF I: BAH-0031 | SKF II: BAH-0031 D/VK210 | Ubicación: DELANTERO | ABS: C/ABS,BAH-0031 | BAH-0031 D/VK210,,https://www.dayco.com/la-es/catalog/?search=KWD1417,Rueda,WHEEL BEARING KIT,,176A5000,,,DELANTERO,C/ABS,BAH-0031 | BAH-0031 D/VK210,Versión: 1.7 TD | Motor: 176A5000 | Combustible: DIESEL | Ubicación: DELANTERO | ABS: C/ABS
DAYCO,KWD1124,Rodamiento de rueda,RODAMIENTO,FIAT,PALIO,4-2012 -> 4-2015,Versión: 1.4 8V EVO | Motor: EVO | Combustible: NAFTA | SKF I: BAH-0015 | SKF II: BAH-0015 E/VK210 | Ubicación: DELANTERO | ABS: C/ABS,BAH-0015 | BAH-0015 E/VK210,,https://www.dayco.com/la-es/catalog/?search=KWD1124,Rueda,WHEEL BEARING KIT,,EVO,,,DELANTERO,C/ABS,BAH-0015 | BAH-0015 E/VK210,Versión: 1.4 8V EVO | Motor: EVO | Combustible: NAFTA | Ubicación: DELANTERO | ABS: C/ABS
DAYCO,KWD1011,Rodamiento de rueda,RODAMIENTO,FIAT,PUNTO,2007 -> 2011,Versión: 1.8 8V | Motor: X3 | Combustible: NAFTA | SKF I: VKBA 6540 | SKF II: VKBA 6540 | Ubicación: DELANTERO,VKBA 6540 | VKBA 6540,,https://www.dayco.com/la-es/catalog/?search=KWD1011,Rueda,WHEEL BEARING KIT,,X3,,,DELANTERO,,VKBA 6540 | VKBA 6540,Versión: 1.8 8V | Motor: X3 | Combustible: NAFTA | Ubicación: DELANTERO
DAYCO,KWD1011,Rodamiento de rueda,RODAMIENTO,FIAT,PUNTO,2008 -> 2011,Versión: 1.3 16V MULTIJET | Motor: 199A3000 | Combustible: DIESEL | SKF I: VKBA 6540 | SKF II: VKBA 6540 | Ubicación: DELANTERO,VKBA 6540 | VKBA 6540,,https://www.dayco.com/la-es/catalog/?search=KWD1011,Rueda,WHEEL BEARING KIT,,199A3000,,,DELANTERO,,VKBA 6540 | VKBA 6540,Versión: 1.3 16V MULTIJET | Motor: 199A3000 | Combustible: DIESEL | Ubicación: DELANTERO
DAYCO,KWD1011,Rodamiento de rueda,RODAMIENTO,FIAT,PUNTO,2011 -> 2022,Versión: 1.6 16V E-TORQ | Motor: E-TORQ | Combustible: NAFTA | SKF I: VKBA 6540 | SKF II: VKBA 6540 | Ubicación: DELANTERO,VKBA 6540 | VKBA 6540,,https://www.dayco.com/la-es/catalog/?search=KWD1011,Rueda,WHEEL BEARING KIT,,E-TORQ,,,DELANTERO,,VKBA 6540 | VKBA 6540,Versión: 1.6 16V E-TORQ | Motor: E-TORQ | Combustible: NAFTA | Ubicación: DELANTERO
DAYCO,KWD1112,Rodamiento de rueda,RODAMIENTO,FIAT,PUNTO,2007 -> 2020,Versión: 1.4 8V FIRE | Motor: 310A2011 | Combustible: NAFTA | SKF I: BAH-0013 D | SKF II: VKBA 3414 | Ubicación: DELANTERO,BAH-0013 D | VKBA 3414,,https://www.dayco.com/la-es/catalog/?search=KWD1112,Rueda,WHEEL BEARING KIT,,310A2011,,,DELANTERO,,BAH-0013 D | VKBA 3414,Versión: 1.4 8V FIRE | Motor: 310A2011 | Combustible: NAFTA | Ubicación: DELANTERO
DAYCO,KWD1112,Rodamiento de rueda,RODAMIENTO,FIAT,PUNTO,1994 -> 1999,Versión: 1.2 | Motor: 176A8000 | Combustible: NAFTA | SKF I: BAH-0013 D | SKF II: VKBA 3414 | Ubicación: DELANTERO,BAH-0013 D | VKBA 3414,,https://www.dayco.com/la-es/catalog/?search=KWD1112,Rueda,WHEEL BEARING KIT,,176A8000,,,DELANTERO,,BAH-0013 D | VKBA 3414,Versión: 1.2 | Motor: 176A8000 | Combustible: NAFTA | Ubicación: DELANTERO
DAYCO,KWD1018,Rodamiento de rueda,RODAMIENTO,FIAT,PUNTO,7-2008 -> 4-2011,Versión: 1.3 16V MULTIJET | Motor: 199A3000 | Combustible: DIESEL | SKF I: BAF-0013 | SKF II: BAF-0013 AD/VK210 | Ubicación: TRASERO | ABS: S/ABS,BAF-0013 | BAF-0013 AD/VK210,,https://www.dayco.com/la-es/catalog/?search=KWD1018,Rueda,WHEEL BEARING KIT,,199A3000,,,TRASERO,S/ABS,BAF-0013 | BAF-0013 AD/VK210,Versión: 1.3 16V MULTIJET | Motor: 199A3000 | Combustible: DIESEL | Ubicación: TRASERO | ABS: S/ABS
DAYCO,KWD1018,Rodamiento de rueda,RODAMIENTO,FIAT,PUNTO,7-2007 -> 4-2020,Versión: 1.4 8V FIRE | Motor: 310A2011 | Combustible: NAFTA | SKF I: BAF-0013 | SKF II: BAF-0013 AD/VK210 | Ubicación: TRASERO | ABS: S/ABS,BAF-0013 | BAF-0013 AD/VK210,,https://www.dayco.com/la-es/catalog/?search=KWD1018,Rueda,WHEEL BEARING KIT,,310A2011,,,TRASERO,S/ABS,BAF-0013 | BAF-0013 AD/VK210,Versión: 1.4 8V FIRE | Motor: 310A2011 | Combustible: NAFTA | Ubicación: TRASERO | ABS: S/ABS
DAYCO,KWD1018,Rodamiento de rueda,RODAMIENTO,FIAT,PUNTO,2-2011 -> 1-2022,Versión: 1.6 16V | Motor: ETORQUE | Combustible: NAFTA | SKF I: BAF-0013 | SKF II: BAF-0013 AD/VK210 | Ubicación: TRASERO | ABS: S/ABS,BAF-0013 | BAF-0013 AD/VK210,,https://www.dayco.com/la-es/catalog/?search=KWD1018,Rueda,WHEEL BEARING KIT,,ETORQUE,,,TRASERO,S/ABS,BAF-0013 | BAF-0013 AD/VK210,Versión: 1.6 16V | Motor: ETORQUE | Combustible: NAFTA | Ubicación: TRASERO | ABS: S/ABS
DAYCO,KWD1018,Rodamiento de rueda,RODAMIENTO,FIAT,PUNTO,11-2007 -> 9-2011,Versión: 1.8 8V | Motor: X3 | Combustible: NAFTA | SKF I: BAF-0013 | SKF II: BAF-0013 AD/VK210 | Ubicación: TRASERO | ABS: S/ABS,BAF-0013 | BAF-0013 AD/VK210,,https://www.dayco.com/la-es/catalog/?search=KWD1018,Rueda,WHEEL BEARING KIT,,X3,,,TRASERO,S/ABS,BAF-0013 | BAF-0013 AD/VK210,Versión: 1.8 8V | Motor: X3 | Combustible: NAFTA | Ubicación: TRASERO | ABS: S/ABS
DAYCO,KWD1009,Rodamiento de rueda,RODAMIENTO,FIAT,PUNTO,2-2011 -> 1-2022,Versión: 1.6 16V | Motor: ETORQUE | Combustible: NAFTA | SKF I: BAF-0040 | SKF II: VKBC 3540 | Ubicación: TRASERO | ABS: C/ABS,BAF-0040 | VKBC 3540,,https://www.dayco.com/la-es/catalog/?search=KWD1009,Rueda,WHEEL BEARING KIT,,ETORQUE,,,TRASERO,C/ABS,BAF-0040 | VKBC 3540,Versión: 1.6 16V | Motor: ETORQUE | Combustible: NAFTA | Ubicación: TRASERO | ABS: C/ABS
DAYCO,KWD1009,Rodamiento de rueda,RODAMIENTO,FIAT,PUNTO,11-2007 -> 9-2011,Versión: 1.8 8V | Motor: X3 | Combustible: NAFTA | SKF I: BAF-0040 | SKF II: VKBC 3540 | Ubicación: TRASERO | ABS: C/ABS,BAF-0040 | VKBC 3540,,https://www.dayco.com/la-es/catalog/?search=KWD1009,Rueda,WHEEL BEARING KIT,,X3,,,TRASERO,C/ABS,BAF-0040 | VKBC 3540,Versión: 1.8 8V | Motor: X3 | Combustible: NAFTA | Ubicación: TRASERO | ABS: C/ABS
DAYCO,KWD1009,Rodamiento de rueda,RODAMIENTO,FIAT,PUNTO,7-2007 -> 4-2020,Versión: 1.4 8V FIRE | Motor: 310A2011 | Combustible: NAFTA | SKF I: BAF-0040 | SKF II: VKBC 3540 | Ubicación: TRASERO | ABS: C/ABS,BAF-0040 | VKBC 3540,,https://www.dayco.com/la-es/catalog/?search=KWD1009,Rueda,WHEEL BEARING KIT,,310A2011,,,TRASERO,C/ABS,BAF-0040 | VKBC 3540,Versión: 1.4 8V FIRE | Motor: 310A2011 | Combustible: NAFTA | Ubicación: TRASERO | ABS: C/ABS
DAYCO,KWD1009,Rodamiento de rueda,RODAMIENTO,FIAT,PUNTO,7-2008 -> 4-2011,Versión: 1.3 16V MULTIJET | Motor: 199A3000 | Combustible: DIESEL | SKF I: BAF-0040 | SKF II: VKBC 3540 | Ubicación: TRASERO | ABS: C/ABS,BAF-0040 | VKBC 3540,,https://www.dayco.com/la-es/catalog/?search=KWD1009,Rueda,WHEEL BEARING KIT,,199A3000,,,TRASERO,C/ABS,BAF-0040 | VKBC 3540,Versión: 1.3 16V MULTIJET | Motor: 199A3000 | Combustible: DIESEL | Ubicación: TRASERO | ABS: C/ABS
DAYCO,KWD1029,Rodamiento de rueda,RODAMIENTO,FIAT,PUNTO,7-2007 -> 4-2020,Versión: 1.4 8V FIRE | Motor: 310A2011 | Combustible: NAFTA | SKF I: BAH-0053 | SKF II: VKBC 20130 | Ubicación: DELANTERO | ABS: C/ABS,BAH-0053 | VKBC 20130,,https://www.dayco.com/la-es/catalog/?search=KWD1029,Rueda,WHEEL BEARING KIT,,310A2011,,,DELANTERO,C/ABS,BAH-0053 | VKBC 20130,Versión: 1.4 8V FIRE | Motor: 310A2011 | Combustible: NAFTA | Ubicación: DELANTERO | ABS: C/ABS
DAYCO,KWD1029,Rodamiento de rueda,RODAMIENTO,FIAT,QUBO,-,Versión: 1.4 8V FIRE | Motor: 310A2012 | Combustible: NAFTA | SKF I: BAH-0053 | SKF II: VKBC 20130 | Ubicación: DELANTERO | ABS: C/ABS,BAH-0053 | VKBC 20130,,https://www.dayco.com/la-es/catalog/?search=KWD1029,Rueda,WHEEL BEARING KIT,,310A2012,,,DELANTERO,C/ABS,BAH-0053 | VKBC 20130,Versión: 1.4 8V FIRE | Motor: 310A2012 | Combustible: NAFTA | Ubicación: DELANTERO | ABS: C/ABS
DAYCO,KWD1190,Rodamiento de rueda,RODAMIENTO,FIAT,REGATTA,1985 -> 1992,Versión: 1.5 85 | Motor: 138B3000 | Combustible: NAFTA | SKF I: VKBA 4625A | SKF II: BAHB 633313 EA | Ubicación: TRASERO,VKBA 4625A | BAHB 633313 EA,,https://www.dayco.com/la-es/catalog/?search=KWD1190,Rueda,WHEEL BEARING KIT,,138B3000,,,TRASERO,,VKBA 4625A | BAHB 633313 EA,Versión: 1.5 85 | Motor: 138B3000 | Combustible: NAFTA | Ubicación: TRASERO
DAYCO,KWD1190,Rodamiento de rueda,RODAMIENTO,FIAT,REGATTA,1985 -> 1988,Versión: 1.6 100 S | Motor: 149A2038 | Combustible: NAFTA | SKF I: VKBA 4625A | SKF II: BAHB 633313 EA | Ubicación: TRASERO,VKBA 4625A | BAHB 633313 EA,,https://www.dayco.com/la-es/catalog/?search=KWD1190,Rueda,WHEEL BEARING KIT,,149A2038,,,TRASERO,,VKBA 4625A | BAHB 633313 EA,Versión: 1.6 100 S | Motor: 149A2038 | Combustible: NAFTA | Ubicación: TRASERO
DAYCO,KWD1190,Rodamiento de rueda,RODAMIENTO,FIAT,REGATTA,1987 -> 1995,Versión: 1.6 | Motor: 138B3038 | Combustible: NAFTA | SKF I: VKBA 4625A | SKF II: BAHB 633313 EA | Ubicación: TRASERO,VKBA 4625A | BAHB 633313 EA,,https://www.dayco.com/la-es/catalog/?search=KWD1190,Rueda,WHEEL BEARING KIT,,138B3038,,,TRASERO,,VKBA 4625A | BAHB 633313 EA,Versión: 1.6 | Motor: 138B3038 | Combustible: NAFTA | Ubicación: TRASERO
DAYCO,KWD1190,Rodamiento de rueda,RODAMIENTO,FIAT,REGATTA,VKBA 4625A,Versión: 2.0 2000 8V DOHC | Motor: NAFTA | Combustible: 1987 -> 1994 | SKF I: BAHB 633313 EA | Ubicación: TRASERO,BAHB 633313 EA,,https://www.dayco.com/la-es/catalog/?search=KWD1190,Rueda,WHEEL BEARING KIT,,NAFTA,,,TRASERO,,BAHB 633313 EA,Versión: 2.0 2000 8V DOHC | Motor: NAFTA | Combustible: 1987 -> 1994 | Ubicación: TRASERO
DAYCO,KWD1011,Rodamiento de rueda,RODAMIENTO,FIAT,SIENA,2008 -> 2011,Versión: 1.8 8V | Motor: 1V0 | Combustible: NAFTA | SKF I: VKBA 6540 | SKF II: VKBA 6540 | Ubicación: DELANTERO,VKBA 6540 | VKBA 6540,,https://www.dayco.com/la-es/catalog/?search=KWD1011,Rueda,WHEEL BEARING KIT,,1V0,,,DELANTERO,,VKBA 6540 | VKBA 6540,Versión: 1.8 8V | Motor: 1V0 | Combustible: NAFTA | Ubicación: DELANTERO
DAYCO,KWD1011,Rodamiento de rueda,RODAMIENTO,FIAT,SIENA,2004 -> 2010,Versión: 1.8 8V | Motor: 1V0 | Combustible: NAFTA | SKF I: VKBA 6540 | SKF II: VKBA 6540 | Ubicación: DELANTERO,VKBA 6540 | VKBA 6540,,https://www.dayco.com/la-es/catalog/?search=KWD1011,Rueda,WHEEL BEARING KIT,,1V0,,,DELANTERO,,VKBA 6540 | VKBA 6540,Versión: 1.8 8V | Motor: 1V0 | Combustible: NAFTA | Ubicación: DELANTERO
DAYCO,KWD1011,Rodamiento de rueda,RODAMIENTO,FIAT,SIENA,2006 -> 2007,Versión: 1.8 8V | Motor: 1V0 | Combustible: NAFTA | SKF I: VKBA 6540 | SKF II: VKBA 6540 | Ubicación: DELANTERO,VKBA 6540 | VKBA 6540,,https://www.dayco.com/la-es/catalog/?search=KWD1011,Rueda,WHEEL BEARING KIT,,1V0,,,DELANTERO,,VKBA 6540 | VKBA 6540,Versión: 1.8 8V | Motor: 1V0 | Combustible: NAFTA | Ubicación: DELANTERO
DAYCO,KWD1011,Rodamiento de rueda,RODAMIENTO,FIAT,SIENA,2012 ->,Versión: 1.4 8V FIRE | Motor: FIRE 1.4 8V | Combustible: NAFTA | SKF I: VKBA 6540 | SKF II: VKBA 6540 | Ubicación: DELANTERO,VKBA 6540 | VKBA 6540,,https://www.dayco.com/la-es/catalog/?search=KWD1011,Rueda,WHEEL BEARING KIT,,FIRE 1.4 8V,,,DELANTERO,,VKBA 6540 | VKBA 6540,Versión: 1.4 8V FIRE | Motor: FIRE 1.4 8V | Combustible: NAFTA | Ubicación: DELANTERO
DAYCO,KWD1011,Rodamiento de rueda,RODAMIENTO,FIAT,SIENA,2010 -> 2020,Versión: 1.6 16V E-TORQ | Motor: E-TORQ | Combustible: NAFTA | SKF I: VKBA 6540 | SKF II: VKBA 6540 | Ubicación: DELANTERO,VKBA 6540 | VKBA 6540,,https://www.dayco.com/la-es/catalog/?search=KWD1011,Rueda,WHEEL BEARING KIT,,E-TORQ,,,DELANTERO,,VKBA 6540 | VKBA 6540,Versión: 1.6 16V E-TORQ | Motor: E-TORQ | Combustible: NAFTA | Ubicación: DELANTERO
DAYCO,KWD1011,Rodamiento de rueda,RODAMIENTO,FIAT,SIENA,2014 -> 2021,Versión: 1.6 16V E-TORQ | Motor: E-TORQ | Combustible: NAFTA | SKF I: VKBA 6540 | SKF II: VKBA 6540 | Ubicación: DELANTERO,VKBA 6540 | VKBA 6540,,https://www.dayco.com/la-es/catalog/?search=KWD1011,Rueda,WHEEL BEARING KIT,,E-TORQ,,,DELANTERO,,VKBA 6540 | VKBA 6540,Versión: 1.6 16V E-TORQ | Motor: E-TORQ | Combustible: NAFTA | Ubicación: DELANTERO
DAYCO,KWD1190,Rodamiento de rueda,RODAMIENTO,FIAT,SIENA,2002 -> 2003,Versión: 1.6 16V TORQUE | Motor: 178B3000 | Combustible: NAFTA | SKF I: VKBA 4625A | SKF II: BAHB 633313 EA | Ubicación: TRASERO,VKBA 4625A | BAHB 633313 EA,,https://www.dayco.com/la-es/catalog/?search=KWD1190,Rueda,WHEEL BEARING KIT,,178B3000,,,TRASERO,,VKBA 4625A | BAHB 633313 EA,Versión: 1.6 16V TORQUE | Motor: 178B3000 | Combustible: NAFTA | Ubicación: TRASERO
DAYCO,KWD1190,Rodamiento de rueda,RODAMIENTO,FIAT,SIENA,2004 -> 2010,Versión: 1.8 8V | Motor: 1V0 | Combustible: NAFTA | SKF I: VKBA 4625A | SKF II: BAHB 633313 EA | Ubicación: TRASERO,VKBA 4625A | BAHB 633313 EA,,https://www.dayco.com/la-es/catalog/?search=KWD1190,Rueda,WHEEL BEARING KIT,,1V0,,,TRASERO,,VKBA 4625A | BAHB 633313 EA,Versión: 1.8 8V | Motor: 1V0 | Combustible: NAFTA | Ubicación: TRASERO
DAYCO,KWD1190,Rodamiento de rueda,RODAMIENTO,FIAT,SIENA,2006 -> 2007,Versión: 1.8 8V | Motor: 1V0 | Combustible: NAFTA | SKF I: VKBA 4625A | SKF II: BAHB 633313 EA | Ubicación: TRASERO,VKBA 4625A | BAHB 633313 EA,,https://www.dayco.com/la-es/catalog/?search=KWD1190,Rueda,WHEEL BEARING KIT,,1V0,,,TRASERO,,VKBA 4625A | BAHB 633313 EA,Versión: 1.8 8V | Motor: 1V0 | Combustible: NAFTA | Ubicación: TRASERO
DAYCO,KWD1190,Rodamiento de rueda,RODAMIENTO,FIAT,SIENA,2008 -> 2011,Versión: 1.8 8V | Motor: 1V0 | Combustible: NAFTA | SKF I: VKBA 4625A | SKF II: BAHB 633313 EA | Ubicación: TRASERO,VKBA 4625A | BAHB 633313 EA,,https://www.dayco.com/la-es/catalog/?search=KWD1190,Rueda,WHEEL BEARING KIT,,1V0,,,TRASERO,,VKBA 4625A | BAHB 633313 EA,Versión: 1.8 8V | Motor: 1V0 | Combustible: NAFTA | Ubicación: TRASERO
DAYCO,KWD1190,Rodamiento de rueda,RODAMIENTO,FIAT,SIENA,2010 -> 2020,Versión: 1.6 16V E-TORQ | Motor: E-TORQ | Combustible: NAFTA | SKF I: VKBA 4625A | SKF II: BAHB 633313 EA | Ubicación: TRASERO,VKBA 4625A | BAHB 633313 EA,,https://www.dayco.com/la-es/catalog/?search=KWD1190,Rueda,WHEEL BEARING KIT,,E-TORQ,,,TRASERO,,VKBA 4625A | BAHB 633313 EA,Versión: 1.6 16V E-TORQ | Motor: E-TORQ | Combustible: NAFTA | Ubicación: TRASERO
DAYCO,KWD1190,Rodamiento de rueda,RODAMIENTO,FIAT,SIENA,2014 -> 2021,Versión: 1.6 16V E-TORQ | Motor: E-TORQ | Combustible: NAFTA | SKF I: VKBA 4625A | SKF II: BAHB 633313 EA | Ubicación: TRASERO,VKBA 4625A | BAHB 633313 EA,,https://www.dayco.com/la-es/catalog/?search=KWD1190,Rueda,WHEEL BEARING KIT,,E-TORQ,,,TRASERO,,VKBA 4625A | BAHB 633313 EA,Versión: 1.6 16V E-TORQ | Motor: E-TORQ | Combustible: NAFTA | Ubicación: TRASERO
DAYCO,KWD1018,Rodamiento de rueda,RODAMIENTO,FIAT,SIENA,6-2002 -> 12-2005,Versión: 1.3 16V FIRE | Motor: 178D6011 | Combustible: NAFTA | SKF I: BAF-0013 | SKF II: BAF-0013 AD/VK210 | Ubicación: TRASERO | ABS: S/ABS,BAF-0013 | BAF-0013 AD/VK210,,https://www.dayco.com/la-es/catalog/?search=KWD1018,Rueda,WHEEL BEARING KIT,,178D6011,,,TRASERO,S/ABS,BAF-0013 | BAF-0013 AD/VK210,Versión: 1.3 16V FIRE | Motor: 178D6011 | Combustible: NAFTA | Ubicación: TRASERO | ABS: S/ABS
DAYCO,KWD1018,Rodamiento de rueda,RODAMIENTO,FIAT,SIENA,8-2005 -> 10-2007,Versión: 1.3 16V FIRE | Motor: 178D7055 | Combustible: NAFTA | SKF I: BAF-0013 | SKF II: BAF-0013 AD/VK210 | Ubicación: TRASERO | ABS: S/ABS,BAF-0013 | BAF-0013 AD/VK210,,https://www.dayco.com/la-es/catalog/?search=KWD1018,Rueda,WHEEL BEARING KIT,,178D7055,,,TRASERO,S/ABS,BAF-0013 | BAF-0013 AD/VK210,Versión: 1.3 16V FIRE | Motor: 178D7055 | Combustible: NAFTA | Ubicación: TRASERO | ABS: S/ABS
DAYCO,KWD1018,Rodamiento de rueda,RODAMIENTO,FIAT,SIENA,2-2009 -> 7-2017,Versión: 1.4 8V FIRE | Motor: 178F3011 | Combustible: NAFTA | SKF I: BAF-0013 | SKF II: BAF-0013 AD/VK210 | Ubicación: TRASERO | ABS: S/ABS,BAF-0013 | BAF-0013 AD/VK210,,https://www.dayco.com/la-es/catalog/?search=KWD1018,Rueda,WHEEL BEARING KIT,,178F3011,,,TRASERO,S/ABS,BAF-0013 | BAF-0013 AD/VK210,Versión: 1.4 8V FIRE | Motor: 178F3011 | Combustible: NAFTA | Ubicación: TRASERO | ABS: S/ABS
DAYCO,KWD1018,Rodamiento de rueda,RODAMIENTO,FIAT,SIENA,4-2006 -> 4-2010,Versión: 1.4 8V FIRE | Motor: 178F5038 | Combustible: NAFTA | SKF I: BAF-0013 | SKF II: BAF-0013 AD/VK210 | Ubicación: TRASERO | ABS: S/ABS,BAF-0013 | BAF-0013 AD/VK210,,https://www.dayco.com/la-es/catalog/?search=KWD1018,Rueda,WHEEL BEARING KIT,,178F5038,,,TRASERO,S/ABS,BAF-0013 | BAF-0013 AD/VK210,Versión: 1.4 8V FIRE | Motor: 178F5038 | Combustible: NAFTA | Ubicación: TRASERO | ABS: S/ABS
DAYCO,KWD1018,Rodamiento de rueda,RODAMIENTO,FIAT,SIENA,8-2008 -> 7-2011,Versión: 1.4 8V FIRE | Motor: 178F3011 | Combustible: NAFTA | SKF I: BAF-0013 | SKF II: BAF-0013 AD/VK210 | Ubicación: TRASERO | ABS: S/ABS,BAF-0013 | BAF-0013 AD/VK210,,https://www.dayco.com/la-es/catalog/?search=KWD1018,Rueda,WHEEL BEARING KIT,,178F3011,,,TRASERO,S/ABS,BAF-0013 | BAF-0013 AD/VK210,Versión: 1.4 8V FIRE | Motor: 178F3011 | Combustible: NAFTA | Ubicación: TRASERO | ABS: S/ABS
DAYCO,KWD1018,Rodamiento de rueda,RODAMIENTO,FIAT,SIENA,8-2012 -> 12-2023,Versión: 1.4 8V FIRE | Motor: FIRE 1.4 8V | Combustible: NAFTA | SKF I: BAF-0013 | SKF II: BAF-0013 AD/VK210 | Ubicación: TRASERO | ABS: S/ABS,BAF-0013 | BAF-0013 AD/VK210,,https://www.dayco.com/la-es/catalog/?search=KWD1018,Rueda,WHEEL BEARING KIT,,FIRE 1.4 8V,,,TRASERO,S/ABS,BAF-0013 | BAF-0013 AD/VK210,Versión: 1.4 8V FIRE | Motor: FIRE 1.4 8V | Combustible: NAFTA | Ubicación: TRASERO | ABS: S/ABS
DAYCO,KWD1018,Rodamiento de rueda,RODAMIENTO,FIAT,SIENA,2-2001 -> 7-2002,Versión: 1.6 16V TORQUE | Motor: 178B3000 | Combustible: NAFTA | SKF I: BAF-0013 | SKF II: BAF-0013 AD/VK210 | Ubicación: TRASERO | ABS: S/ABS,BAF-0013 | BAF-0013 AD/VK210,,https://www.dayco.com/la-es/catalog/?search=KWD1018,Rueda,WHEEL BEARING KIT,,178B3000,,,TRASERO,S/ABS,BAF-0013 | BAF-0013 AD/VK210,Versión: 1.6 16V TORQUE | Motor: 178B3000 | Combustible: NAFTA | Ubicación: TRASERO | ABS: S/ABS
DAYCO,KWD1018,Rodamiento de rueda,RODAMIENTO,FIAT,SIENA,9-2010 -> 4-2020,Versión: 1.6 16V ETORQUE | Motor: ETORQUE | Combustible: NAFTA | SKF I: BAF-0013 | SKF II: BAF-0013 AD/VK210 | Ubicación: TRASERO | ABS: S/ABS,BAF-0013 | BAF-0013 AD/VK210,,https://www.dayco.com/la-es/catalog/?search=KWD1018,Rueda,WHEEL BEARING KIT,,ETORQUE,,,TRASERO,S/ABS,BAF-0013 | BAF-0013 AD/VK210,Versión: 1.6 16V ETORQUE | Motor: ETORQUE | Combustible: NAFTA | Ubicación: TRASERO | ABS: S/ABS
DAYCO,KWD1018,Rodamiento de rueda,RODAMIENTO,FIAT,SIENA,3-2002 -> 1-2010,Versión: 1.7 TD | Motor: 176A3000 | Combustible: DIESEL | SKF I: BAF-0013 | SKF II: BAF-0013 AD/VK210 | Ubicación: TRASERO | ABS: S/ABS,BAF-0013 | BAF-0013 AD/VK210,,https://www.dayco.com/la-es/catalog/?search=KWD1018,Rueda,WHEEL BEARING KIT,,176A3000,,,TRASERO,S/ABS,BAF-0013 | BAF-0013 AD/VK210,Versión: 1.7 TD | Motor: 176A3000 | Combustible: DIESEL | Ubicación: TRASERO | ABS: S/ABS
DAYCO,KWD1018,Rodamiento de rueda,RODAMIENTO,FIAT,SIENA,8-2004 -> 1-2010,Versión: 1.8 8V | Motor: 1V0 | Combustible: NAFTA | SKF I: BAF-0013 | SKF II: BAF-0013 AD/VK210 | Ubicación: TRASERO | ABS: S/ABS,BAF-0013 | BAF-0013 AD/VK210,,https://www.dayco.com/la-es/catalog/?search=KWD1018,Rueda,WHEEL BEARING KIT,,1V0,,,TRASERO,S/ABS,BAF-0013 | BAF-0013 AD/VK210,Versión: 1.8 8V | Motor: 1V0 | Combustible: NAFTA | Ubicación: TRASERO | ABS: S/ABS
DAYCO,KWD1009,Rodamiento de rueda,RODAMIENTO,FIAT,SIENA,2-2009 -> 7-2017,Versión: 1.4 8V FIRE | Motor: 178F3011 | Combustible: NAFTA | SKF I: BAF-0040 | SKF II: VKBC 3540 | Ubicación: TRASERO | ABS: C/ABS,BAF-0040 | VKBC 3540,,https://www.dayco.com/la-es/catalog/?search=KWD1009,Rueda,WHEEL BEARING KIT,,178F3011,,,TRASERO,C/ABS,BAF-0040 | VKBC 3540,Versión: 1.4 8V FIRE | Motor: 178F3011 | Combustible: NAFTA | Ubicación: TRASERO | ABS: C/ABS
DAYCO,KWD1009,Rodamiento de rueda,RODAMIENTO,FIAT,SIENA,9-2010 -> 4-2020,Versión: 1.6 16V ETORQUE | Motor: ETORQUE | Combustible: NAFTA | SKF I: BAF-0040 | SKF II: VKBC 3540 | Ubicación: TRASERO | ABS: C/ABS,BAF-0040 | VKBC 3540,,https://www.dayco.com/la-es/catalog/?search=KWD1009,Rueda,WHEEL BEARING KIT,,ETORQUE,,,TRASERO,C/ABS,BAF-0040 | VKBC 3540,Versión: 1.6 16V ETORQUE | Motor: ETORQUE | Combustible: NAFTA | Ubicación: TRASERO | ABS: C/ABS
DAYCO,KWD1009,Rodamiento de rueda,RODAMIENTO,FIAT,SIENA,8-2012 -> 12-2023,Versión: 1.4 8V FIRE | Motor: FIRE 1.4 8V | Combustible: NAFTA | SKF I: BAF-0040 | SKF II: VKBC 3540 | Ubicación: TRASERO | ABS: C/ABS,BAF-0040 | VKBC 3540,,https://www.dayco.com/la-es/catalog/?search=KWD1009,Rueda,WHEEL BEARING KIT,,FIRE 1.4 8V,,,TRASERO,C/ABS,BAF-0040 | VKBC 3540,Versión: 1.4 8V FIRE | Motor: FIRE 1.4 8V | Combustible: NAFTA | Ubicación: TRASERO | ABS: C/ABS
DAYCO,KWD1009,Rodamiento de rueda,RODAMIENTO,FIAT,SIENA,6-1997 -> 12-2003,Versión: 1.7 TD | Motor: 176A3000 | Combustible: DIESEL | SKF I: BAF-0040 | SKF II: VKBC 3540 | Ubicación: TRASERO | ABS: C/ABS,BAF-0040 | VKBC 3540,,https://www.dayco.com/la-es/catalog/?search=KWD1009,Rueda,WHEEL BEARING KIT,,176A3000,,,TRASERO,C/ABS,BAF-0040 | VKBC 3540,Versión: 1.7 TD | Motor: 176A3000 | Combustible: DIESEL | Ubicación: TRASERO | ABS: C/ABS
DAYCO,KWD1009,Rodamiento de rueda,RODAMIENTO,FIAT,SIENA,6-2001 -> 12-2005,Versión: 1.3 16V FIRE | Motor: 178D7055 | Combustible: NAFTA | SKF I: BAF-0040 | SKF II: VKBC 3540 | Ubicación: TRASERO | ABS: C/ABS,BAF-0040 | VKBC 3540,,https://www.dayco.com/la-es/catalog/?search=KWD1009,Rueda,WHEEL BEARING KIT,,178D7055,,,TRASERO,C/ABS,BAF-0040 | VKBC 3540,Versión: 1.3 16V FIRE | Motor: 178D7055 | Combustible: NAFTA | Ubicación: TRASERO | ABS: C/ABS
DAYCO,KWD1009,Rodamiento de rueda,RODAMIENTO,FIAT,SIENA,12-2002 -> 6-2003,Versión: 1.6 16V TORQUE | Motor: 178B3000 | Combustible: NAFTA | SKF I: BAF-0040 | SKF II: VKBC 3540 | Ubicación: TRASERO | ABS: C/ABS,BAF-0040 | VKBC 3540,,https://www.dayco.com/la-es/catalog/?search=KWD1009,Rueda,WHEEL BEARING KIT,,178B3000,,,TRASERO,C/ABS,BAF-0040 | VKBC 3540,Versión: 1.6 16V TORQUE | Motor: 178B3000 | Combustible: NAFTA | Ubicación: TRASERO | ABS: C/ABS
DAYCO,KWD1009,Rodamiento de rueda,RODAMIENTO,FIAT,SIENA,8-2004 -> 1-2010,Versión: 1.8 8V | Motor: 1V0 | Combustible: NAFTA | SKF I: BAF-0040 | SKF II: VKBC 3540 | Ubicación: TRASERO | ABS: C/ABS,BAF-0040 | VKBC 3540,,https://www.dayco.com/la-es/catalog/?search=KWD1009,Rueda,WHEEL BEARING KIT,,1V0,,,TRASERO,C/ABS,BAF-0040 | VKBC 3540,Versión: 1.8 8V | Motor: 1V0 | Combustible: NAFTA | Ubicación: TRASERO | ABS: C/ABS
DAYCO,KWD1009,Rodamiento de rueda,RODAMIENTO,FIAT,SIENA,4-2006 -> 4-2010,Versión: 1.4 8V FIRE | Motor: 178F5038 | Combustible: NAFTA | SKF I: BAF-0040 | SKF II: VKBC 3540 | Ubicación: TRASERO | ABS: C/ABS,BAF-0040 | VKBC 3540,,https://www.dayco.com/la-es/catalog/?search=KWD1009,Rueda,WHEEL BEARING KIT,,178F5038,,,TRASERO,C/ABS,BAF-0040 | VKBC 3540,Versión: 1.4 8V FIRE | Motor: 178F5038 | Combustible: NAFTA | Ubicación: TRASERO | ABS: C/ABS
DAYCO,KWD1009,Rodamiento de rueda,RODAMIENTO,FIAT,SIENA,8-2008 -> 7-2011,Versión: 1.8 8V | Motor: 1V0 | Combustible: NAFTA | SKF I: BAF-0040 | SKF II: VKBC 3540 | Ubicación: TRASERO | ABS: C/ABS,BAF-0040 | VKBC 3540,,https://www.dayco.com/la-es/catalog/?search=KWD1009,Rueda,WHEEL BEARING KIT,,1V0,,,TRASERO,C/ABS,BAF-0040 | VKBC 3540,Versión: 1.8 8V | Motor: 1V0 | Combustible: NAFTA | Ubicación: TRASERO | ABS: C/ABS
DAYCO,KWD1417,Rodamiento de rueda,RODAMIENTO,FIAT,SIENA,2-2009 -> 7-2017,Versión: 1.4 8V FIRE | Motor: 178F3011 | Combustible: NAFTA | SKF I: BAH-0031 | SKF II: BAH-0031 D/VK210 | Ubicación: DELANTERO | ABS: C/ABS,BAH-0031 | BAH-0031 D/VK210,,https://www.dayco.com/la-es/catalog/?search=KWD1417,Rueda,WHEEL BEARING KIT,,178F3011,,,DELANTERO,C/ABS,BAH-0031 | BAH-0031 D/VK210,Versión: 1.4 8V FIRE | Motor: 178F3011 | Combustible: NAFTA | Ubicación: DELANTERO | ABS: C/ABS
DAYCO,KWD1417,Rodamiento de rueda,RODAMIENTO,FIAT,SIENA,2-2001 -> 7-2002,Versión: 1.6 16V TORQUE | Motor: 178B3000 | Combustible: NAFTA | SKF I: BAH-0031 | SKF II: BAH-0031 D/VK210 | Ubicación: DELANTERO | ABS: C/ABS,BAH-0031 | BAH-0031 D/VK210,,https://www.dayco.com/la-es/catalog/?search=KWD1417,Rueda,WHEEL BEARING KIT,,178B3000,,,DELANTERO,C/ABS,BAH-0031 | BAH-0031 D/VK210,Versión: 1.6 16V TORQUE | Motor: 178B3000 | Combustible: NAFTA | Ubicación: DELANTERO | ABS: C/ABS
DAYCO,KWD1417,Rodamiento de rueda,RODAMIENTO,FIAT,SIENA,12-2002 -> 6-2003,Versión: 1.6 16V TORQUE | Motor: 178B3000 | Combustible: NAFTA | SKF I: BAH-0031 | SKF II: BAH-0031 D/VK210 | Ubicación: DELANTERO | ABS: C/ABS,BAH-0031 | BAH-0031 D/VK210,,https://www.dayco.com/la-es/catalog/?search=KWD1417,Rueda,WHEEL BEARING KIT,,178B3000,,,DELANTERO,C/ABS,BAH-0031 | BAH-0031 D/VK210,Versión: 1.6 16V TORQUE | Motor: 178B3000 | Combustible: NAFTA | Ubicación: DELANTERO | ABS: C/ABS
DAYCO,KWD1417,Rodamiento de rueda,RODAMIENTO,FIAT,SIENA,4-2006 -> 4-2010,Versión: 1.4 8V FIRE | Motor: 178F5038 | Combustible: NAFTA | SKF I: BAH-0031 | SKF II: BAH-0031 D/VK210 | Ubicación: DELANTERO | ABS: C/ABS,BAH-0031 | BAH-0031 D/VK210,,https://www.dayco.com/la-es/catalog/?search=KWD1417,Rueda,WHEEL BEARING KIT,,178F5038,,,DELANTERO,C/ABS,BAH-0031 | BAH-0031 D/VK210,Versión: 1.4 8V FIRE | Motor: 178F5038 | Combustible: NAFTA | Ubicación: DELANTERO | ABS: C/ABS
DAYCO,KWD1417,Rodamiento de rueda,RODAMIENTO,FIAT,SIENA,8-2005 -> 10-2007,Versión: 1.3 16V FIRE | Motor: 178D7055 | Combustible: NAFTA | SKF I: BAH-0031 | SKF II: BAH-0031 D/VK210 | Ubicación: DELANTERO | ABS: C/ABS,BAH-0031 | BAH-0031 D/VK210,,https://www.dayco.com/la-es/catalog/?search=KWD1417,Rueda,WHEEL BEARING KIT,,178D7055,,,DELANTERO,C/ABS,BAH-0031 | BAH-0031 D/VK210,Versión: 1.3 16V FIRE | Motor: 178D7055 | Combustible: NAFTA | Ubicación: DELANTERO | ABS: C/ABS
DAYCO,KWD1417,Rodamiento de rueda,RODAMIENTO,FIAT,SIENA,8-2008 -> 7-2011,Versión: 1.4 8V FIRE | Motor: 178F3011 | Combustible: NAFTA | SKF I: BAH-0031 | SKF II: BAH-0031 D/VK210 | Ubicación: DELANTERO | ABS: C/ABS,BAH-0031 | BAH-0031 D/VK210,,https://www.dayco.com/la-es/catalog/?search=KWD1417,Rueda,WHEEL BEARING KIT,,178F3011,,,DELANTERO,C/ABS,BAH-0031 | BAH-0031 D/VK210,Versión: 1.4 8V FIRE | Motor: 178F3011 | Combustible: NAFTA | Ubicación: DELANTERO | ABS: C/ABS
DAYCO,KWD1190,Rodamiento de rueda,RODAMIENTO,FIAT,SPAZIO,1991 -> 1992,Versión: 1.1 | Motor: 128A011 | Combustible: NAFTA | SKF I: VKBA 4625A | SKF II: BAHB 633313 EA | Ubicación: TRASERO,VKBA 4625A | BAHB 633313 EA,,https://www.dayco.com/la-es/catalog/?search=KWD1190,Rueda,WHEEL BEARING KIT,,128A011,,,TRASERO,,VKBA 4625A | BAHB 633313 EA,Versión: 1.1 | Motor: 128A011 | Combustible: NAFTA | Ubicación: TRASERO
DAYCO,KWD1190,Rodamiento de rueda,RODAMIENTO,FIAT,SPAZIO,1991 -> 1997,Versión: 1.3 D | Motor: 146B000 | Combustible: DIESEL | SKF I: VKBA 4625A | SKF II: BAHB 633313 EA | Ubicación: TRASERO,VKBA 4625A | BAHB 633313 EA,,https://www.dayco.com/la-es/catalog/?search=KWD1190,Rueda,WHEEL BEARING KIT,,146B000,,,TRASERO,,VKBA 4625A | BAHB 633313 EA,Versión: 1.3 D | Motor: 146B000 | Combustible: DIESEL | Ubicación: TRASERO
DAYCO,KWD1190,Rodamiento de rueda,RODAMIENTO,FIAT,SPAZIO,1991 -> 1992,Versión: 1.3 | Motor: 127A201 | Combustible: NAFTA | SKF I: VKBA 4625A | SKF II: BAHB 633313 EA | Ubicación: TRASERO,VKBA 4625A | BAHB 633313 EA,,https://www.dayco.com/la-es/catalog/?search=KWD1190,Rueda,WHEEL BEARING KIT,,127A201,,,TRASERO,,VKBA 4625A | BAHB 633313 EA,Versión: 1.3 | Motor: 127A201 | Combustible: NAFTA | Ubicación: TRASERO
DAYCO,KWD1190,Rodamiento de rueda,RODAMIENTO,FIAT,SPAZIO,1991 -> 1997,Versión: 1.4 MOT. TIPO | Motor: 128A1038 | Combustible: NAFTA | SKF I: VKBA 4625A | SKF II: BAHB 633313 EA | Ubicación: TRASERO,VKBA 4625A | BAHB 633313 EA,,https://www.dayco.com/la-es/catalog/?search=KWD1190,Rueda,WHEEL BEARING KIT,,128A1038,,,TRASERO,,VKBA 4625A | BAHB 633313 EA,Versión: 1.4 MOT. TIPO | Motor: 128A1038 | Combustible: NAFTA | Ubicación: TRASERO
DAYCO,KWD1011,Rodamiento de rueda,RODAMIENTO,FIAT,STRADA,2003 -> 2010,Versión: 1.7 TD | Motor: 176A3000 | Combustible: DIESEL | SKF I: VKBA 6540 | SKF II: VKBA 6540 | Ubicación: DELANTERO,VKBA 6540 | VKBA 6540,,https://www.dayco.com/la-es/catalog/?search=KWD1011,Rueda,WHEEL BEARING KIT,,176A3000,,,DELANTERO,,VKBA 6540 | VKBA 6540,Versión: 1.7 TD | Motor: 176A3000 | Combustible: DIESEL | Ubicación: DELANTERO
DAYCO,KWD1011,Rodamiento de rueda,RODAMIENTO,FIAT,STRADA,2008 -> 2011,Versión: 1.8 8V | Motor: 1V0 | Combustible: NAFTA | SKF I: VKBA 6540 | SKF II: VKBA 6540 | Ubicación: DELANTERO,VKBA 6540 | VKBA 6540,,https://www.dayco.com/la-es/catalog/?search=KWD1011,Rueda,WHEEL BEARING KIT,,1V0,,,DELANTERO,,VKBA 6540 | VKBA 6540,Versión: 1.8 8V | Motor: 1V0 | Combustible: NAFTA | Ubicación: DELANTERO
DAYCO,KWD1011,Rodamiento de rueda,RODAMIENTO,FIAT,STRADA,2004 -> 2005,Versión: 1.3 8V FIRE | Motor: 178B5000 | Combustible: NAFTA | SKF I: VKBA 6540 | SKF II: VKBA 6540 | Ubicación: DELANTERO,VKBA 6540 | VKBA 6540,,https://www.dayco.com/la-es/catalog/?search=KWD1011,Rueda,WHEEL BEARING KIT,,178B5000,,,DELANTERO,,VKBA 6540 | VKBA 6540,Versión: 1.3 8V FIRE | Motor: 178B5000 | Combustible: NAFTA | Ubicación: DELANTERO
DAYCO,KWD1011,Rodamiento de rueda,RODAMIENTO,FIAT,STRADA,2005 -> 2009,Versión: 1.8 8V | Motor: 1V0 | Combustible: NAFTA | SKF I: VKBA 6540 | SKF II: VKBA 6540 | Ubicación: DELANTERO,VKBA 6540 | VKBA 6540,,https://www.dayco.com/la-es/catalog/?search=KWD1011,Rueda,WHEEL BEARING KIT,,1V0,,,DELANTERO,,VKBA 6540 | VKBA 6540,Versión: 1.8 8V | Motor: 1V0 | Combustible: NAFTA | Ubicación: DELANTERO
DAYCO,KWD1011,Rodamiento de rueda,RODAMIENTO,FIAT,STRADA,2009 ->,Versión: 1.4 8V FIRE | Motor: 310A2011 | Combustible: NAFTA | SKF I: VKBA 6540 | SKF II: VKBA 6540 | Ubicación: DELANTERO,VKBA 6540 | VKBA 6540,,https://www.dayco.com/la-es/catalog/?search=KWD1011,Rueda,WHEEL BEARING KIT,,310A2011,,,DELANTERO,,VKBA 6540 | VKBA 6540,Versión: 1.4 8V FIRE | Motor: 310A2011 | Combustible: NAFTA | Ubicación: DELANTERO
DAYCO,KWD1011,Rodamiento de rueda,RODAMIENTO,FIAT,STRADA,2010 ->,Versión: 1.6 16V E-TORQ | Motor: E-TORQ | Combustible: NAFTA | SKF I: VKBA 6540 | SKF II: VKBA 6540 | Ubicación: DELANTERO,VKBA 6540 | VKBA 6540,,https://www.dayco.com/la-es/catalog/?search=KWD1011,Rueda,WHEEL BEARING KIT,,E-TORQ,,,DELANTERO,,VKBA 6540 | VKBA 6540,Versión: 1.6 16V E-TORQ | Motor: E-TORQ | Combustible: NAFTA | Ubicación: DELANTERO
DAYCO,KWD1011,Rodamiento de rueda,RODAMIENTO,FIAT,STRADA,2010 -> 2022,Versión: 1.3 16V MULTIJET | Motor: 199A3000 | Combustible: DIESEL | SKF I: VKBA 6540 | SKF II: VKBA 6540 | Ubicación: DELANTERO,VKBA 6540 | VKBA 6540,,https://www.dayco.com/la-es/catalog/?search=KWD1011,Rueda,WHEEL BEARING KIT,,199A3000,,,DELANTERO,,VKBA 6540 | VKBA 6540,Versión: 1.3 16V MULTIJET | Motor: 199A3000 | Combustible: DIESEL | Ubicación: DELANTERO
DAYCO,KWD1088,Rodamiento de rueda,RODAMIENTO,FIAT,TIPO,2018 ->,Versión: 1.6 16V E-TORQ AT | Motor: E-TORQ | Combustible: NAFTA | SKF I: VKBA 3598 | Ubicación: DELANTERO,VKBA 3598,,https://www.dayco.com/la-es/catalog/?search=KWD1088,Rueda,WHEEL BEARING KIT,,E-TORQ,,,DELANTERO,,VKBA 3598,Versión: 1.6 16V E-TORQ AT | Motor: E-TORQ | Combustible: NAFTA | Ubicación: DELANTERO
DAYCO,KWD1190,Rodamiento de rueda,RODAMIENTO,FIAT,UNO,1993 -> 1995,Versión: 1.0 | Motor: 146B4011 | Combustible: NAFTA | SKF I: VKBA 4625A | SKF II: BAHB 633313 EA | Ubicación: TRASERO,VKBA 4625A | BAHB 633313 EA,,https://www.dayco.com/la-es/catalog/?search=KWD1190,Rueda,WHEEL BEARING KIT,,146B4011,,,TRASERO,,VKBA 4625A | BAHB 633313 EA,Versión: 1.0 | Motor: 146B4011 | Combustible: NAFTA | Ubicación: TRASERO
DAYCO,KWD1190,Rodamiento de rueda,RODAMIENTO,FIAT,UNO,1992 -> 1996,Versión: 1.1 IE | Motor: 127A011 | Combustible: NAFTA | SKF I: VKBA 4625A | SKF II: BAHB 633313 EA | Ubicación: TRASERO,VKBA 4625A | BAHB 633313 EA,,https://www.dayco.com/la-es/catalog/?search=KWD1190,Rueda,WHEEL BEARING KIT,,127A011,,,TRASERO,,VKBA 4625A | BAHB 633313 EA,Versión: 1.1 IE | Motor: 127A011 | Combustible: NAFTA | Ubicación: TRASERO
DAYCO,KWD1190,Rodamiento de rueda,RODAMIENTO,FIAT,UNO,2002 -> 2004,Versión: 1.3 MPI | Motor: 178E8011 | Combustible: NAFTA | SKF I: VKBA 4625A | SKF II: BAHB 633313 EA | Ubicación: TRASERO,VKBA 4625A | BAHB 633313 EA,,https://www.dayco.com/la-es/catalog/?search=KWD1190,Rueda,WHEEL BEARING KIT,,178E8011,,,TRASERO,,VKBA 4625A | BAHB 633313 EA,Versión: 1.3 MPI | Motor: 178E8011 | Combustible: NAFTA | Ubicación: TRASERO
DAYCO,KWD1190,Rodamiento de rueda,RODAMIENTO,FIAT,UNO,1991 -> 1994,Versión: 1.3 D | Motor: 146B000 | Combustible: DIESEL | SKF I: VKBA 4625A | SKF II: BAHB 633313 EA | Ubicación: TRASERO,VKBA 4625A | BAHB 633313 EA,,https://www.dayco.com/la-es/catalog/?search=KWD1190,Rueda,WHEEL BEARING KIT,,146B000,,,TRASERO,,VKBA 4625A | BAHB 633313 EA,Versión: 1.3 D | Motor: 146B000 | Combustible: DIESEL | Ubicación: TRASERO
DAYCO,KWD1190,Rodamiento de rueda,RODAMIENTO,FIAT,UNO,1991 -> 1995,Versión: 1.4 IE 70S | Motor: 146C1000 | Combustible: NAFTA | SKF I: VKBA 4625A | SKF II: BAHB 633313 EA | Ubicación: TRASERO,VKBA 4625A | BAHB 633313 EA,,https://www.dayco.com/la-es/catalog/?search=KWD1190,Rueda,WHEEL BEARING KIT,,146C1000,,,TRASERO,,VKBA 4625A | BAHB 633313 EA,Versión: 1.4 IE 70S | Motor: 146C1000 | Combustible: NAFTA | Ubicación: TRASERO
DAYCO,KWD1190,Rodamiento de rueda,RODAMIENTO,FIAT,UNO,1992 -> 2001,Versión: 1.4 | Motor: 159A2038 | Combustible: NAFTA | SKF I: VKBA 4625A | SKF II: BAHB 633313 EA | Ubicación: TRASERO,VKBA 4625A | BAHB 633313 EA,,https://www.dayco.com/la-es/catalog/?search=KWD1190,Rueda,WHEEL BEARING KIT,,159A2038,,,TRASERO,,VKBA 4625A | BAHB 633313 EA,Versión: 1.4 | Motor: 159A2038 | Combustible: NAFTA | Ubicación: TRASERO
DAYCO,KWD1190,Rodamiento de rueda,RODAMIENTO,FIAT,UNO,1994 -> 1995,Versión: 1.4 TURBO | Motor: 146A8011 | Combustible: NAFTA | SKF I: VKBA 4625A | SKF II: BAHB 633313 EA | Ubicación: TRASERO,VKBA 4625A | BAHB 633313 EA,,https://www.dayco.com/la-es/catalog/?search=KWD1190,Rueda,WHEEL BEARING KIT,,146A8011,,,TRASERO,,VKBA 4625A | BAHB 633313 EA,Versión: 1.4 TURBO | Motor: 146A8011 | Combustible: NAFTA | Ubicación: TRASERO
DAYCO,KWD1190,Rodamiento de rueda,RODAMIENTO,FIAT,UNO,1988 -> 1994,Versión: 1.5 | Motor: 146B8011 | Combustible: NAFTA | SKF I: VKBA 4625A | SKF II: BAHB 633313 EA | Ubicación: TRASERO,VKBA 4625A | BAHB 633313 EA,,https://www.dayco.com/la-es/catalog/?search=KWD1190,Rueda,WHEEL BEARING KIT,,146B8011,,,TRASERO,,VKBA 4625A | BAHB 633313 EA,Versión: 1.5 | Motor: 146B8011 | Combustible: NAFTA | Ubicación: TRASERO
DAYCO,KWD1190,Rodamiento de rueda,RODAMIENTO,FIAT,UNO,1992 -> 1999,Versión: 1.6 | Motor: 146B7011 | Combustible: NAFTA | SKF I: VKBA 4625A | SKF II: BAHB 633313 EA | Ubicación: TRASERO,VKBA 4625A | BAHB 633313 EA,,https://www.dayco.com/la-es/catalog/?search=KWD1190,Rueda,WHEEL BEARING KIT,,146B7011,,,TRASERO,,VKBA 4625A | BAHB 633313 EA,Versión: 1.6 | Motor: 146B7011 | Combustible: NAFTA | Ubicación: TRASERO
DAYCO,KWD1190,Rodamiento de rueda,RODAMIENTO,FIAT,UNO,1994 -> 1997,Versión: 1.7D | Motor: 146B2000 | Combustible: DIESEL | SKF I: VKBA 4625A | SKF II: BAHB 633313 EA | Ubicación: TRASERO,VKBA 4625A | BAHB 633313 EA,,https://www.dayco.com/la-es/catalog/?search=KWD1190,Rueda,WHEEL BEARING KIT,,146B2000,,,TRASERO,,VKBA 4625A | BAHB 633313 EA,Versión: 1.7D | Motor: 146B2000 | Combustible: DIESEL | Ubicación: TRASERO
DAYCO,KWD1190,Rodamiento de rueda,RODAMIENTO,FIAT,UNO,1997 -> 2000,Versión: 1.7D | Motor: 149B3000 | Combustible: DIESEL | SKF I: VKBA 4625A | SKF II: BAHB 633313 EA | Ubicación: TRASERO,VKBA 4625A | BAHB 633313 EA,,https://www.dayco.com/la-es/catalog/?search=KWD1190,Rueda,WHEEL BEARING KIT,,149B3000,,,TRASERO,,VKBA 4625A | BAHB 633313 EA,Versión: 1.7D | Motor: 149B3000 | Combustible: DIESEL | Ubicación: TRASERO
DAYCO,KWD1190,Rodamiento de rueda,RODAMIENTO,FIAT,UNO,2004 -> 2015,Versión: 1.3 8V FIRE | Motor: 178E8011 | Combustible: NAFTA | SKF I: VKBA 4625A | SKF II: BAHB 633313 EA | Ubicación: TRASERO,VKBA 4625A | BAHB 633313 EA,,https://www.dayco.com/la-es/catalog/?search=KWD1190,Rueda,WHEEL BEARING KIT,,178E8011,,,TRASERO,,VKBA 4625A | BAHB 633313 EA,Versión: 1.3 8V FIRE | Motor: 178E8011 | Combustible: NAFTA | Ubicación: TRASERO
DAYCO,KWD1190,Rodamiento de rueda,RODAMIENTO,FIAT,UNO,2002 -> 2005,Versión: 1.3 MPI | Motor: 178A2000 | Combustible: NAFTA | SKF I: VKBA 4625A | SKF II: BAHB 633313 EA | Ubicación: TRASERO,VKBA 4625A | BAHB 633313 EA,,https://www.dayco.com/la-es/catalog/?search=KWD1190,Rueda,WHEEL BEARING KIT,,178A2000,,,TRASERO,,VKBA 4625A | BAHB 633313 EA,Versión: 1.3 MPI | Motor: 178A2000 | Combustible: NAFTA | Ubicación: TRASERO
DAYCO,KWD1190,Rodamiento de rueda,RODAMIENTO,FIAT,UNO,2005 -> 2016,Versión: 1.3 8V FIRE | Motor: 149B3000 | Combustible: NAFTA | SKF I: VKBA 4625A | SKF II: BAHB 633313 EA | Ubicación: TRASERO,VKBA 4625A | BAHB 633313 EA,,https://www.dayco.com/la-es/catalog/?search=KWD1190,Rueda,WHEEL BEARING KIT,,149B3000,,,TRASERO,,VKBA 4625A | BAHB 633313 EA,Versión: 1.3 8V FIRE | Motor: 149B3000 | Combustible: NAFTA | Ubicación: TRASERO
DAYCO,KWD1190,Rodamiento de rueda,RODAMIENTO,FIAT,UNO,2009 -> 2010,Versión: 1.3 8V FIRE | Motor: 178E8011 | Combustible: NAFTA | SKF I: VKBA 4625A | SKF II: BAHB 633313 EA | Ubicación: TRASERO,VKBA 4625A | BAHB 633313 EA,,https://www.dayco.com/la-es/catalog/?search=KWD1190,Rueda,WHEEL BEARING KIT,,178E8011,,,TRASERO,,VKBA 4625A | BAHB 633313 EA,Versión: 1.3 8V FIRE | Motor: 178E8011 | Combustible: NAFTA | Ubicación: TRASERO
DAYCO,KWD1190,Rodamiento de rueda,RODAMIENTO,FIAT,UNO,2010 -> 2017,Versión: 1.4 8V EVO | Motor: EVO | Combustible: NAFTA | SKF I: VKBA 4625A | SKF II: BAHB 633313 EA | Ubicación: TRASERO,VKBA 4625A | BAHB 633313 EA,,https://www.dayco.com/la-es/catalog/?search=KWD1190,Rueda,WHEEL BEARING KIT,,EVO,,,TRASERO,,VKBA 4625A | BAHB 633313 EA,Versión: 1.4 8V EVO | Motor: EVO | Combustible: NAFTA | Ubicación: TRASERO
DAYCO,KWD1190,Rodamiento de rueda,RODAMIENTO,FIAT,UNO,2015 -> 2017,Versión: 1.4 8V EVO | Motor: EVO | Combustible: NAFTA | SKF I: VKBA 4625A | SKF II: BAHB 633313 EA | Ubicación: TRASERO,VKBA 4625A | BAHB 633313 EA,,https://www.dayco.com/la-es/catalog/?search=KWD1190,Rueda,WHEEL BEARING KIT,,EVO,,,TRASERO,,VKBA 4625A | BAHB 633313 EA,Versión: 1.4 8V EVO | Motor: EVO | Combustible: NAFTA | Ubicación: TRASERO
DAYCO,KWD1018,Rodamiento de rueda,RODAMIENTO,FIAT,UNO,11-2010 -> 3-2017,Versión: 1.4 8V EVO | Motor: EVO | Combustible: NAFTA | SKF I: BAF-0013 | SKF II: BAF-0013 AD/VK210 | Ubicación: TRASERO | ABS: S/ABS,BAF-0013 | BAF-0013 AD/VK210,,https://www.dayco.com/la-es/catalog/?search=KWD1018,Rueda,WHEEL BEARING KIT,,EVO,,,TRASERO,S/ABS,BAF-0013 | BAF-0013 AD/VK210,Versión: 1.4 8V EVO | Motor: EVO | Combustible: NAFTA | Ubicación: TRASERO | ABS: S/ABS
DAYCO,KWD1009,Rodamiento de rueda,RODAMIENTO,FIAT,UNO,11-2010 -> 3-2017,Versión: 1.4 8V EVO | Motor: EVO | Combustible: NAFTA | SKF I: BAF-0040 | SKF II: VKBC 3540 | Ubicación: TRASERO | ABS: C/ABS,BAF-0040 | VKBC 3540,,https://www.dayco.com/la-es/catalog/?search=KWD1009,Rueda,WHEEL BEARING KIT,,EVO,,,TRASERO,C/ABS,BAF-0040 | VKBC 3540,Versión: 1.4 8V EVO | Motor: EVO | Combustible: NAFTA | Ubicación: TRASERO | ABS: C/ABS
DAYCO,KWD1417,Rodamiento de rueda,RODAMIENTO,FIAT,UNO,3-2009 -> 8-2010,Versión: 1.3 8V FIRE | Motor: 178E8011 | Combustible: NAFTA | SKF I: BAH-0031 | SKF II: BAH-0031 D/VK210 | Ubicación: DELANTERO | ABS: C/ABS,BAH-0031 | BAH-0031 D/VK210,,https://www.dayco.com/la-es/catalog/?search=KWD1417,Rueda,WHEEL BEARING KIT,,178E8011,,,DELANTERO,C/ABS,BAH-0031 | BAH-0031 D/VK210,Versión: 1.3 8V FIRE | Motor: 178E8011 | Combustible: NAFTA | Ubicación: DELANTERO | ABS: C/ABS
DAYCO,KWD1417,Rodamiento de rueda,RODAMIENTO,FIAT,UNO,3-2002 -> 11-2004,Versión: 1.3 MPI | Motor: 178E8011 | Combustible: NAFTA | SKF I: BAH-0031 | SKF II: BAH-0031 D/VK210 | Ubicación: DELANTERO | ABS: C/ABS,BAH-0031 | BAH-0031 D/VK210,,https://www.dayco.com/la-es/catalog/?search=KWD1417,Rueda,WHEEL BEARING KIT,,178E8011,,,DELANTERO,C/ABS,BAH-0031 | BAH-0031 D/VK210,Versión: 1.3 MPI | Motor: 178E8011 | Combustible: NAFTA | Ubicación: DELANTERO | ABS: C/ABS
DAYCO,KWD1417,Rodamiento de rueda,RODAMIENTO,FIAT,UNO,5-1992 -> 6-2001,Versión: 1.4 | Motor: 159A2038 | Combustible: NAFTA | SKF I: BAH-0031 | SKF II: BAH-0031 D/VK210 | Ubicación: DELANTERO | ABS: C/ABS,BAH-0031 | BAH-0031 D/VK210,,https://www.dayco.com/la-es/catalog/?search=KWD1417,Rueda,WHEEL BEARING KIT,,159A2038,,,DELANTERO,C/ABS,BAH-0031 | BAH-0031 D/VK210,Versión: 1.4 | Motor: 159A2038 | Combustible: NAFTA | Ubicación: DELANTERO | ABS: C/ABS
DAYCO,KWD1417,Rodamiento de rueda,RODAMIENTO,FIAT,UNO,7-1992 -> 12-1999,Versión: 1.6 | Motor: 146B7011 | Combustible: NAFTA | SKF I: BAH-0031 | SKF II: BAH-0031 D/VK210 | Ubicación: DELANTERO | ABS: C/ABS,BAH-0031 | BAH-0031 D/VK210,,https://www.dayco.com/la-es/catalog/?search=KWD1417,Rueda,WHEEL BEARING KIT,,146B7011,,,DELANTERO,C/ABS,BAH-0031 | BAH-0031 D/VK210,Versión: 1.6 | Motor: 146B7011 | Combustible: NAFTA | Ubicación: DELANTERO | ABS: C/ABS
DAYCO,KWD1417,Rodamiento de rueda,RODAMIENTO,FIAT,UNO,11-1997 -> 3-2000,Versión: 1.7D | Motor: 149B3000 | Combustible: DIESEL | SKF I: BAH-0031 | SKF II: BAH-0031 D/VK210 | Ubicación: DELANTERO | ABS: C/ABS,BAH-0031 | BAH-0031 D/VK210,,https://www.dayco.com/la-es/catalog/?search=KWD1417,Rueda,WHEEL BEARING KIT,,149B3000,,,DELANTERO,C/ABS,BAH-0031 | BAH-0031 D/VK210,Versión: 1.7D | Motor: 149B3000 | Combustible: DIESEL | Ubicación: DELANTERO | ABS: C/ABS
DAYCO,KWD1124,Rodamiento de rueda,RODAMIENTO,FIAT,UNO,11-2010 -> 3-2017,Versión: 1.4 8V EVO | Motor: EVO | Combustible: NAFTA | SKF I: BAH-0015 | SKF II: BAH-0015 E/VK210 | Ubicación: DELANTERO | ABS: C/ABS,BAH-0015 | BAH-0015 E/VK210,,https://www.dayco.com/la-es/catalog/?search=KWD1124,Rueda,WHEEL BEARING KIT,,EVO,,,DELANTERO,C/ABS,BAH-0015 | BAH-0015 E/VK210,Versión: 1.4 8V EVO | Motor: EVO | Combustible: NAFTA | Ubicación: DELANTERO | ABS: C/ABS
DAYCO,KWD1124,Rodamiento de rueda,RODAMIENTO,FIAT,UNO,12-2015 -> 7-2017,Versión: 1.4 8V EVO | Motor: EVO | Combustible: NAFTA | SKF I: BAH-0015 | SKF II: BAH-0015 E/VK210 | Ubicación: DELANTERO | ABS: C/ABS,BAH-0015 | BAH-0015 E/VK210,,https://www.dayco.com/la-es/catalog/?search=KWD1124,Rueda,WHEEL BEARING KIT,,EVO,,,DELANTERO,C/ABS,BAH-0015 | BAH-0015 E/VK210,Versión: 1.4 8V EVO | Motor: EVO | Combustible: NAFTA | Ubicación: DELANTERO | ABS: C/ABS
DAYCO,KWD1190,Rodamiento de rueda,RODAMIENTO,FIAT,VIVACE,1992 -> 1997,Versión: 1.4 | Motor: 159A2038 | Combustible: NAFTA | SKF I: VKBA 4625A | SKF II: BAHB 633313 EA | Ubicación: TRASERO,VKBA 4625A | BAHB 633313 EA,,https://www.dayco.com/la-es/catalog/?search=KWD1190,Rueda,WHEEL BEARING KIT,,159A2038,,,TRASERO,,VKBA 4625A | BAHB 633313 EA,Versión: 1.4 | Motor: 159A2038 | Combustible: NAFTA | Ubicación: TRASERO
DAYCO,KWD1064,Rodamiento de rueda,RODAMIENTO,FORD,COURIER,1997 -> 2000,Versión: 1.8D | Motor: ENDURA-DE 1.8L (RTK) | Combustible: DIESEL | SKF I: VKBA 4501 | SKF II: VKBA 4501 | Ubicación: DELANTERO | ABS: C/ABS,VKBA 4501 | VKBA 4501,,https://www.dayco.com/la-es/catalog/?search=KWD1064,Rueda,WHEEL BEARING KIT,,ENDURA-DE 1.8L (RTK),,,DELANTERO,C/ABS,VKBA 4501 | VKBA 4501,Versión: 1.8D | Motor: ENDURA-DE 1.8L (RTK) | Combustible: DIESEL | Ubicación: DELANTERO | ABS: C/ABS
DAYCO,KWD1064,Rodamiento de rueda,RODAMIENTO,FORD,COURIER,1997 -> 2000,Versión: 1.4 16V SI DA | Motor: ZETEC-SE 1.4L (FHA) | Combustible: NAFTA | SKF I: VKBA 4501 | SKF II: VKBA 4501 | Ubicación: DELANTERO | ABS: C/ABS,VKBA 4501 | VKBA 4501,,https://www.dayco.com/la-es/catalog/?search=KWD1064,Rueda,WHEEL BEARING KIT,,ZETEC-SE 1.4L (FHA),,,DELANTERO,C/ABS,VKBA 4501 | VKBA 4501,Versión: 1.4 16V SI DA | Motor: ZETEC-SE 1.4L (FHA) | Combustible: NAFTA | Ubicación: DELANTERO | ABS: C/ABS
DAYCO,KWD1064,Rodamiento de rueda,RODAMIENTO,FORD,COURIER,2005 -> 2011,Versión: 1.6 | Motor: ZETEC ROCAM 1.6 SOHC (CLKB) | Combustible: NAFTA | SKF I: VKBA 4501 | SKF II: VKBA 4501 | Ubicación: DELANTERO | ABS: C/ABS,VKBA 4501 | VKBA 4501,,https://www.dayco.com/la-es/catalog/?search=KWD1064,Rueda,WHEEL BEARING KIT,,ZETEC ROCAM 1.6 SOHC (CLKB),,,DELANTERO,C/ABS,VKBA 4501 | VKBA 4501,Versión: 1.6 | Motor: ZETEC ROCAM 1.6 SOHC (CLKB) | Combustible: NAFTA | Ubicación: DELANTERO | ABS: C/ABS
DAYCO,KWD1064,Rodamiento de rueda,RODAMIENTO,FORD,COURIER,1997 -> 2006,Versión: 1.8D | Motor: ENDURA-DE 1.8L (DKK) | Combustible: DIESEL | SKF I: VKBA 4501 | SKF II: VKBA 4501 | Ubicación: DELANTERO | ABS: C/ABS,VKBA 4501 | VKBA 4501,,https://www.dayco.com/la-es/catalog/?search=KWD1064,Rueda,WHEEL BEARING KIT,,ENDURA-DE 1.8L (DKK),,,DELANTERO,C/ABS,VKBA 4501 | VKBA 4501,Versión: 1.8D | Motor: ENDURA-DE 1.8L (DKK) | Combustible: DIESEL | Ubicación: DELANTERO | ABS: C/ABS
DAYCO,KWD1030,Rodamiento de rueda,RODAMIENTO,FORD,ECOSPORT,1-2003 -> 5-2011,Versión: 1.4 TDCI | Motor: PSA (F6JC) | Combustible: DIESEL | SKF I: BAH-0106 | SKF II: VKBA 3531 | Ubicación: DELANTERO | ABS: C/ABS,BAH-0106 | VKBA 3531,,https://www.dayco.com/la-es/catalog/?search=KWD1030,Rueda,WHEEL BEARING KIT,,PSA (F6JC),,,DELANTERO,C/ABS,BAH-0106 | VKBA 3531,Versión: 1.4 TDCI | Motor: PSA (F6JC) | Combustible: DIESEL | Ubicación: DELANTERO | ABS: C/ABS
DAYCO,KWD1030,Rodamiento de rueda,RODAMIENTO,FORD,ECOSPORT,1-2003 -> 10-2013,Versión: 1.6 8V ROCAM | Motor: ZETEC ROCAM 1.6 (CDJC) | Combustible: NAFTA | SKF I: BAH-0106 | SKF II: VKBA 3531 | Ubicación: DELANTERO | ABS: C/ABS,BAH-0106 | VKBA 3531,,https://www.dayco.com/la-es/catalog/?search=KWD1030,Rueda,WHEEL BEARING KIT,,ZETEC ROCAM 1.6 (CDJC),,,DELANTERO,C/ABS,BAH-0106 | VKBA 3531,Versión: 1.6 8V ROCAM | Motor: ZETEC ROCAM 1.6 (CDJC) | Combustible: NAFTA | Ubicación: DELANTERO | ABS: C/ABS
DAYCO,KWD1030,Rodamiento de rueda,RODAMIENTO,FORD,ECOSPORT,1-2003 -> 10-2013,Versión: 2.0 16V | Motor: 2.0 DURATEC HE (CJJA) | Combustible: NAFTA | SKF I: BAH-0106 | SKF II: VKBA 3531 | Ubicación: DELANTERO | ABS: C/ABS,BAH-0106 | VKBA 3531,,https://www.dayco.com/la-es/catalog/?search=KWD1030,Rueda,WHEEL BEARING KIT,,2.0 DURATEC HE (CJJA),,,DELANTERO,C/ABS,BAH-0106 | VKBA 3531,Versión: 2.0 16V | Motor: 2.0 DURATEC HE (CJJA) | Combustible: NAFTA | Ubicación: DELANTERO | ABS: C/ABS
DAYCO,KWD1428,Rodamiento de rueda,RODAMIENTO,FORD,ECOSPORT,1-2003 -> 5-2011,Versión: 1.4 TDCI | Motor: PSA (F6JC) | Combustible: DIESEL | SKF I: VKBA3532 | SKF II: VKBA 3532 | Ubicación: TRASERO | ABS: C/ABS,VKBA3532 | VKBA 3532,,https://www.dayco.com/la-es/catalog/?search=KWD1428,Rueda,WHEEL BEARING KIT,,PSA (F6JC),,,TRASERO,C/ABS,VKBA3532 | VKBA 3532,Versión: 1.4 TDCI | Motor: PSA (F6JC) | Combustible: DIESEL | Ubicación: TRASERO | ABS: C/ABS
DAYCO,KWD1428,Rodamiento de rueda,RODAMIENTO,FORD,ECOSPORT,1-2003 -> 10-2013,Versión: 1.6 8V ROCAM | Motor: ZETEC ROCAM 1.6 (CDJC) | Combustible: NAFTA | SKF I: VKBA3532 | SKF II: VKBA 3532 | Ubicación: TRASERO | ABS: C/ABS,VKBA3532 | VKBA 3532,,https://www.dayco.com/la-es/catalog/?search=KWD1428,Rueda,WHEEL BEARING KIT,,ZETEC ROCAM 1.6 (CDJC),,,TRASERO,C/ABS,VKBA3532 | VKBA 3532,Versión: 1.6 8V ROCAM | Motor: ZETEC ROCAM 1.6 (CDJC) | Combustible: NAFTA | Ubicación: TRASERO | ABS: C/ABS
DAYCO,KWD1428,Rodamiento de rueda,RODAMIENTO,FORD,ECOSPORT,1-2003 -> 10-2013,Versión: 2.0 16V | Motor: 2.0 DURATEC HE (CJJA) | Combustible: NAFTA | SKF I: VKBA3532 | SKF II: VKBA 3532 | Ubicación: TRASERO | ABS: C/ABS,VKBA3532 | VKBA 3532,,https://www.dayco.com/la-es/catalog/?search=KWD1428,Rueda,WHEEL BEARING KIT,,2.0 DURATEC HE (CJJA),,,TRASERO,C/ABS,VKBA3532 | VKBA 3532,Versión: 2.0 16V | Motor: 2.0 DURATEC HE (CJJA) | Combustible: NAFTA | Ubicación: TRASERO | ABS: C/ABS
DAYCO,KWD1632,Rodamiento de rueda,RODAMIENTO,FORD,ECOSPORT,2003 -> 2013,Versión: 1.6 8V ROCAM | Motor: ZETEC ROCAM 1.6 (CDJC) | Combustible: NAFTA | SKF I: BAH-0108 D | SKF II: VKBC 20116 | Ubicación: DELANTERO | ABS: C/ABS,BAH-0108 D | VKBC 20116,,https://www.dayco.com/la-es/catalog/?search=KWD1632,Rueda,WHEEL BEARING KIT,,ZETEC ROCAM 1.6 (CDJC),,,DELANTERO,C/ABS,BAH-0108 D | VKBC 20116,Versión: 1.6 8V ROCAM | Motor: ZETEC ROCAM 1.6 (CDJC) | Combustible: NAFTA | Ubicación: DELANTERO | ABS: C/ABS
DAYCO,KWD1064,Rodamiento de rueda,RODAMIENTO,FORD,ESCORT,1995 -> 2002,Versión: 1.8 16V | Motor: ZETEC-E 1.8L DOHC 16V (RKC) | Combustible: NAFTA | SKF I: VKBA 4501 | SKF II: VKBA 4501 | Ubicación: DELANTERO | ABS: C/ABS,VKBA 4501 | VKBA 4501,,https://www.dayco.com/la-es/catalog/?search=KWD1064,Rueda,WHEEL BEARING KIT,,ZETEC-E 1.8L DOHC 16V (RKC),,,DELANTERO,C/ABS,VKBA 4501 | VKBA 4501,Versión: 1.8 16V | Motor: ZETEC-E 1.8L DOHC 16V (RKC) | Combustible: NAFTA | Ubicación: DELANTERO | ABS: C/ABS
DAYCO,KWD1064,Rodamiento de rueda,RODAMIENTO,FORD,ESCORT,1996 -> 2001,Versión: 1.8 16V | Motor: ZETEC-E 1.8L DOHC 16V (RKD) | Combustible: NAFTA | SKF I: VKBA 4501 | SKF II: VKBA 4501 | Ubicación: DELANTERO | ABS: C/ABS,VKBA 4501 | VKBA 4501,,https://www.dayco.com/la-es/catalog/?search=KWD1064,Rueda,WHEEL BEARING KIT,,ZETEC-E 1.8L DOHC 16V (RKD),,,DELANTERO,C/ABS,VKBA 4501 | VKBA 4501,Versión: 1.8 16V | Motor: ZETEC-E 1.8L DOHC 16V (RKD) | Combustible: NAFTA | Ubicación: DELANTERO | ABS: C/ABS
DAYCO,KWD1064,Rodamiento de rueda,RODAMIENTO,FORD,ESCORT,2000 -> 2001,Versión: 1.8 16V | Motor: ZETEC 1.8L DOHC (RKC) | Combustible: NAFTA | SKF I: VKBA 4501 | SKF II: VKBA 4501 | Ubicación: DELANTERO | ABS: C/ABS,VKBA 4501 | VKBA 4501,,https://www.dayco.com/la-es/catalog/?search=KWD1064,Rueda,WHEEL BEARING KIT,,ZETEC 1.8L DOHC (RKC),,,DELANTERO,C/ABS,VKBA 4501 | VKBA 4501,Versión: 1.8 16V | Motor: ZETEC 1.8L DOHC (RKC) | Combustible: NAFTA | Ubicación: DELANTERO | ABS: C/ABS
DAYCO,KWD1064,Rodamiento de rueda,RODAMIENTO,FORD,ESCORT,1990 -> 1995,Versión: 1.8 | Motor: AP 1.8 (USB) | Combustible: NAFTA | SKF I: VKBA 4501 | SKF II: VKBA 4501 | Ubicación: DELANTERO | ABS: C/ABS,VKBA 4501 | VKBA 4501,,https://www.dayco.com/la-es/catalog/?search=KWD1064,Rueda,WHEEL BEARING KIT,,AP 1.8 (USB),,,DELANTERO,C/ABS,VKBA 4501 | VKBA 4501,Versión: 1.8 | Motor: AP 1.8 (USB) | Combustible: NAFTA | Ubicación: DELANTERO | ABS: C/ABS
DAYCO,KWD1064,Rodamiento de rueda,RODAMIENTO,FORD,ESCORT,1994 -> 1996,Versión: 1.8 | Motor: AP 1.8 (USC) | Combustible: NAFTA | SKF I: VKBA 4501 | SKF II: VKBA 4501 | Ubicación: DELANTERO | ABS: C/ABS,VKBA 4501 | VKBA 4501,,https://www.dayco.com/la-es/catalog/?search=KWD1064,Rueda,WHEEL BEARING KIT,,AP 1.8 (USC),,,DELANTERO,C/ABS,VKBA 4501 | VKBA 4501,Versión: 1.8 | Motor: AP 1.8 (USC) | Combustible: NAFTA | Ubicación: DELANTERO | ABS: C/ABS
DAYCO,KWD1064,Rodamiento de rueda,RODAMIENTO,FORD,ESCORT,1991 -> 1993,Versión: 1.8 S | Motor: AP 1.8 (UD) | Combustible: NAFTA | SKF I: VKBA 4501 | SKF II: VKBA 4501 | Ubicación: DELANTERO | ABS: C/ABS,VKBA 4501 | VKBA 4501,,https://www.dayco.com/la-es/catalog/?search=KWD1064,Rueda,WHEEL BEARING KIT,,AP 1.8 (UD),,,DELANTERO,C/ABS,VKBA 4501 | VKBA 4501,Versión: 1.8 S | Motor: AP 1.8 (UD) | Combustible: NAFTA | Ubicación: DELANTERO | ABS: C/ABS
DAYCO,KWD1064,Rodamiento de rueda,RODAMIENTO,FORD,ESCORT,1995 -> 1998,Versión: 2.0 XR3 | Motor: AUDI UQ (ULB) | Combustible: NAFTA | SKF I: VKBA 4501 | SKF II: VKBA 4501 | Ubicación: DELANTERO | ABS: C/ABS,VKBA 4501 | VKBA 4501,,https://www.dayco.com/la-es/catalog/?search=KWD1064,Rueda,WHEEL BEARING KIT,,AUDI UQ (ULB),,,DELANTERO,C/ABS,VKBA 4501 | VKBA 4501,Versión: 2.0 XR3 | Motor: AUDI UQ (ULB) | Combustible: NAFTA | Ubicación: DELANTERO | ABS: C/ABS
DAYCO,KWD1064,Rodamiento de rueda,RODAMIENTO,FORD,ESCORT,1996 -> 1998,Versión: 1.8 | Motor: AUDI 327 UD (USC) | Combustible: NAFTA | SKF I: VKBA 4501 | SKF II: VKBA 4501 | Ubicación: DELANTERO | ABS: C/ABS,VKBA 4501 | VKBA 4501,,https://www.dayco.com/la-es/catalog/?search=KWD1064,Rueda,WHEEL BEARING KIT,,AUDI 327 UD (USC),,,DELANTERO,C/ABS,VKBA 4501 | VKBA 4501,Versión: 1.8 | Motor: AUDI 327 UD (USC) | Combustible: NAFTA | Ubicación: DELANTERO | ABS: C/ABS
DAYCO,KWD1064,Rodamiento de rueda,RODAMIENTO,FORD,ESCORT,1994 -> 1997,Versión: 1.8 XR3 | Motor: AUDI 327 UD (RQB) | Combustible: NAFTA | SKF I: VKBA 4501 | SKF II: VKBA 4501 | Ubicación: DELANTERO | ABS: C/ABS,VKBA 4501 | VKBA 4501,,https://www.dayco.com/la-es/catalog/?search=KWD1064,Rueda,WHEEL BEARING KIT,,AUDI 327 UD (RQB),,,DELANTERO,C/ABS,VKBA 4501 | VKBA 4501,Versión: 1.8 XR3 | Motor: AUDI 327 UD (RQB) | Combustible: NAFTA | Ubicación: DELANTERO | ABS: C/ABS
DAYCO,KWD1064,Rodamiento de rueda,RODAMIENTO,FORD,ESCORT,2001 -> 2002,Versión: 1.6 | Motor: ZETEC ROCAM 1.6 SOHC (L1K) | Combustible: NAFTA | SKF I: VKBA 4501 | SKF II: VKBA 4501 | Ubicación: DELANTERO | ABS: C/ABS,VKBA 4501 | VKBA 4501,,https://www.dayco.com/la-es/catalog/?search=KWD1064,Rueda,WHEEL BEARING KIT,,ZETEC ROCAM 1.6 SOHC (L1K),,,DELANTERO,C/ABS,VKBA 4501 | VKBA 4501,Versión: 1.6 | Motor: ZETEC ROCAM 1.6 SOHC (L1K) | Combustible: NAFTA | Ubicación: DELANTERO | ABS: C/ABS
DAYCO,KWD1064,Rodamiento de rueda,RODAMIENTO,FORD,ESCORT,1999 -> 2001,Versión: 1.8 TD | Motor: ENDURA-DE TDI 1.8L (RTF) | Combustible: DIESEL | SKF I: VKBA 4501 | SKF II: VKBA 4501 | Ubicación: DELANTERO | ABS: C/ABS,VKBA 4501 | VKBA 4501,,https://www.dayco.com/la-es/catalog/?search=KWD1064,Rueda,WHEEL BEARING KIT,,ENDURA-DE TDI 1.8L (RTF),,,DELANTERO,C/ABS,VKBA 4501 | VKBA 4501,Versión: 1.8 TD | Motor: ENDURA-DE TDI 1.8L (RTF) | Combustible: DIESEL | Ubicación: DELANTERO | ABS: C/ABS
DAYCO,KWD1064,Rodamiento de rueda,RODAMIENTO,FORD,ESCORT,1995 -> 2002,Versión: 1.8D | Motor: ENDURA-DE 1.8L (RTF/RTH) | Combustible: DIESEL | SKF I: VKBA 4501 | SKF II: VKBA 4501 | Ubicación: DELANTERO | ABS: C/ABS,VKBA 4501 | VKBA 4501,,https://www.dayco.com/la-es/catalog/?search=KWD1064,Rueda,WHEEL BEARING KIT,,ENDURA-DE 1.8L (RTF/RTH),,,DELANTERO,C/ABS,VKBA 4501 | VKBA 4501,Versión: 1.8D | Motor: ENDURA-DE 1.8L (RTF/RTH) | Combustible: DIESEL | Ubicación: DELANTERO | ABS: C/ABS
DAYCO,KWD1064,Rodamiento de rueda,RODAMIENTO,FORD,ESCORT,1988 -> 1996,Versión: 1.6 | Motor: AE 1.6 CHT (UZ) | Combustible: NAFTA | SKF I: VKBA 4501 | SKF II: VKBA 4501 | Ubicación: DELANTERO | ABS: C/ABS,VKBA 4501 | VKBA 4501,,https://www.dayco.com/la-es/catalog/?search=KWD1064,Rueda,WHEEL BEARING KIT,,AE 1.6 CHT (UZ),,,DELANTERO,C/ABS,VKBA 4501 | VKBA 4501,Versión: 1.6 | Motor: AE 1.6 CHT (UZ) | Combustible: NAFTA | Ubicación: DELANTERO | ABS: C/ABS
DAYCO,KWD1634,Rodamiento de rueda,RODAMIENTO,FORD,ESCORT,2001 -> 2002,Versión: 1.6 | Motor: ZETEC ROCAM 1.6 SOHC (L1K) | Combustible: NAFTA | SKF I: VKBA 4528 | SKF II: TRASERO | Ubicación: S/ABS | ABS: S/ABS,VKBA 4528 | TRASERO,,https://www.dayco.com/la-es/catalog/?search=KWD1634,Rueda,WHEEL BEARING KIT,,ZETEC ROCAM 1.6 SOHC (L1K),,,S/ABS,S/ABS,VKBA 4528 | TRASERO,Versión: 1.6 | Motor: ZETEC ROCAM 1.6 SOHC (L1K) | Combustible: NAFTA | Ubicación: S/ABS | ABS: S/ABS
DAYCO,KWD1634,Rodamiento de rueda,RODAMIENTO,FORD,ESCORT,1999 -> 2001,Versión: 1.8 TD | Motor: ENDURA-DE TDI 1.8L (RTF) | Combustible: DIESEL | SKF I: VKBA 4528 | SKF II: TRASERO | Ubicación: S/ABS | ABS: S/ABS,VKBA 4528 | TRASERO,,https://www.dayco.com/la-es/catalog/?search=KWD1634,Rueda,WHEEL BEARING KIT,,ENDURA-DE TDI 1.8L (RTF),,,S/ABS,S/ABS,VKBA 4528 | TRASERO,Versión: 1.8 TD | Motor: ENDURA-DE TDI 1.8L (RTF) | Combustible: DIESEL | Ubicación: S/ABS | ABS: S/ABS
DAYCO,KWD1634,Rodamiento de rueda,RODAMIENTO,FORD,ESCORT,1995 -> 2002,Versión: 1.8D | Motor: ENDURA-DE 1.8L (RTF/RTH) | Combustible: DIESEL | SKF I: VKBA 4528 | SKF II: TRASERO | Ubicación: S/ABS | ABS: S/ABS,VKBA 4528 | TRASERO,,https://www.dayco.com/la-es/catalog/?search=KWD1634,Rueda,WHEEL BEARING KIT,,ENDURA-DE 1.8L (RTF/RTH),,,S/ABS,S/ABS,VKBA 4528 | TRASERO,Versión: 1.8D | Motor: ENDURA-DE 1.8L (RTF/RTH) | Combustible: DIESEL | Ubicación: S/ABS | ABS: S/ABS
DAYCO,KWD1634,Rodamiento de rueda,RODAMIENTO,FORD,ESCORT,1988 -> 1996,Versión: 1.6 | Motor: AE 1.6 CHT (UZ) | Combustible: NAFTA | SKF I: VKBA 4528 | SKF II: TRASERO | Ubicación: S/ABS | ABS: S/ABS,VKBA 4528 | TRASERO,,https://www.dayco.com/la-es/catalog/?search=KWD1634,Rueda,WHEEL BEARING KIT,,AE 1.6 CHT (UZ),,,S/ABS,S/ABS,VKBA 4528 | TRASERO,Versión: 1.6 | Motor: AE 1.6 CHT (UZ) | Combustible: NAFTA | Ubicación: S/ABS | ABS: S/ABS
DAYCO,KWD1634,Rodamiento de rueda,RODAMIENTO,FORD,ESCORT,1995 -> 2002,Versión: 1.8 16V | Motor: ZETEC-E 1.8L DOHC 16V (RKC) | Combustible: NAFTA | SKF I: VKBA 4528 | SKF II: TRASERO | Ubicación: S/ABS | ABS: S/ABS,VKBA 4528 | TRASERO,,https://www.dayco.com/la-es/catalog/?search=KWD1634,Rueda,WHEEL BEARING KIT,,ZETEC-E 1.8L DOHC 16V (RKC),,,S/ABS,S/ABS,VKBA 4528 | TRASERO,Versión: 1.8 16V | Motor: ZETEC-E 1.8L DOHC 16V (RKC) | Combustible: NAFTA | Ubicación: S/ABS | ABS: S/ABS
DAYCO,KWD1634,Rodamiento de rueda,RODAMIENTO,FORD,ESCORT,1996 -> 2001,Versión: 1.8 16V | Motor: ZETEC-E 1.8L DOHC 16V (RKD) | Combustible: NAFTA | SKF I: VKBA 4528 | SKF II: TRASERO | Ubicación: S/ABS | ABS: S/ABS,VKBA 4528 | TRASERO,,https://www.dayco.com/la-es/catalog/?search=KWD1634,Rueda,WHEEL BEARING KIT,,ZETEC-E 1.8L DOHC 16V (RKD),,,S/ABS,S/ABS,VKBA 4528 | TRASERO,Versión: 1.8 16V | Motor: ZETEC-E 1.8L DOHC 16V (RKD) | Combustible: NAFTA | Ubicación: S/ABS | ABS: S/ABS
DAYCO,KWD1634,Rodamiento de rueda,RODAMIENTO,FORD,ESCORT,2000 -> 2001,Versión: 1.8 16V | Motor: ZETEC 1.8L DOHC (RKC) | Combustible: NAFTA | SKF I: VKBA 4528 | SKF II: TRASERO | Ubicación: S/ABS | ABS: S/ABS,VKBA 4528 | TRASERO,,https://www.dayco.com/la-es/catalog/?search=KWD1634,Rueda,WHEEL BEARING KIT,,ZETEC 1.8L DOHC (RKC),,,S/ABS,S/ABS,VKBA 4528 | TRASERO,Versión: 1.8 16V | Motor: ZETEC 1.8L DOHC (RKC) | Combustible: NAFTA | Ubicación: S/ABS | ABS: S/ABS
DAYCO,KWD1634,Rodamiento de rueda,RODAMIENTO,FORD,ESCORT,1990 -> 1995,Versión: 1.8 | Motor: AP 1.8 (USB) | Combustible: NAFTA | SKF I: VKBA 4528 | SKF II: TRASERO | Ubicación: S/ABS | ABS: S/ABS,VKBA 4528 | TRASERO,,https://www.dayco.com/la-es/catalog/?search=KWD1634,Rueda,WHEEL BEARING KIT,,AP 1.8 (USB),,,S/ABS,S/ABS,VKBA 4528 | TRASERO,Versión: 1.8 | Motor: AP 1.8 (USB) | Combustible: NAFTA | Ubicación: S/ABS | ABS: S/ABS
DAYCO,KWD1634,Rodamiento de rueda,RODAMIENTO,FORD,ESCORT,1994 -> 1996,Versión: 1.8 | Motor: AP 1.8 (USC) | Combustible: NAFTA | SKF I: VKBA 4528 | SKF II: TRASERO | Ubicación: S/ABS | ABS: S/ABS,VKBA 4528 | TRASERO,,https://www.dayco.com/la-es/catalog/?search=KWD1634,Rueda,WHEEL BEARING KIT,,AP 1.8 (USC),,,S/ABS,S/ABS,VKBA 4528 | TRASERO,Versión: 1.8 | Motor: AP 1.8 (USC) | Combustible: NAFTA | Ubicación: S/ABS | ABS: S/ABS
DAYCO,KWD1634,Rodamiento de rueda,RODAMIENTO,FORD,ESCORT,1991 -> 1993,Versión: 1.8 S | Motor: AP 1.8 (UD) | Combustible: NAFTA | SKF I: VKBA 4528 | SKF II: TRASERO | Ubicación: S/ABS | ABS: S/ABS,VKBA 4528 | TRASERO,,https://www.dayco.com/la-es/catalog/?search=KWD1634,Rueda,WHEEL BEARING KIT,,AP 1.8 (UD),,,S/ABS,S/ABS,VKBA 4528 | TRASERO,Versión: 1.8 S | Motor: AP 1.8 (UD) | Combustible: NAFTA | Ubicación: S/ABS | ABS: S/ABS
DAYCO,KWD1634,Rodamiento de rueda,RODAMIENTO,FORD,ESCORT,1995 -> 1998,Versión: 2.0 XR3 | Motor: AUDI UQ (ULB) | Combustible: NAFTA | SKF I: VKBA 4528 | SKF II: TRASERO | Ubicación: S/ABS | ABS: S/ABS,VKBA 4528 | TRASERO,,https://www.dayco.com/la-es/catalog/?search=KWD1634,Rueda,WHEEL BEARING KIT,,AUDI UQ (ULB),,,S/ABS,S/ABS,VKBA 4528 | TRASERO,Versión: 2.0 XR3 | Motor: AUDI UQ (ULB) | Combustible: NAFTA | Ubicación: S/ABS | ABS: S/ABS
DAYCO,KWD1634,Rodamiento de rueda,RODAMIENTO,FORD,ESCORT,1996 -> 1998,Versión: 1.8 | Motor: AUDI 327 UD (USC) | Combustible: NAFTA | SKF I: VKBA 4528 | SKF II: TRASERO | Ubicación: S/ABS | ABS: S/ABS,VKBA 4528 | TRASERO,,https://www.dayco.com/la-es/catalog/?search=KWD1634,Rueda,WHEEL BEARING KIT,,AUDI 327 UD (USC),,,S/ABS,S/ABS,VKBA 4528 | TRASERO,Versión: 1.8 | Motor: AUDI 327 UD (USC) | Combustible: NAFTA | Ubicación: S/ABS | ABS: S/ABS
DAYCO,KWD1634,Rodamiento de rueda,RODAMIENTO,FORD,ESCORT,1994 -> 1997,Versión: 1.8 XR3 | Motor: AUDI 327 UD (RQB) | Combustible: NAFTA | SKF I: VKBA 4528 | SKF II: TRASERO | Ubicación: S/ABS | ABS: S/ABS,VKBA 4528 | TRASERO,,https://www.dayco.com/la-es/catalog/?search=KWD1634,Rueda,WHEEL BEARING KIT,,AUDI 327 UD (RQB),,,S/ABS,S/ABS,VKBA 4528 | TRASERO,Versión: 1.8 XR3 | Motor: AUDI 327 UD (RQB) | Combustible: NAFTA | Ubicación: S/ABS | ABS: S/ABS
DAYCO,KWD1064,Rodamiento de rueda,RODAMIENTO,FORD,FIESTA,1994 -> 1999,Versión: 1.8D | Motor: KENT (RTL) | Combustible: DIESEL | SKF I: VKBA 4501 | SKF II: VKBA 4501 | Ubicación: DELANTERO | ABS: C/ABS,VKBA 4501 | VKBA 4501,,https://www.dayco.com/la-es/catalog/?search=KWD1064,Rueda,WHEEL BEARING KIT,,KENT (RTL),,,DELANTERO,C/ABS,VKBA 4501 | VKBA 4501,Versión: 1.8D | Motor: KENT (RTL) | Combustible: DIESEL | Ubicación: DELANTERO | ABS: C/ABS
DAYCO,KWD1064,Rodamiento de rueda,RODAMIENTO,FORD,FIESTA,1999 -> 2002,Versión: 1.6 | Motor: ZETEC ROCAM 1.6 SOHC (L1PY) | Combustible: NAFTA | SKF I: VKBA 4501 | SKF II: VKBA 4501 | Ubicación: DELANTERO | ABS: C/ABS,VKBA 4501 | VKBA 4501,,https://www.dayco.com/la-es/catalog/?search=KWD1064,Rueda,WHEEL BEARING KIT,,ZETEC ROCAM 1.6 SOHC (L1PY),,,DELANTERO,C/ABS,VKBA 4501 | VKBA 4501,Versión: 1.6 | Motor: ZETEC ROCAM 1.6 SOHC (L1PY) | Combustible: NAFTA | Ubicación: DELANTERO | ABS: C/ABS
DAYCO,KWD1064,Rodamiento de rueda,RODAMIENTO,FORD,FIESTA,1998 -> 2003,Versión: 1.8D | Motor: ENDURA-DE 1.8L (RTC/RTD) | Combustible: DIESEL | SKF I: VKBA 4501 | SKF II: VKBA 4501 | Ubicación: DELANTERO | ABS: C/ABS,VKBA 4501 | VKBA 4501,,https://www.dayco.com/la-es/catalog/?search=KWD1064,Rueda,WHEEL BEARING KIT,,ENDURA-DE 1.8L (RTC/RTD),,,DELANTERO,C/ABS,VKBA 4501 | VKBA 4501,Versión: 1.8D | Motor: ENDURA-DE 1.8L (RTC/RTD) | Combustible: DIESEL | Ubicación: DELANTERO | ABS: C/ABS
DAYCO,KWD1064,Rodamiento de rueda,RODAMIENTO,FORD,FIESTA,1996 -> 1999,Versión: 1.4 16V CLX | Motor: ZETEC-S 1.4L (FHA) | Combustible: NAFTA | SKF I: VKBA 4501 | SKF II: VKBA 4501 | Ubicación: DELANTERO | ABS: C/ABS,VKBA 4501 | VKBA 4501,,https://www.dayco.com/la-es/catalog/?search=KWD1064,Rueda,WHEEL BEARING KIT,,ZETEC-S 1.4L (FHA),,,DELANTERO,C/ABS,VKBA 4501 | VKBA 4501,Versión: 1.4 16V CLX | Motor: ZETEC-S 1.4L (FHA) | Combustible: NAFTA | Ubicación: DELANTERO | ABS: C/ABS
DAYCO,KWD1064,Rodamiento de rueda,RODAMIENTO,FORD,FIESTA,1994 -> 1999,Versión: 1.3I | Motor: ENDURA-E/1.3 EFI (J4D) | Combustible: NAFTA | SKF I: VKBA 4501 | SKF II: VKBA 4501 | Ubicación: DELANTERO | ABS: C/ABS,VKBA 4501 | VKBA 4501,,https://www.dayco.com/la-es/catalog/?search=KWD1064,Rueda,WHEEL BEARING KIT,,ENDURA-E/1.3 EFI (J4D),,,DELANTERO,C/ABS,VKBA 4501 | VKBA 4501,Versión: 1.3I | Motor: ENDURA-E/1.3 EFI (J4D) | Combustible: NAFTA | Ubicación: DELANTERO | ABS: C/ABS
DAYCO,KWD1064,Rodamiento de rueda,RODAMIENTO,FORD,FIESTA,4-1994 -> 8-1999,Versión: 1.3I | Motor: ENDURA-E/1.3 EFI (J4D) | Combustible: NAFTA | SKF I: BAH-0036 | SKF II: BAH-0036/VK210 | Ubicación: DELANTERO | ABS: C/ABS,BAH-0036 | BAH-0036/VK210,,https://www.dayco.com/la-es/catalog/?search=KWD1064,Rueda,WHEEL BEARING KIT,,ENDURA-E/1.3 EFI (J4D),,,DELANTERO,C/ABS,BAH-0036 | BAH-0036/VK210,Versión: 1.3I | Motor: ENDURA-E/1.3 EFI (J4D) | Combustible: NAFTA | Ubicación: DELANTERO | ABS: C/ABS
DAYCO,KWD1030,Rodamiento de rueda,RODAMIENTO,FORD,FIESTA,11-2010 -> 12-2023,Versión: 1.6 16V | Motor: DURATEC 1.6 Ti-VCT SIGMA | Combustible: NAFTA | SKF I: BAH-0106 | SKF II: VKBA 3531 | Ubicación: DELANTERO | ABS: C/ABS,BAH-0106 | VKBA 3531,,https://www.dayco.com/la-es/catalog/?search=KWD1030,Rueda,WHEEL BEARING KIT,,DURATEC 1.6 Ti-VCT SIGMA,,,DELANTERO,C/ABS,BAH-0106 | VKBA 3531,Versión: 1.6 16V | Motor: DURATEC 1.6 Ti-VCT SIGMA | Combustible: NAFTA | Ubicación: DELANTERO | ABS: C/ABS
DAYCO,KWD1030,Rodamiento de rueda,RODAMIENTO,FORD,FIESTA,5-2002 -> 11-2011,Versión: 1.4 TDCI | Motor: PSA (F6JC) | Combustible: DIESEL | SKF I: BAH-0106 | SKF II: VKBA 3531 | Ubicación: DELANTERO | ABS: C/ABS,BAH-0106 | VKBA 3531,,https://www.dayco.com/la-es/catalog/?search=KWD1030,Rueda,WHEEL BEARING KIT,,PSA (F6JC),,,DELANTERO,C/ABS,BAH-0106 | VKBA 3531,Versión: 1.4 TDCI | Motor: PSA (F6JC) | Combustible: DIESEL | Ubicación: DELANTERO | ABS: C/ABS
DAYCO,KWD1030,Rodamiento de rueda,RODAMIENTO,FORD,FIESTA,5-2002 -> 11-2013,Versión: 1.6 8V | Motor: ZETEC ROCAM 1.6 SOHC (CDJA/C) | Combustible: NAFTA | SKF I: BAH-0106 | SKF II: VKBA 3531 | Ubicación: DELANTERO | ABS: C/ABS,BAH-0106 | VKBA 3531,,https://www.dayco.com/la-es/catalog/?search=KWD1030,Rueda,WHEEL BEARING KIT,,ZETEC ROCAM 1.6 SOHC (CDJA/C),,,DELANTERO,C/ABS,BAH-0106 | VKBA 3531,Versión: 1.6 8V | Motor: ZETEC ROCAM 1.6 SOHC (CDJA/C) | Combustible: NAFTA | Ubicación: DELANTERO | ABS: C/ABS
DAYCO,KWD1428,Rodamiento de rueda,RODAMIENTO,FORD,FIESTA,5-2002 -> 11-2011,Versión: 1.4 TDCI | Motor: PSA (F6JC) | Combustible: DIESEL | SKF I: VKBA3532 | SKF II: VKBA 3532 | Ubicación: TRASERO | ABS: C/ABS,VKBA3532 | VKBA 3532,,https://www.dayco.com/la-es/catalog/?search=KWD1428,Rueda,WHEEL BEARING KIT,,PSA (F6JC),,,TRASERO,C/ABS,VKBA3532 | VKBA 3532,Versión: 1.4 TDCI | Motor: PSA (F6JC) | Combustible: DIESEL | Ubicación: TRASERO | ABS: C/ABS
DAYCO,KWD1428,Rodamiento de rueda,RODAMIENTO,FORD,FIESTA,5-2002 -> 11-2013,Versión: 1.6 8V | Motor: ZETEC ROCAM 1.6 SOHC (CDJA/C) | Combustible: NAFTA | SKF I: VKBA3532 | SKF II: VKBA 3532 | Ubicación: TRASERO | ABS: C/ABS,VKBA3532 | VKBA 3532,,https://www.dayco.com/la-es/catalog/?search=KWD1428,Rueda,WHEEL BEARING KIT,,ZETEC ROCAM 1.6 SOHC (CDJA/C),,,TRASERO,C/ABS,VKBA3532 | VKBA 3532,Versión: 1.6 8V | Motor: ZETEC ROCAM 1.6 SOHC (CDJA/C) | Combustible: NAFTA | Ubicación: TRASERO | ABS: C/ABS
DAYCO,KWD1632,Rodamiento de rueda,RODAMIENTO,FORD,FIESTA,1999 -> 2002,Versión: 1.6 | Motor: ZETEC ROCAM 1.6 SOHC (L1PY) | Combustible: NAFTA | SKF I: BAH-0108 D | SKF II: VKBC 20116 | Ubicación: DELANTERO | ABS: C/ABS,BAH-0108 D | VKBC 20116,,https://www.dayco.com/la-es/catalog/?search=KWD1632,Rueda,WHEEL BEARING KIT,,ZETEC ROCAM 1.6 SOHC (L1PY),,,DELANTERO,C/ABS,BAH-0108 D | VKBC 20116,Versión: 1.6 | Motor: ZETEC ROCAM 1.6 SOHC (L1PY) | Combustible: NAFTA | Ubicación: DELANTERO | ABS: C/ABS
DAYCO,KWD1632,Rodamiento de rueda,RODAMIENTO,FORD,FIESTA,2002 -> 2011,Versión: 1.4 TDCI | Motor: PSA (F6JC) | Combustible: DIESEL | SKF I: BAH-0108 D | SKF II: VKBC 20116 | Ubicación: DELANTERO | ABS: C/ABS,BAH-0108 D | VKBC 20116,,https://www.dayco.com/la-es/catalog/?search=KWD1632,Rueda,WHEEL BEARING KIT,,PSA (F6JC),,,DELANTERO,C/ABS,BAH-0108 D | VKBC 20116,Versión: 1.4 TDCI | Motor: PSA (F6JC) | Combustible: DIESEL | Ubicación: DELANTERO | ABS: C/ABS
DAYCO,KWD1632,Rodamiento de rueda,RODAMIENTO,FORD,FIESTA,2002 -> 2013,Versión: 1.6 8V | Motor: ZETEC ROCAM 1.6 SOHC (CDJA/C) | Combustible: NAFTA | SKF I: BAH-0108 D | SKF II: VKBC 20116 | Ubicación: DELANTERO | ABS: C/ABS,BAH-0108 D | VKBC 20116,,https://www.dayco.com/la-es/catalog/?search=KWD1632,Rueda,WHEEL BEARING KIT,,ZETEC ROCAM 1.6 SOHC (CDJA/C),,,DELANTERO,C/ABS,BAH-0108 D | VKBC 20116,Versión: 1.6 8V | Motor: ZETEC ROCAM 1.6 SOHC (CDJA/C) | Combustible: NAFTA | Ubicación: DELANTERO | ABS: C/ABS
DAYCO,KWD1030,Rodamiento de rueda,RODAMIENTO,FORD,FOCUS,6-2005 -> 12-2010,Versión: 2.0 16V | Motor: DURATEC-HE (AODA) | Combustible: NAFTA | SKF I: BAH-0106 | SKF II: VKBA 3531 | Ubicación: DELANTERO | ABS: C/ABS,BAH-0106 | VKBA 3531,,https://www.dayco.com/la-es/catalog/?search=KWD1030,Rueda,WHEEL BEARING KIT,,DURATEC-HE (AODA),,,DELANTERO,C/ABS,BAH-0106 | VKBA 3531,Versión: 2.0 16V | Motor: DURATEC-HE (AODA) | Combustible: NAFTA | Ubicación: DELANTERO | ABS: C/ABS
DAYCO,KWD1030,Rodamiento de rueda,RODAMIENTO,FORD,FOCUS,2-2000 -> 10-2003,Versión: 1.8 16V | Motor: ZETEC-E 1.8L DOHC 16V (EYDC) | Combustible: NAFTA | SKF I: BAH-0106 | SKF II: VKBA 3531 | Ubicación: DELANTERO | ABS: C/ABS,BAH-0106 | VKBA 3531,,https://www.dayco.com/la-es/catalog/?search=KWD1030,Rueda,WHEEL BEARING KIT,,ZETEC-E 1.8L DOHC 16V (EYDC),,,DELANTERO,C/ABS,BAH-0106 | VKBA 3531,Versión: 1.8 16V | Motor: ZETEC-E 1.8L DOHC 16V (EYDC) | Combustible: NAFTA | Ubicación: DELANTERO | ABS: C/ABS
DAYCO,KWD1030,Rodamiento de rueda,RODAMIENTO,FORD,FOCUS,5-2002 -> 10-2003,Versión: 1.8 TDI | Motor: LYNX (C9DC) | Combustible: DIESEL | SKF I: BAH-0106 | SKF II: VKBA 3531 | Ubicación: DELANTERO | ABS: C/ABS,BAH-0106 | VKBA 3531,,https://www.dayco.com/la-es/catalog/?search=KWD1030,Rueda,WHEEL BEARING KIT,,LYNX (C9DC),,,DELANTERO,C/ABS,BAH-0106 | VKBA 3531,Versión: 1.8 TDI | Motor: LYNX (C9DC) | Combustible: DIESEL | Ubicación: DELANTERO | ABS: C/ABS
DAYCO,KWD1028,Rodamiento de rueda,RODAMIENTO,FORD,FOCUS,3-2010 -> 10-2014,Versión: 1.6 16V | Motor: DURATEC 1.6 Ti-VCT SIGMA | Combustible: NAFTA | SKF I: VKBA3661 | SKF II: VKBA 3661 | Ubicación: TRASERO | ABS: C/ABS,VKBA3661 | VKBA 3661,,https://www.dayco.com/la-es/catalog/?search=KWD1028,Rueda,WHEEL BEARING KIT,,DURATEC 1.6 Ti-VCT SIGMA,,,TRASERO,C/ABS,VKBA3661 | VKBA 3661,Versión: 1.6 16V | Motor: DURATEC 1.6 Ti-VCT SIGMA | Combustible: NAFTA | Ubicación: TRASERO | ABS: C/ABS
DAYCO,KWD1028,Rodamiento de rueda,RODAMIENTO,FORD,FOCUS,8-2008 -> 10-2014,Versión: 2.0 16V | Motor: DURATEC-HE (AODA) | Combustible: NAFTA | SKF I: VKBA3661 | SKF II: VKBA 3661 | Ubicación: TRASERO | ABS: C/ABS,VKBA3661 | VKBA 3661,,https://www.dayco.com/la-es/catalog/?search=KWD1028,Rueda,WHEEL BEARING KIT,,DURATEC-HE (AODA),,,TRASERO,C/ABS,VKBA3661 | VKBA 3661,Versión: 2.0 16V | Motor: DURATEC-HE (AODA) | Combustible: NAFTA | Ubicación: TRASERO | ABS: C/ABS
DAYCO,KWD1028,Rodamiento de rueda,RODAMIENTO,FORD,FOCUS,8-2008 -> 10-2014,Versión: 1.8 TDCI | Motor: KKDA | Combustible: DIESEL | SKF I: VKBA3661 | SKF II: VKBA 3661 | Ubicación: TRASERO | ABS: C/ABS,VKBA3661 | VKBA 3661,,https://www.dayco.com/la-es/catalog/?search=KWD1028,Rueda,WHEEL BEARING KIT,,KKDA,,,TRASERO,C/ABS,VKBA3661 | VKBA 3661,Versión: 1.8 TDCI | Motor: KKDA | Combustible: DIESEL | Ubicación: TRASERO | ABS: C/ABS
DAYCO,KWD1428,Rodamiento de rueda,RODAMIENTO,FORD,FOCUS,6-2005 -> 12-2010,Versión: 2.0 16V | Motor: DURATEC-HE (AODA) | Combustible: NAFTA | SKF I: VKBA3532 | SKF II: VKBA 3532 | Ubicación: TRASERO | ABS: C/ABS,VKBA3532 | VKBA 3532,,https://www.dayco.com/la-es/catalog/?search=KWD1428,Rueda,WHEEL BEARING KIT,,DURATEC-HE (AODA),,,TRASERO,C/ABS,VKBA3532 | VKBA 3532,Versión: 2.0 16V | Motor: DURATEC-HE (AODA) | Combustible: NAFTA | Ubicación: TRASERO | ABS: C/ABS
DAYCO,KWD1428,Rodamiento de rueda,RODAMIENTO,FORD,FOCUS,2-2000 -> 10-2003,Versión: 1.8 16V | Motor: ZETEC-E 1.8L DOHC 16V (EYDC) | Combustible: NAFTA | SKF I: VKBA3532 | SKF II: VKBA 3532 | Ubicación: TRASERO | ABS: C/ABS,VKBA3532 | VKBA 3532,,https://www.dayco.com/la-es/catalog/?search=KWD1428,Rueda,WHEEL BEARING KIT,,ZETEC-E 1.8L DOHC 16V (EYDC),,,TRASERO,C/ABS,VKBA3532 | VKBA 3532,Versión: 1.8 16V | Motor: ZETEC-E 1.8L DOHC 16V (EYDC) | Combustible: NAFTA | Ubicación: TRASERO | ABS: C/ABS
DAYCO,KWD1428,Rodamiento de rueda,RODAMIENTO,FORD,FOCUS,5-2002 -> 10-2003,Versión: 1.8 TDI | Motor: LYNX (C9DC) | Combustible: DIESEL | SKF I: VKBA3532 | SKF II: VKBA 3532 | Ubicación: TRASERO | ABS: C/ABS,VKBA3532 | VKBA 3532,,https://www.dayco.com/la-es/catalog/?search=KWD1428,Rueda,WHEEL BEARING KIT,,LYNX (C9DC),,,TRASERO,C/ABS,VKBA3532 | VKBA 3532,Versión: 1.8 TDI | Motor: LYNX (C9DC) | Combustible: DIESEL | Ubicación: TRASERO | ABS: C/ABS
DAYCO,KWD1428,Rodamiento de rueda,RODAMIENTO,FORD,FOCUS,2-2000 -> 10-2003,Versión: 2.0 16V | Motor: ZETEC-E 2.0L DOHC 16V (EDDC) | Combustible: NAFTA | SKF I: VKBA3532 | SKF II: VKBA 3532 | Ubicación: TRASERO | ABS: C/ABS,VKBA3532 | VKBA 3532,,https://www.dayco.com/la-es/catalog/?search=KWD1428,Rueda,WHEEL BEARING KIT,,ZETEC-E 2.0L DOHC 16V (EDDC),,,TRASERO,C/ABS,VKBA3532 | VKBA 3532,Versión: 2.0 16V | Motor: ZETEC-E 2.0L DOHC 16V (EDDC) | Combustible: NAFTA | Ubicación: TRASERO | ABS: C/ABS
DAYCO,KWD1428,Rodamiento de rueda,RODAMIENTO,FORD,FOCUS,10-2004 -> 12-2010,Versión: 1.6 8V | Motor: ZETEC ROCAM 1.6 (FYDA) | Combustible: NAFTA | SKF I: VKBA3532 | SKF II: VKBA 3532 | Ubicación: TRASERO | ABS: C/ABS,VKBA3532 | VKBA 3532,,https://www.dayco.com/la-es/catalog/?search=KWD1428,Rueda,WHEEL BEARING KIT,,ZETEC ROCAM 1.6 (FYDA),,,TRASERO,C/ABS,VKBA3532 | VKBA 3532,Versión: 1.6 8V | Motor: ZETEC ROCAM 1.6 (FYDA) | Combustible: NAFTA | Ubicación: TRASERO | ABS: C/ABS
DAYCO,KWD1428,Rodamiento de rueda,RODAMIENTO,FORD,FOCUS,10-2003 -> 6-2005,Versión: 1.8 16V | Motor: ZETEC-E 1.8L DOHC 16V (EYDC) | Combustible: NAFTA | SKF I: VKBA3532 | SKF II: VKBA 3532 | Ubicación: TRASERO | ABS: C/ABS,VKBA3532 | VKBA 3532,,https://www.dayco.com/la-es/catalog/?search=KWD1428,Rueda,WHEEL BEARING KIT,,ZETEC-E 1.8L DOHC 16V (EYDC),,,TRASERO,C/ABS,VKBA3532 | VKBA 3532,Versión: 1.8 16V | Motor: ZETEC-E 1.8L DOHC 16V (EYDC) | Combustible: NAFTA | Ubicación: TRASERO | ABS: C/ABS
DAYCO,KWD1428,Rodamiento de rueda,RODAMIENTO,FORD,FOCUS,10-2004 -> 12-2010,Versión: 1.8 TDCI | Motor: DURATORQ TDCI | Combustible: DIESEL | SKF I: VKBA3532 | SKF II: VKBA 3532 | Ubicación: TRASERO | ABS: C/ABS,VKBA3532 | VKBA 3532,,https://www.dayco.com/la-es/catalog/?search=KWD1428,Rueda,WHEEL BEARING KIT,,DURATORQ TDCI,,,TRASERO,C/ABS,VKBA3532 | VKBA 3532,Versión: 1.8 TDCI | Motor: DURATORQ TDCI | Combustible: DIESEL | Ubicación: TRASERO | ABS: C/ABS
DAYCO,KWD1428,Rodamiento de rueda,RODAMIENTO,FORD,FOCUS,10-2003 -> 6-2005,Versión: 1.8 TDI | Motor: LYNX (C9DC) | Combustible: DIESEL | SKF I: VKBA3532 | SKF II: VKBA 3532 | Ubicación: TRASERO | ABS: C/ABS,VKBA3532 | VKBA 3532,,https://www.dayco.com/la-es/catalog/?search=KWD1428,Rueda,WHEEL BEARING KIT,,LYNX (C9DC),,,TRASERO,C/ABS,VKBA3532 | VKBA 3532,Versión: 1.8 TDI | Motor: LYNX (C9DC) | Combustible: DIESEL | Ubicación: TRASERO | ABS: C/ABS
DAYCO,KWD1428,Rodamiento de rueda,RODAMIENTO,FORD,FOCUS,10-2003 -> 7-2006,Versión: 2.0 16V | Motor: ZETEC-E 2.0L DOHC 16V (EDDC) | Combustible: NAFTA | SKF I: VKBA3532 | SKF II: VKBA 3532 | Ubicación: TRASERO | ABS: C/ABS,VKBA3532 | VKBA 3532,,https://www.dayco.com/la-es/catalog/?search=KWD1428,Rueda,WHEEL BEARING KIT,,ZETEC-E 2.0L DOHC 16V (EDDC),,,TRASERO,C/ABS,VKBA3532 | VKBA 3532,Versión: 2.0 16V | Motor: ZETEC-E 2.0L DOHC 16V (EDDC) | Combustible: NAFTA | Ubicación: TRASERO | ABS: C/ABS
DAYCO,KWD1428,Rodamiento de rueda,RODAMIENTO,FORD,FOCUS,8-2008 -> 10-2014,Versión: 2.0 16V | Motor: DURATEC-HE (AODA) | Combustible: NAFTA | SKF I: VKBA3532 | SKF II: VKBA 3532 | Ubicación: TRASERO | ABS: C/ABS,VKBA3532 | VKBA 3532,,https://www.dayco.com/la-es/catalog/?search=KWD1428,Rueda,WHEEL BEARING KIT,,DURATEC-HE (AODA),,,TRASERO,C/ABS,VKBA3532 | VKBA 3532,Versión: 2.0 16V | Motor: DURATEC-HE (AODA) | Combustible: NAFTA | Ubicación: TRASERO | ABS: C/ABS
DAYCO,KWD1428,Rodamiento de rueda,RODAMIENTO,FORD,FOCUS,8-2008 -> 10-2014,Versión: 1.8 TDCI | Motor: KKDA | Combustible: DIESEL | SKF I: VKBA3532 | SKF II: VKBA 3532 | Ubicación: TRASERO | ABS: C/ABS,VKBA3532 | VKBA 3532,,https://www.dayco.com/la-es/catalog/?search=KWD1428,Rueda,WHEEL BEARING KIT,,KKDA,,,TRASERO,C/ABS,VKBA3532 | VKBA 3532,Versión: 1.8 TDCI | Motor: KKDA | Combustible: DIESEL | Ubicación: TRASERO | ABS: C/ABS
DAYCO,KWD1632,Rodamiento de rueda,RODAMIENTO,FORD,FOCUS,2000 -> 2003,Versión: 1.8 16V | Motor: ZETEC-E 1.8L DOHC 16V (EYDC) | Combustible: NAFTA | SKF I: BAH-0108 D | SKF II: VKBC 20116 | Ubicación: DELANTERO | ABS: C/ABS,BAH-0108 D | VKBC 20116,,https://www.dayco.com/la-es/catalog/?search=KWD1632,Rueda,WHEEL BEARING KIT,,ZETEC-E 1.8L DOHC 16V (EYDC),,,DELANTERO,C/ABS,BAH-0108 D | VKBC 20116,Versión: 1.8 16V | Motor: ZETEC-E 1.8L DOHC 16V (EYDC) | Combustible: NAFTA | Ubicación: DELANTERO | ABS: C/ABS
DAYCO,KWD1632,Rodamiento de rueda,RODAMIENTO,FORD,FOCUS,2002 -> 2003,Versión: 1.8 TDI | Motor: LYNX (C9DC) | Combustible: DIESEL | SKF I: BAH-0108 D | SKF II: VKBC 20116 | Ubicación: DELANTERO | ABS: C/ABS,BAH-0108 D | VKBC 20116,,https://www.dayco.com/la-es/catalog/?search=KWD1632,Rueda,WHEEL BEARING KIT,,LYNX (C9DC),,,DELANTERO,C/ABS,BAH-0108 D | VKBC 20116,Versión: 1.8 TDI | Motor: LYNX (C9DC) | Combustible: DIESEL | Ubicación: DELANTERO | ABS: C/ABS
DAYCO,KWD1632,Rodamiento de rueda,RODAMIENTO,FORD,FOCUS,2000 -> 2003,Versión: 2.0 16V | Motor: ZETEC-E 2.0L DOHC 16V (EDDC) | Combustible: NAFTA | SKF I: BAH-0108 D | SKF II: VKBC 20116 | Ubicación: DELANTERO | ABS: C/ABS,BAH-0108 D | VKBC 20116,,https://www.dayco.com/la-es/catalog/?search=KWD1632,Rueda,WHEEL BEARING KIT,,ZETEC-E 2.0L DOHC 16V (EDDC),,,DELANTERO,C/ABS,BAH-0108 D | VKBC 20116,Versión: 2.0 16V | Motor: ZETEC-E 2.0L DOHC 16V (EDDC) | Combustible: NAFTA | Ubicación: DELANTERO | ABS: C/ABS
DAYCO,KWD1632,Rodamiento de rueda,RODAMIENTO,FORD,FOCUS,2004 -> 2010,Versión: 1.6 8V | Motor: ZETEC ROCAM 1.6 (FYDA) | Combustible: NAFTA | SKF I: BAH-0108 D | SKF II: VKBC 20116 | Ubicación: DELANTERO | ABS: C/ABS,BAH-0108 D | VKBC 20116,,https://www.dayco.com/la-es/catalog/?search=KWD1632,Rueda,WHEEL BEARING KIT,,ZETEC ROCAM 1.6 (FYDA),,,DELANTERO,C/ABS,BAH-0108 D | VKBC 20116,Versión: 1.6 8V | Motor: ZETEC ROCAM 1.6 (FYDA) | Combustible: NAFTA | Ubicación: DELANTERO | ABS: C/ABS
DAYCO,KWD1632,Rodamiento de rueda,RODAMIENTO,FORD,FOCUS,2003 -> 2005,Versión: 1.8 16V | Motor: ZETEC-E 1.8L DOHC 16V (EYDC) | Combustible: NAFTA | SKF I: BAH-0108 D | SKF II: VKBC 20116 | Ubicación: DELANTERO | ABS: C/ABS,BAH-0108 D | VKBC 20116,,https://www.dayco.com/la-es/catalog/?search=KWD1632,Rueda,WHEEL BEARING KIT,,ZETEC-E 1.8L DOHC 16V (EYDC),,,DELANTERO,C/ABS,BAH-0108 D | VKBC 20116,Versión: 1.8 16V | Motor: ZETEC-E 1.8L DOHC 16V (EYDC) | Combustible: NAFTA | Ubicación: DELANTERO | ABS: C/ABS
DAYCO,KWD1632,Rodamiento de rueda,RODAMIENTO,FORD,FOCUS,2004 -> 2010,Versión: 1.8 TDCI | Motor: DURATORQ TDCI | Combustible: DIESEL | SKF I: BAH-0108 D | SKF II: VKBC 20116 | Ubicación: DELANTERO | ABS: C/ABS,BAH-0108 D | VKBC 20116,,https://www.dayco.com/la-es/catalog/?search=KWD1632,Rueda,WHEEL BEARING KIT,,DURATORQ TDCI,,,DELANTERO,C/ABS,BAH-0108 D | VKBC 20116,Versión: 1.8 TDCI | Motor: DURATORQ TDCI | Combustible: DIESEL | Ubicación: DELANTERO | ABS: C/ABS
DAYCO,KWD1632,Rodamiento de rueda,RODAMIENTO,FORD,FOCUS,2003 -> 2005,Versión: 1.8 TDI | Motor: LYNX (C9DC) | Combustible: DIESEL | SKF I: BAH-0108 D | SKF II: VKBC 20116 | Ubicación: DELANTERO | ABS: C/ABS,BAH-0108 D | VKBC 20116,,https://www.dayco.com/la-es/catalog/?search=KWD1632,Rueda,WHEEL BEARING KIT,,LYNX (C9DC),,,DELANTERO,C/ABS,BAH-0108 D | VKBC 20116,Versión: 1.8 TDI | Motor: LYNX (C9DC) | Combustible: DIESEL | Ubicación: DELANTERO | ABS: C/ABS
DAYCO,KWD1632,Rodamiento de rueda,RODAMIENTO,FORD,FOCUS,2003 -> 2006,Versión: 2.0 16V | Motor: ZETEC-E 2.0L DOHC 16V (EDDC) | Combustible: NAFTA | SKF I: BAH-0108 D | SKF II: VKBC 20116 | Ubicación: DELANTERO | ABS: C/ABS,BAH-0108 D | VKBC 20116,,https://www.dayco.com/la-es/catalog/?search=KWD1632,Rueda,WHEEL BEARING KIT,,ZETEC-E 2.0L DOHC 16V (EDDC),,,DELANTERO,C/ABS,BAH-0108 D | VKBC 20116,Versión: 2.0 16V | Motor: ZETEC-E 2.0L DOHC 16V (EDDC) | Combustible: NAFTA | Ubicación: DELANTERO | ABS: C/ABS
DAYCO,KWD1632,Rodamiento de rueda,RODAMIENTO,FORD,FOCUS,2008 -> 2014,Versión: 2.0 16V | Motor: DURATEC-HE (AODA) | Combustible: NAFTA | SKF I: BAH-0108 D | SKF II: VKBC 20116 | Ubicación: DELANTERO | ABS: C/ABS,BAH-0108 D | VKBC 20116,,https://www.dayco.com/la-es/catalog/?search=KWD1632,Rueda,WHEEL BEARING KIT,,DURATEC-HE (AODA),,,DELANTERO,C/ABS,BAH-0108 D | VKBC 20116,Versión: 2.0 16V | Motor: DURATEC-HE (AODA) | Combustible: NAFTA | Ubicación: DELANTERO | ABS: C/ABS
DAYCO,KWD1632,Rodamiento de rueda,RODAMIENTO,FORD,FOCUS,2008 -> 2014,Versión: 1.8 TDCI | Motor: KKDA | Combustible: DIESEL | SKF I: BAH-0108 D | SKF II: VKBC 20116 | Ubicación: DELANTERO | ABS: C/ABS,BAH-0108 D | VKBC 20116,,https://www.dayco.com/la-es/catalog/?search=KWD1632,Rueda,WHEEL BEARING KIT,,KKDA,,,DELANTERO,C/ABS,BAH-0108 D | VKBC 20116,Versión: 1.8 TDCI | Motor: KKDA | Combustible: DIESEL | Ubicación: DELANTERO | ABS: C/ABS
DAYCO,KWD1632,Rodamiento de rueda,RODAMIENTO,FORD,FOCUS,2005 -> 2010,Versión: 2.0 16V | Motor: DURATEC-HE (AODA) | Combustible: NAFTA | SKF I: BAH-0108 D | SKF II: VKBC 20116 | Ubicación: DELANTERO | ABS: C/ABS,BAH-0108 D | VKBC 20116,,https://www.dayco.com/la-es/catalog/?search=KWD1632,Rueda,WHEEL BEARING KIT,,DURATEC-HE (AODA),,,DELANTERO,C/ABS,BAH-0108 D | VKBC 20116,Versión: 2.0 16V | Motor: DURATEC-HE (AODA) | Combustible: NAFTA | Ubicación: DELANTERO | ABS: C/ABS
DAYCO,KWD1399,Rodamiento de rueda,RODAMIENTO,FORD,GALAXY,1994 -> 1996,Versión: 1.8I | Motor: AP 1.8I (UQC) | Combustible: NAFTA | SKF I: VKBA 4500 | SKF II: VKBC 20070/ BAHB 311315 | Ubicación: DELANTERO,VKBA 4500 | VKBC 20070/ BAHB 311315,,https://www.dayco.com/la-es/catalog/?search=KWD1399,Rueda,WHEEL BEARING KIT,,AP 1.8I (UQC),,,DELANTERO,,VKBA 4500 | VKBC 20070/ BAHB 311315,Versión: 1.8I | Motor: AP 1.8I (UQC) | Combustible: NAFTA | Ubicación: DELANTERO
DAYCO,KWD1399,Rodamiento de rueda,RODAMIENTO,FORD,GALAXY,1991 -> 1994,Versión: 2.0 | Motor: UR | Combustible: NAFTA | SKF I: VKBA 4500 | SKF II: VKBC 20070/ BAHB 311315 | Ubicación: DELANTERO,VKBA 4500 | VKBC 20070/ BAHB 311315,,https://www.dayco.com/la-es/catalog/?search=KWD1399,Rueda,WHEEL BEARING KIT,,UR,,,DELANTERO,,VKBA 4500 | VKBC 20070/ BAHB 311315,Versión: 2.0 | Motor: UR | Combustible: NAFTA | Ubicación: DELANTERO
DAYCO,KWD1399,Rodamiento de rueda,RODAMIENTO,FORD,GALAXY,1993 -> 1996,Versión: 2.0 | Motor: AP 2.0I (UQC) | Combustible: NAFTA | SKF I: VKBA 4500 | SKF II: VKBC 20070/ BAHB 311315 | Ubicación: DELANTERO,VKBA 4500 | VKBC 20070/ BAHB 311315,,https://www.dayco.com/la-es/catalog/?search=KWD1399,Rueda,WHEEL BEARING KIT,,AP 2.0I (UQC),,,DELANTERO,,VKBA 4500 | VKBC 20070/ BAHB 311315,Versión: 2.0 | Motor: AP 2.0I (UQC) | Combustible: NAFTA | Ubicación: DELANTERO
DAYCO,KWD1064,Rodamiento de rueda,RODAMIENTO,FORD,KA,11-1997 -> 8-1999,Versión: 1.3 | Motor: ENDURA-E 1.3 (A9A) | Combustible: NAFTA | SKF I: BAH-0036 | SKF II: BAH-0036/VK210 | Ubicación: DELANTERO | ABS: C/ABS,BAH-0036 | BAH-0036/VK210,,https://www.dayco.com/la-es/catalog/?search=KWD1064,Rueda,WHEEL BEARING KIT,,ENDURA-E 1.3 (A9A),,,DELANTERO,C/ABS,BAH-0036 | BAH-0036/VK210,Versión: 1.3 | Motor: ENDURA-E 1.3 (A9A) | Combustible: NAFTA | Ubicación: DELANTERO | ABS: C/ABS
DAYCO,KWD1064,Rodamiento de rueda,RODAMIENTO,FORD,KA,2-2008 -> 11-2014,Versión: 1.0 | Motor: ZETEC ROCAM 1.0 (C4C) | Combustible: NAFTA | SKF I: BAH-0036 | SKF II: BAH-0036/VK210 | Ubicación: DELANTERO | ABS: C/ABS,BAH-0036 | BAH-0036/VK210,,https://www.dayco.com/la-es/catalog/?search=KWD1064,Rueda,WHEEL BEARING KIT,,ZETEC ROCAM 1.0 (C4C),,,DELANTERO,C/ABS,BAH-0036 | BAH-0036/VK210,Versión: 1.0 | Motor: ZETEC ROCAM 1.0 (C4C) | Combustible: NAFTA | Ubicación: DELANTERO | ABS: C/ABS
DAYCO,KWD1064,Rodamiento de rueda,RODAMIENTO,FORD,KA,2-2008 -> 11-2014,Versión: 1.6 | Motor: ZETEC ROCAM 1.6 SOHC (CCB) | Combustible: NAFTA | SKF I: BAH-0036 | SKF II: BAH-0036/VK210 | Ubicación: DELANTERO | ABS: C/ABS,BAH-0036 | BAH-0036/VK210,,https://www.dayco.com/la-es/catalog/?search=KWD1064,Rueda,WHEEL BEARING KIT,,ZETEC ROCAM 1.6 SOHC (CCB),,,DELANTERO,C/ABS,BAH-0036 | BAH-0036/VK210,Versión: 1.6 | Motor: ZETEC ROCAM 1.6 SOHC (CCB) | Combustible: NAFTA | Ubicación: DELANTERO | ABS: C/ABS
DAYCO,KWD1003,Rodamiento de rueda,RODAMIENTO,FORD,KA,6-2018 -> 10-2022,Versión: 1.5 12V MT | Motor: L3 DRAGON | Combustible: NAFTA | SKF I: BAH-0186 | SKF II: VKBC 20011 | Ubicación: DELANTERO | ABS: C/ABS,BAH-0186 | VKBC 20011,,https://www.dayco.com/la-es/catalog/?search=KWD1003,Rueda,WHEEL BEARING KIT,,L3 DRAGON,,,DELANTERO,C/ABS,BAH-0186 | VKBC 20011,Versión: 1.5 12V MT | Motor: L3 DRAGON | Combustible: NAFTA | Ubicación: DELANTERO | ABS: C/ABS
DAYCO,KWD1003,Rodamiento de rueda,RODAMIENTO,FORD,KA,5-2018 -> 12-2023,Versión: 1.5 12V MT | Motor: L3 DRAGON | Combustible: NAFTA | SKF I: BAH-0186 | SKF II: VKBC 20011 | Ubicación: DELANTERO | ABS: C/ABS,BAH-0186 | VKBC 20011,,https://www.dayco.com/la-es/catalog/?search=KWD1003,Rueda,WHEEL BEARING KIT,,L3 DRAGON,,,DELANTERO,C/ABS,BAH-0186 | VKBC 20011,Versión: 1.5 12V MT | Motor: L3 DRAGON | Combustible: NAFTA | Ubicación: DELANTERO | ABS: C/ABS
DAYCO,KWD1003,Rodamiento de rueda,RODAMIENTO,FORD,KA,5-2018 -> 12-2023,Versión: 1.5 12V AT | Motor: L3 DRAGON | Combustible: NAFTA | SKF I: BAH-0186 | SKF II: VKBC 20011 | Ubicación: DELANTERO | ABS: C/ABS,BAH-0186 | VKBC 20011,,https://www.dayco.com/la-es/catalog/?search=KWD1003,Rueda,WHEEL BEARING KIT,,L3 DRAGON,,,DELANTERO,C/ABS,BAH-0186 | VKBC 20011,Versión: 1.5 12V AT | Motor: L3 DRAGON | Combustible: NAFTA | Ubicación: DELANTERO | ABS: C/ABS
DAYCO,KWD1022,Rodamiento de rueda,RODAMIENTO,FORD,KA,6-2018 -> 10-2022,Versión: 1.5 12V MT | Motor: L3 DRAGON | Combustible: NAFTA | SKF I: VKBA6544 | SKF II: VKBA 6544 | Ubicación: TRASERO | ABS: C/ABS,VKBA6544 | VKBA 6544,,https://www.dayco.com/la-es/catalog/?search=KWD1022,Rueda,WHEEL BEARING KIT,,L3 DRAGON,,,TRASERO,C/ABS,VKBA6544 | VKBA 6544,Versión: 1.5 12V MT | Motor: L3 DRAGON | Combustible: NAFTA | Ubicación: TRASERO | ABS: C/ABS
DAYCO,KWD1022,Rodamiento de rueda,RODAMIENTO,FORD,KA,5-2018 -> 12-2023,Versión: 1.5 12V MT | Motor: L3 DRAGON | Combustible: NAFTA | SKF I: VKBA6544 | SKF II: VKBA 6544 | Ubicación: TRASERO | ABS: C/ABS,VKBA6544 | VKBA 6544,,https://www.dayco.com/la-es/catalog/?search=KWD1022,Rueda,WHEEL BEARING KIT,,L3 DRAGON,,,TRASERO,C/ABS,VKBA6544 | VKBA 6544,Versión: 1.5 12V MT | Motor: L3 DRAGON | Combustible: NAFTA | Ubicación: TRASERO | ABS: C/ABS
DAYCO,KWD1022,Rodamiento de rueda,RODAMIENTO,FORD,KA,5-2018 -> 12-2023,Versión: 1.5 12V AT | Motor: L3 DRAGON | Combustible: NAFTA | SKF I: VKBA6544 | SKF II: VKBA 6544 | Ubicación: TRASERO | ABS: C/ABS,VKBA6544 | VKBA 6544,,https://www.dayco.com/la-es/catalog/?search=KWD1022,Rueda,WHEEL BEARING KIT,,L3 DRAGON,,,TRASERO,C/ABS,VKBA6544 | VKBA 6544,Versión: 1.5 12V AT | Motor: L3 DRAGON | Combustible: NAFTA | Ubicación: TRASERO | ABS: C/ABS
DAYCO,KWD1022,Rodamiento de rueda,RODAMIENTO,FORD,KA,8-2019 -> 10-2022,Versión: 1.5 12V AT | Motor: L3 DRAGON | Combustible: NAFTA | SKF I: VKBA6544 | SKF II: VKBA 6544 | Ubicación: TRASERO | ABS: C/ABS,VKBA6544 | VKBA 6544,,https://www.dayco.com/la-es/catalog/?search=KWD1022,Rueda,WHEEL BEARING KIT,,L3 DRAGON,,,TRASERO,C/ABS,VKBA6544 | VKBA 6544,Versión: 1.5 12V AT | Motor: L3 DRAGON | Combustible: NAFTA | Ubicación: TRASERO | ABS: C/ABS
DAYCO,KWD1633,Rodamiento de rueda,RODAMIENTO,FORD,KA,VKBA 4533,Versión: 1 ZETEC ROCAM 1.0 (C4C) | Motor: NAFTA | Combustible: 1999 -> 2008 | SKF I: TRASERO | SKF II: S/ABS | ABS: S/ABS,TRASERO | S/ABS,,https://www.dayco.com/la-es/catalog/?search=KWD1633,Rueda,WHEEL BEARING KIT,,NAFTA,,,,S/ABS,TRASERO | S/ABS,Versión: 1 ZETEC ROCAM 1.0 (C4C) | Motor: NAFTA | Combustible: 1999 -> 2008 | ABS: S/ABS
DAYCO,KWD1633,Rodamiento de rueda,RODAMIENTO,FORD,KA,1997 -> 1999,Versión: 1.3 | Motor: ENDURA-E 1.3 (A9A) | Combustible: NAFTA | SKF I: VKBA 4533 | SKF II: TRASERO | Ubicación: S/ABS | ABS: S/ABS,VKBA 4533 | TRASERO,,https://www.dayco.com/la-es/catalog/?search=KWD1633,Rueda,WHEEL BEARING KIT,,ENDURA-E 1.3 (A9A),,,S/ABS,S/ABS,VKBA 4533 | TRASERO,Versión: 1.3 | Motor: ENDURA-E 1.3 (A9A) | Combustible: NAFTA | Ubicación: S/ABS | ABS: S/ABS
DAYCO,KWD1633,Rodamiento de rueda,RODAMIENTO,FORD,KA,2001 -> 2008,Versión: 1.6 | Motor: ZETEC ROCAM 1.6 SOHC (CCB) | Combustible: NAFTA | SKF I: VKBA 4533 | SKF II: TRASERO | Ubicación: S/ABS | ABS: S/ABS,VKBA 4533 | TRASERO,,https://www.dayco.com/la-es/catalog/?search=KWD1633,Rueda,WHEEL BEARING KIT,,ZETEC ROCAM 1.6 SOHC (CCB),,,S/ABS,S/ABS,VKBA 4533 | TRASERO,Versión: 1.6 | Motor: ZETEC ROCAM 1.6 SOHC (CCB) | Combustible: NAFTA | Ubicación: S/ABS | ABS: S/ABS
DAYCO,KWD1165,Rodamiento de rueda,RODAMIENTO,FORD,MONDEO,,Versión: Ford Mondeo 1.8 Clx 1994/2001 | SKF I: VKBC20071 | SKF II: BAH-0068 D | Ubicación: DELANTERO,VKBC20071 | BAH-0068 D,,https://www.dayco.com/la-es/catalog/?search=KWD1165,Rueda,WHEEL BEARING KIT,,,,,DELANTERO,,VKBC20071 | BAH-0068 D,Versión: Ford Mondeo 1.8 Clx 1994/2001 | Ubicación: DELANTERO
DAYCO,KWD1165,Rodamiento de rueda,RODAMIENTO,FORD,MONDEO,,Versión: Ford Mondeo 1.8 Clx Rural 1994/2001 | SKF I: VKBC20071 | SKF II: BAH-0068 D | Ubicación: DELANTERO,VKBC20071 | BAH-0068 D,,https://www.dayco.com/la-es/catalog/?search=KWD1165,Rueda,WHEEL BEARING KIT,,,,,DELANTERO,,VKBC20071 | BAH-0068 D,Versión: Ford Mondeo 1.8 Clx Rural 1994/2001 | Ubicación: DELANTERO
DAYCO,KWD1165,Rodamiento de rueda,RODAMIENTO,FORD,MONDEO,,Versión: Ford Mondeo 2.2 St Ci 2006 | SKF I: VKBC20071 | SKF II: BAH-0068 D | Ubicación: DELANTERO,VKBC20071 | BAH-0068 D,,https://www.dayco.com/la-es/catalog/?search=KWD1165,Rueda,WHEEL BEARING KIT,,,,,DELANTERO,,VKBC20071 | BAH-0068 D,Versión: Ford Mondeo 2.2 St Ci 2006 | Ubicación: DELANTERO
DAYCO,KWD1165,Rodamiento de rueda,RODAMIENTO,FORD,MONDEO,,Versión: Ford Mondeo 2.5 Ghia V6 1997/2004 | SKF I: VKBC20071 | SKF II: BAH-0068 D | Ubicación: DELANTERO,VKBC20071 | BAH-0068 D,,https://www.dayco.com/la-es/catalog/?search=KWD1165,Rueda,WHEEL BEARING KIT,,,,,DELANTERO,,VKBC20071 | BAH-0068 D,Versión: Ford Mondeo 2.5 Ghia V6 1997/2004 | Ubicación: DELANTERO
DAYCO,KWD1165,Rodamiento de rueda,RODAMIENTO,FORD,MONDEO,,Versión: Ford Mondeo 2.5 Ghia V6 At 1997/2000 | SKF I: VKBC20071 | SKF II: BAH-0068 D | Ubicación: DELANTERO,VKBC20071 | BAH-0068 D,,https://www.dayco.com/la-es/catalog/?search=KWD1165,Rueda,WHEEL BEARING KIT,,,,,DELANTERO,,VKBC20071 | BAH-0068 D,Versión: Ford Mondeo 2.5 Ghia V6 At 1997/2000 | Ubicación: DELANTERO
DAYCO,KWD1165,Rodamiento de rueda,RODAMIENTO,FORD,MONDEO,,Versión: Ford Mondeo 3.0 St V6 2004/2007 | SKF I: VKBC20071 | SKF II: BAH-0068 D | Ubicación: DELANTERO,VKBC20071 | BAH-0068 D,,https://www.dayco.com/la-es/catalog/?search=KWD1165,Rueda,WHEEL BEARING KIT,,,,,DELANTERO,,VKBC20071 | BAH-0068 D,Versión: Ford Mondeo 3.0 St V6 2004/2007 | Ubicación: DELANTERO
DAYCO,KWD1165,Rodamiento de rueda,RODAMIENTO,FORD,MONDEO,,Versión: Ford Mondeo 3.0 V6 St220 2007/2008 | SKF I: VKBC20071 | SKF II: BAH-0068 D | Ubicación: DELANTERO,VKBC20071 | BAH-0068 D,,https://www.dayco.com/la-es/catalog/?search=KWD1165,Rueda,WHEEL BEARING KIT,,,,,DELANTERO,,VKBC20071 | BAH-0068 D,Versión: Ford Mondeo 3.0 V6 St220 2007/2008 | Ubicación: DELANTERO
DAYCO,KWD1064,Rodamiento de rueda,RODAMIENTO,FORD,ORION,1993 -> 1998,Versión: 1.6I | Motor: AP 1.8 (LPA/LP1) | Combustible: NAFTA | SKF I: VKBA 4501 | SKF II: VKBA 4501 | Ubicación: DELANTERO | ABS: C/ABS,VKBA 4501 | VKBA 4501,,https://www.dayco.com/la-es/catalog/?search=KWD1064,Rueda,WHEEL BEARING KIT,,AP 1.8 (LPA/LP1),,,DELANTERO,C/ABS,VKBA 4501 | VKBA 4501,Versión: 1.6I | Motor: AP 1.8 (LPA/LP1) | Combustible: NAFTA | Ubicación: DELANTERO | ABS: C/ABS
DAYCO,KWD1064,Rodamiento de rueda,RODAMIENTO,FORD,ORION,1994 -> 1997,Versión: 1.8I | Motor: AUDI 327 UD | Combustible: NAFTA | SKF I: VKBA 4501 | SKF II: VKBA 4501 | Ubicación: DELANTERO | ABS: C/ABS,VKBA 4501 | VKBA 4501,,https://www.dayco.com/la-es/catalog/?search=KWD1064,Rueda,WHEEL BEARING KIT,,AUDI 327 UD,,,DELANTERO,C/ABS,VKBA 4501 | VKBA 4501,Versión: 1.8I | Motor: AUDI 327 UD | Combustible: NAFTA | Ubicación: DELANTERO | ABS: C/ABS
DAYCO,KWD1064,Rodamiento de rueda,RODAMIENTO,FORD,ORION,1994 -> 1997,Versión: 2.0I | Motor: AP 2.0I (ULB) | Combustible: NAFTA | SKF I: VKBA 4501 | SKF II: VKBA 4501 | Ubicación: DELANTERO | ABS: C/ABS,VKBA 4501 | VKBA 4501,,https://www.dayco.com/la-es/catalog/?search=KWD1064,Rueda,WHEEL BEARING KIT,,AP 2.0I (ULB),,,DELANTERO,C/ABS,VKBA 4501 | VKBA 4501,Versión: 2.0I | Motor: AP 2.0I (ULB) | Combustible: NAFTA | Ubicación: DELANTERO | ABS: C/ABS
DAYCO,KWD1633,Rodamiento de rueda,RODAMIENTO,FORD,ORION,1993 -> 1998,Versión: 1.6I | Motor: AP 1.8 (LPA/LP1) | Combustible: NAFTA | SKF I: VKBA 4533 | SKF II: TRASERO | Ubicación: S/ABS | ABS: S/ABS,VKBA 4533 | TRASERO,,https://www.dayco.com/la-es/catalog/?search=KWD1633,Rueda,WHEEL BEARING KIT,,AP 1.8 (LPA/LP1),,,S/ABS,S/ABS,VKBA 4533 | TRASERO,Versión: 1.6I | Motor: AP 1.8 (LPA/LP1) | Combustible: NAFTA | Ubicación: S/ABS | ABS: S/ABS
DAYCO,KWD1633,Rodamiento de rueda,RODAMIENTO,FORD,ORION,1994 -> 1997,Versión: 1.8I | Motor: AUDI 327 UD | Combustible: NAFTA | SKF I: VKBA 4533 | SKF II: TRASERO | Ubicación: S/ABS | ABS: S/ABS,VKBA 4533 | TRASERO,,https://www.dayco.com/la-es/catalog/?search=KWD1633,Rueda,WHEEL BEARING KIT,,AUDI 327 UD,,,S/ABS,S/ABS,VKBA 4533 | TRASERO,Versión: 1.8I | Motor: AUDI 327 UD | Combustible: NAFTA | Ubicación: S/ABS | ABS: S/ABS
DAYCO,KWD1633,Rodamiento de rueda,RODAMIENTO,FORD,ORION,1994 -> 1997,Versión: 2.0I | Motor: AP 2.0I (ULB) | Combustible: NAFTA | SKF I: VKBA 4533 | SKF II: TRASERO | Ubicación: S/ABS | ABS: S/ABS,VKBA 4533 | TRASERO,,https://www.dayco.com/la-es/catalog/?search=KWD1633,Rueda,WHEEL BEARING KIT,,AP 2.0I (ULB),,,S/ABS,S/ABS,VKBA 4533 | TRASERO,Versión: 2.0I | Motor: AP 2.0I (ULB) | Combustible: NAFTA | Ubicación: S/ABS | ABS: S/ABS
DAYCO,KWD1500,Rodamiento de rueda,RODAMIENTO,FORD,RANGER,8-2009 -> 11-2012 BR930343,Versión: 3.0 TDI | Motor: NGD3.0E POWER STROKE 3.0E | Combustible: DIESEL | SKF I: BR930343 | SKF II: DELANTERO | Ubicación: C/ABS | ABS: C/ABS,BR930343 | DELANTERO,,https://www.dayco.com/la-es/catalog/?search=KWD1500,Rueda,WHEEL BEARING KIT,,NGD3.0E POWER STROKE 3.0E,,,C/ABS,C/ABS,BR930343 | DELANTERO,Versión: 3.0 TDI | Motor: NGD3.0E POWER STROKE 3.0E | Combustible: DIESEL | Ubicación: C/ABS | ABS: C/ABS
DAYCO,KWD1500,Rodamiento de rueda,RODAMIENTO,FORD,RANGER,5-2001 -> 3-2004,Versión: 2.8 TDI | Motor: POWER STROKE TGV | Combustible: DIESEL | SKF I: BR930343 | SKF II: BR930343 | Ubicación: DELANTERO | ABS: C/ABS,BR930343 | BR930343,,https://www.dayco.com/la-es/catalog/?search=KWD1500,Rueda,WHEEL BEARING KIT,,POWER STROKE TGV,,,DELANTERO,C/ABS,BR930343 | BR930343,Versión: 2.8 TDI | Motor: POWER STROKE TGV | Combustible: DIESEL | Ubicación: DELANTERO | ABS: C/ABS
DAYCO,KWD1147,Rodamiento de rueda,RODAMIENTO,HYUNDAI,ACCENT ATOS,,SKF I: BAHB 636193 C | SKF II: VKBA 3907 | Ubicación: DELANTERO,BAHB 636193 C | VKBA 3907,,https://www.dayco.com/la-es/catalog/?search=KWD1147,Rueda,WHEEL BEARING KIT,,,,,DELANTERO,,BAHB 636193 C | VKBA 3907,Ubicación: DELANTERO
DAYCO,KWD1007,Rodamiento de rueda,RODAMIENTO,NISSAN,MARCH,1-2012 -> 8-2015,Versión: 1.6 16V | Motor: HR16DE | Combustible: NAFTA | SKF I: BAH-0191 | SKF II: VKBA 3637 | Ubicación: DELANTERO | ABS: C/ABS,BAH-0191 | VKBA 3637,,https://www.dayco.com/la-es/catalog/?search=KWD1007,Rueda,WHEEL BEARING KIT,,HR16DE,,,DELANTERO,C/ABS,BAH-0191 | VKBA 3637,Versión: 1.6 16V | Motor: HR16DE | Combustible: NAFTA | Ubicación: DELANTERO | ABS: C/ABS
DAYCO,KWD1007,Rodamiento de rueda,RODAMIENTO,NISSAN,MARCH,8-2014 -> 8-2015,Versión: 1.6 16V | Motor: HR16DE | Combustible: NAFTA | SKF I: BAH-0191 | SKF II: VKBA 3637 | Ubicación: DELANTERO | ABS: C/ABS,BAH-0191 | VKBA 3637,,https://www.dayco.com/la-es/catalog/?search=KWD1007,Rueda,WHEEL BEARING KIT,,HR16DE,,,DELANTERO,C/ABS,BAH-0191 | VKBA 3637,Versión: 1.6 16V | Motor: HR16DE | Combustible: NAFTA | Ubicación: DELANTERO | ABS: C/ABS
DAYCO,KWD1007,Rodamiento de rueda,RODAMIENTO,NISSAN,MARCH,2-2016 -> 12-2023 BAH-0191,Versión: 1.6 16V MT | Motor: HR16DE | Combustible: NAFTA | SKF I: VKBA 3637 | SKF II: DELANTERO | Ubicación: C/ABS | ABS: C/ABS,VKBA 3637 | DELANTERO,,https://www.dayco.com/la-es/catalog/?search=KWD1007,Rueda,WHEEL BEARING KIT,,HR16DE,,,C/ABS,C/ABS,VKBA 3637 | DELANTERO,Versión: 1.6 16V MT | Motor: HR16DE | Combustible: NAFTA | Ubicación: C/ABS | ABS: C/ABS
DAYCO,KWD1007,Rodamiento de rueda,RODAMIENTO,NISSAN,MARCH,2-2016 -> 10-2022 BAH-0191,Versión: 1.6 16V AT | Motor: HR16DE | Combustible: NAFTA | SKF I: VKBA 3637 | SKF II: DELANTERO | Ubicación: C/ABS | ABS: C/ABS,VKBA 3637 | DELANTERO,,https://www.dayco.com/la-es/catalog/?search=KWD1007,Rueda,WHEEL BEARING KIT,,HR16DE,,,C/ABS,C/ABS,VKBA 3637 | DELANTERO,Versión: 1.6 16V AT | Motor: HR16DE | Combustible: NAFTA | Ubicación: C/ABS | ABS: C/ABS
DAYCO,KWD1007,Rodamiento de rueda,RODAMIENTO,NISSAN,VERSA,6-2013 -> 8-2016,Versión: 1.6 16V AT | Motor: HR16DE | Combustible: NAFTA | SKF I: BAH-0191 | SKF II: VKBA 3637 | Ubicación: DELANTERO | ABS: C/ABS,BAH-0191 | VKBA 3637,,https://www.dayco.com/la-es/catalog/?search=KWD1007,Rueda,WHEEL BEARING KIT,,HR16DE,,,DELANTERO,C/ABS,BAH-0191 | VKBA 3637,Versión: 1.6 16V AT | Motor: HR16DE | Combustible: NAFTA | Ubicación: DELANTERO | ABS: C/ABS
DAYCO,KWD1007,Rodamiento de rueda,RODAMIENTO,NISSAN,VERSA,12-2016 -> 12-2023 BAH-0191,Versión: 1.6 16V MT | Motor: HR16DE | Combustible: NAFTA | SKF I: VKBA 3637 | SKF II: DELANTERO | Ubicación: C/ABS | ABS: C/ABS,VKBA 3637 | DELANTERO,,https://www.dayco.com/la-es/catalog/?search=KWD1007,Rueda,WHEEL BEARING KIT,,HR16DE,,,C/ABS,C/ABS,VKBA 3637 | DELANTERO,Versión: 1.6 16V MT | Motor: HR16DE | Combustible: NAFTA | Ubicación: C/ABS | ABS: C/ABS
DAYCO,KWD1007,Rodamiento de rueda,RODAMIENTO,NISSAN,VERSA,3-2017 -> 12-2023 BAH-0191,Versión: 1.6 16V CVT | Motor: HR16DE | Combustible: NAFTA | SKF I: VKBA 3637 | SKF II: DELANTERO | Ubicación: C/ABS | ABS: C/ABS,VKBA 3637 | DELANTERO,,https://www.dayco.com/la-es/catalog/?search=KWD1007,Rueda,WHEEL BEARING KIT,,HR16DE,,,C/ABS,C/ABS,VKBA 3637 | DELANTERO,Versión: 1.6 16V CVT | Motor: HR16DE | Combustible: NAFTA | Ubicación: C/ABS | ABS: C/ABS
DAYCO,KWD1025,Rodamiento de rueda,RODAMIENTO,PEUGEOT,106 1.5D,VKBC 20013,Versión: TUD5/L/Y/L3 (VJZ) | Motor: DIESEL | Combustible: 2-1999 -> 10-2002 BAH-0051 | SKF I: DELANTERO | SKF II: C/ABS | ABS: C/ABS,DELANTERO | C/ABS,,https://www.dayco.com/la-es/catalog/?search=KWD1025,Rueda,WHEEL BEARING KIT,,DIESEL,,,,C/ABS,DELANTERO | C/ABS,Versión: TUD5/L/Y/L3 (VJZ) | Motor: DIESEL | Combustible: 2-1999 -> 10-2002 BAH-0051 | ABS: C/ABS
DAYCO,KWD1094,Rodamiento de rueda,RODAMIENTO,PEUGEOT,206 2.0 16V,BT2B 445539 / VKBC 20212,Versión: EW10J4 (RFN) | Motor: NAFTA | Combustible: 2001 -> 2009 | SKF I: VKBA 3525 | Ubicación: TRASERO,VKBA 3525,,https://www.dayco.com/la-es/catalog/?search=KWD1094,Rueda,WHEEL BEARING KIT,,NAFTA,,,TRASERO,,VKBA 3525,Versión: EW10J4 (RFN) | Motor: NAFTA | Combustible: 2001 -> 2009 | Ubicación: TRASERO
DAYCO,KWD1094,Rodamiento de rueda,RODAMIENTO,PEUGEOT,206 1.4I,BT2B 445539 / VKBC 20212,Versión: TU3JP (KFW) | Motor: NAFTA | Combustible: 2001 -> 2013 | SKF I: VKBA 3525 | Ubicación: TRASERO,VKBA 3525,,https://www.dayco.com/la-es/catalog/?search=KWD1094,Rueda,WHEEL BEARING KIT,,NAFTA,,,TRASERO,,VKBA 3525,Versión: TU3JP (KFW) | Motor: NAFTA | Combustible: 2001 -> 2013 | Ubicación: TRASERO
DAYCO,KWD1094,Rodamiento de rueda,RODAMIENTO,PEUGEOT,206 1.6 16V,BT2B 445539 / VKBC 20212,Versión: TU5J4 (NFU) | Motor: NAFTA | Combustible: 2002 -> 2009 | SKF I: VKBA 3525 | Ubicación: TRASERO,VKBA 3525,,https://www.dayco.com/la-es/catalog/?search=KWD1094,Rueda,WHEEL BEARING KIT,,NAFTA,,,TRASERO,,VKBA 3525,Versión: TU5J4 (NFU) | Motor: NAFTA | Combustible: 2002 -> 2009 | Ubicación: TRASERO
DAYCO,KWD1094,Rodamiento de rueda,RODAMIENTO,PEUGEOT,206 1.6 8V,BT2B 445539 / VKBC 20212,Versión: TU5JP (NZF) | Motor: NAFTA | Combustible: 1999 -> 2003 | SKF I: VKBA 3525 | Ubicación: TRASERO,VKBA 3525,,https://www.dayco.com/la-es/catalog/?search=KWD1094,Rueda,WHEEL BEARING KIT,,NAFTA,,,TRASERO,,VKBA 3525,Versión: TU5JP (NZF) | Motor: NAFTA | Combustible: 1999 -> 2003 | Ubicación: TRASERO
DAYCO,KWD1094,Rodamiento de rueda,RODAMIENTO,PEUGEOT,206 1.9D,BT2B 445539 / VKBC 20212,Versión: DW8/L3 (WJZ) | Motor: DIESEL | Combustible: 1999 -> 2009 | SKF I: VKBA 3525 | Ubicación: TRASERO,VKBA 3525,,https://www.dayco.com/la-es/catalog/?search=KWD1094,Rueda,WHEEL BEARING KIT,,DIESEL,,,TRASERO,,VKBA 3525,Versión: DW8/L3 (WJZ) | Motor: DIESEL | Combustible: 1999 -> 2009 | Ubicación: TRASERO
DAYCO,KWD1094,Rodamiento de rueda,RODAMIENTO,PEUGEOT,206 2.0 HDI,BT2B 445539 / VKBC 20212,Versión: DW10TD (RHY) | Motor: DIESEL | Combustible: 2000 -> 2009 | SKF I: VKBA 3525 | Ubicación: TRASERO,VKBA 3525,,https://www.dayco.com/la-es/catalog/?search=KWD1094,Rueda,WHEEL BEARING KIT,,DIESEL,,,TRASERO,,VKBA 3525,Versión: DW10TD (RHY) | Motor: DIESEL | Combustible: 2000 -> 2009 | Ubicación: TRASERO
DAYCO,KWD1094,Rodamiento de rueda,RODAMIENTO,PEUGEOT,206 2.0 GTI,BT2B 445539 / VKBC 20212,Versión: EW10J4 (RFR) | Motor: NAFTA | Combustible: 2003 -> 2006 | SKF I: VKBA 3525 | Ubicación: TRASERO,VKBA 3525,,https://www.dayco.com/la-es/catalog/?search=KWD1094,Rueda,WHEEL BEARING KIT,,NAFTA,,,TRASERO,,VKBA 3525,Versión: EW10J4 (RFR) | Motor: NAFTA | Combustible: 2003 -> 2006 | Ubicación: TRASERO
DAYCO,KWD1094,Rodamiento de rueda,RODAMIENTO,PEUGEOT,206 2.0 GTI 180 CV,BT2B 445539 / VKBC 20212,Versión: EW10J4S | Motor: NAFTA | Combustible: 2003 -> 2006 | SKF I: VKBA 3525 | Ubicación: TRASERO,VKBA 3525,,https://www.dayco.com/la-es/catalog/?search=KWD1094,Rueda,WHEEL BEARING KIT,,NAFTA,,,TRASERO,,VKBA 3525,Versión: EW10J4S | Motor: NAFTA | Combustible: 2003 -> 2006 | Ubicación: TRASERO
DAYCO,KWD1094,Rodamiento de rueda,RODAMIENTO,PEUGEOT,206 2.0 RC,BT2B 445539 / VKBC 20212,Versión: EW10J4S | Motor: NAFTA | Combustible: 2005 -> 2006 | SKF I: VKBA 3525 | Ubicación: TRASERO,VKBA 3525,,https://www.dayco.com/la-es/catalog/?search=KWD1094,Rueda,WHEEL BEARING KIT,,NAFTA,,,TRASERO,,VKBA 3525,Versión: EW10J4S | Motor: NAFTA | Combustible: 2005 -> 2006 | Ubicación: TRASERO
DAYCO,KWD1025,Rodamiento de rueda,RODAMIENTO,PEUGEOT,206 1.4 8V,VKBC 20013,Versión: NAFTA | Motor: - | Combustible: BAH-0051 | SKF I: DELANTERO | SKF II: C/ABS | ABS: C/ABS,DELANTERO | C/ABS,,https://www.dayco.com/la-es/catalog/?search=KWD1025,Rueda,WHEEL BEARING KIT,,-,,,,C/ABS,DELANTERO | C/ABS,Versión: NAFTA | Motor: - | Combustible: BAH-0051 | ABS: C/ABS
DAYCO,KWD1025,Rodamiento de rueda,RODAMIENTO,PEUGEOT,206 1.6 8V,VKBC 20013,Versión: NAFTA | Motor: - | Combustible: BAH-0051 | SKF I: DELANTERO | SKF II: C/ABS | ABS: C/ABS,DELANTERO | C/ABS,,https://www.dayco.com/la-es/catalog/?search=KWD1025,Rueda,WHEEL BEARING KIT,,-,,,,C/ABS,DELANTERO | C/ABS,Versión: NAFTA | Motor: - | Combustible: BAH-0051 | ABS: C/ABS
DAYCO,KWD1025,Rodamiento de rueda,RODAMIENTO,PEUGEOT,206 1.6 16V,VKBC 20013,Versión: NAFTA | Motor: - | Combustible: BAH-0051 | SKF I: DELANTERO | SKF II: C/ABS | ABS: C/ABS,DELANTERO | C/ABS,,https://www.dayco.com/la-es/catalog/?search=KWD1025,Rueda,WHEEL BEARING KIT,,-,,,,C/ABS,DELANTERO | C/ABS,Versión: NAFTA | Motor: - | Combustible: BAH-0051 | ABS: C/ABS
DAYCO,KWD1025,Rodamiento de rueda,RODAMIENTO,PEUGEOT,206 2.0 HDI,VKBC 20013,Versión: DIESEL | Motor: - | Combustible: BAH-0051 | SKF I: DELANTERO | SKF II: C/ABS | ABS: C/ABS,DELANTERO | C/ABS,,https://www.dayco.com/la-es/catalog/?search=KWD1025,Rueda,WHEEL BEARING KIT,,-,,,,C/ABS,DELANTERO | C/ABS,Versión: DIESEL | Motor: - | Combustible: BAH-0051 | ABS: C/ABS
DAYCO,KWD1014,Rodamiento de rueda,RODAMIENTO,PEUGEOT,206 2.0 16V,BAH-0185,Versión: EW10J4 (RFN) | Motor: NAFTA | Combustible: 1-2001 -> 11-2009 | SKF I: VKBC 20010 | SKF II: DELANTERO | Ubicación: C/ABS | ABS: C/ABS,VKBC 20010 | DELANTERO,,https://www.dayco.com/la-es/catalog/?search=KWD1014,Rueda,WHEEL BEARING KIT,,NAFTA,,,C/ABS,C/ABS,VKBC 20010 | DELANTERO,Versión: EW10J4 (RFN) | Motor: NAFTA | Combustible: 1-2001 -> 11-2009 | Ubicación: C/ABS | ABS: C/ABS
DAYCO,KWD1014,Rodamiento de rueda,RODAMIENTO,PEUGEOT,206 1.4I,BAH-0185,Versión: TU3JP (KFW) | Motor: NAFTA | Combustible: 1-2001 -> 12-2013 | SKF I: VKBC 20010 | SKF II: DELANTERO | Ubicación: C/ABS | ABS: C/ABS,VKBC 20010 | DELANTERO,,https://www.dayco.com/la-es/catalog/?search=KWD1014,Rueda,WHEEL BEARING KIT,,NAFTA,,,C/ABS,C/ABS,VKBC 20010 | DELANTERO,Versión: TU3JP (KFW) | Motor: NAFTA | Combustible: 1-2001 -> 12-2013 | Ubicación: C/ABS | ABS: C/ABS
DAYCO,KWD1014,Rodamiento de rueda,RODAMIENTO,PEUGEOT,206 1.6 16V,BAH-0185,Versión: TU5J4 (NFU) | Motor: NAFTA | Combustible: 2-2002 -> 9-2009 | SKF I: VKBC 20010 | SKF II: DELANTERO | Ubicación: C/ABS | ABS: C/ABS,VKBC 20010 | DELANTERO,,https://www.dayco.com/la-es/catalog/?search=KWD1014,Rueda,WHEEL BEARING KIT,,NAFTA,,,C/ABS,C/ABS,VKBC 20010 | DELANTERO,Versión: TU5J4 (NFU) | Motor: NAFTA | Combustible: 2-2002 -> 9-2009 | Ubicación: C/ABS | ABS: C/ABS
DAYCO,KWD1014,Rodamiento de rueda,RODAMIENTO,PEUGEOT,206 1.6 8V,BAH-0185,Versión: TU5JP (NZF) | Motor: NAFTA | Combustible: 5-1999 -> 10-2003 | SKF I: VKBC 20010 | SKF II: DELANTERO | Ubicación: C/ABS | ABS: C/ABS,VKBC 20010 | DELANTERO,,https://www.dayco.com/la-es/catalog/?search=KWD1014,Rueda,WHEEL BEARING KIT,,NAFTA,,,C/ABS,C/ABS,VKBC 20010 | DELANTERO,Versión: TU5JP (NZF) | Motor: NAFTA | Combustible: 5-1999 -> 10-2003 | Ubicación: C/ABS | ABS: C/ABS
DAYCO,KWD1014,Rodamiento de rueda,RODAMIENTO,PEUGEOT,206 1.9D,BAH-0185,Versión: DW8/L3 (WJZ) | Motor: DIESEL | Combustible: 5-1999 -> 9-2009 | SKF I: VKBC 20010 | SKF II: DELANTERO | Ubicación: C/ABS | ABS: C/ABS,VKBC 20010 | DELANTERO,,https://www.dayco.com/la-es/catalog/?search=KWD1014,Rueda,WHEEL BEARING KIT,,DIESEL,,,C/ABS,C/ABS,VKBC 20010 | DELANTERO,Versión: DW8/L3 (WJZ) | Motor: DIESEL | Combustible: 5-1999 -> 9-2009 | Ubicación: C/ABS | ABS: C/ABS
DAYCO,KWD1014,Rodamiento de rueda,RODAMIENTO,PEUGEOT,206 2.0 HDI,BAH-0185,Versión: DW10TD (RHY) | Motor: DIESEL | Combustible: 5-2000 -> 9-2009 | SKF I: VKBC 20010 | SKF II: DELANTERO | Ubicación: C/ABS | ABS: C/ABS,VKBC 20010 | DELANTERO,,https://www.dayco.com/la-es/catalog/?search=KWD1014,Rueda,WHEEL BEARING KIT,,DIESEL,,,C/ABS,C/ABS,VKBC 20010 | DELANTERO,Versión: DW10TD (RHY) | Motor: DIESEL | Combustible: 5-2000 -> 9-2009 | Ubicación: C/ABS | ABS: C/ABS
DAYCO,KWD1014,Rodamiento de rueda,RODAMIENTO,PEUGEOT,206 2.0 GTI,BAH-0185,Versión: EW10J4 (RFR) | Motor: NAFTA | Combustible: 10-2003 -> 7-2006 | SKF I: VKBC 20010 | SKF II: DELANTERO | Ubicación: C/ABS | ABS: C/ABS,VKBC 20010 | DELANTERO,,https://www.dayco.com/la-es/catalog/?search=KWD1014,Rueda,WHEEL BEARING KIT,,NAFTA,,,C/ABS,C/ABS,VKBC 20010 | DELANTERO,Versión: EW10J4 (RFR) | Motor: NAFTA | Combustible: 10-2003 -> 7-2006 | Ubicación: C/ABS | ABS: C/ABS
DAYCO,KWD1014,Rodamiento de rueda,RODAMIENTO,PEUGEOT,206 2.0 GTI 180 CV,BAH-0185,Versión: EW10J4S | Motor: NAFTA | Combustible: 10-2003 -> 7-2006 | SKF I: VKBC 20010 | SKF II: DELANTERO | Ubicación: C/ABS | ABS: C/ABS,VKBC 20010 | DELANTERO,,https://www.dayco.com/la-es/catalog/?search=KWD1014,Rueda,WHEEL BEARING KIT,,NAFTA,,,C/ABS,C/ABS,VKBC 20010 | DELANTERO,Versión: EW10J4S | Motor: NAFTA | Combustible: 10-2003 -> 7-2006 | Ubicación: C/ABS | ABS: C/ABS
DAYCO,KWD1014,Rodamiento de rueda,RODAMIENTO,PEUGEOT,206 2.0 RC,BAH-0185,Versión: EW10J4S | Motor: NAFTA | Combustible: 10-2005 -> 11-2006 | SKF I: VKBC 20010 | SKF II: DELANTERO | Ubicación: C/ABS | ABS: C/ABS,VKBC 20010 | DELANTERO,,https://www.dayco.com/la-es/catalog/?search=KWD1014,Rueda,WHEEL BEARING KIT,,NAFTA,,,C/ABS,C/ABS,VKBC 20010 | DELANTERO,Versión: EW10J4S | Motor: NAFTA | Combustible: 10-2005 -> 11-2006 | Ubicación: C/ABS | ABS: C/ABS
DAYCO,KWD1178,Rodamiento de rueda,RODAMIENTO,PEUGEOT,207 1.6 THP 175CV,VKBA 3585,Versión: EP6DTS | Motor: NAFTA | Combustible: 2009 -> 2012 | SKF I: BAF-0068 D | Ubicación: TRASERO,BAF-0068 D,,https://www.dayco.com/la-es/catalog/?search=KWD1178,Rueda,WHEEL BEARING KIT,,NAFTA,,,TRASERO,,BAF-0068 D,Versión: EP6DTS | Motor: NAFTA | Combustible: 2009 -> 2012 | Ubicación: TRASERO
DAYCO,KWD1178,Rodamiento de rueda,RODAMIENTO,PEUGEOT,207 1.6 THP 156CV,VKBA 3585,Versión: EP6CDT | Motor: NAFTA | Combustible: 2010 -> 2015 | SKF I: BAF-0068 D | Ubicación: TRASERO,BAF-0068 D,,https://www.dayco.com/la-es/catalog/?search=KWD1178,Rueda,WHEEL BEARING KIT,,NAFTA,,,TRASERO,,BAF-0068 D,Versión: EP6CDT | Motor: NAFTA | Combustible: 2010 -> 2015 | Ubicación: TRASERO
DAYCO,KWD1178,Rodamiento de rueda,RODAMIENTO,PEUGEOT,207 1.6 THP 150CV,VKBA 3585,Versión: EP6DTS | Motor: NAFTA | Combustible: 2008 -> 2012 | SKF I: BAF-0068 D | Ubicación: TRASERO,BAF-0068 D,,https://www.dayco.com/la-es/catalog/?search=KWD1178,Rueda,WHEEL BEARING KIT,,NAFTA,,,TRASERO,,BAF-0068 D,Versión: EP6DTS | Motor: NAFTA | Combustible: 2008 -> 2012 | Ubicación: TRASERO
DAYCO,KWD1094,Rodamiento de rueda,RODAMIENTO,PEUGEOT,207 1.4I,BT2B 445539 / VKBC 20212,Versión: TU3JP (KFW) | Motor: NAFTA | Combustible: 2008 -> 2017 | SKF I: VKBA 3525 | Ubicación: TRASERO,VKBA 3525,,https://www.dayco.com/la-es/catalog/?search=KWD1094,Rueda,WHEEL BEARING KIT,,NAFTA,,,TRASERO,,VKBA 3525,Versión: TU3JP (KFW) | Motor: NAFTA | Combustible: 2008 -> 2017 | Ubicación: TRASERO
DAYCO,KWD1094,Rodamiento de rueda,RODAMIENTO,PEUGEOT,207 1.6 16V,BT2B 445539 / VKBC 20212,Versión: TU5J4 (NFU) | Motor: NAFTA | Combustible: 2008 -> 2013 | SKF I: VKBA 3525 | Ubicación: TRASERO,VKBA 3525,,https://www.dayco.com/la-es/catalog/?search=KWD1094,Rueda,WHEEL BEARING KIT,,NAFTA,,,TRASERO,,VKBA 3525,Versión: TU5J4 (NFU) | Motor: NAFTA | Combustible: 2008 -> 2013 | Ubicación: TRASERO
DAYCO,KWD1094,Rodamiento de rueda,RODAMIENTO,PEUGEOT,207 1.9D,BT2B 445539 / VKBC 20212,Versión: DW8/L3 (WJZ) | Motor: DIESEL | Combustible: 2008 -> 2009 | SKF I: VKBA 3525 | Ubicación: TRASERO,VKBA 3525,,https://www.dayco.com/la-es/catalog/?search=KWD1094,Rueda,WHEEL BEARING KIT,,DIESEL,,,TRASERO,,VKBA 3525,Versión: DW8/L3 (WJZ) | Motor: DIESEL | Combustible: 2008 -> 2009 | Ubicación: TRASERO
DAYCO,KWD1094,Rodamiento de rueda,RODAMIENTO,PEUGEOT,207 1.9D,BT2B 445539 / VKBC 20212,Versión: DW8/B | Motor: DIESEL | Combustible: 2008 -> 2012 | SKF I: VKBA 3525 | Ubicación: TRASERO,VKBA 3525,,https://www.dayco.com/la-es/catalog/?search=KWD1094,Rueda,WHEEL BEARING KIT,,DIESEL,,,TRASERO,,VKBA 3525,Versión: DW8/B | Motor: DIESEL | Combustible: 2008 -> 2012 | Ubicación: TRASERO
DAYCO,KWD1094,Rodamiento de rueda,RODAMIENTO,PEUGEOT,207 2.0 HDI,BT2B 445539 / VKBC 20212,Versión: DW10TD (RHY) | Motor: DIESEL | Combustible: 2008 -> 2011 | SKF I: VKBA 3525 | Ubicación: TRASERO,VKBA 3525,,https://www.dayco.com/la-es/catalog/?search=KWD1094,Rueda,WHEEL BEARING KIT,,DIESEL,,,TRASERO,,VKBA 3525,Versión: DW10TD (RHY) | Motor: DIESEL | Combustible: 2008 -> 2011 | Ubicación: TRASERO
DAYCO,KWD1094,Rodamiento de rueda,RODAMIENTO,PEUGEOT,207 1.6,BT2B 445539 / VKBC 20212,Versión: 5EW | Motor: NAFTA | Combustible: 2008 -> 2012 | SKF I: VKBA 3525 | Ubicación: TRASERO,VKBA 3525,,https://www.dayco.com/la-es/catalog/?search=KWD1094,Rueda,WHEEL BEARING KIT,,NAFTA,,,TRASERO,,VKBA 3525,Versión: 5EW | Motor: NAFTA | Combustible: 2008 -> 2012 | Ubicación: TRASERO
DAYCO,KWD1094,Rodamiento de rueda,RODAMIENTO,PEUGEOT,207 1.6 THP 150CV,BT2B 445539 / VKBC 20212,Versión: EP6DTS | Motor: NAFTA | Combustible: 2008 -> 2012 | SKF I: VKBA 3525 | Ubicación: TRASERO,VKBA 3525,,https://www.dayco.com/la-es/catalog/?search=KWD1094,Rueda,WHEEL BEARING KIT,,NAFTA,,,TRASERO,,VKBA 3525,Versión: EP6DTS | Motor: NAFTA | Combustible: 2008 -> 2012 | Ubicación: TRASERO
DAYCO,KWD1094,Rodamiento de rueda,RODAMIENTO,PEUGEOT,207 1.6 THP 175CV,BT2B 445539 / VKBC 20212,Versión: EP6DTS | Motor: NAFTA | Combustible: 2009 -> 2012 | SKF I: VKBA 3525 | Ubicación: TRASERO,VKBA 3525,,https://www.dayco.com/la-es/catalog/?search=KWD1094,Rueda,WHEEL BEARING KIT,,NAFTA,,,TRASERO,,VKBA 3525,Versión: EP6DTS | Motor: NAFTA | Combustible: 2009 -> 2012 | Ubicación: TRASERO
DAYCO,KWD1094,Rodamiento de rueda,RODAMIENTO,PEUGEOT,207 1.4 HDI,BT2B 445539 / VKBC 20212,Versión: DV4TD | Motor: DIESEL | Combustible: 2011 -> 2017 | SKF I: VKBA 3525 | Ubicación: TRASERO,VKBA 3525,,https://www.dayco.com/la-es/catalog/?search=KWD1094,Rueda,WHEEL BEARING KIT,,DIESEL,,,TRASERO,,VKBA 3525,Versión: DV4TD | Motor: DIESEL | Combustible: 2011 -> 2017 | Ubicación: TRASERO
DAYCO,KWD1094,Rodamiento de rueda,RODAMIENTO,PEUGEOT,207 1.6 THP 156CV,BT2B 445539 / VKBC 20212,Versión: EP6CDT | Motor: NAFTA | Combustible: 2010 -> 2015 | SKF I: VKBA 3525 | Ubicación: TRASERO,VKBA 3525,,https://www.dayco.com/la-es/catalog/?search=KWD1094,Rueda,WHEEL BEARING KIT,,NAFTA,,,TRASERO,,VKBA 3525,Versión: EP6CDT | Motor: NAFTA | Combustible: 2010 -> 2015 | Ubicación: TRASERO
DAYCO,KWD1025,Rodamiento de rueda,RODAMIENTO,PEUGEOT,207 1.4 8V,VKBC 20013,Versión: NAFTA | Motor: - | Combustible: BAH-0051 | SKF I: DELANTERO | SKF II: C/ABS | ABS: C/ABS,DELANTERO | C/ABS,,https://www.dayco.com/la-es/catalog/?search=KWD1025,Rueda,WHEEL BEARING KIT,,-,,,,C/ABS,DELANTERO | C/ABS,Versión: NAFTA | Motor: - | Combustible: BAH-0051 | ABS: C/ABS
DAYCO,KWD1003,Rodamiento de rueda,RODAMIENTO,PEUGEOT,207 1.4I,BAH-0186,Versión: TU3JP (KFW) | Motor: NAFTA | Combustible: 11-2008 -> 4-2017 | SKF I: VKBC 20011 | SKF II: DELANTERO | Ubicación: C/ABS | ABS: C/ABS,VKBC 20011 | DELANTERO,,https://www.dayco.com/la-es/catalog/?search=KWD1003,Rueda,WHEEL BEARING KIT,,NAFTA,,,C/ABS,C/ABS,VKBC 20011 | DELANTERO,Versión: TU3JP (KFW) | Motor: NAFTA | Combustible: 11-2008 -> 4-2017 | Ubicación: C/ABS | ABS: C/ABS
DAYCO,KWD1003,Rodamiento de rueda,RODAMIENTO,PEUGEOT,207 1.6 16V,BAH-0186,Versión: TU5J4 (NFU) | Motor: NAFTA | Combustible: 11-2008 -> 10-2013 | SKF I: VKBC 20011 | SKF II: DELANTERO | Ubicación: C/ABS | ABS: C/ABS,VKBC 20011 | DELANTERO,,https://www.dayco.com/la-es/catalog/?search=KWD1003,Rueda,WHEEL BEARING KIT,,NAFTA,,,C/ABS,C/ABS,VKBC 20011 | DELANTERO,Versión: TU5J4 (NFU) | Motor: NAFTA | Combustible: 11-2008 -> 10-2013 | Ubicación: C/ABS | ABS: C/ABS
DAYCO,KWD1003,Rodamiento de rueda,RODAMIENTO,PEUGEOT,207 1.9D,BAH-0186,Versión: DW8/L3 (WJZ) | Motor: DIESEL | Combustible: 11-2008 -> 1-2009 | SKF I: VKBC 20011 | SKF II: DELANTERO | Ubicación: C/ABS | ABS: C/ABS,VKBC 20011 | DELANTERO,,https://www.dayco.com/la-es/catalog/?search=KWD1003,Rueda,WHEEL BEARING KIT,,DIESEL,,,C/ABS,C/ABS,VKBC 20011 | DELANTERO,Versión: DW8/L3 (WJZ) | Motor: DIESEL | Combustible: 11-2008 -> 1-2009 | Ubicación: C/ABS | ABS: C/ABS
DAYCO,KWD1003,Rodamiento de rueda,RODAMIENTO,PEUGEOT,207 1.9D,BAH-0186,Versión: DW8/B | Motor: DIESEL | Combustible: 11-2008 -> 11-2012 | SKF I: VKBC 20011 | SKF II: DELANTERO | Ubicación: C/ABS | ABS: C/ABS,VKBC 20011 | DELANTERO,,https://www.dayco.com/la-es/catalog/?search=KWD1003,Rueda,WHEEL BEARING KIT,,DIESEL,,,C/ABS,C/ABS,VKBC 20011 | DELANTERO,Versión: DW8/B | Motor: DIESEL | Combustible: 11-2008 -> 11-2012 | Ubicación: C/ABS | ABS: C/ABS
DAYCO,KWD1003,Rodamiento de rueda,RODAMIENTO,PEUGEOT,207 2.0 HDI,BAH-0186,Versión: DW10TD (RHY) | Motor: DIESEL | Combustible: 11-2008 -> 10-2011 | SKF I: VKBC 20011 | SKF II: DELANTERO | Ubicación: C/ABS | ABS: C/ABS,VKBC 20011 | DELANTERO,,https://www.dayco.com/la-es/catalog/?search=KWD1003,Rueda,WHEEL BEARING KIT,,DIESEL,,,C/ABS,C/ABS,VKBC 20011 | DELANTERO,Versión: DW10TD (RHY) | Motor: DIESEL | Combustible: 11-2008 -> 10-2011 | Ubicación: C/ABS | ABS: C/ABS
DAYCO,KWD1003,Rodamiento de rueda,RODAMIENTO,PEUGEOT,207 1.6,BAH-0186,Versión: 5EW | Motor: NAFTA | Combustible: 11-2008 -> 11-2012 | SKF I: VKBC 20011 | SKF II: DELANTERO | Ubicación: C/ABS | ABS: C/ABS,VKBC 20011 | DELANTERO,,https://www.dayco.com/la-es/catalog/?search=KWD1003,Rueda,WHEEL BEARING KIT,,NAFTA,,,C/ABS,C/ABS,VKBC 20011 | DELANTERO,Versión: 5EW | Motor: NAFTA | Combustible: 11-2008 -> 11-2012 | Ubicación: C/ABS | ABS: C/ABS
DAYCO,KWD1022,Rodamiento de rueda,RODAMIENTO,PEUGEOT,207 1.6 THP 175CV,VKBA6544,Versión: EP6DTS | Motor: NAFTA | Combustible: 11-2009 -> 11-2012 | SKF I: VKBA 6544 | SKF II: TRASERO | Ubicación: C/ABS | ABS: C/ABS,VKBA 6544 | TRASERO,,https://www.dayco.com/la-es/catalog/?search=KWD1022,Rueda,WHEEL BEARING KIT,,NAFTA,,,C/ABS,C/ABS,VKBA 6544 | TRASERO,Versión: EP6DTS | Motor: NAFTA | Combustible: 11-2009 -> 11-2012 | Ubicación: C/ABS | ABS: C/ABS
DAYCO,KWD1022,Rodamiento de rueda,RODAMIENTO,PEUGEOT,207 1.6 THP 156CV,VKBA6544,Versión: EP6CDT | Motor: NAFTA | Combustible: 11-2010 -> 3-2015 | SKF I: VKBA 6544 | SKF II: TRASERO | Ubicación: C/ABS | ABS: C/ABS,VKBA 6544 | TRASERO,,https://www.dayco.com/la-es/catalog/?search=KWD1022,Rueda,WHEEL BEARING KIT,,NAFTA,,,C/ABS,C/ABS,VKBA 6544 | TRASERO,Versión: EP6CDT | Motor: NAFTA | Combustible: 11-2010 -> 3-2015 | Ubicación: C/ABS | ABS: C/ABS
DAYCO,KWD1022,Rodamiento de rueda,RODAMIENTO,PEUGEOT,207 1.6 THP 150CV,VKBA6544,Versión: EP6DTS | Motor: NAFTA | Combustible: 11-2008 -> 11-2012 | SKF I: VKBA 6544 | SKF II: TRASERO | Ubicación: C/ABS | ABS: C/ABS,VKBA 6544 | TRASERO,,https://www.dayco.com/la-es/catalog/?search=KWD1022,Rueda,WHEEL BEARING KIT,,NAFTA,,,C/ABS,C/ABS,VKBA 6544 | TRASERO,Versión: EP6DTS | Motor: NAFTA | Combustible: 11-2008 -> 11-2012 | Ubicación: C/ABS | ABS: C/ABS
DAYCO,KWD1014,Rodamiento de rueda,RODAMIENTO,PEUGEOT,207 1.6 THP 175CV,BAH-0185,Versión: EP6DTS | Motor: NAFTA | Combustible: 11-2009 -> 11-2012 | SKF I: VKBC 20010 | SKF II: DELANTERO | Ubicación: C/ABS | ABS: C/ABS,VKBC 20010 | DELANTERO,,https://www.dayco.com/la-es/catalog/?search=KWD1014,Rueda,WHEEL BEARING KIT,,NAFTA,,,C/ABS,C/ABS,VKBC 20010 | DELANTERO,Versión: EP6DTS | Motor: NAFTA | Combustible: 11-2009 -> 11-2012 | Ubicación: C/ABS | ABS: C/ABS
DAYCO,KWD1014,Rodamiento de rueda,RODAMIENTO,PEUGEOT,207 1.6 THP 156CV,BAH-0185,Versión: EP6CDT | Motor: NAFTA | Combustible: 11-2010 -> 3-2015 | SKF I: VKBC 20010 | SKF II: DELANTERO | Ubicación: C/ABS | ABS: C/ABS,VKBC 20010 | DELANTERO,,https://www.dayco.com/la-es/catalog/?search=KWD1014,Rueda,WHEEL BEARING KIT,,NAFTA,,,C/ABS,C/ABS,VKBC 20010 | DELANTERO,Versión: EP6CDT | Motor: NAFTA | Combustible: 11-2010 -> 3-2015 | Ubicación: C/ABS | ABS: C/ABS
DAYCO,KWD1014,Rodamiento de rueda,RODAMIENTO,PEUGEOT,207 1.4 HDI,BAH-0185,Versión: DV4TD | Motor: DIESEL | Combustible: 1-2011 -> 4-2017 | SKF I: VKBC 20010 | SKF II: DELANTERO | Ubicación: C/ABS | ABS: C/ABS,VKBC 20010 | DELANTERO,,https://www.dayco.com/la-es/catalog/?search=KWD1014,Rueda,WHEEL BEARING KIT,,DIESEL,,,C/ABS,C/ABS,VKBC 20010 | DELANTERO,Versión: DV4TD | Motor: DIESEL | Combustible: 1-2011 -> 4-2017 | Ubicación: C/ABS | ABS: C/ABS
DAYCO,KWD1014,Rodamiento de rueda,RODAMIENTO,PEUGEOT,207 1.4I,BAH-0185,Versión: TU3JP (KFW) | Motor: NAFTA | Combustible: 11-2008 -> 4-2017 | SKF I: VKBC 20010 | SKF II: DELANTERO | Ubicación: C/ABS | ABS: C/ABS,VKBC 20010 | DELANTERO,,https://www.dayco.com/la-es/catalog/?search=KWD1014,Rueda,WHEEL BEARING KIT,,NAFTA,,,C/ABS,C/ABS,VKBC 20010 | DELANTERO,Versión: TU3JP (KFW) | Motor: NAFTA | Combustible: 11-2008 -> 4-2017 | Ubicación: C/ABS | ABS: C/ABS
DAYCO,KWD1014,Rodamiento de rueda,RODAMIENTO,PEUGEOT,207 1.6 16V,BAH-0185,Versión: TU5J4 (NFU) | Motor: NAFTA | Combustible: 11-2008 -> 10-2013 | SKF I: VKBC 20010 | SKF II: DELANTERO | Ubicación: C/ABS | ABS: C/ABS,VKBC 20010 | DELANTERO,,https://www.dayco.com/la-es/catalog/?search=KWD1014,Rueda,WHEEL BEARING KIT,,NAFTA,,,C/ABS,C/ABS,VKBC 20010 | DELANTERO,Versión: TU5J4 (NFU) | Motor: NAFTA | Combustible: 11-2008 -> 10-2013 | Ubicación: C/ABS | ABS: C/ABS
DAYCO,KWD1014,Rodamiento de rueda,RODAMIENTO,PEUGEOT,207 1.9D,BAH-0185,Versión: DW8/L3 (WJZ) | Motor: DIESEL | Combustible: 11-2008 -> 1-2009 | SKF I: VKBC 20010 | SKF II: DELANTERO | Ubicación: C/ABS | ABS: C/ABS,VKBC 20010 | DELANTERO,,https://www.dayco.com/la-es/catalog/?search=KWD1014,Rueda,WHEEL BEARING KIT,,DIESEL,,,C/ABS,C/ABS,VKBC 20010 | DELANTERO,Versión: DW8/L3 (WJZ) | Motor: DIESEL | Combustible: 11-2008 -> 1-2009 | Ubicación: C/ABS | ABS: C/ABS
DAYCO,KWD1014,Rodamiento de rueda,RODAMIENTO,PEUGEOT,207 1.9D,BAH-0185,Versión: DW8/B | Motor: DIESEL | Combustible: 11-2008 -> 11-2012 | SKF I: VKBC 20010 | SKF II: DELANTERO | Ubicación: C/ABS | ABS: C/ABS,VKBC 20010 | DELANTERO,,https://www.dayco.com/la-es/catalog/?search=KWD1014,Rueda,WHEEL BEARING KIT,,DIESEL,,,C/ABS,C/ABS,VKBC 20010 | DELANTERO,Versión: DW8/B | Motor: DIESEL | Combustible: 11-2008 -> 11-2012 | Ubicación: C/ABS | ABS: C/ABS
DAYCO,KWD1014,Rodamiento de rueda,RODAMIENTO,PEUGEOT,207 2.0 HDI,BAH-0185,Versión: DW10TD (RHY) | Motor: DIESEL | Combustible: 11-2008 -> 10-2011 | SKF I: VKBC 20010 | SKF II: DELANTERO | Ubicación: C/ABS | ABS: C/ABS,VKBC 20010 | DELANTERO,,https://www.dayco.com/la-es/catalog/?search=KWD1014,Rueda,WHEEL BEARING KIT,,DIESEL,,,C/ABS,C/ABS,VKBC 20010 | DELANTERO,Versión: DW10TD (RHY) | Motor: DIESEL | Combustible: 11-2008 -> 10-2011 | Ubicación: C/ABS | ABS: C/ABS
DAYCO,KWD1014,Rodamiento de rueda,RODAMIENTO,PEUGEOT,207 1.6,BAH-0185,Versión: 5EW | Motor: NAFTA | Combustible: 11-2008 -> 11-2012 | SKF I: VKBC 20010 | SKF II: DELANTERO | Ubicación: C/ABS | ABS: C/ABS,VKBC 20010 | DELANTERO,,https://www.dayco.com/la-es/catalog/?search=KWD1014,Rueda,WHEEL BEARING KIT,,NAFTA,,,C/ABS,C/ABS,VKBC 20010 | DELANTERO,Versión: 5EW | Motor: NAFTA | Combustible: 11-2008 -> 11-2012 | Ubicación: C/ABS | ABS: C/ABS
DAYCO,KWD1014,Rodamiento de rueda,RODAMIENTO,PEUGEOT,207 1.6 THP 150CV,BAH-0185,Versión: EP6DTS | Motor: NAFTA | Combustible: 11-2008 -> 11-2012 | SKF I: VKBC 20010 | SKF II: DELANTERO | Ubicación: C/ABS | ABS: C/ABS,VKBC 20010 | DELANTERO,,https://www.dayco.com/la-es/catalog/?search=KWD1014,Rueda,WHEEL BEARING KIT,,NAFTA,,,C/ABS,C/ABS,VKBC 20010 | DELANTERO,Versión: EP6DTS | Motor: NAFTA | Combustible: 11-2008 -> 11-2012 | Ubicación: C/ABS | ABS: C/ABS
DAYCO,KWD1178,Rodamiento de rueda,RODAMIENTO,PEUGEOT,208 1.6 THP 163CV,VKBA 3585,Versión: EP6FDT | Motor: NAFTA | Combustible: 2016 -> 2022 | SKF I: BAF-0068 D | Ubicación: TRASERO,BAF-0068 D,,https://www.dayco.com/la-es/catalog/?search=KWD1178,Rueda,WHEEL BEARING KIT,,NAFTA,,,TRASERO,,BAF-0068 D,Versión: EP6FDT | Motor: NAFTA | Combustible: 2016 -> 2022 | Ubicación: TRASERO
DAYCO,KWD1178,Rodamiento de rueda,RODAMIENTO,PEUGEOT,208 1.6 THP 200CV,VKBA 3585,Versión: EP6CDTX | Motor: NAFTA | Combustible: 2013 -> 2022 | SKF I: BAF-0068 D | Ubicación: TRASERO,BAF-0068 D,,https://www.dayco.com/la-es/catalog/?search=KWD1178,Rueda,WHEEL BEARING KIT,,NAFTA,,,TRASERO,,BAF-0068 D,Versión: EP6CDTX | Motor: NAFTA | Combustible: 2013 -> 2022 | Ubicación: TRASERO
DAYCO,KWD1178,Rodamiento de rueda,RODAMIENTO,PEUGEOT,208 1.6 THP 156CV,VKBA 3585,Versión: EP6CDT | Motor: NAFTA | Combustible: 2013 -> 2016 | SKF I: BAF-0068 D | Ubicación: TRASERO,BAF-0068 D,,https://www.dayco.com/la-es/catalog/?search=KWD1178,Rueda,WHEEL BEARING KIT,,NAFTA,,,TRASERO,,BAF-0068 D,Versión: EP6CDT | Motor: NAFTA | Combustible: 2013 -> 2016 | Ubicación: TRASERO
DAYCO,KWD1178,Rodamiento de rueda,RODAMIENTO,PEUGEOT,208 1.6 VTI,VKBA 3585,Versión: EC5 | Motor: NAFTA | Combustible: 2013 -> | SKF I: BAF-0068 D | Ubicación: TRASERO,BAF-0068 D,,https://www.dayco.com/la-es/catalog/?search=KWD1178,Rueda,WHEEL BEARING KIT,,NAFTA,,,TRASERO,,BAF-0068 D,Versión: EC5 | Motor: NAFTA | Combustible: 2013 -> | Ubicación: TRASERO
DAYCO,KWD1178,Rodamiento de rueda,RODAMIENTO,PEUGEOT,208 1.5I,VKBA 3585,Versión: TU4 | Motor: NAFTA | Combustible: 2013 -> 2022 | SKF I: BAF-0068 D | Ubicación: TRASERO,BAF-0068 D,,https://www.dayco.com/la-es/catalog/?search=KWD1178,Rueda,WHEEL BEARING KIT,,NAFTA,,,TRASERO,,BAF-0068 D,Versión: TU4 | Motor: NAFTA | Combustible: 2013 -> 2022 | Ubicación: TRASERO
DAYCO,KWD1003,Rodamiento de rueda,RODAMIENTO,PEUGEOT,208 1.6 VTI,BAH-0186,Versión: EC5 | Motor: NAFTA | Combustible: 6-2013 -> 12-2023 | SKF I: VKBC 20011 | SKF II: DELANTERO | Ubicación: C/ABS | ABS: C/ABS,VKBC 20011 | DELANTERO,,https://www.dayco.com/la-es/catalog/?search=KWD1003,Rueda,WHEEL BEARING KIT,,NAFTA,,,C/ABS,C/ABS,VKBC 20011 | DELANTERO,Versión: EC5 | Motor: NAFTA | Combustible: 6-2013 -> 12-2023 | Ubicación: C/ABS | ABS: C/ABS
DAYCO,KWD1003,Rodamiento de rueda,RODAMIENTO,PEUGEOT,208 1.5I,BAH-0186,Versión: TU4 | Motor: NAFTA | Combustible: 6-2013 -> 10-2022 | SKF I: VKBC 20011 | SKF II: DELANTERO | Ubicación: C/ABS | ABS: C/ABS,VKBC 20011 | DELANTERO,,https://www.dayco.com/la-es/catalog/?search=KWD1003,Rueda,WHEEL BEARING KIT,,NAFTA,,,C/ABS,C/ABS,VKBC 20011 | DELANTERO,Versión: TU4 | Motor: NAFTA | Combustible: 6-2013 -> 10-2022 | Ubicación: C/ABS | ABS: C/ABS
DAYCO,KWD1003,Rodamiento de rueda,RODAMIENTO,PEUGEOT,208 1.6 THP 200CV,BAH-0186,Versión: EP6CDTX | Motor: NAFTA | Combustible: 12-2013 -> 1-2022 | SKF I: VKBC 20011 | SKF II: DELANTERO | Ubicación: C/ABS | ABS: C/ABS,VKBC 20011 | DELANTERO,,https://www.dayco.com/la-es/catalog/?search=KWD1003,Rueda,WHEEL BEARING KIT,,NAFTA,,,C/ABS,C/ABS,VKBC 20011 | DELANTERO,Versión: EP6CDTX | Motor: NAFTA | Combustible: 12-2013 -> 1-2022 | Ubicación: C/ABS | ABS: C/ABS
DAYCO,KWD1003,Rodamiento de rueda,RODAMIENTO,PEUGEOT,208 1.6 THP 156CV,BAH-0186,Versión: EP6CDT | Motor: NAFTA | Combustible: 12-2013 -> 6-2016 | SKF I: VKBC 20011 | SKF II: DELANTERO | Ubicación: C/ABS | ABS: C/ABS,VKBC 20011 | DELANTERO,,https://www.dayco.com/la-es/catalog/?search=KWD1003,Rueda,WHEEL BEARING KIT,,NAFTA,,,C/ABS,C/ABS,VKBC 20011 | DELANTERO,Versión: EP6CDT | Motor: NAFTA | Combustible: 12-2013 -> 6-2016 | Ubicación: C/ABS | ABS: C/ABS
DAYCO,KWD1003,Rodamiento de rueda,RODAMIENTO,PEUGEOT,208 1.6 THP 163CV,BAH-0186,Versión: EP6FDT | Motor: NAFTA | Combustible: 6-2016 -> 10-2022 | SKF I: VKBC 20011 | SKF II: DELANTERO | Ubicación: C/ABS | ABS: C/ABS,VKBC 20011 | DELANTERO,,https://www.dayco.com/la-es/catalog/?search=KWD1003,Rueda,WHEEL BEARING KIT,,NAFTA,,,C/ABS,C/ABS,VKBC 20011 | DELANTERO,Versión: EP6FDT | Motor: NAFTA | Combustible: 6-2016 -> 10-2022 | Ubicación: C/ABS | ABS: C/ABS
DAYCO,KWD1022,Rodamiento de rueda,RODAMIENTO,PEUGEOT,208 1.6 VTI,VKBA6544,Versión: EC5 | Motor: NAFTA | Combustible: 6-2013 -> 12-2023 | SKF I: VKBA 6544 | SKF II: TRASERO | Ubicación: C/ABS | ABS: C/ABS,VKBA 6544 | TRASERO,,https://www.dayco.com/la-es/catalog/?search=KWD1022,Rueda,WHEEL BEARING KIT,,NAFTA,,,C/ABS,C/ABS,VKBA 6544 | TRASERO,Versión: EC5 | Motor: NAFTA | Combustible: 6-2013 -> 12-2023 | Ubicación: C/ABS | ABS: C/ABS
DAYCO,KWD1022,Rodamiento de rueda,RODAMIENTO,PEUGEOT,208 1.5I,VKBA6544,Versión: TU4 | Motor: NAFTA | Combustible: 6-2013 -> 10-2022 | SKF I: VKBA 6544 | SKF II: TRASERO | Ubicación: C/ABS | ABS: C/ABS,VKBA 6544 | TRASERO,,https://www.dayco.com/la-es/catalog/?search=KWD1022,Rueda,WHEEL BEARING KIT,,NAFTA,,,C/ABS,C/ABS,VKBA 6544 | TRASERO,Versión: TU4 | Motor: NAFTA | Combustible: 6-2013 -> 10-2022 | Ubicación: C/ABS | ABS: C/ABS
DAYCO,KWD1022,Rodamiento de rueda,RODAMIENTO,PEUGEOT,208 1.6 THP 200CV,VKBA6544,Versión: EP6CDTX | Motor: NAFTA | Combustible: 12-2013 -> 1-2022 | SKF I: VKBA 6544 | SKF II: TRASERO | Ubicación: C/ABS | ABS: C/ABS,VKBA 6544 | TRASERO,,https://www.dayco.com/la-es/catalog/?search=KWD1022,Rueda,WHEEL BEARING KIT,,NAFTA,,,C/ABS,C/ABS,VKBA 6544 | TRASERO,Versión: EP6CDTX | Motor: NAFTA | Combustible: 12-2013 -> 1-2022 | Ubicación: C/ABS | ABS: C/ABS
DAYCO,KWD1022,Rodamiento de rueda,RODAMIENTO,PEUGEOT,208 1.6 THP 156CV,VKBA6544,Versión: EP6CDT | Motor: NAFTA | Combustible: 12-2013 -> 6-2016 | SKF I: VKBA 6544 | SKF II: TRASERO | Ubicación: C/ABS | ABS: C/ABS,VKBA 6544 | TRASERO,,https://www.dayco.com/la-es/catalog/?search=KWD1022,Rueda,WHEEL BEARING KIT,,NAFTA,,,C/ABS,C/ABS,VKBA 6544 | TRASERO,Versión: EP6CDT | Motor: NAFTA | Combustible: 12-2013 -> 6-2016 | Ubicación: C/ABS | ABS: C/ABS
DAYCO,KWD1022,Rodamiento de rueda,RODAMIENTO,PEUGEOT,208 1.6 THP 163CV,VKBA6544,Versión: EP6FDT | Motor: NAFTA | Combustible: 6-2016 -> 10-2022 | SKF I: VKBA 6544 | SKF II: TRASERO | Ubicación: C/ABS | ABS: C/ABS,VKBA 6544 | TRASERO,,https://www.dayco.com/la-es/catalog/?search=KWD1022,Rueda,WHEEL BEARING KIT,,NAFTA,,,C/ABS,C/ABS,VKBA 6544 | TRASERO,Versión: EP6FDT | Motor: NAFTA | Combustible: 6-2016 -> 10-2022 | Ubicación: C/ABS | ABS: C/ABS
DAYCO,KWD1022,Rodamiento de rueda,RODAMIENTO,PEUGEOT,208 1.6 VTI TIPTRONIC,VKBA6544,Versión: EC5 | Motor: NAFTA | Combustible: 8-2016 -> 10-2022 | SKF I: VKBA 6544 | SKF II: TRASERO | Ubicación: C/ABS | ABS: C/ABS,VKBA 6544 | TRASERO,,https://www.dayco.com/la-es/catalog/?search=KWD1022,Rueda,WHEEL BEARING KIT,,NAFTA,,,C/ABS,C/ABS,VKBA 6544 | TRASERO,Versión: EC5 | Motor: NAFTA | Combustible: 8-2016 -> 10-2022 | Ubicación: C/ABS | ABS: C/ABS
DAYCO,KWD1022,Rodamiento de rueda,RODAMIENTO,PEUGEOT,301 1.6 VTI,VKBA6544,Versión: EC5 | Motor: NAFTA | Combustible: 3-2017 -> 12-2023 | SKF I: VKBA 6544 | SKF II: TRASERO | Ubicación: C/ABS | ABS: C/ABS,VKBA 6544 | TRASERO,,https://www.dayco.com/la-es/catalog/?search=KWD1022,Rueda,WHEEL BEARING KIT,,NAFTA,,,C/ABS,C/ABS,VKBA 6544 | TRASERO,Versión: EC5 | Motor: NAFTA | Combustible: 3-2017 -> 12-2023 | Ubicación: C/ABS | ABS: C/ABS
DAYCO,KWD1022,Rodamiento de rueda,RODAMIENTO,PEUGEOT,301 1.6 HDI 92CV,VKBA6544,Versión: DV6ATED4 | Motor: DIESEL | Combustible: 3-2017 -> 10-2022 | SKF I: VKBA 6544 | SKF II: TRASERO | Ubicación: C/ABS | ABS: C/ABS,VKBA 6544 | TRASERO,,https://www.dayco.com/la-es/catalog/?search=KWD1022,Rueda,WHEEL BEARING KIT,,DIESEL,,,C/ABS,C/ABS,VKBA 6544 | TRASERO,Versión: DV6ATED4 | Motor: DIESEL | Combustible: 3-2017 -> 10-2022 | Ubicación: C/ABS | ABS: C/ABS
DAYCO,KWD1022,Rodamiento de rueda,RODAMIENTO,PEUGEOT,301 1.6 VTI TIPTRONIC,VKBA6544,Versión: EC5 | Motor: NAFTA | Combustible: 3-2017 -> 1-2022 | SKF I: VKBA 6544 | SKF II: TRASERO | Ubicación: C/ABS | ABS: C/ABS,VKBA 6544 | TRASERO,,https://www.dayco.com/la-es/catalog/?search=KWD1022,Rueda,WHEEL BEARING KIT,,NAFTA,,,C/ABS,C/ABS,VKBA 6544 | TRASERO,Versión: EC5 | Motor: NAFTA | Combustible: 3-2017 -> 1-2022 | Ubicación: C/ABS | ABS: C/ABS
DAYCO,KWD1094,Rodamiento de rueda,RODAMIENTO,PEUGEOT,306 2.0,BT2B 445539 / VKBC 20212,Versión: XU10J4R/L3 (RFV) | Motor: NAFTA | Combustible: 1997 -> 2002 | SKF I: VKBA 3525 | Ubicación: TRASERO,VKBA 3525,,https://www.dayco.com/la-es/catalog/?search=KWD1094,Rueda,WHEEL BEARING KIT,,NAFTA,,,TRASERO,,VKBA 3525,Versión: XU10J4R/L3 (RFV) | Motor: NAFTA | Combustible: 1997 -> 2002 | Ubicación: TRASERO
DAYCO,KWD1094,Rodamiento de rueda,RODAMIENTO,PEUGEOT,306 1.8 8V,BT2B 445539 / VKBC 20212,Versión: XU 7JP/Z (LFZ) | Motor: NAFTA | Combustible: 1998 -> 1999 | SKF I: VKBA 3525 | Ubicación: TRASERO,VKBA 3525,,https://www.dayco.com/la-es/catalog/?search=KWD1094,Rueda,WHEEL BEARING KIT,,NAFTA,,,TRASERO,,VKBA 3525,Versión: XU 7JP/Z (LFZ) | Motor: NAFTA | Combustible: 1998 -> 1999 | Ubicación: TRASERO
DAYCO,KWD1094,Rodamiento de rueda,RODAMIENTO,PEUGEOT,306 1.9 TD,BT2B 445539 / VKBC 20212,Versión: D8B XUD9 A/L | Motor: DIESEL | Combustible: 1995 -> 2000 | SKF I: VKBA 3525 | Ubicación: TRASERO,VKBA 3525,,https://www.dayco.com/la-es/catalog/?search=KWD1094,Rueda,WHEEL BEARING KIT,,DIESEL,,,TRASERO,,VKBA 3525,Versión: D8B XUD9 A/L | Motor: DIESEL | Combustible: 1995 -> 2000 | Ubicación: TRASERO
DAYCO,KWD1094,Rodamiento de rueda,RODAMIENTO,PEUGEOT,306 1.9 TDI,BT2B 445539 / VKBC 20212,Versión: D8A XUD9TE (DHY) | Motor: DIESEL | Combustible: 1999 -> 2002 | SKF I: VKBA 3525 | Ubicación: TRASERO,VKBA 3525,,https://www.dayco.com/la-es/catalog/?search=KWD1094,Rueda,WHEEL BEARING KIT,,DIESEL,,,TRASERO,,VKBA 3525,Versión: D8A XUD9TE (DHY) | Motor: DIESEL | Combustible: 1999 -> 2002 | Ubicación: TRASERO
DAYCO,KWD1094,Rodamiento de rueda,RODAMIENTO,PEUGEOT,306 1.9D,BT2B 445539 / VKBC 20212,Versión: DW8/LW3 (WJZ) | Motor: DIESEL | Combustible: 1999 -> 2003 | SKF I: VKBA 3525 | Ubicación: TRASERO,VKBA 3525,,https://www.dayco.com/la-es/catalog/?search=KWD1094,Rueda,WHEEL BEARING KIT,,DIESEL,,,TRASERO,,VKBA 3525,Versión: DW8/LW3 (WJZ) | Motor: DIESEL | Combustible: 1999 -> 2003 | Ubicación: TRASERO
DAYCO,KWD1094,Rodamiento de rueda,RODAMIENTO,PEUGEOT,306 2.0 HDI,BT2B 445539 / VKBC 20212,Versión: DW10TD (RHY) | Motor: DIESEL | Combustible: 2000 -> 2003 | SKF I: VKBA 3525 | Ubicación: TRASERO,VKBA 3525,,https://www.dayco.com/la-es/catalog/?search=KWD1094,Rueda,WHEEL BEARING KIT,,DIESEL,,,TRASERO,,VKBA 3525,Versión: DW10TD (RHY) | Motor: DIESEL | Combustible: 2000 -> 2003 | Ubicación: TRASERO
DAYCO,KWD1094,Rodamiento de rueda,RODAMIENTO,PEUGEOT,306 1.4I,BT2B 445539 / VKBC 20212,Versión: TU3JP/L3 (KFX) | Motor: NAFTA | Combustible: 1996 -> 1998 | SKF I: VKBA 3525 | Ubicación: TRASERO,VKBA 3525,,https://www.dayco.com/la-es/catalog/?search=KWD1094,Rueda,WHEEL BEARING KIT,,NAFTA,,,TRASERO,,VKBA 3525,Versión: TU3JP/L3 (KFX) | Motor: NAFTA | Combustible: 1996 -> 1998 | Ubicación: TRASERO
DAYCO,KWD1094,Rodamiento de rueda,RODAMIENTO,PEUGEOT,306 1.6,BT2B 445539 / VKBC 20212,Versión: TU5JP/Z (NFZ) | Motor: NAFTA | Combustible: 1995 -> 2000 | SKF I: VKBA 3525 | Ubicación: TRASERO,VKBA 3525,,https://www.dayco.com/la-es/catalog/?search=KWD1094,Rueda,WHEEL BEARING KIT,,NAFTA,,,TRASERO,,VKBA 3525,Versión: TU5JP/Z (NFZ) | Motor: NAFTA | Combustible: 1995 -> 2000 | Ubicación: TRASERO
DAYCO,KWD1094,Rodamiento de rueda,RODAMIENTO,PEUGEOT,306 1.8 16V,BT2B 445539 / VKBC 20212,Versión: XU7JP4 (LFY) | Motor: NAFTA | Combustible: 1997 -> 2001 | SKF I: VKBA 3525 | Ubicación: TRASERO,VKBA 3525,,https://www.dayco.com/la-es/catalog/?search=KWD1094,Rueda,WHEEL BEARING KIT,,NAFTA,,,TRASERO,,VKBA 3525,Versión: XU7JP4 (LFY) | Motor: NAFTA | Combustible: 1997 -> 2001 | Ubicación: TRASERO
DAYCO,KWD1094,Rodamiento de rueda,RODAMIENTO,PEUGEOT,306 1.8 16V,BT2B 445539 / VKBC 20212,Versión: XU7JP4/L3 | Motor: NAFTA | Combustible: 1998 -> 1999 | SKF I: VKBA 3525 | Ubicación: TRASERO,VKBA 3525,,https://www.dayco.com/la-es/catalog/?search=KWD1094,Rueda,WHEEL BEARING KIT,,NAFTA,,,TRASERO,,VKBA 3525,Versión: XU7JP4/L3 | Motor: NAFTA | Combustible: 1998 -> 1999 | Ubicación: TRASERO
DAYCO,KWD1094,Rodamiento de rueda,RODAMIENTO,PEUGEOT,306 1.9 XSD,BT2B 445539 / VKBC 20212,Versión: XUD9A/L (D9B) | Motor: DIESEL | Combustible: 1995 -> 1997 | SKF I: VKBA 3525 | Ubicación: TRASERO,VKBA 3525,,https://www.dayco.com/la-es/catalog/?search=KWD1094,Rueda,WHEEL BEARING KIT,,DIESEL,,,TRASERO,,VKBA 3525,Versión: XUD9A/L (D9B) | Motor: DIESEL | Combustible: 1995 -> 1997 | Ubicación: TRASERO
DAYCO,KWD1094,Rodamiento de rueda,RODAMIENTO,PEUGEOT,306 1.9 XSDT,BT2B 445539 / VKBC 20212,Versión: XUD9TEY (DHY) | Motor: DIESEL | Combustible: 1995 -> 1997 | SKF I: VKBA 3525 | Ubicación: TRASERO,VKBA 3525,,https://www.dayco.com/la-es/catalog/?search=KWD1094,Rueda,WHEEL BEARING KIT,,DIESEL,,,TRASERO,,VKBA 3525,Versión: XUD9TEY (DHY) | Motor: DIESEL | Combustible: 1995 -> 1997 | Ubicación: TRASERO
DAYCO,KWD1094,Rodamiento de rueda,RODAMIENTO,PEUGEOT,306 2.0 16V,BT2B 445539 / VKBC 20212,Versión: XU10J4RS/L3 (RFS) | Motor: NAFTA | Combustible: 1997 -> 1999 | SKF I: VKBA 3525 | Ubicación: TRASERO,VKBA 3525,,https://www.dayco.com/la-es/catalog/?search=KWD1094,Rueda,WHEEL BEARING KIT,,NAFTA,,,TRASERO,,VKBA 3525,Versión: XU10J4RS/L3 (RFS) | Motor: NAFTA | Combustible: 1997 -> 1999 | Ubicación: TRASERO
DAYCO,KWD1094,Rodamiento de rueda,RODAMIENTO,PEUGEOT,306 2.0,BT2B 445539 / VKBC 20212,Versión: XU10J2CL/Z (RXF) | Motor: NAFTA | Combustible: 1995 -> 1997 | SKF I: VKBA 3525 | Ubicación: TRASERO,VKBA 3525,,https://www.dayco.com/la-es/catalog/?search=KWD1094,Rueda,WHEEL BEARING KIT,,NAFTA,,,TRASERO,,VKBA 3525,Versión: XU10J2CL/Z (RXF) | Motor: NAFTA | Combustible: 1995 -> 1997 | Ubicación: TRASERO
DAYCO,KWD1003,Rodamiento de rueda,RODAMIENTO,PEUGEOT,306 1.6,BAH-0186,Versión: TU5JP/Z (NFZ) | Motor: NAFTA | Combustible: 2-1995 -> 10-2000 | SKF I: VKBC 20011 | SKF II: DELANTERO | Ubicación: C/ABS | ABS: C/ABS,VKBC 20011 | DELANTERO,,https://www.dayco.com/la-es/catalog/?search=KWD1003,Rueda,WHEEL BEARING KIT,,NAFTA,,,C/ABS,C/ABS,VKBC 20011 | DELANTERO,Versión: TU5JP/Z (NFZ) | Motor: NAFTA | Combustible: 2-1995 -> 10-2000 | Ubicación: C/ABS | ABS: C/ABS
DAYCO,KWD1003,Rodamiento de rueda,RODAMIENTO,PEUGEOT,306 1.8 16V,BAH-0186,Versión: XU7JP4 (LFY) | Motor: NAFTA | Combustible: 3-1997 -> 7-2001 | SKF I: VKBC 20011 | SKF II: DELANTERO | Ubicación: C/ABS | ABS: C/ABS,VKBC 20011 | DELANTERO,,https://www.dayco.com/la-es/catalog/?search=KWD1003,Rueda,WHEEL BEARING KIT,,NAFTA,,,C/ABS,C/ABS,VKBC 20011 | DELANTERO,Versión: XU7JP4 (LFY) | Motor: NAFTA | Combustible: 3-1997 -> 7-2001 | Ubicación: C/ABS | ABS: C/ABS
DAYCO,KWD1003,Rodamiento de rueda,RODAMIENTO,PEUGEOT,306 1.8 16V,BAH-0186,Versión: XU7JP4/L3 | Motor: NAFTA | Combustible: 5-1998 -> 6-1999 | SKF I: VKBC 20011 | SKF II: DELANTERO | Ubicación: C/ABS | ABS: C/ABS,VKBC 20011 | DELANTERO,,https://www.dayco.com/la-es/catalog/?search=KWD1003,Rueda,WHEEL BEARING KIT,,NAFTA,,,C/ABS,C/ABS,VKBC 20011 | DELANTERO,Versión: XU7JP4/L3 | Motor: NAFTA | Combustible: 5-1998 -> 6-1999 | Ubicación: C/ABS | ABS: C/ABS
DAYCO,KWD1003,Rodamiento de rueda,RODAMIENTO,PEUGEOT,306 1.9 XSD,BAH-0186,Versión: XUD9A/L (D9B) | Motor: DIESEL | Combustible: 2-1995 -> 11-1997 | SKF I: VKBC 20011 | SKF II: DELANTERO | Ubicación: C/ABS | ABS: C/ABS,VKBC 20011 | DELANTERO,,https://www.dayco.com/la-es/catalog/?search=KWD1003,Rueda,WHEEL BEARING KIT,,DIESEL,,,C/ABS,C/ABS,VKBC 20011 | DELANTERO,Versión: XUD9A/L (D9B) | Motor: DIESEL | Combustible: 2-1995 -> 11-1997 | Ubicación: C/ABS | ABS: C/ABS
DAYCO,KWD1003,Rodamiento de rueda,RODAMIENTO,PEUGEOT,306 1.9 XSDT,BAH-0186,Versión: XUD9TEY (DHY) | Motor: DIESEL | Combustible: 2-1995 -> 11-1997 | SKF I: VKBC 20011 | SKF II: DELANTERO | Ubicación: C/ABS | ABS: C/ABS,VKBC 20011 | DELANTERO,,https://www.dayco.com/la-es/catalog/?search=KWD1003,Rueda,WHEEL BEARING KIT,,DIESEL,,,C/ABS,C/ABS,VKBC 20011 | DELANTERO,Versión: XUD9TEY (DHY) | Motor: DIESEL | Combustible: 2-1995 -> 11-1997 | Ubicación: C/ABS | ABS: C/ABS
DAYCO,KWD1003,Rodamiento de rueda,RODAMIENTO,PEUGEOT,306 2.0 16V,BAH-0186,Versión: XU10J4RS/L3 (RFS) | Motor: NAFTA | Combustible: 1-1997 -> 6-1999 | SKF I: VKBC 20011 | SKF II: DELANTERO | Ubicación: C/ABS | ABS: C/ABS,VKBC 20011 | DELANTERO,,https://www.dayco.com/la-es/catalog/?search=KWD1003,Rueda,WHEEL BEARING KIT,,NAFTA,,,C/ABS,C/ABS,VKBC 20011 | DELANTERO,Versión: XU10J4RS/L3 (RFS) | Motor: NAFTA | Combustible: 1-1997 -> 6-1999 | Ubicación: C/ABS | ABS: C/ABS
DAYCO,KWD1003,Rodamiento de rueda,RODAMIENTO,PEUGEOT,306 2.0,BAH-0186,Versión: XU10J2CL/Z (RXF) | Motor: NAFTA | Combustible: 2-1995 -> 11-1997 | SKF I: VKBC 20011 | SKF II: DELANTERO | Ubicación: C/ABS | ABS: C/ABS,VKBC 20011 | DELANTERO,,https://www.dayco.com/la-es/catalog/?search=KWD1003,Rueda,WHEEL BEARING KIT,,NAFTA,,,C/ABS,C/ABS,VKBC 20011 | DELANTERO,Versión: XU10J2CL/Z (RXF) | Motor: NAFTA | Combustible: 2-1995 -> 11-1997 | Ubicación: C/ABS | ABS: C/ABS
DAYCO,KWD1003,Rodamiento de rueda,RODAMIENTO,PEUGEOT,306 2.0,BAH-0186,Versión: XU10J4R/L3 (RFV) | Motor: NAFTA | Combustible: 5-1997 -> 6-2002 | SKF I: VKBC 20011 | SKF II: DELANTERO | Ubicación: C/ABS | ABS: C/ABS,VKBC 20011 | DELANTERO,,https://www.dayco.com/la-es/catalog/?search=KWD1003,Rueda,WHEEL BEARING KIT,,NAFTA,,,C/ABS,C/ABS,VKBC 20011 | DELANTERO,Versión: XU10J4R/L3 (RFV) | Motor: NAFTA | Combustible: 5-1997 -> 6-2002 | Ubicación: C/ABS | ABS: C/ABS
DAYCO,KWD1003,Rodamiento de rueda,RODAMIENTO,PEUGEOT,306 1.8 8V,BAH-0186,Versión: XU 7JP/Z (LFZ) | Motor: NAFTA | Combustible: 1-1998 -> 9-1999 | SKF I: VKBC 20011 | SKF II: DELANTERO | Ubicación: C/ABS | ABS: C/ABS,VKBC 20011 | DELANTERO,,https://www.dayco.com/la-es/catalog/?search=KWD1003,Rueda,WHEEL BEARING KIT,,NAFTA,,,C/ABS,C/ABS,VKBC 20011 | DELANTERO,Versión: XU 7JP/Z (LFZ) | Motor: NAFTA | Combustible: 1-1998 -> 9-1999 | Ubicación: C/ABS | ABS: C/ABS
DAYCO,KWD1003,Rodamiento de rueda,RODAMIENTO,PEUGEOT,306 1.9 TD,BAH-0186,Versión: D8B XUD9 A/L | Motor: DIESEL | Combustible: 7-1995 -> 8-2000 | SKF I: VKBC 20011 | SKF II: DELANTERO | Ubicación: C/ABS | ABS: C/ABS,VKBC 20011 | DELANTERO,,https://www.dayco.com/la-es/catalog/?search=KWD1003,Rueda,WHEEL BEARING KIT,,DIESEL,,,C/ABS,C/ABS,VKBC 20011 | DELANTERO,Versión: D8B XUD9 A/L | Motor: DIESEL | Combustible: 7-1995 -> 8-2000 | Ubicación: C/ABS | ABS: C/ABS
DAYCO,KWD1003,Rodamiento de rueda,RODAMIENTO,PEUGEOT,306 1.9 TDI,BAH-0186,Versión: D8A XUD9TE (DHY) | Motor: DIESEL | Combustible: 1-1999 -> 10-2002 | SKF I: VKBC 20011 | SKF II: DELANTERO | Ubicación: C/ABS | ABS: C/ABS,VKBC 20011 | DELANTERO,,https://www.dayco.com/la-es/catalog/?search=KWD1003,Rueda,WHEEL BEARING KIT,,DIESEL,,,C/ABS,C/ABS,VKBC 20011 | DELANTERO,Versión: D8A XUD9TE (DHY) | Motor: DIESEL | Combustible: 1-1999 -> 10-2002 | Ubicación: C/ABS | ABS: C/ABS
DAYCO,KWD1003,Rodamiento de rueda,RODAMIENTO,PEUGEOT,306 1.9D,BAH-0186,Versión: DW8/LW3 (WJZ) | Motor: DIESEL | Combustible: 1-1999 -> 8-2003 | SKF I: VKBC 20011 | SKF II: DELANTERO | Ubicación: C/ABS | ABS: C/ABS,VKBC 20011 | DELANTERO,,https://www.dayco.com/la-es/catalog/?search=KWD1003,Rueda,WHEEL BEARING KIT,,DIESEL,,,C/ABS,C/ABS,VKBC 20011 | DELANTERO,Versión: DW8/LW3 (WJZ) | Motor: DIESEL | Combustible: 1-1999 -> 8-2003 | Ubicación: C/ABS | ABS: C/ABS
DAYCO,KWD1003,Rodamiento de rueda,RODAMIENTO,PEUGEOT,306 2.0 HDI,BAH-0186,Versión: DW10TD (RHY) | Motor: DIESEL | Combustible: 1-2000 -> 8-2003 | SKF I: VKBC 20011 | SKF II: DELANTERO | Ubicación: C/ABS | ABS: C/ABS,VKBC 20011 | DELANTERO,,https://www.dayco.com/la-es/catalog/?search=KWD1003,Rueda,WHEEL BEARING KIT,,DIESEL,,,C/ABS,C/ABS,VKBC 20011 | DELANTERO,Versión: DW10TD (RHY) | Motor: DIESEL | Combustible: 1-2000 -> 8-2003 | Ubicación: C/ABS | ABS: C/ABS
DAYCO,KWD1014,Rodamiento de rueda,RODAMIENTO,PEUGEOT,306 1.6,BAH-0185,Versión: TU5JP/Z (NFZ) | Motor: NAFTA | Combustible: 2-1995 -> 10-2000 | SKF I: VKBC 20010 | SKF II: DELANTERO | Ubicación: C/ABS | ABS: C/ABS,VKBC 20010 | DELANTERO,,https://www.dayco.com/la-es/catalog/?search=KWD1014,Rueda,WHEEL BEARING KIT,,NAFTA,,,C/ABS,C/ABS,VKBC 20010 | DELANTERO,Versión: TU5JP/Z (NFZ) | Motor: NAFTA | Combustible: 2-1995 -> 10-2000 | Ubicación: C/ABS | ABS: C/ABS
DAYCO,KWD1014,Rodamiento de rueda,RODAMIENTO,PEUGEOT,306 1.8 16V,BAH-0185,Versión: XU7JP4 (LFY) | Motor: NAFTA | Combustible: 3-1997 -> 7-2001 | SKF I: VKBC 20010 | SKF II: DELANTERO | Ubicación: C/ABS | ABS: C/ABS,VKBC 20010 | DELANTERO,,https://www.dayco.com/la-es/catalog/?search=KWD1014,Rueda,WHEEL BEARING KIT,,NAFTA,,,C/ABS,C/ABS,VKBC 20010 | DELANTERO,Versión: XU7JP4 (LFY) | Motor: NAFTA | Combustible: 3-1997 -> 7-2001 | Ubicación: C/ABS | ABS: C/ABS
DAYCO,KWD1014,Rodamiento de rueda,RODAMIENTO,PEUGEOT,306 1.8 16V,BAH-0185,Versión: XU7JP4/L3 | Motor: NAFTA | Combustible: 5-1998 -> 6-1999 | SKF I: VKBC 20010 | SKF II: DELANTERO | Ubicación: C/ABS | ABS: C/ABS,VKBC 20010 | DELANTERO,,https://www.dayco.com/la-es/catalog/?search=KWD1014,Rueda,WHEEL BEARING KIT,,NAFTA,,,C/ABS,C/ABS,VKBC 20010 | DELANTERO,Versión: XU7JP4/L3 | Motor: NAFTA | Combustible: 5-1998 -> 6-1999 | Ubicación: C/ABS | ABS: C/ABS
DAYCO,KWD1014,Rodamiento de rueda,RODAMIENTO,PEUGEOT,306 1.9 XSD,BAH-0185,Versión: XUD9A/L (D9B) | Motor: DIESEL | Combustible: 2-1995 -> 11-1997 | SKF I: VKBC 20010 | SKF II: DELANTERO | Ubicación: C/ABS | ABS: C/ABS,VKBC 20010 | DELANTERO,,https://www.dayco.com/la-es/catalog/?search=KWD1014,Rueda,WHEEL BEARING KIT,,DIESEL,,,C/ABS,C/ABS,VKBC 20010 | DELANTERO,Versión: XUD9A/L (D9B) | Motor: DIESEL | Combustible: 2-1995 -> 11-1997 | Ubicación: C/ABS | ABS: C/ABS
DAYCO,KWD1014,Rodamiento de rueda,RODAMIENTO,PEUGEOT,306 1.9 XSDT,BAH-0185,Versión: XUD9TEY (DHY) | Motor: DIESEL | Combustible: 2-1995 -> 11-1997 | SKF I: VKBC 20010 | SKF II: DELANTERO | Ubicación: C/ABS | ABS: C/ABS,VKBC 20010 | DELANTERO,,https://www.dayco.com/la-es/catalog/?search=KWD1014,Rueda,WHEEL BEARING KIT,,DIESEL,,,C/ABS,C/ABS,VKBC 20010 | DELANTERO,Versión: XUD9TEY (DHY) | Motor: DIESEL | Combustible: 2-1995 -> 11-1997 | Ubicación: C/ABS | ABS: C/ABS
DAYCO,KWD1014,Rodamiento de rueda,RODAMIENTO,PEUGEOT,306 2.0 16V,BAH-0185,Versión: XU10J4RS/L3 (RFS) | Motor: NAFTA | Combustible: 1-1997 -> 6-1999 | SKF I: VKBC 20010 | SKF II: DELANTERO | Ubicación: C/ABS | ABS: C/ABS,VKBC 20010 | DELANTERO,,https://www.dayco.com/la-es/catalog/?search=KWD1014,Rueda,WHEEL BEARING KIT,,NAFTA,,,C/ABS,C/ABS,VKBC 20010 | DELANTERO,Versión: XU10J4RS/L3 (RFS) | Motor: NAFTA | Combustible: 1-1997 -> 6-1999 | Ubicación: C/ABS | ABS: C/ABS
DAYCO,KWD1014,Rodamiento de rueda,RODAMIENTO,PEUGEOT,306 2.0,BAH-0185,Versión: XU10J2CL/Z (RXF) | Motor: NAFTA | Combustible: 2-1995 -> 11-1997 | SKF I: VKBC 20010 | SKF II: DELANTERO | Ubicación: C/ABS | ABS: C/ABS,VKBC 20010 | DELANTERO,,https://www.dayco.com/la-es/catalog/?search=KWD1014,Rueda,WHEEL BEARING KIT,,NAFTA,,,C/ABS,C/ABS,VKBC 20010 | DELANTERO,Versión: XU10J2CL/Z (RXF) | Motor: NAFTA | Combustible: 2-1995 -> 11-1997 | Ubicación: C/ABS | ABS: C/ABS
DAYCO,KWD1014,Rodamiento de rueda,RODAMIENTO,PEUGEOT,306 2.0,BAH-0185,Versión: XU10J4R/L3 (RFV) | Motor: NAFTA | Combustible: 5-1997 -> 6-2002 | SKF I: VKBC 20010 | SKF II: DELANTERO | Ubicación: C/ABS | ABS: C/ABS,VKBC 20010 | DELANTERO,,https://www.dayco.com/la-es/catalog/?search=KWD1014,Rueda,WHEEL BEARING KIT,,NAFTA,,,C/ABS,C/ABS,VKBC 20010 | DELANTERO,Versión: XU10J4R/L3 (RFV) | Motor: NAFTA | Combustible: 5-1997 -> 6-2002 | Ubicación: C/ABS | ABS: C/ABS
DAYCO,KWD1014,Rodamiento de rueda,RODAMIENTO,PEUGEOT,306 1.8 8V,BAH-0185,Versión: XU 7JP/Z (LFZ) | Motor: NAFTA | Combustible: 1-1998 -> 9-1999 | SKF I: VKBC 20010 | SKF II: DELANTERO | Ubicación: C/ABS | ABS: C/ABS,VKBC 20010 | DELANTERO,,https://www.dayco.com/la-es/catalog/?search=KWD1014,Rueda,WHEEL BEARING KIT,,NAFTA,,,C/ABS,C/ABS,VKBC 20010 | DELANTERO,Versión: XU 7JP/Z (LFZ) | Motor: NAFTA | Combustible: 1-1998 -> 9-1999 | Ubicación: C/ABS | ABS: C/ABS
DAYCO,KWD1014,Rodamiento de rueda,RODAMIENTO,PEUGEOT,306 1.9 TD,BAH-0185,Versión: D8B XUD9 A/L | Motor: DIESEL | Combustible: 7-1995 -> 8-2000 | SKF I: VKBC 20010 | SKF II: DELANTERO | Ubicación: C/ABS | ABS: C/ABS,VKBC 20010 | DELANTERO,,https://www.dayco.com/la-es/catalog/?search=KWD1014,Rueda,WHEEL BEARING KIT,,DIESEL,,,C/ABS,C/ABS,VKBC 20010 | DELANTERO,Versión: D8B XUD9 A/L | Motor: DIESEL | Combustible: 7-1995 -> 8-2000 | Ubicación: C/ABS | ABS: C/ABS
DAYCO,KWD1014,Rodamiento de rueda,RODAMIENTO,PEUGEOT,306 1.9 TDI,BAH-0185,Versión: D8A XUD9TE (DHY) | Motor: DIESEL | Combustible: 1-1999 -> 10-2002 | SKF I: VKBC 20010 | SKF II: DELANTERO | Ubicación: C/ABS | ABS: C/ABS,VKBC 20010 | DELANTERO,,https://www.dayco.com/la-es/catalog/?search=KWD1014,Rueda,WHEEL BEARING KIT,,DIESEL,,,C/ABS,C/ABS,VKBC 20010 | DELANTERO,Versión: D8A XUD9TE (DHY) | Motor: DIESEL | Combustible: 1-1999 -> 10-2002 | Ubicación: C/ABS | ABS: C/ABS
DAYCO,KWD1014,Rodamiento de rueda,RODAMIENTO,PEUGEOT,306 1.9D,BAH-0185,Versión: DW8/LW3 (WJZ) | Motor: DIESEL | Combustible: 1-1999 -> 8-2003 | SKF I: VKBC 20010 | SKF II: DELANTERO | Ubicación: C/ABS | ABS: C/ABS,VKBC 20010 | DELANTERO,,https://www.dayco.com/la-es/catalog/?search=KWD1014,Rueda,WHEEL BEARING KIT,,DIESEL,,,C/ABS,C/ABS,VKBC 20010 | DELANTERO,Versión: DW8/LW3 (WJZ) | Motor: DIESEL | Combustible: 1-1999 -> 8-2003 | Ubicación: C/ABS | ABS: C/ABS
DAYCO,KWD1014,Rodamiento de rueda,RODAMIENTO,PEUGEOT,306 2.0 HDI,BAH-0185,Versión: DW10TD (RHY) | Motor: DIESEL | Combustible: 1-2000 -> 8-2003 | SKF I: VKBC 20010 | SKF II: DELANTERO | Ubicación: C/ABS | ABS: C/ABS,VKBC 20010 | DELANTERO,,https://www.dayco.com/la-es/catalog/?search=KWD1014,Rueda,WHEEL BEARING KIT,,DIESEL,,,C/ABS,C/ABS,VKBC 20010 | DELANTERO,Versión: DW10TD (RHY) | Motor: DIESEL | Combustible: 1-2000 -> 8-2003 | Ubicación: C/ABS | ABS: C/ABS
DAYCO,KWD1014,Rodamiento de rueda,RODAMIENTO,PEUGEOT,306 1.4I,BAH-0185,Versión: TU3JP/L3 (KFX) | Motor: NAFTA | Combustible: 6-1996 -> 5-1998 | SKF I: VKBC 20010 | SKF II: DELANTERO | Ubicación: C/ABS | ABS: C/ABS,VKBC 20010 | DELANTERO,,https://www.dayco.com/la-es/catalog/?search=KWD1014,Rueda,WHEEL BEARING KIT,,NAFTA,,,C/ABS,C/ABS,VKBC 20010 | DELANTERO,Versión: TU3JP/L3 (KFX) | Motor: NAFTA | Combustible: 6-1996 -> 5-1998 | Ubicación: C/ABS | ABS: C/ABS
DAYCO,KWD1178,Rodamiento de rueda,RODAMIENTO,PEUGEOT,307 2.0 HDI,VKBA 3585,Versión: DW10TD (RHY) | Motor: DIESEL | Combustible: 2001 -> 2007 | SKF I: BAF-0068 D | Ubicación: TRASERO,BAF-0068 D,,https://www.dayco.com/la-es/catalog/?search=KWD1178,Rueda,WHEEL BEARING KIT,,DIESEL,,,TRASERO,,BAF-0068 D,Versión: DW10TD (RHY) | Motor: DIESEL | Combustible: 2001 -> 2007 | Ubicación: TRASERO
DAYCO,KWD1178,Rodamiento de rueda,RODAMIENTO,PEUGEOT,307 2.0,VKBA 3585,Versión: EW10J4 (RFN) | Motor: NAFTA | Combustible: 2001 -> 2007 | SKF I: BAF-0068 D | Ubicación: TRASERO,BAF-0068 D,,https://www.dayco.com/la-es/catalog/?search=KWD1178,Rueda,WHEEL BEARING KIT,,NAFTA,,,TRASERO,,BAF-0068 D,Versión: EW10J4 (RFN) | Motor: NAFTA | Combustible: 2001 -> 2007 | Ubicación: TRASERO
DAYCO,KWD1178,Rodamiento de rueda,RODAMIENTO,PEUGEOT,307 2.0 143CV,VKBA 3585,Versión: EW10A | Motor: NAFTA | Combustible: 2005 -> 2012 | SKF I: BAF-0068 D | Ubicación: TRASERO,BAF-0068 D,,https://www.dayco.com/la-es/catalog/?search=KWD1178,Rueda,WHEEL BEARING KIT,,NAFTA,,,TRASERO,,BAF-0068 D,Versión: EW10A | Motor: NAFTA | Combustible: 2005 -> 2012 | Ubicación: TRASERO
DAYCO,KWD1178,Rodamiento de rueda,RODAMIENTO,PEUGEOT,307 1.6 HDI,VKBA 3585,Versión: DV6TED4 | Motor: DIESEL | Combustible: 2005 -> 2009 | SKF I: BAF-0068 D | Ubicación: TRASERO,BAF-0068 D,,https://www.dayco.com/la-es/catalog/?search=KWD1178,Rueda,WHEEL BEARING KIT,,DIESEL,,,TRASERO,,BAF-0068 D,Versión: DV6TED4 | Motor: DIESEL | Combustible: 2005 -> 2009 | Ubicación: TRASERO
DAYCO,KWD1178,Rodamiento de rueda,RODAMIENTO,PEUGEOT,307 1.6 110CV,VKBA 3585,Versión: TU5JP4 (NFU) | Motor: NAFTA | Combustible: 2001 -> 2012 | SKF I: BAF-0068 D | Ubicación: TRASERO,BAF-0068 D,,https://www.dayco.com/la-es/catalog/?search=KWD1178,Rueda,WHEEL BEARING KIT,,NAFTA,,,TRASERO,,BAF-0068 D,Versión: TU5JP4 (NFU) | Motor: NAFTA | Combustible: 2001 -> 2012 | Ubicación: TRASERO
DAYCO,KWD1178,Rodamiento de rueda,RODAMIENTO,PEUGEOT,307 2.0 HDI 90CV,VKBA 3585,Versión: DW10TD (RHY) | Motor: DIESEL | Combustible: 2006 -> 2010 | SKF I: BAF-0068 D | Ubicación: TRASERO,BAF-0068 D,,https://www.dayco.com/la-es/catalog/?search=KWD1178,Rueda,WHEEL BEARING KIT,,DIESEL,,,TRASERO,,BAF-0068 D,Versión: DW10TD (RHY) | Motor: DIESEL | Combustible: 2006 -> 2010 | Ubicación: TRASERO
DAYCO,KWD1178,Rodamiento de rueda,RODAMIENTO,PEUGEOT,307 2.0 HDI 110CV,VKBA 3585,Versión: DW10ATED | Motor: DIESEL | Combustible: 2006 -> 2012 | SKF I: BAF-0068 D | Ubicación: TRASERO,BAF-0068 D,,https://www.dayco.com/la-es/catalog/?search=KWD1178,Rueda,WHEEL BEARING KIT,,DIESEL,,,TRASERO,,BAF-0068 D,Versión: DW10ATED | Motor: DIESEL | Combustible: 2006 -> 2012 | Ubicación: TRASERO
DAYCO,KWD1178,Rodamiento de rueda,RODAMIENTO,PEUGEOT,307 2.0 138CV,VKBA 3585,Versión: EW10A | Motor: NAFTA | Combustible: 2005 -> 2009 | SKF I: BAF-0068 D | Ubicación: TRASERO,BAF-0068 D,,https://www.dayco.com/la-es/catalog/?search=KWD1178,Rueda,WHEEL BEARING KIT,,NAFTA,,,TRASERO,,BAF-0068 D,Versión: EW10A | Motor: NAFTA | Combustible: 2005 -> 2009 | Ubicación: TRASERO
DAYCO,KWD1178,Rodamiento de rueda,RODAMIENTO,PEUGEOT,307 2.0 180CV,VKBA 3585,Versión: EW10J4S | Motor: NAFTA | Combustible: 2005 -> 2009 | SKF I: BAF-0068 D | Ubicación: TRASERO,BAF-0068 D,,https://www.dayco.com/la-es/catalog/?search=KWD1178,Rueda,WHEEL BEARING KIT,,NAFTA,,,TRASERO,,BAF-0068 D,Versión: EW10J4S | Motor: NAFTA | Combustible: 2005 -> 2009 | Ubicación: TRASERO
DAYCO,KWD1003,Rodamiento de rueda,RODAMIENTO,PEUGEOT,307 2.0 HDI,BAH-0186,Versión: DW10TD (RHY) | Motor: DIESEL | Combustible: 1-2001 -> 10-2007 | SKF I: VKBC 20011 | SKF II: DELANTERO | Ubicación: C/ABS | ABS: C/ABS,VKBC 20011 | DELANTERO,,https://www.dayco.com/la-es/catalog/?search=KWD1003,Rueda,WHEEL BEARING KIT,,DIESEL,,,C/ABS,C/ABS,VKBC 20011 | DELANTERO,Versión: DW10TD (RHY) | Motor: DIESEL | Combustible: 1-2001 -> 10-2007 | Ubicación: C/ABS | ABS: C/ABS
DAYCO,KWD1003,Rodamiento de rueda,RODAMIENTO,PEUGEOT,307 1.6 HDI,BAH-0186,Versión: DV6TED4 | Motor: DIESEL | Combustible: 10-2005 -> 10-2009 | SKF I: VKBC 20011 | SKF II: DELANTERO | Ubicación: C/ABS | ABS: C/ABS,VKBC 20011 | DELANTERO,,https://www.dayco.com/la-es/catalog/?search=KWD1003,Rueda,WHEEL BEARING KIT,,DIESEL,,,C/ABS,C/ABS,VKBC 20011 | DELANTERO,Versión: DV6TED4 | Motor: DIESEL | Combustible: 10-2005 -> 10-2009 | Ubicación: C/ABS | ABS: C/ABS
DAYCO,KWD1003,Rodamiento de rueda,RODAMIENTO,PEUGEOT,307 1.6 110CV,BAH-0186,Versión: TU5JP4 (NFU) | Motor: NAFTA | Combustible: 1-2001 -> 3-2012 | SKF I: VKBC 20011 | SKF II: DELANTERO | Ubicación: C/ABS | ABS: C/ABS,VKBC 20011 | DELANTERO,,https://www.dayco.com/la-es/catalog/?search=KWD1003,Rueda,WHEEL BEARING KIT,,NAFTA,,,C/ABS,C/ABS,VKBC 20011 | DELANTERO,Versión: TU5JP4 (NFU) | Motor: NAFTA | Combustible: 1-2001 -> 3-2012 | Ubicación: C/ABS | ABS: C/ABS
DAYCO,KWD1003,Rodamiento de rueda,RODAMIENTO,PEUGEOT,307 2.0 HDI 90CV,BAH-0186,Versión: DW10TD (RHY) | Motor: DIESEL | Combustible: 9-2006 -> 10-2010 | SKF I: VKBC 20011 | SKF II: DELANTERO | Ubicación: C/ABS | ABS: C/ABS,VKBC 20011 | DELANTERO,,https://www.dayco.com/la-es/catalog/?search=KWD1003,Rueda,WHEEL BEARING KIT,,DIESEL,,,C/ABS,C/ABS,VKBC 20011 | DELANTERO,Versión: DW10TD (RHY) | Motor: DIESEL | Combustible: 9-2006 -> 10-2010 | Ubicación: C/ABS | ABS: C/ABS
DAYCO,KWD1003,Rodamiento de rueda,RODAMIENTO,PEUGEOT,307 2.0 HDI 110CV,BAH-0186,Versión: DW10ATED | Motor: DIESEL | Combustible: 9-2006 -> 3-2012 | SKF I: VKBC 20011 | SKF II: DELANTERO | Ubicación: C/ABS | ABS: C/ABS,VKBC 20011 | DELANTERO,,https://www.dayco.com/la-es/catalog/?search=KWD1003,Rueda,WHEEL BEARING KIT,,DIESEL,,,C/ABS,C/ABS,VKBC 20011 | DELANTERO,Versión: DW10ATED | Motor: DIESEL | Combustible: 9-2006 -> 3-2012 | Ubicación: C/ABS | ABS: C/ABS
DAYCO,KWD1022,Rodamiento de rueda,RODAMIENTO,PEUGEOT,307 2.0 HDI,VKBA6544,Versión: DW10TD (RHY) | Motor: DIESEL | Combustible: 1-2001 -> 10-2007 | SKF I: VKBA 6544 | SKF II: TRASERO | Ubicación: C/ABS | ABS: C/ABS,VKBA 6544 | TRASERO,,https://www.dayco.com/la-es/catalog/?search=KWD1022,Rueda,WHEEL BEARING KIT,,DIESEL,,,C/ABS,C/ABS,VKBA 6544 | TRASERO,Versión: DW10TD (RHY) | Motor: DIESEL | Combustible: 1-2001 -> 10-2007 | Ubicación: C/ABS | ABS: C/ABS
DAYCO,KWD1022,Rodamiento de rueda,RODAMIENTO,PEUGEOT,307 2.0,VKBA6544,Versión: EW10J4 (RFN) | Motor: NAFTA | Combustible: 1-2001 -> 10-2007 | SKF I: VKBA 6544 | SKF II: TRASERO | Ubicación: C/ABS | ABS: C/ABS,VKBA 6544 | TRASERO,,https://www.dayco.com/la-es/catalog/?search=KWD1022,Rueda,WHEEL BEARING KIT,,NAFTA,,,C/ABS,C/ABS,VKBA 6544 | TRASERO,Versión: EW10J4 (RFN) | Motor: NAFTA | Combustible: 1-2001 -> 10-2007 | Ubicación: C/ABS | ABS: C/ABS
DAYCO,KWD1022,Rodamiento de rueda,RODAMIENTO,PEUGEOT,307 2.0 143CV,VKBA6544,Versión: EW10A | Motor: NAFTA | Combustible: 10-2005 -> 3-2012 | SKF I: VKBA 6544 | SKF II: TRASERO | Ubicación: C/ABS | ABS: C/ABS,VKBA 6544 | TRASERO,,https://www.dayco.com/la-es/catalog/?search=KWD1022,Rueda,WHEEL BEARING KIT,,NAFTA,,,C/ABS,C/ABS,VKBA 6544 | TRASERO,Versión: EW10A | Motor: NAFTA | Combustible: 10-2005 -> 3-2012 | Ubicación: C/ABS | ABS: C/ABS
DAYCO,KWD1022,Rodamiento de rueda,RODAMIENTO,PEUGEOT,307 1.6 110CV,VKBA6544,Versión: TU5JP4 (NFU) | Motor: NAFTA | Combustible: 1-2001 -> 3-2012 | SKF I: VKBA 6544 | SKF II: TRASERO | Ubicación: C/ABS | ABS: C/ABS,VKBA 6544 | TRASERO,,https://www.dayco.com/la-es/catalog/?search=KWD1022,Rueda,WHEEL BEARING KIT,,NAFTA,,,C/ABS,C/ABS,VKBA 6544 | TRASERO,Versión: TU5JP4 (NFU) | Motor: NAFTA | Combustible: 1-2001 -> 3-2012 | Ubicación: C/ABS | ABS: C/ABS
DAYCO,KWD1022,Rodamiento de rueda,RODAMIENTO,PEUGEOT,307 2.0 HDI 90CV,VKBA6544,Versión: DW10TD (RHY) | Motor: DIESEL | Combustible: 9-2006 -> 10-2010 | SKF I: VKBA 6544 | SKF II: TRASERO | Ubicación: C/ABS | ABS: C/ABS,VKBA 6544 | TRASERO,,https://www.dayco.com/la-es/catalog/?search=KWD1022,Rueda,WHEEL BEARING KIT,,DIESEL,,,C/ABS,C/ABS,VKBA 6544 | TRASERO,Versión: DW10TD (RHY) | Motor: DIESEL | Combustible: 9-2006 -> 10-2010 | Ubicación: C/ABS | ABS: C/ABS
DAYCO,KWD1022,Rodamiento de rueda,RODAMIENTO,PEUGEOT,307 2.0 HDI 110CV,VKBA6544,Versión: DW10ATED | Motor: DIESEL | Combustible: 9-2006 -> 3-2012 | SKF I: VKBA 6544 | SKF II: TRASERO | Ubicación: C/ABS | ABS: C/ABS,VKBA 6544 | TRASERO,,https://www.dayco.com/la-es/catalog/?search=KWD1022,Rueda,WHEEL BEARING KIT,,DIESEL,,,C/ABS,C/ABS,VKBA 6544 | TRASERO,Versión: DW10ATED | Motor: DIESEL | Combustible: 9-2006 -> 3-2012 | Ubicación: C/ABS | ABS: C/ABS
DAYCO,KWD1022,Rodamiento de rueda,RODAMIENTO,PEUGEOT,307 2.0 138CV,VKBA6544,Versión: EW10A | Motor: NAFTA | Combustible: 4-2005 -> 3-2009 | SKF I: VKBA 6544 | SKF II: TRASERO | Ubicación: C/ABS | ABS: C/ABS,VKBA 6544 | TRASERO,,https://www.dayco.com/la-es/catalog/?search=KWD1022,Rueda,WHEEL BEARING KIT,,NAFTA,,,C/ABS,C/ABS,VKBA 6544 | TRASERO,Versión: EW10A | Motor: NAFTA | Combustible: 4-2005 -> 3-2009 | Ubicación: C/ABS | ABS: C/ABS
DAYCO,KWD1022,Rodamiento de rueda,RODAMIENTO,PEUGEOT,307 2.0 180CV,VKBA6544,Versión: EW10J4S | Motor: NAFTA | Combustible: 4-2005 -> 6-2009 | SKF I: VKBA 6544 | SKF II: TRASERO | Ubicación: C/ABS | ABS: C/ABS,VKBA 6544 | TRASERO,,https://www.dayco.com/la-es/catalog/?search=KWD1022,Rueda,WHEEL BEARING KIT,,NAFTA,,,C/ABS,C/ABS,VKBA 6544 | TRASERO,Versión: EW10J4S | Motor: NAFTA | Combustible: 4-2005 -> 6-2009 | Ubicación: C/ABS | ABS: C/ABS
DAYCO,KWD1014,Rodamiento de rueda,RODAMIENTO,PEUGEOT,307 2.0 HDI,BAH-0185,Versión: DW10TD (RHY) | Motor: DIESEL | Combustible: 1-2001 -> 10-2007 | SKF I: VKBC 20010 | SKF II: DELANTERO | Ubicación: C/ABS | ABS: C/ABS,VKBC 20010 | DELANTERO,,https://www.dayco.com/la-es/catalog/?search=KWD1014,Rueda,WHEEL BEARING KIT,,DIESEL,,,C/ABS,C/ABS,VKBC 20010 | DELANTERO,Versión: DW10TD (RHY) | Motor: DIESEL | Combustible: 1-2001 -> 10-2007 | Ubicación: C/ABS | ABS: C/ABS
DAYCO,KWD1014,Rodamiento de rueda,RODAMIENTO,PEUGEOT,307 2.0,BAH-0185,Versión: EW10J4 (RFN) | Motor: NAFTA | Combustible: 1-2001 -> 10-2007 | SKF I: VKBC 20010 | SKF II: DELANTERO | Ubicación: C/ABS | ABS: C/ABS,VKBC 20010 | DELANTERO,,https://www.dayco.com/la-es/catalog/?search=KWD1014,Rueda,WHEEL BEARING KIT,,NAFTA,,,C/ABS,C/ABS,VKBC 20010 | DELANTERO,Versión: EW10J4 (RFN) | Motor: NAFTA | Combustible: 1-2001 -> 10-2007 | Ubicación: C/ABS | ABS: C/ABS
DAYCO,KWD1014,Rodamiento de rueda,RODAMIENTO,PEUGEOT,307 2.0 143CV,BAH-0185,Versión: EW10A | Motor: NAFTA | Combustible: 10-2005 -> 3-2012 | SKF I: VKBC 20010 | SKF II: DELANTERO | Ubicación: C/ABS | ABS: C/ABS,VKBC 20010 | DELANTERO,,https://www.dayco.com/la-es/catalog/?search=KWD1014,Rueda,WHEEL BEARING KIT,,NAFTA,,,C/ABS,C/ABS,VKBC 20010 | DELANTERO,Versión: EW10A | Motor: NAFTA | Combustible: 10-2005 -> 3-2012 | Ubicación: C/ABS | ABS: C/ABS
DAYCO,KWD1014,Rodamiento de rueda,RODAMIENTO,PEUGEOT,307 1.6 HDI,BAH-0185,Versión: DV6TED4 | Motor: DIESEL | Combustible: 10-2005 -> 10-2009 | SKF I: VKBC 20010 | SKF II: DELANTERO | Ubicación: C/ABS | ABS: C/ABS,VKBC 20010 | DELANTERO,,https://www.dayco.com/la-es/catalog/?search=KWD1014,Rueda,WHEEL BEARING KIT,,DIESEL,,,C/ABS,C/ABS,VKBC 20010 | DELANTERO,Versión: DV6TED4 | Motor: DIESEL | Combustible: 10-2005 -> 10-2009 | Ubicación: C/ABS | ABS: C/ABS
DAYCO,KWD1014,Rodamiento de rueda,RODAMIENTO,PEUGEOT,307 1.6 110CV,BAH-0185,Versión: TU5JP4 (NFU) | Motor: NAFTA | Combustible: 1-2001 -> 3-2012 | SKF I: VKBC 20010 | SKF II: DELANTERO | Ubicación: C/ABS | ABS: C/ABS,VKBC 20010 | DELANTERO,,https://www.dayco.com/la-es/catalog/?search=KWD1014,Rueda,WHEEL BEARING KIT,,NAFTA,,,C/ABS,C/ABS,VKBC 20010 | DELANTERO,Versión: TU5JP4 (NFU) | Motor: NAFTA | Combustible: 1-2001 -> 3-2012 | Ubicación: C/ABS | ABS: C/ABS
DAYCO,KWD1014,Rodamiento de rueda,RODAMIENTO,PEUGEOT,307 2.0 HDI 90CV,BAH-0185,Versión: DW10TD (RHY) | Motor: DIESEL | Combustible: 9-2006 -> 10-2010 | SKF I: VKBC 20010 | SKF II: DELANTERO | Ubicación: C/ABS | ABS: C/ABS,VKBC 20010 | DELANTERO,,https://www.dayco.com/la-es/catalog/?search=KWD1014,Rueda,WHEEL BEARING KIT,,DIESEL,,,C/ABS,C/ABS,VKBC 20010 | DELANTERO,Versión: DW10TD (RHY) | Motor: DIESEL | Combustible: 9-2006 -> 10-2010 | Ubicación: C/ABS | ABS: C/ABS
DAYCO,KWD1014,Rodamiento de rueda,RODAMIENTO,PEUGEOT,307 2.0 HDI 110CV,BAH-0185,Versión: DW10ATED | Motor: DIESEL | Combustible: 9-2006 -> 3-2012 | SKF I: VKBC 20010 | SKF II: DELANTERO | Ubicación: C/ABS | ABS: C/ABS,VKBC 20010 | DELANTERO,,https://www.dayco.com/la-es/catalog/?search=KWD1014,Rueda,WHEEL BEARING KIT,,DIESEL,,,C/ABS,C/ABS,VKBC 20010 | DELANTERO,Versión: DW10ATED | Motor: DIESEL | Combustible: 9-2006 -> 3-2012 | Ubicación: C/ABS | ABS: C/ABS
DAYCO,KWD1014,Rodamiento de rueda,RODAMIENTO,PEUGEOT,307 2.0 138CV,BAH-0185,Versión: EW10A | Motor: NAFTA | Combustible: 4-2005 -> 3-2009 | SKF I: VKBC 20010 | SKF II: DELANTERO | Ubicación: C/ABS | ABS: C/ABS,VKBC 20010 | DELANTERO,,https://www.dayco.com/la-es/catalog/?search=KWD1014,Rueda,WHEEL BEARING KIT,,NAFTA,,,C/ABS,C/ABS,VKBC 20010 | DELANTERO,Versión: EW10A | Motor: NAFTA | Combustible: 4-2005 -> 3-2009 | Ubicación: C/ABS | ABS: C/ABS
DAYCO,KWD1014,Rodamiento de rueda,RODAMIENTO,PEUGEOT,307 2.0 180CV,BAH-0185,Versión: EW10J4S | Motor: NAFTA | Combustible: 4-2005 -> 6-2009 | SKF I: VKBC 20010 | SKF II: DELANTERO | Ubicación: C/ABS | ABS: C/ABS,VKBC 20010 | DELANTERO,,https://www.dayco.com/la-es/catalog/?search=KWD1014,Rueda,WHEEL BEARING KIT,,NAFTA,,,C/ABS,C/ABS,VKBC 20010 | DELANTERO,Versión: EW10J4S | Motor: NAFTA | Combustible: 4-2005 -> 6-2009 | Ubicación: C/ABS | ABS: C/ABS
DAYCO,KWD1003,Rodamiento de rueda,RODAMIENTO,PEUGEOT,308 1.6 THP 152CV,BAH-0186,Versión: EP6DT | Motor: NAFTA | Combustible: 12-2009 -> 6-2011 | SKF I: VKBC 20011 | SKF II: DELANTERO | Ubicación: C/ABS | ABS: C/ABS,VKBC 20011 | DELANTERO,,https://www.dayco.com/la-es/catalog/?search=KWD1003,Rueda,WHEEL BEARING KIT,,NAFTA,,,C/ABS,C/ABS,VKBC 20011 | DELANTERO,Versión: EP6DT | Motor: NAFTA | Combustible: 12-2009 -> 6-2011 | Ubicación: C/ABS | ABS: C/ABS
DAYCO,KWD1003,Rodamiento de rueda,RODAMIENTO,PEUGEOT,308 1.6 THP 156CV,BAH-0186,Versión: EP6CDT | Motor: NAFTA | Combustible: 11-2010 -> 5-2015 | SKF I: VKBC 20011 | SKF II: DELANTERO | Ubicación: C/ABS | ABS: C/ABS,VKBC 20011 | DELANTERO,,https://www.dayco.com/la-es/catalog/?search=KWD1003,Rueda,WHEEL BEARING KIT,,NAFTA,,,C/ABS,C/ABS,VKBC 20011 | DELANTERO,Versión: EP6CDT | Motor: NAFTA | Combustible: 11-2010 -> 5-2015 | Ubicación: C/ABS | ABS: C/ABS
DAYCO,KWD1003,Rodamiento de rueda,RODAMIENTO,PEUGEOT,308 1.6 VTI,BAH-0186,Versión: EC5 | Motor: NAFTA | Combustible: 12-2011 -> 5-2015 | SKF I: VKBC 20011 | SKF II: DELANTERO | Ubicación: C/ABS | ABS: C/ABS,VKBC 20011 | DELANTERO,,https://www.dayco.com/la-es/catalog/?search=KWD1003,Rueda,WHEEL BEARING KIT,,NAFTA,,,C/ABS,C/ABS,VKBC 20011 | DELANTERO,Versión: EC5 | Motor: NAFTA | Combustible: 12-2011 -> 5-2015 | Ubicación: C/ABS | ABS: C/ABS
DAYCO,KWD1003,Rodamiento de rueda,RODAMIENTO,PEUGEOT,308 2.0 16V,BAH-0186,Versión: EW10A | Motor: NAFTA | Combustible: 12-2011 -> 5-2015 | SKF I: VKBC 20011 | SKF II: DELANTERO | Ubicación: C/ABS | ABS: C/ABS,VKBC 20011 | DELANTERO,,https://www.dayco.com/la-es/catalog/?search=KWD1003,Rueda,WHEEL BEARING KIT,,NAFTA,,,C/ABS,C/ABS,VKBC 20011 | DELANTERO,Versión: EW10A | Motor: NAFTA | Combustible: 12-2011 -> 5-2015 | Ubicación: C/ABS | ABS: C/ABS
DAYCO,KWD1003,Rodamiento de rueda,RODAMIENTO,PEUGEOT,308 1.6 HDI,BAH-0186,Versión: DV6CM | Motor: DIESEL | Combustible: 12-2011 -> 5-2015 | SKF I: VKBC 20011 | SKF II: DELANTERO | Ubicación: C/ABS | ABS: C/ABS,VKBC 20011 | DELANTERO,,https://www.dayco.com/la-es/catalog/?search=KWD1003,Rueda,WHEEL BEARING KIT,,DIESEL,,,C/ABS,C/ABS,VKBC 20011 | DELANTERO,Versión: DV6CM | Motor: DIESEL | Combustible: 12-2011 -> 5-2015 | Ubicación: C/ABS | ABS: C/ABS
DAYCO,KWD1003,Rodamiento de rueda,RODAMIENTO,PEUGEOT,308 1.6 THP 200CV,BAH-0186,Versión: EP6CDTX | Motor: NAFTA | Combustible: 5-2012 -> 10-2014 | SKF I: VKBC 20011 | SKF II: DELANTERO | Ubicación: C/ABS | ABS: C/ABS,VKBC 20011 | DELANTERO,,https://www.dayco.com/la-es/catalog/?search=KWD1003,Rueda,WHEEL BEARING KIT,,NAFTA,,,C/ABS,C/ABS,VKBC 20011 | DELANTERO,Versión: EP6CDTX | Motor: NAFTA | Combustible: 5-2012 -> 10-2014 | Ubicación: C/ABS | ABS: C/ABS
DAYCO,KWD1034,Rodamiento de rueda,RODAMIENTO,PEUGEOT,308 1.6 THP 152CV,VKBA6549,Versión: EP6DT | Motor: NAFTA | Combustible: 12-2009 -> 6-2011 | SKF I: VKBA 6549 | SKF II: TRASERO | Ubicación: C/ABS | ABS: C/ABS,VKBA 6549 | TRASERO,,https://www.dayco.com/la-es/catalog/?search=KWD1034,Rueda,WHEEL BEARING KIT,,NAFTA,,,C/ABS,C/ABS,VKBA 6549 | TRASERO,Versión: EP6DT | Motor: NAFTA | Combustible: 12-2009 -> 6-2011 | Ubicación: C/ABS | ABS: C/ABS
DAYCO,KWD1034,Rodamiento de rueda,RODAMIENTO,PEUGEOT,308 1.6 THP 156CV,VKBA6549,Versión: EP6CDT | Motor: NAFTA | Combustible: 11-2010 -> 5-2015 | SKF I: VKBA 6549 | SKF II: TRASERO | Ubicación: C/ABS | ABS: C/ABS,VKBA 6549 | TRASERO,,https://www.dayco.com/la-es/catalog/?search=KWD1034,Rueda,WHEEL BEARING KIT,,NAFTA,,,C/ABS,C/ABS,VKBA 6549 | TRASERO,Versión: EP6CDT | Motor: NAFTA | Combustible: 11-2010 -> 5-2015 | Ubicación: C/ABS | ABS: C/ABS
DAYCO,KWD1034,Rodamiento de rueda,RODAMIENTO,PEUGEOT,308 1.6 VTI,VKBA6549,Versión: EC5 | Motor: NAFTA | Combustible: 12-2011 -> 5-2015 | SKF I: VKBA 6549 | SKF II: TRASERO | Ubicación: C/ABS | ABS: C/ABS,VKBA 6549 | TRASERO,,https://www.dayco.com/la-es/catalog/?search=KWD1034,Rueda,WHEEL BEARING KIT,,NAFTA,,,C/ABS,C/ABS,VKBA 6549 | TRASERO,Versión: EC5 | Motor: NAFTA | Combustible: 12-2011 -> 5-2015 | Ubicación: C/ABS | ABS: C/ABS
DAYCO,KWD1034,Rodamiento de rueda,RODAMIENTO,PEUGEOT,308 2.0 16V,VKBA6549,Versión: EW10A | Motor: NAFTA | Combustible: 12-2011 -> 5-2015 | SKF I: VKBA 6549 | SKF II: TRASERO | Ubicación: C/ABS | ABS: C/ABS,VKBA 6549 | TRASERO,,https://www.dayco.com/la-es/catalog/?search=KWD1034,Rueda,WHEEL BEARING KIT,,NAFTA,,,C/ABS,C/ABS,VKBA 6549 | TRASERO,Versión: EW10A | Motor: NAFTA | Combustible: 12-2011 -> 5-2015 | Ubicación: C/ABS | ABS: C/ABS
DAYCO,KWD1034,Rodamiento de rueda,RODAMIENTO,PEUGEOT,308 1.6 HDI,VKBA6549,Versión: DV6CM | Motor: DIESEL | Combustible: 12-2011 -> 5-2015 | SKF I: VKBA 6549 | SKF II: TRASERO | Ubicación: C/ABS | ABS: C/ABS,VKBA 6549 | TRASERO,,https://www.dayco.com/la-es/catalog/?search=KWD1034,Rueda,WHEEL BEARING KIT,,DIESEL,,,C/ABS,C/ABS,VKBA 6549 | TRASERO,Versión: DV6CM | Motor: DIESEL | Combustible: 12-2011 -> 5-2015 | Ubicación: C/ABS | ABS: C/ABS
DAYCO,KWD1034,Rodamiento de rueda,RODAMIENTO,PEUGEOT,308 1.6 THP 200CV,VKBA6549,Versión: EP6CDTX | Motor: NAFTA | Combustible: 5-2012 -> 10-2014 | SKF I: VKBA 6549 | SKF II: TRASERO | Ubicación: C/ABS | ABS: C/ABS,VKBA 6549 | TRASERO,,https://www.dayco.com/la-es/catalog/?search=KWD1034,Rueda,WHEEL BEARING KIT,,NAFTA,,,C/ABS,C/ABS,VKBA 6549 | TRASERO,Versión: EP6CDTX | Motor: NAFTA | Combustible: 5-2012 -> 10-2014 | Ubicación: C/ABS | ABS: C/ABS
DAYCO,KWD1034,Rodamiento de rueda,RODAMIENTO,PEUGEOT,308 1.6 THP 163CV,VKBA6549,Versión: EP6DTM | Motor: NAFTA | Combustible: 2-2013 -> 5-2017 | SKF I: VKBA 6549 | SKF II: TRASERO | Ubicación: C/ABS | ABS: C/ABS,VKBA 6549 | TRASERO,,https://www.dayco.com/la-es/catalog/?search=KWD1034,Rueda,WHEEL BEARING KIT,,NAFTA,,,C/ABS,C/ABS,VKBA 6549 | TRASERO,Versión: EP6DTM | Motor: NAFTA | Combustible: 2-2013 -> 5-2017 | Ubicación: C/ABS | ABS: C/ABS
DAYCO,KWD1034,Rodamiento de rueda,RODAMIENTO,PEUGEOT,308 1.6 VTI,VKBA6549,Versión: EC5 | Motor: NAFTA | Combustible: 10-2015 -> 12-2023 | SKF I: VKBA 6549 | SKF II: TRASERO | Ubicación: C/ABS | ABS: C/ABS,VKBA 6549 | TRASERO,,https://www.dayco.com/la-es/catalog/?search=KWD1034,Rueda,WHEEL BEARING KIT,,NAFTA,,,C/ABS,C/ABS,VKBA 6549 | TRASERO,Versión: EC5 | Motor: NAFTA | Combustible: 10-2015 -> 12-2023 | Ubicación: C/ABS | ABS: C/ABS
DAYCO,KWD1034,Rodamiento de rueda,RODAMIENTO,PEUGEOT,308 2.0 16V,VKBA6549,Versión: EW10A | Motor: NAFTA | Combustible: 10-2015 -> 4-2020 | SKF I: VKBA 6549 | SKF II: TRASERO | Ubicación: C/ABS | ABS: C/ABS,VKBA 6549 | TRASERO,,https://www.dayco.com/la-es/catalog/?search=KWD1034,Rueda,WHEEL BEARING KIT,,NAFTA,,,C/ABS,C/ABS,VKBA 6549 | TRASERO,Versión: EW10A | Motor: NAFTA | Combustible: 10-2015 -> 4-2020 | Ubicación: C/ABS | ABS: C/ABS
DAYCO,KWD1034,Rodamiento de rueda,RODAMIENTO,PEUGEOT,308 1.6 HDI,VKBA6549,Versión: DV6CM | Motor: DIESEL | Combustible: 10-2015 -> 12-2023 | SKF I: VKBA 6549 | SKF II: TRASERO | Ubicación: C/ABS | ABS: C/ABS,VKBA 6549 | TRASERO,,https://www.dayco.com/la-es/catalog/?search=KWD1034,Rueda,WHEEL BEARING KIT,,DIESEL,,,C/ABS,C/ABS,VKBA 6549 | TRASERO,Versión: DV6CM | Motor: DIESEL | Combustible: 10-2015 -> 12-2023 | Ubicación: C/ABS | ABS: C/ABS
DAYCO,KWD1034,Rodamiento de rueda,RODAMIENTO,PEUGEOT,308 1.6 THP 163CV,VKBA6549,Versión: EP6DTM | Motor: NAFTA | Combustible: 10-2015 -> 1-2022 | SKF I: VKBA 6549 | SKF II: TRASERO | Ubicación: C/ABS | ABS: C/ABS,VKBA 6549 | TRASERO,,https://www.dayco.com/la-es/catalog/?search=KWD1034,Rueda,WHEEL BEARING KIT,,NAFTA,,,C/ABS,C/ABS,VKBA 6549 | TRASERO,Versión: EP6DTM | Motor: NAFTA | Combustible: 10-2015 -> 1-2022 | Ubicación: C/ABS | ABS: C/ABS
DAYCO,KWD1034,Rodamiento de rueda,RODAMIENTO,PEUGEOT,308 1.6 THP 270CV,VKBA6549,Versión: EP6FDTR | Motor: NAFTA | Combustible: 2-2017 -> 12-2023 | SKF I: VKBA 6549 | SKF II: TRASERO | Ubicación: C/ABS | ABS: C/ABS,VKBA 6549 | TRASERO,,https://www.dayco.com/la-es/catalog/?search=KWD1034,Rueda,WHEEL BEARING KIT,,NAFTA,,,C/ABS,C/ABS,VKBA 6549 | TRASERO,Versión: EP6FDTR | Motor: NAFTA | Combustible: 2-2017 -> 12-2023 | Ubicación: C/ABS | ABS: C/ABS
DAYCO,KWD1034,Rodamiento de rueda,RODAMIENTO,PEUGEOT,308 1.6 THP 163CV TIPTRONIC,VKBA6549,Versión: EP6DTM | Motor: NAFTA | Combustible: 3-2017 -> 12-2023 | SKF I: VKBA 6549 | SKF II: TRASERO | Ubicación: C/ABS | ABS: C/ABS,VKBA 6549 | TRASERO,,https://www.dayco.com/la-es/catalog/?search=KWD1034,Rueda,WHEEL BEARING KIT,,NAFTA,,,C/ABS,C/ABS,VKBA 6549 | TRASERO,Versión: EP6DTM | Motor: NAFTA | Combustible: 3-2017 -> 12-2023 | Ubicación: C/ABS | ABS: C/ABS
DAYCO,KWD1014,Rodamiento de rueda,RODAMIENTO,PEUGEOT,308 1.6 THP 152CV,BAH-0185,Versión: EP6DT | Motor: NAFTA | Combustible: 12-2009 -> 6-2011 | SKF I: VKBC 20010 | SKF II: DELANTERO | Ubicación: C/ABS | ABS: C/ABS,VKBC 20010 | DELANTERO,,https://www.dayco.com/la-es/catalog/?search=KWD1014,Rueda,WHEEL BEARING KIT,,NAFTA,,,C/ABS,C/ABS,VKBC 20010 | DELANTERO,Versión: EP6DT | Motor: NAFTA | Combustible: 12-2009 -> 6-2011 | Ubicación: C/ABS | ABS: C/ABS
DAYCO,KWD1014,Rodamiento de rueda,RODAMIENTO,PEUGEOT,308 1.6 THP 156CV,BAH-0185,Versión: EP6CDT | Motor: NAFTA | Combustible: 11-2010 -> 5-2015 | SKF I: VKBC 20010 | SKF II: DELANTERO | Ubicación: C/ABS | ABS: C/ABS,VKBC 20010 | DELANTERO,,https://www.dayco.com/la-es/catalog/?search=KWD1014,Rueda,WHEEL BEARING KIT,,NAFTA,,,C/ABS,C/ABS,VKBC 20010 | DELANTERO,Versión: EP6CDT | Motor: NAFTA | Combustible: 11-2010 -> 5-2015 | Ubicación: C/ABS | ABS: C/ABS
DAYCO,KWD1014,Rodamiento de rueda,RODAMIENTO,PEUGEOT,308 1.6 VTI,BAH-0185,Versión: EC5 | Motor: NAFTA | Combustible: 12-2011 -> 5-2015 | SKF I: VKBC 20010 | SKF II: DELANTERO | Ubicación: C/ABS | ABS: C/ABS,VKBC 20010 | DELANTERO,,https://www.dayco.com/la-es/catalog/?search=KWD1014,Rueda,WHEEL BEARING KIT,,NAFTA,,,C/ABS,C/ABS,VKBC 20010 | DELANTERO,Versión: EC5 | Motor: NAFTA | Combustible: 12-2011 -> 5-2015 | Ubicación: C/ABS | ABS: C/ABS
DAYCO,KWD1014,Rodamiento de rueda,RODAMIENTO,PEUGEOT,308 2.0 16V,BAH-0185,Versión: EW10A | Motor: NAFTA | Combustible: 12-2011 -> 5-2015 | SKF I: VKBC 20010 | SKF II: DELANTERO | Ubicación: C/ABS | ABS: C/ABS,VKBC 20010 | DELANTERO,,https://www.dayco.com/la-es/catalog/?search=KWD1014,Rueda,WHEEL BEARING KIT,,NAFTA,,,C/ABS,C/ABS,VKBC 20010 | DELANTERO,Versión: EW10A | Motor: NAFTA | Combustible: 12-2011 -> 5-2015 | Ubicación: C/ABS | ABS: C/ABS
DAYCO,KWD1014,Rodamiento de rueda,RODAMIENTO,PEUGEOT,308 1.6 HDI,BAH-0185,Versión: DV6CM | Motor: DIESEL | Combustible: 12-2011 -> 5-2015 | SKF I: VKBC 20010 | SKF II: DELANTERO | Ubicación: C/ABS | ABS: C/ABS,VKBC 20010 | DELANTERO,,https://www.dayco.com/la-es/catalog/?search=KWD1014,Rueda,WHEEL BEARING KIT,,DIESEL,,,C/ABS,C/ABS,VKBC 20010 | DELANTERO,Versión: DV6CM | Motor: DIESEL | Combustible: 12-2011 -> 5-2015 | Ubicación: C/ABS | ABS: C/ABS
DAYCO,KWD1014,Rodamiento de rueda,RODAMIENTO,PEUGEOT,308 1.6 THP 200CV,BAH-0185,Versión: EP6CDTX | Motor: NAFTA | Combustible: 5-2012 -> 10-2014 | SKF I: VKBC 20010 | SKF II: DELANTERO | Ubicación: C/ABS | ABS: C/ABS,VKBC 20010 | DELANTERO,,https://www.dayco.com/la-es/catalog/?search=KWD1014,Rueda,WHEEL BEARING KIT,,NAFTA,,,C/ABS,C/ABS,VKBC 20010 | DELANTERO,Versión: EP6CDTX | Motor: NAFTA | Combustible: 5-2012 -> 10-2014 | Ubicación: C/ABS | ABS: C/ABS
DAYCO,KWD1014,Rodamiento de rueda,RODAMIENTO,PEUGEOT,405 1.9,BAH-0185,Versión: XUD9A/L (D9B) | Motor: DIESEL | Combustible: 2-1992 -> 10-1998 | SKF I: VKBC 20010 | SKF II: DELANTERO | Ubicación: C/ABS | ABS: C/ABS,VKBC 20010 | DELANTERO,,https://www.dayco.com/la-es/catalog/?search=KWD1014,Rueda,WHEEL BEARING KIT,,DIESEL,,,C/ABS,C/ABS,VKBC 20010 | DELANTERO,Versión: XUD9A/L (D9B) | Motor: DIESEL | Combustible: 2-1992 -> 10-1998 | Ubicación: C/ABS | ABS: C/ABS
DAYCO,KWD1014,Rodamiento de rueda,RODAMIENTO,PEUGEOT,405 1.9,BAH-0185,Versión: XU92C (D2H) | Motor: NAFTA | Combustible: 3-1991 -> 11-1997 | SKF I: VKBC 20010 | SKF II: DELANTERO | Ubicación: C/ABS | ABS: C/ABS,VKBC 20010 | DELANTERO,,https://www.dayco.com/la-es/catalog/?search=KWD1014,Rueda,WHEEL BEARING KIT,,NAFTA,,,C/ABS,C/ABS,VKBC 20010 | DELANTERO,Versión: XU92C (D2H) | Motor: NAFTA | Combustible: 3-1991 -> 11-1997 | Ubicación: C/ABS | ABS: C/ABS
DAYCO,KWD1014,Rodamiento de rueda,RODAMIENTO,PEUGEOT,405 2.0,BAH-0185,Versión: XU10J2C (RFX) | Motor: NAFTA | Combustible: 3-1991 -> 11-1997 | SKF I: VKBC 20010 | SKF II: DELANTERO | Ubicación: C/ABS | ABS: C/ABS,VKBC 20010 | DELANTERO,,https://www.dayco.com/la-es/catalog/?search=KWD1014,Rueda,WHEEL BEARING KIT,,NAFTA,,,C/ABS,C/ABS,VKBC 20010 | DELANTERO,Versión: XU10J2C (RFX) | Motor: NAFTA | Combustible: 3-1991 -> 11-1997 | Ubicación: C/ABS | ABS: C/ABS
DAYCO,KWD1014,Rodamiento de rueda,RODAMIENTO,PEUGEOT,405 1.6,BAH-0185,Versión: XU5JP (BFZ) | Motor: NAFTA | Combustible: 1-1992 -> 11-1997 | SKF I: VKBC 20010 | SKF II: DELANTERO | Ubicación: C/ABS | ABS: C/ABS,VKBC 20010 | DELANTERO,,https://www.dayco.com/la-es/catalog/?search=KWD1014,Rueda,WHEEL BEARING KIT,,NAFTA,,,C/ABS,C/ABS,VKBC 20010 | DELANTERO,Versión: XU5JP (BFZ) | Motor: NAFTA | Combustible: 1-1992 -> 11-1997 | Ubicación: C/ABS | ABS: C/ABS
DAYCO,KWD1014,Rodamiento de rueda,RODAMIENTO,PEUGEOT,405 1.8,BAH-0185,Versión: XU7JP (LFZ) | Motor: NAFTA | Combustible: 2-1993 -> 3-2003 | SKF I: VKBC 20010 | SKF II: DELANTERO | Ubicación: C/ABS | ABS: C/ABS,VKBC 20010 | DELANTERO,,https://www.dayco.com/la-es/catalog/?search=KWD1014,Rueda,WHEEL BEARING KIT,,NAFTA,,,C/ABS,C/ABS,VKBC 20010 | DELANTERO,Versión: XU7JP (LFZ) | Motor: NAFTA | Combustible: 2-1993 -> 3-2003 | Ubicación: C/ABS | ABS: C/ABS
DAYCO,KWD1014,Rodamiento de rueda,RODAMIENTO,PEUGEOT,405 1.9,BAH-0185,Versión: XU9JAZ (DKZ) | Motor: NAFTA | Combustible: 1-1992 -> 11-1997 | SKF I: VKBC 20010 | SKF II: DELANTERO | Ubicación: C/ABS | ABS: C/ABS,VKBC 20010 | DELANTERO,,https://www.dayco.com/la-es/catalog/?search=KWD1014,Rueda,WHEEL BEARING KIT,,NAFTA,,,C/ABS,C/ABS,VKBC 20010 | DELANTERO,Versión: XU9JAZ (DKZ) | Motor: NAFTA | Combustible: 1-1992 -> 11-1997 | Ubicación: C/ABS | ABS: C/ABS
DAYCO,KWD1014,Rodamiento de rueda,RODAMIENTO,PEUGEOT,405 1.9 SRD,BAH-0185,Versión: XUD9A (D9B) | Motor: DIESEL | Combustible: 3-1991 -> 11-1997 | SKF I: VKBC 20010 | SKF II: DELANTERO | Ubicación: C/ABS | ABS: C/ABS,VKBC 20010 | DELANTERO,,https://www.dayco.com/la-es/catalog/?search=KWD1014,Rueda,WHEEL BEARING KIT,,DIESEL,,,C/ABS,C/ABS,VKBC 20010 | DELANTERO,Versión: XUD9A (D9B) | Motor: DIESEL | Combustible: 3-1991 -> 11-1997 | Ubicación: C/ABS | ABS: C/ABS
DAYCO,KWD1014,Rodamiento de rueda,RODAMIENTO,PEUGEOT,405 2.0 16V,BAH-0185,Versión: XU10J4/L/Z (RFT) | Motor: NAFTA | Combustible: 3-1991 -> 5-1995 | SKF I: VKBC 20010 | SKF II: DELANTERO | Ubicación: C/ABS | ABS: C/ABS,VKBC 20010 | DELANTERO,,https://www.dayco.com/la-es/catalog/?search=KWD1014,Rueda,WHEEL BEARING KIT,,NAFTA,,,C/ABS,C/ABS,VKBC 20010 | DELANTERO,Versión: XU10J4/L/Z (RFT) | Motor: NAFTA | Combustible: 3-1991 -> 5-1995 | Ubicación: C/ABS | ABS: C/ABS
DAYCO,KWD1014,Rodamiento de rueda,RODAMIENTO,PEUGEOT,405 2.0 16V,BAH-0185,Versión: XU10J4Z (RFT) | Motor: NAFTA | Combustible: 2-1993 -> 5-1995 | SKF I: VKBC 20010 | SKF II: DELANTERO | Ubicación: C/ABS | ABS: C/ABS,VKBC 20010 | DELANTERO,,https://www.dayco.com/la-es/catalog/?search=KWD1014,Rueda,WHEEL BEARING KIT,,NAFTA,,,C/ABS,C/ABS,VKBC 20010 | DELANTERO,Versión: XU10J4Z (RFT) | Motor: NAFTA | Combustible: 2-1993 -> 5-1995 | Ubicación: C/ABS | ABS: C/ABS
DAYCO,KWD1034,Rodamiento de rueda,RODAMIENTO,PEUGEOT,408 2.0 16V,VKBA6549,Versión: EW10A | Motor: NAFTA | Combustible: 12-2010 -> 4-2015 | SKF I: VKBA 6549 | SKF II: TRASERO | Ubicación: C/ABS | ABS: C/ABS,VKBA 6549 | TRASERO,,https://www.dayco.com/la-es/catalog/?search=KWD1034,Rueda,WHEEL BEARING KIT,,NAFTA,,,C/ABS,C/ABS,VKBA 6549 | TRASERO,Versión: EW10A | Motor: NAFTA | Combustible: 12-2010 -> 4-2015 | Ubicación: C/ABS | ABS: C/ABS
DAYCO,KWD1034,Rodamiento de rueda,RODAMIENTO,PEUGEOT,408 1.6 HDI,VKBA6549,Versión: DV6TED4 | Motor: DIESEL | Combustible: 4-2011 -> 4-2015 | SKF I: VKBA 6549 | SKF II: TRASERO | Ubicación: C/ABS | ABS: C/ABS,VKBA 6549 | TRASERO,,https://www.dayco.com/la-es/catalog/?search=KWD1034,Rueda,WHEEL BEARING KIT,,DIESEL,,,C/ABS,C/ABS,VKBA 6549 | TRASERO,Versión: DV6TED4 | Motor: DIESEL | Combustible: 4-2011 -> 4-2015 | Ubicación: C/ABS | ABS: C/ABS
DAYCO,KWD1034,Rodamiento de rueda,RODAMIENTO,PEUGEOT,408 1.6 THP 163CV,VKBA6549,Versión: EP6DTM | Motor: NAFTA | Combustible: 8-2011 -> 7-2017 | SKF I: VKBA 6549 | SKF II: TRASERO | Ubicación: C/ABS | ABS: C/ABS,VKBA 6549 | TRASERO,,https://www.dayco.com/la-es/catalog/?search=KWD1034,Rueda,WHEEL BEARING KIT,,NAFTA,,,C/ABS,C/ABS,VKBA 6549 | TRASERO,Versión: EP6DTM | Motor: NAFTA | Combustible: 8-2011 -> 7-2017 | Ubicación: C/ABS | ABS: C/ABS
DAYCO,KWD1034,Rodamiento de rueda,RODAMIENTO,PEUGEOT,408 2.0 16V,VKBA6549,Versión: EW10A | Motor: NAFTA | Combustible: 10-2015 -> 12-2023 | SKF I: VKBA 6549 | SKF II: TRASERO | Ubicación: C/ABS | ABS: C/ABS,VKBA 6549 | TRASERO,,https://www.dayco.com/la-es/catalog/?search=KWD1034,Rueda,WHEEL BEARING KIT,,NAFTA,,,C/ABS,C/ABS,VKBA 6549 | TRASERO,Versión: EW10A | Motor: NAFTA | Combustible: 10-2015 -> 12-2023 | Ubicación: C/ABS | ABS: C/ABS
DAYCO,KWD1034,Rodamiento de rueda,RODAMIENTO,PEUGEOT,408 1.6 HDI,VKBA6549,Versión: DV6TED4 | Motor: DIESEL | Combustible: 10-2015 -> 12-2023 | SKF I: VKBA 6549 | SKF II: TRASERO | Ubicación: C/ABS | ABS: C/ABS,VKBA 6549 | TRASERO,,https://www.dayco.com/la-es/catalog/?search=KWD1034,Rueda,WHEEL BEARING KIT,,DIESEL,,,C/ABS,C/ABS,VKBA 6549 | TRASERO,Versión: DV6TED4 | Motor: DIESEL | Combustible: 10-2015 -> 12-2023 | Ubicación: C/ABS | ABS: C/ABS
DAYCO,KWD1034,Rodamiento de rueda,RODAMIENTO,PEUGEOT,408 1.6 THP 163CV,VKBA6549,Versión: EP6DTM | Motor: NAFTA | Combustible: 10-2015 -> 12-2023 | SKF I: VKBA 6549 | SKF II: TRASERO | Ubicación: C/ABS | ABS: C/ABS,VKBA 6549 | TRASERO,,https://www.dayco.com/la-es/catalog/?search=KWD1034,Rueda,WHEEL BEARING KIT,,NAFTA,,,C/ABS,C/ABS,VKBA 6549 | TRASERO,Versión: EP6DTM | Motor: NAFTA | Combustible: 10-2015 -> 12-2023 | Ubicación: C/ABS | ABS: C/ABS
DAYCO,KWD1034,Rodamiento de rueda,RODAMIENTO,PEUGEOT,408 1.6 VTI,VKBA6549,Versión: EC5 | Motor: NAFTA | Combustible: 10-2015 -> 12-2023 | SKF I: VKBA 6549 | SKF II: TRASERO | Ubicación: C/ABS | ABS: C/ABS,VKBA 6549 | TRASERO,,https://www.dayco.com/la-es/catalog/?search=KWD1034,Rueda,WHEEL BEARING KIT,,NAFTA,,,C/ABS,C/ABS,VKBA 6549 | TRASERO,Versión: EC5 | Motor: NAFTA | Combustible: 10-2015 -> 12-2023 | Ubicación: C/ABS | ABS: C/ABS
DAYCO,KWD1178,Rodamiento de rueda,RODAMIENTO,PEUGEOT,2008 1.6 VTI,VKBA 3585,Versión: EC5 | Motor: NAFTA | Combustible: 2016 -> | SKF I: BAF-0068 D | Ubicación: TRASERO,BAF-0068 D,,https://www.dayco.com/la-es/catalog/?search=KWD1178,Rueda,WHEEL BEARING KIT,,NAFTA,,,TRASERO,,BAF-0068 D,Versión: EC5 | Motor: NAFTA | Combustible: 2016 -> | Ubicación: TRASERO
DAYCO,KWD1178,Rodamiento de rueda,RODAMIENTO,PEUGEOT,2008 1.6 THP 165CV,VKBA 3585,Versión: EP6FDT | Motor: NAFTA | Combustible: 2016 -> 2022 | SKF I: BAF-0068 D | Ubicación: TRASERO,BAF-0068 D,,https://www.dayco.com/la-es/catalog/?search=KWD1178,Rueda,WHEEL BEARING KIT,,NAFTA,,,TRASERO,,BAF-0068 D,Versión: EP6FDT | Motor: NAFTA | Combustible: 2016 -> 2022 | Ubicación: TRASERO
DAYCO,KWD1178,Rodamiento de rueda,RODAMIENTO,PEUGEOT,2008 1.6 VTI TIPTRONIC,VKBA 3585,Versión: EC5 | Motor: NAFTA | Combustible: 2016 -> | SKF I: BAF-0068 D | Ubicación: TRASERO,BAF-0068 D,,https://www.dayco.com/la-es/catalog/?search=KWD1178,Rueda,WHEEL BEARING KIT,,NAFTA,,,TRASERO,,BAF-0068 D,Versión: EC5 | Motor: NAFTA | Combustible: 2016 -> | Ubicación: TRASERO
DAYCO,KWD1022,Rodamiento de rueda,RODAMIENTO,PEUGEOT,2008 1.6 VTI,VKBA6544,Versión: EC5 | Motor: NAFTA | Combustible: 2-2016 -> 12-2023 | SKF I: VKBA 6544 | SKF II: TRASERO | Ubicación: C/ABS | ABS: C/ABS,VKBA 6544 | TRASERO,,https://www.dayco.com/la-es/catalog/?search=KWD1022,Rueda,WHEEL BEARING KIT,,NAFTA,,,C/ABS,C/ABS,VKBA 6544 | TRASERO,Versión: EC5 | Motor: NAFTA | Combustible: 2-2016 -> 12-2023 | Ubicación: C/ABS | ABS: C/ABS
DAYCO,KWD1022,Rodamiento de rueda,RODAMIENTO,PEUGEOT,2008 1.6 THP 165CV,VKBA6544,Versión: EP6FDT | Motor: NAFTA | Combustible: 2-2016 -> 10-2022 | SKF I: VKBA 6544 | SKF II: TRASERO | Ubicación: C/ABS | ABS: C/ABS,VKBA 6544 | TRASERO,,https://www.dayco.com/la-es/catalog/?search=KWD1022,Rueda,WHEEL BEARING KIT,,NAFTA,,,C/ABS,C/ABS,VKBA 6544 | TRASERO,Versión: EP6FDT | Motor: NAFTA | Combustible: 2-2016 -> 10-2022 | Ubicación: C/ABS | ABS: C/ABS
DAYCO,KWD1022,Rodamiento de rueda,RODAMIENTO,PEUGEOT,2008 1.6 VTI TIPTRONIC,VKBA6544,Versión: EC5 | Motor: NAFTA | Combustible: 2-2016 -> 12-2023 | SKF I: VKBA 6544 | SKF II: TRASERO | Ubicación: C/ABS | ABS: C/ABS,VKBA 6544 | TRASERO,,https://www.dayco.com/la-es/catalog/?search=KWD1022,Rueda,WHEEL BEARING KIT,,NAFTA,,,C/ABS,C/ABS,VKBA 6544 | TRASERO,Versión: EC5 | Motor: NAFTA | Combustible: 2-2016 -> 12-2023 | Ubicación: C/ABS | ABS: C/ABS
DAYCO,KWD1022,Rodamiento de rueda,RODAMIENTO,PEUGEOT,2008 1.6 THP 165CV,VKBA6544,Versión: EP6 | Motor: NAFTA | Combustible: 2-2016 -> 12-2023 | SKF I: VKBA 6544 | SKF II: TRASERO | Ubicación: C/ABS | ABS: C/ABS,VKBA 6544 | TRASERO,,https://www.dayco.com/la-es/catalog/?search=KWD1022,Rueda,WHEEL BEARING KIT,,NAFTA,,,C/ABS,C/ABS,VKBA 6544 | TRASERO,Versión: EP6 | Motor: NAFTA | Combustible: 2-2016 -> 12-2023 | Ubicación: C/ABS | ABS: C/ABS
DAYCO,KWD1022,Rodamiento de rueda,RODAMIENTO,PEUGEOT,2008 1.6 THP 165CV TIPTRONIC,VKBA6544,Versión: EP6 | Motor: NAFTA | Combustible: 2-2016 -> 12-2023 | SKF I: VKBA 6544 | SKF II: TRASERO | Ubicación: C/ABS | ABS: C/ABS,VKBA 6544 | TRASERO,,https://www.dayco.com/la-es/catalog/?search=KWD1022,Rueda,WHEEL BEARING KIT,,NAFTA,,,C/ABS,C/ABS,VKBA 6544 | TRASERO,Versión: EP6 | Motor: NAFTA | Combustible: 2-2016 -> 12-2023 | Ubicación: C/ABS | ABS: C/ABS
DAYCO,KWD1034,Rodamiento de rueda,RODAMIENTO,PEUGEOT,3008 1.6 HDI,VKBA6549,Versión: DV6ATED4 | Motor: DIESEL | Combustible: 5-2010 -> 8-2010 | SKF I: VKBA 6549 | SKF II: TRASERO | Ubicación: C/ABS | ABS: C/ABS,VKBA 6549 | TRASERO,,https://www.dayco.com/la-es/catalog/?search=KWD1034,Rueda,WHEEL BEARING KIT,,DIESEL,,,C/ABS,C/ABS,VKBA 6549 | TRASERO,Versión: DV6ATED4 | Motor: DIESEL | Combustible: 5-2010 -> 8-2010 | Ubicación: C/ABS | ABS: C/ABS
DAYCO,KWD1034,Rodamiento de rueda,RODAMIENTO,PEUGEOT,3008 1.6 THP 156CV,VKBA6549,Versión: EP6CDT | Motor: NAFTA | Combustible: 9-2010 -> 5-2013 | SKF I: VKBA 6549 | SKF II: TRASERO | Ubicación: C/ABS | ABS: C/ABS,VKBA 6549 | TRASERO,,https://www.dayco.com/la-es/catalog/?search=KWD1034,Rueda,WHEEL BEARING KIT,,NAFTA,,,C/ABS,C/ABS,VKBA 6549 | TRASERO,Versión: EP6CDT | Motor: NAFTA | Combustible: 9-2010 -> 5-2013 | Ubicación: C/ABS | ABS: C/ABS
DAYCO,KWD1034,Rodamiento de rueda,RODAMIENTO,PEUGEOT,3008 1.6 THP 163CV TIPTRONIC,VKBA6549,Versión: EP6CDT | Motor: NAFTA | Combustible: 1-2012 -> 12-2023 | SKF I: VKBA 6549 | SKF II: TRASERO | Ubicación: C/ABS | ABS: C/ABS,VKBA 6549 | TRASERO,,https://www.dayco.com/la-es/catalog/?search=KWD1034,Rueda,WHEEL BEARING KIT,,NAFTA,,,C/ABS,C/ABS,VKBA 6549 | TRASERO,Versión: EP6CDT | Motor: NAFTA | Combustible: 1-2012 -> 12-2023 | Ubicación: C/ABS | ABS: C/ABS
DAYCO,KWD1034,Rodamiento de rueda,RODAMIENTO,PEUGEOT,3008 2.0 HDI,VKBA6549,Versión: DW10 | Motor: DIESEL | Combustible: 2-2013 -> 4-2020 | SKF I: VKBA 6549 | SKF II: TRASERO | Ubicación: C/ABS | ABS: C/ABS,VKBA 6549 | TRASERO,,https://www.dayco.com/la-es/catalog/?search=KWD1034,Rueda,WHEEL BEARING KIT,,DIESEL,,,C/ABS,C/ABS,VKBA 6549 | TRASERO,Versión: DW10 | Motor: DIESEL | Combustible: 2-2013 -> 4-2020 | Ubicación: C/ABS | ABS: C/ABS
DAYCO,KWD1034,Rodamiento de rueda,RODAMIENTO,PEUGEOT,5008 1.6 THP 156CV,VKBA6549,Versión: EP6CDT | Motor: NAFTA | Combustible: 1-2012 -> 10-2021 | SKF I: VKBA 6549 | SKF II: TRASERO | Ubicación: C/ABS | ABS: C/ABS,VKBA 6549 | TRASERO,,https://www.dayco.com/la-es/catalog/?search=KWD1034,Rueda,WHEEL BEARING KIT,,NAFTA,,,C/ABS,C/ABS,VKBA 6549 | TRASERO,Versión: EP6CDT | Motor: NAFTA | Combustible: 1-2012 -> 10-2021 | Ubicación: C/ABS | ABS: C/ABS
DAYCO,KWD1094,Rodamiento de rueda,RODAMIENTO,PEUGEOT,PARTNER,2002 -> 2010,Versión: 1.4I | Motor: TU3JP (KFX) | Combustible: NAFTA | SKF I: BT2B 445539 / VKBC 20212 | SKF II: VKBA 3525 | Ubicación: TRASERO,BT2B 445539 / VKBC 20212 | VKBA 3525,,https://www.dayco.com/la-es/catalog/?search=KWD1094,Rueda,WHEEL BEARING KIT,,TU3JP (KFX),,,TRASERO,,BT2B 445539 / VKBC 20212 | VKBA 3525,Versión: 1.4I | Motor: TU3JP (KFX) | Combustible: NAFTA | Ubicación: TRASERO
DAYCO,KWD1094,Rodamiento de rueda,RODAMIENTO,PEUGEOT,PARTNER,1998 -> 2010,Versión: 1.9D | Motor: DW8 (WJY) | Combustible: DIESEL | SKF I: BT2B 445539 / VKBC 20212 | SKF II: VKBA 3525 | Ubicación: TRASERO,BT2B 445539 / VKBC 20212 | VKBA 3525,,https://www.dayco.com/la-es/catalog/?search=KWD1094,Rueda,WHEEL BEARING KIT,,DW8 (WJY),,,TRASERO,,BT2B 445539 / VKBC 20212 | VKBA 3525,Versión: 1.9D | Motor: DW8 (WJY) | Combustible: DIESEL | Ubicación: TRASERO
DAYCO,KWD1094,Rodamiento de rueda,RODAMIENTO,PEUGEOT,PARTNER,2003 -> 2005,Versión: 1.6 N | Motor: TU5JP4 (NFU) | Combustible: NAFTA | SKF I: BT2B 445539 / VKBC 20212 | SKF II: VKBA 3525 | Ubicación: TRASERO,BT2B 445539 / VKBC 20212 | VKBA 3525,,https://www.dayco.com/la-es/catalog/?search=KWD1094,Rueda,WHEEL BEARING KIT,,TU5JP4 (NFU),,,TRASERO,,BT2B 445539 / VKBC 20212 | VKBA 3525,Versión: 1.6 N | Motor: TU5JP4 (NFU) | Combustible: NAFTA | Ubicación: TRASERO
DAYCO,KWD1094,Rodamiento de rueda,RODAMIENTO,PEUGEOT,PARTNER,1998 -> 2003,Versión: 1.8 8V | Motor: XU7JB (LFX) | Combustible: NAFTA | SKF I: BT2B 445539 / VKBC 20212 | SKF II: VKBA 3525 | Ubicación: TRASERO,BT2B 445539 / VKBC 20212 | VKBA 3525,,https://www.dayco.com/la-es/catalog/?search=KWD1094,Rueda,WHEEL BEARING KIT,,XU7JB (LFX),,,TRASERO,,BT2B 445539 / VKBC 20212 | VKBA 3525,Versión: 1.8 8V | Motor: XU7JB (LFX) | Combustible: NAFTA | Ubicación: TRASERO
DAYCO,KWD1094,Rodamiento de rueda,RODAMIENTO,PEUGEOT,PARTNER,2010 -> 2017,Versión: 1.4I | Motor: TU3JP (KFX) | Combustible: NAFTA | SKF I: BT2B 445539 / VKBC 20212 | SKF II: VKBA 3525 | Ubicación: TRASERO,BT2B 445539 / VKBC 20212 | VKBA 3525,,https://www.dayco.com/la-es/catalog/?search=KWD1094,Rueda,WHEEL BEARING KIT,,TU3JP (KFX),,,TRASERO,,BT2B 445539 / VKBC 20212 | VKBA 3525,Versión: 1.4I | Motor: TU3JP (KFX) | Combustible: NAFTA | Ubicación: TRASERO
DAYCO,KWD1094,Rodamiento de rueda,RODAMIENTO,PEUGEOT,PARTNER,1998 -> 2003,Versión: 1.9D | Motor: XUD9A | Combustible: DIESEL | SKF I: BT2B 445539 / VKBC 20212 | SKF II: VKBA 3525 | Ubicación: TRASERO,BT2B 445539 / VKBC 20212 | VKBA 3525,,https://www.dayco.com/la-es/catalog/?search=KWD1094,Rueda,WHEEL BEARING KIT,,XUD9A,,,TRASERO,,BT2B 445539 / VKBC 20212 | VKBA 3525,Versión: 1.9D | Motor: XUD9A | Combustible: DIESEL | Ubicación: TRASERO
DAYCO,KWD1094,Rodamiento de rueda,RODAMIENTO,PEUGEOT,PARTNER,2002 -> 2011,Versión: 1.9D | Motor: DW8 | Combustible: DIESEL | SKF I: BT2B 445539 / VKBC 20212 | SKF II: VKBA 3525 | Ubicación: TRASERO,BT2B 445539 / VKBC 20212 | VKBA 3525,,https://www.dayco.com/la-es/catalog/?search=KWD1094,Rueda,WHEEL BEARING KIT,,DW8,,,TRASERO,,BT2B 445539 / VKBC 20212 | VKBA 3525,Versión: 1.9D | Motor: DW8 | Combustible: DIESEL | Ubicación: TRASERO
DAYCO,KWD1345,Rodamiento de rueda,RODAMIENTO,PEUGEOT,PARTNER,2002/...,Versión: 1.4i | Motor: TU3JP | Combustible: NAFTA | SKF I: VKBA3587 | SKF II: VKBA 3587 | Ubicación: DELANTERO | ABS: C/ABS,VKBA3587 | VKBA 3587,,https://www.dayco.com/la-es/catalog/?search=KWD1345,Rueda,WHEEL BEARING KIT,,TU3JP,,,DELANTERO,C/ABS,VKBA3587 | VKBA 3587,Versión: 1.4i | Motor: TU3JP | Combustible: NAFTA | Ubicación: DELANTERO | ABS: C/ABS
DAYCO,KWD1345,Rodamiento de rueda,RODAMIENTO,PEUGEOT,PARTNER,2003/2005,Versión: 1.6 16v | Motor: TU5JP4 | Combustible: NAFTA | SKF I: VKBA3587 | SKF II: VKBA 3587 | Ubicación: DELANTERO | ABS: C/ABS,VKBA3587 | VKBA 3587,,https://www.dayco.com/la-es/catalog/?search=KWD1345,Rueda,WHEEL BEARING KIT,,TU5JP4,,,DELANTERO,C/ABS,VKBA3587 | VKBA 3587,Versión: 1.6 16v | Motor: TU5JP4 | Combustible: NAFTA | Ubicación: DELANTERO | ABS: C/ABS
DAYCO,KWD1345,Rodamiento de rueda,RODAMIENTO,PEUGEOT,PARTNER,1998/2003,Versión: 1.8 8v | Motor: XU7JB | Combustible: NAFTA | SKF I: VKBA3587 | SKF II: VKBA 3587 | Ubicación: DELANTERO | ABS: C/ABS,VKBA3587 | VKBA 3587,,https://www.dayco.com/la-es/catalog/?search=KWD1345,Rueda,WHEEL BEARING KIT,,XU7JB,,,DELANTERO,C/ABS,VKBA3587 | VKBA 3587,Versión: 1.8 8v | Motor: XU7JB | Combustible: NAFTA | Ubicación: DELANTERO | ABS: C/ABS
DAYCO,KWD1345,Rodamiento de rueda,RODAMIENTO,PEUGEOT,PARTNER,VKBA3587,Versión: 1.9 D | Motor: DIESEL | Combustible: 1998/2011 | SKF I: VKBA 3587 | SKF II: DELANTERO | Ubicación: C/ABS | ABS: C/ABS,VKBA 3587 | DELANTERO,,https://www.dayco.com/la-es/catalog/?search=KWD1345,Rueda,WHEEL BEARING KIT,,DIESEL,,,C/ABS,C/ABS,VKBA 3587 | DELANTERO,Versión: 1.9 D | Motor: DIESEL | Combustible: 1998/2011 | Ubicación: C/ABS | ABS: C/ABS
DAYCO,KWD1014,Rodamiento de rueda,RODAMIENTO,PEUGEOT,PARTNER,7-2002 -> 9-2010,Versión: 1.4I | Motor: TU3JP (KFX) | Combustible: NAFTA | SKF I: BAH-0185 | SKF II: VKBC 20010 | Ubicación: DELANTERO | ABS: C/ABS,BAH-0185 | VKBC 20010,,https://www.dayco.com/la-es/catalog/?search=KWD1014,Rueda,WHEEL BEARING KIT,,TU3JP (KFX),,,DELANTERO,C/ABS,BAH-0185 | VKBC 20010,Versión: 1.4I | Motor: TU3JP (KFX) | Combustible: NAFTA | Ubicación: DELANTERO | ABS: C/ABS
DAYCO,KWD1014,Rodamiento de rueda,RODAMIENTO,PEUGEOT,PARTNER,2-1998 -> 11-2010,Versión: 1.9D | Motor: DW8 (WJY) | Combustible: DIESEL | SKF I: BAH-0185 | SKF II: VKBC 20010 | Ubicación: DELANTERO | ABS: C/ABS,BAH-0185 | VKBC 20010,,https://www.dayco.com/la-es/catalog/?search=KWD1014,Rueda,WHEEL BEARING KIT,,DW8 (WJY),,,DELANTERO,C/ABS,BAH-0185 | VKBC 20010,Versión: 1.9D | Motor: DW8 (WJY) | Combustible: DIESEL | Ubicación: DELANTERO | ABS: C/ABS
DAYCO,KWD1014,Rodamiento de rueda,RODAMIENTO,PEUGEOT,PARTNER,3-2010 -> 9-2011,Versión: 1.6 HDI | Motor: DV6ATED4 | Combustible: DIESEL | SKF I: BAH-0185 | SKF II: VKBC 20010 | Ubicación: DELANTERO | ABS: C/ABS,BAH-0185 | VKBC 20010,,https://www.dayco.com/la-es/catalog/?search=KWD1014,Rueda,WHEEL BEARING KIT,,DV6ATED4,,,DELANTERO,C/ABS,BAH-0185 | VKBC 20010,Versión: 1.6 HDI | Motor: DV6ATED4 | Combustible: DIESEL | Ubicación: DELANTERO | ABS: C/ABS
DAYCO,KWD1014,Rodamiento de rueda,RODAMIENTO,PEUGEOT,PARTNER,5-2010 -> 3-2017,Versión: 1.4I | Motor: TU3JP (KFX) | Combustible: NAFTA | SKF I: BAH-0185 | SKF II: VKBC 20010 | Ubicación: DELANTERO | ABS: C/ABS,BAH-0185 | VKBC 20010,,https://www.dayco.com/la-es/catalog/?search=KWD1014,Rueda,WHEEL BEARING KIT,,TU3JP (KFX),,,DELANTERO,C/ABS,BAH-0185 | VKBC 20010,Versión: 1.4I | Motor: TU3JP (KFX) | Combustible: NAFTA | Ubicación: DELANTERO | ABS: C/ABS
DAYCO,KWD1014,Rodamiento de rueda,RODAMIENTO,PEUGEOT,PARTNER,11-2010 -> 12-2023,Versión: 1.6 16V | Motor: TU5JP4 | Combustible: NAFTA | SKF I: BAH-0185 | SKF II: VKBC 20010 | Ubicación: DELANTERO | ABS: C/ABS,BAH-0185 | VKBC 20010,,https://www.dayco.com/la-es/catalog/?search=KWD1014,Rueda,WHEEL BEARING KIT,,TU5JP4,,,DELANTERO,C/ABS,BAH-0185 | VKBC 20010,Versión: 1.6 16V | Motor: TU5JP4 | Combustible: NAFTA | Ubicación: DELANTERO | ABS: C/ABS
DAYCO,KWD1014,Rodamiento de rueda,RODAMIENTO,PEUGEOT,PARTNER,9-2002 -> 9-2011,Versión: 1.9D | Motor: DW8 | Combustible: DIESEL | SKF I: BAH-0185 | SKF II: VKBC 20010 | Ubicación: DELANTERO | ABS: C/ABS,BAH-0185 | VKBC 20010,,https://www.dayco.com/la-es/catalog/?search=KWD1014,Rueda,WHEEL BEARING KIT,,DW8,,,DELANTERO,C/ABS,BAH-0185 | VKBC 20010,Versión: 1.9D | Motor: DW8 | Combustible: DIESEL | Ubicación: DELANTERO | ABS: C/ABS
DAYCO,KWD1014,Rodamiento de rueda,RODAMIENTO,PEUGEOT,PARTNER,2-1998 -> 8-2003,Versión: 1.9D | Motor: XUD9A | Combustible: DIESEL | SKF I: BAH-0185 | SKF II: VKBC 20010 | Ubicación: DELANTERO | ABS: C/ABS,BAH-0185 | VKBC 20010,,https://www.dayco.com/la-es/catalog/?search=KWD1014,Rueda,WHEEL BEARING KIT,,XUD9A,,,DELANTERO,C/ABS,BAH-0185 | VKBC 20010,Versión: 1.9D | Motor: XUD9A | Combustible: DIESEL | Ubicación: DELANTERO | ABS: C/ABS
DAYCO,KWD1014,Rodamiento de rueda,RODAMIENTO,PEUGEOT,PARTNER,9-2011 -> 12-2023,Versión: 1.6 HDI | Motor: DV6ATED4 | Combustible: DIESEL | SKF I: BAH-0185 | SKF II: VKBC 20010 | Ubicación: DELANTERO | ABS: C/ABS,BAH-0185 | VKBC 20010,,https://www.dayco.com/la-es/catalog/?search=KWD1014,Rueda,WHEEL BEARING KIT,,DV6ATED4,,,DELANTERO,C/ABS,BAH-0185 | VKBC 20010,Versión: 1.6 HDI | Motor: DV6ATED4 | Combustible: DIESEL | Ubicación: DELANTERO | ABS: C/ABS
DAYCO,KWD1014,Rodamiento de rueda,RODAMIENTO,PEUGEOT,PARTNER,8-2003 -> 1-2005,Versión: 1.6 N | Motor: TU5JP4 (NFU) | Combustible: NAFTA | SKF I: BAH-0185 | SKF II: VKBC 20010 | Ubicación: DELANTERO | ABS: C/ABS,BAH-0185 | VKBC 20010,,https://www.dayco.com/la-es/catalog/?search=KWD1014,Rueda,WHEEL BEARING KIT,,TU5JP4 (NFU),,,DELANTERO,C/ABS,BAH-0185 | VKBC 20010,Versión: 1.6 N | Motor: TU5JP4 (NFU) | Combustible: NAFTA | Ubicación: DELANTERO | ABS: C/ABS
DAYCO,KWD1014,Rodamiento de rueda,RODAMIENTO,PEUGEOT,PARTNER,2-1998 -> 8-2003,Versión: 1.8 8V | Motor: XU7JB (LFX) | Combustible: NAFTA | SKF I: BAH-0185 | SKF II: VKBC 20010 | Ubicación: DELANTERO | ABS: C/ABS,BAH-0185 | VKBC 20010,,https://www.dayco.com/la-es/catalog/?search=KWD1014,Rueda,WHEEL BEARING KIT,,XU7JB (LFX),,,DELANTERO,C/ABS,BAH-0185 | VKBC 20010,Versión: 1.8 8V | Motor: XU7JB (LFX) | Combustible: NAFTA | Ubicación: DELANTERO | ABS: C/ABS
DAYCO,KWD1014,Rodamiento de rueda,RODAMIENTO,PEUGEOT,PARTNER,5-2002 -> 8-2006,Versión: 2.0 HDI | Motor: DW10TD (RHY) | Combustible: DIESEL | SKF I: BAH-0185 | SKF II: VKBC 20010 | Ubicación: DELANTERO | ABS: C/ABS,BAH-0185 | VKBC 20010,,https://www.dayco.com/la-es/catalog/?search=KWD1014,Rueda,WHEEL BEARING KIT,,DW10TD (RHY),,,DELANTERO,C/ABS,BAH-0185 | VKBC 20010,Versión: 2.0 HDI | Motor: DW10TD (RHY) | Combustible: DIESEL | Ubicación: DELANTERO | ABS: C/ABS
DAYCO,KWD1045,Rodamiento de rueda,RODAMIENTO,RENAULT,DUSTER 4X4,,SKF I: VKBA3638 | Ubicación: DELANTERO,VKBA3638,,https://www.dayco.com/la-es/catalog/?search=KWD1045,Rueda,WHEEL BEARING KIT,,,,,DELANTERO,,VKBA3638,Ubicación: DELANTERO
DAYCO,KWD1022,Rodamiento de rueda,RODAMIENTO,RENAULT,CAPTUR,2-2018 -> 12-2023,Versión: 1.6 16V CVT | Motor: HR16 H4M-751 | Combustible: NAFTA | SKF I: VKBA6544 | SKF II: VKBA 6544 | Ubicación: TRASERO | ABS: C/ABS,VKBA6544 | VKBA 6544,,https://www.dayco.com/la-es/catalog/?search=KWD1022,Rueda,WHEEL BEARING KIT,,HR16 H4M-751,,,TRASERO,C/ABS,VKBA6544 | VKBA 6544,Versión: 1.6 16V CVT | Motor: HR16 H4M-751 | Combustible: NAFTA | Ubicación: TRASERO | ABS: C/ABS
DAYCO,KWD1094,Rodamiento de rueda,RODAMIENTO,RENAULT,CLIO,1991 -> 2000,Versión: 1.6I | Motor: C3L-794 | Combustible: NAFTA | SKF I: BT2B 445539 / VKBC 20212 | SKF II: VKBA 3525 | Ubicación: TRASERO,BT2B 445539 / VKBC 20212 | VKBA 3525,,https://www.dayco.com/la-es/catalog/?search=KWD1094,Rueda,WHEEL BEARING KIT,,C3L-794,,,TRASERO,,BT2B 445539 / VKBC 20212 | VKBA 3525,Versión: 1.6I | Motor: C3L-794 | Combustible: NAFTA | Ubicación: TRASERO
DAYCO,KWD1094,Rodamiento de rueda,RODAMIENTO,RENAULT,CLIO,1992 -> 1995,Versión: 1.4 | Motor: E7J-757 | Combustible: NAFTA | SKF I: BT2B 445539 / VKBC 20212 | SKF II: VKBA 3525 | Ubicación: TRASERO,BT2B 445539 / VKBC 20212 | VKBA 3525,,https://www.dayco.com/la-es/catalog/?search=KWD1094,Rueda,WHEEL BEARING KIT,,E7J-757,,,TRASERO,,BT2B 445539 / VKBC 20212 | VKBA 3525,Versión: 1.4 | Motor: E7J-757 | Combustible: NAFTA | Ubicación: TRASERO
DAYCO,KWD1094,Rodamiento de rueda,RODAMIENTO,RENAULT,CLIO,1995 -> 1997,Versión: 1.9D | Motor: F8Q-676 | Combustible: DIESEL | SKF I: BT2B 445539 / VKBC 20212 | SKF II: VKBA 3525 | Ubicación: TRASERO,BT2B 445539 / VKBC 20212 | VKBA 3525,,https://www.dayco.com/la-es/catalog/?search=KWD1094,Rueda,WHEEL BEARING KIT,,F8Q-676,,,TRASERO,,BT2B 445539 / VKBC 20212 | VKBA 3525,Versión: 1.9D | Motor: F8Q-676 | Combustible: DIESEL | Ubicación: TRASERO
DAYCO,KWD1094,Rodamiento de rueda,RODAMIENTO,RENAULT,CLIO,1995 -> 1998,Versión: 1.8 | Motor: F3P-710 | Combustible: NAFTA | SKF I: BT2B 445539 / VKBC 20212 | SKF II: VKBA 3525 | Ubicación: TRASERO,BT2B 445539 / VKBC 20212 | VKBA 3525,,https://www.dayco.com/la-es/catalog/?search=KWD1094,Rueda,WHEEL BEARING KIT,,F3P-710,,,TRASERO,,BT2B 445539 / VKBC 20212 | VKBA 3525,Versión: 1.8 | Motor: F3P-710 | Combustible: NAFTA | Ubicación: TRASERO
DAYCO,KWD1094,Rodamiento de rueda,RODAMIENTO,RENAULT,CLIO,1996 -> 1998,Versión: 1.9D | Motor: F8Q-632 | Combustible: DIESEL | SKF I: BT2B 445539 / VKBC 20212 | SKF II: VKBA 3525 | Ubicación: TRASERO,BT2B 445539 / VKBC 20212 | VKBA 3525,,https://www.dayco.com/la-es/catalog/?search=KWD1094,Rueda,WHEEL BEARING KIT,,F8Q-632,,,TRASERO,,BT2B 445539 / VKBC 20212 | VKBA 3525,Versión: 1.9D | Motor: F8Q-632 | Combustible: DIESEL | Ubicación: TRASERO
DAYCO,KWD1094,Rodamiento de rueda,RODAMIENTO,RENAULT,CLIO,1996 -> 1998,Versión: 1.6 | Motor: C2L | Combustible: NAFTA | SKF I: BT2B 445539 / VKBC 20212 | SKF II: VKBA 3525 | Ubicación: TRASERO,BT2B 445539 / VKBC 20212 | VKBA 3525,,https://www.dayco.com/la-es/catalog/?search=KWD1094,Rueda,WHEEL BEARING KIT,,C2L,,,TRASERO,,BT2B 445539 / VKBC 20212 | VKBA 3525,Versión: 1.6 | Motor: C2L | Combustible: NAFTA | Ubicación: TRASERO
DAYCO,KWD1094,Rodamiento de rueda,RODAMIENTO,RENAULT,CLIO,1994 -> 1996,Versión: 2.0 150CV | Motor: F7R-700 | Combustible: NAFTA | SKF I: BT2B 445539 / VKBC 20212 | SKF II: VKBA 3525 | Ubicación: TRASERO,BT2B 445539 / VKBC 20212 | VKBA 3525,,https://www.dayco.com/la-es/catalog/?search=KWD1094,Rueda,WHEEL BEARING KIT,,F7R-700,,,TRASERO,,BT2B 445539 / VKBC 20212 | VKBA 3525,Versión: 2.0 150CV | Motor: F7R-700 | Combustible: NAFTA | Ubicación: TRASERO
DAYCO,KWD1094,Rodamiento de rueda,RODAMIENTO,RENAULT,CLIO,1999 -> 2003,Versión: 1.6 8V | Motor: K7M-746 | Combustible: NAFTA | SKF I: BT2B 445539 / VKBC 20212 | SKF II: VKBA 3525 | Ubicación: TRASERO,BT2B 445539 / VKBC 20212 | VKBA 3525,,https://www.dayco.com/la-es/catalog/?search=KWD1094,Rueda,WHEEL BEARING KIT,,K7M-746,,,TRASERO,,BT2B 445539 / VKBC 20212 | VKBA 3525,Versión: 1.6 8V | Motor: K7M-746 | Combustible: NAFTA | Ubicación: TRASERO
DAYCO,KWD1094,Rodamiento de rueda,RODAMIENTO,RENAULT,CLIO,2001 -> 2008,Versión: 1.6 16V | Motor: K4M-740 | Combustible: NAFTA | SKF I: BT2B 445539 / VKBC 20212 | SKF II: VKBA 3525 | Ubicación: TRASERO,BT2B 445539 / VKBC 20212 | VKBA 3525,,https://www.dayco.com/la-es/catalog/?search=KWD1094,Rueda,WHEEL BEARING KIT,,K4M-740,,,TRASERO,,BT2B 445539 / VKBC 20212 | VKBA 3525,Versión: 1.6 16V | Motor: K4M-740 | Combustible: NAFTA | Ubicación: TRASERO
DAYCO,KWD1094,Rodamiento de rueda,RODAMIENTO,RENAULT,CLIO,2006 -> 2009,Versión: 1.6 16V | Motor: K4M-740 | Combustible: NAFTA | SKF I: BT2B 445539 / VKBC 20212 | SKF II: VKBA 3525 | Ubicación: TRASERO,BT2B 445539 / VKBC 20212 | VKBA 3525,,https://www.dayco.com/la-es/catalog/?search=KWD1094,Rueda,WHEEL BEARING KIT,,K4M-740,,,TRASERO,,BT2B 445539 / VKBC 20212 | VKBA 3525,Versión: 1.6 16V | Motor: K4M-740 | Combustible: NAFTA | Ubicación: TRASERO
DAYCO,KWD1094,Rodamiento de rueda,RODAMIENTO,RENAULT,CLIO,2001 -> 2009,Versión: 1.5 DCI | Motor: K9K-700 | Combustible: DIESEL | SKF I: BT2B 445539 / VKBC 20212 | SKF II: VKBA 3525 | Ubicación: TRASERO,BT2B 445539 / VKBC 20212 | VKBA 3525,,https://www.dayco.com/la-es/catalog/?search=KWD1094,Rueda,WHEEL BEARING KIT,,K9K-700,,,TRASERO,,BT2B 445539 / VKBC 20212 | VKBA 3525,Versión: 1.5 DCI | Motor: K9K-700 | Combustible: DIESEL | Ubicación: TRASERO
DAYCO,KWD1094,Rodamiento de rueda,RODAMIENTO,RENAULT,CLIO,2001 -> 2005,Versión: 2.0 | Motor: F4R-730 | Combustible: NAFTA | SKF I: BT2B 445539 / VKBC 20212 | SKF II: VKBA 3525 | Ubicación: TRASERO,BT2B 445539 / VKBC 20212 | VKBA 3525,,https://www.dayco.com/la-es/catalog/?search=KWD1094,Rueda,WHEEL BEARING KIT,,F4R-730,,,TRASERO,,BT2B 445539 / VKBC 20212 | VKBA 3525,Versión: 2.0 | Motor: F4R-730 | Combustible: NAFTA | Ubicación: TRASERO
DAYCO,KWD1094,Rodamiento de rueda,RODAMIENTO,RENAULT,CLIO,1999 -> 2002,Versión: 1.6 16V | Motor: K4M-748 | Combustible: NAFTA | SKF I: BT2B 445539 / VKBC 20212 | SKF II: VKBA 3525 | Ubicación: TRASERO,BT2B 445539 / VKBC 20212 | VKBA 3525,,https://www.dayco.com/la-es/catalog/?search=KWD1094,Rueda,WHEEL BEARING KIT,,K4M-748,,,TRASERO,,BT2B 445539 / VKBC 20212 | VKBA 3525,Versión: 1.6 16V | Motor: K4M-748 | Combustible: NAFTA | Ubicación: TRASERO
DAYCO,KWD1094,Rodamiento de rueda,RODAMIENTO,RENAULT,CLIO,2000 -> 2002,Versión: 2.0 | Motor: F4R-736 | Combustible: NAFTA | SKF I: BT2B 445539 / VKBC 20212 | SKF II: VKBA 3525 | Ubicación: TRASERO,BT2B 445539 / VKBC 20212 | VKBA 3525,,https://www.dayco.com/la-es/catalog/?search=KWD1094,Rueda,WHEEL BEARING KIT,,F4R-736,,,TRASERO,,BT2B 445539 / VKBC 20212 | VKBA 3525,Versión: 2.0 | Motor: F4R-736 | Combustible: NAFTA | Ubicación: TRASERO
DAYCO,KWD1094,Rodamiento de rueda,RODAMIENTO,RENAULT,CLIO,1999 -> 2008,Versión: 1.2 16V | Motor: D4F-706 | Combustible: NAFTA | SKF I: BT2B 445539 / VKBC 20212 | SKF II: VKBA 3525 | Ubicación: TRASERO,BT2B 445539 / VKBC 20212 | VKBA 3525,,https://www.dayco.com/la-es/catalog/?search=KWD1094,Rueda,WHEEL BEARING KIT,,D4F-706,,,TRASERO,,BT2B 445539 / VKBC 20212 | VKBA 3525,Versión: 1.2 16V | Motor: D4F-706 | Combustible: NAFTA | Ubicación: TRASERO
DAYCO,KWD1094,Rodamiento de rueda,RODAMIENTO,RENAULT,CLIO,2007 -> 2011,Versión: 1.2 16V | Motor: D4F-706 | Combustible: NAFTA | SKF I: BT2B 445539 / VKBC 20212 | SKF II: VKBA 3525 | Ubicación: TRASERO,BT2B 445539 / VKBC 20212 | VKBA 3525,,https://www.dayco.com/la-es/catalog/?search=KWD1094,Rueda,WHEEL BEARING KIT,,D4F-706,,,TRASERO,,BT2B 445539 / VKBC 20212 | VKBA 3525,Versión: 1.2 16V | Motor: D4F-706 | Combustible: NAFTA | Ubicación: TRASERO
DAYCO,KWD1094,Rodamiento de rueda,RODAMIENTO,RENAULT,CLIO,1999 -> 2003,Versión: 1.6 16V | Motor: K4M-740 | Combustible: NAFTA | SKF I: BT2B 445539 / VKBC 20212 | SKF II: VKBA 3525 | Ubicación: TRASERO,BT2B 445539 / VKBC 20212 | VKBA 3525,,https://www.dayco.com/la-es/catalog/?search=KWD1094,Rueda,WHEEL BEARING KIT,,K4M-740,,,TRASERO,,BT2B 445539 / VKBC 20212 | VKBA 3525,Versión: 1.6 16V | Motor: K4M-740 | Combustible: NAFTA | Ubicación: TRASERO
DAYCO,KWD1094,Rodamiento de rueda,RODAMIENTO,RENAULT,CLIO,1999 -> 2003,Versión: 1.6 8V | Motor: K7M-740 AJ | Combustible: NAFTA | SKF I: BT2B 445539 / VKBC 20212 | SKF II: VKBA 3525 | Ubicación: TRASERO,BT2B 445539 / VKBC 20212 | VKBA 3525,,https://www.dayco.com/la-es/catalog/?search=KWD1094,Rueda,WHEEL BEARING KIT,,K7M-740 AJ,,,TRASERO,,BT2B 445539 / VKBC 20212 | VKBA 3525,Versión: 1.6 8V | Motor: K7M-740 AJ | Combustible: NAFTA | Ubicación: TRASERO
DAYCO,KWD1094,Rodamiento de rueda,RODAMIENTO,RENAULT,CLIO,1999 -> 2002,Versión: 1.9D | Motor: F8Q-630 | Combustible: DIESEL | SKF I: BT2B 445539 / VKBC 20212 | SKF II: VKBA 3525 | Ubicación: TRASERO,BT2B 445539 / VKBC 20212 | VKBA 3525,,https://www.dayco.com/la-es/catalog/?search=KWD1094,Rueda,WHEEL BEARING KIT,,F8Q-630,,,TRASERO,,BT2B 445539 / VKBC 20212 | VKBA 3525,Versión: 1.9D | Motor: F8Q-630 | Combustible: DIESEL | Ubicación: TRASERO
DAYCO,KWD1094,Rodamiento de rueda,RODAMIENTO,RENAULT,CLIO,1993 -> 1996,Versión: 1.9D | Motor: F8Q-714 | Combustible: DIESEL | SKF I: BT2B 445539 / VKBC 20212 | SKF II: VKBA 3525 | Ubicación: TRASERO,BT2B 445539 / VKBC 20212 | VKBA 3525,,https://www.dayco.com/la-es/catalog/?search=KWD1094,Rueda,WHEEL BEARING KIT,,F8Q-714,,,TRASERO,,BT2B 445539 / VKBC 20212 | VKBA 3525,Versión: 1.9D | Motor: F8Q-714 | Combustible: DIESEL | Ubicación: TRASERO
DAYCO,KWD1017,Rodamiento de rueda,RODAMIENTO,RENAULT,CLIO,5-2015 -> 7-2017,Versión: 1.2 16V | Motor: D4F-728 | Combustible: NAFTA | SKF I: BAH-0094 | SKF II: VKBC 4221 | Ubicación: DELANTERO | ABS: C/ABS,BAH-0094 | VKBC 4221,,https://www.dayco.com/la-es/catalog/?search=KWD1017,Rueda,WHEEL BEARING KIT,,D4F-728,,,DELANTERO,C/ABS,BAH-0094 | VKBC 4221,Versión: 1.2 16V | Motor: D4F-728 | Combustible: NAFTA | Ubicación: DELANTERO | ABS: C/ABS
DAYCO,KWD1017,Rodamiento de rueda,RODAMIENTO,RENAULT,CLIO,6-1999 -> 11-2002,Versión: 1.6 16V | Motor: K4M-748 | Combustible: NAFTA | SKF I: BAH-0094 | SKF II: VKBC 4221 | Ubicación: DELANTERO | ABS: C/ABS,BAH-0094 | VKBC 4221,,https://www.dayco.com/la-es/catalog/?search=KWD1017,Rueda,WHEEL BEARING KIT,,K4M-748,,,DELANTERO,C/ABS,BAH-0094 | VKBC 4221,Versión: 1.6 16V | Motor: K4M-748 | Combustible: NAFTA | Ubicación: DELANTERO | ABS: C/ABS
DAYCO,KWD1017,Rodamiento de rueda,RODAMIENTO,RENAULT,CLIO,6-2007 -> 11-2011,Versión: 1.2 16V | Motor: D4F-706 | Combustible: NAFTA | SKF I: BAH-0094 | SKF II: VKBC 4221 | Ubicación: DELANTERO | ABS: C/ABS,BAH-0094 | VKBC 4221,,https://www.dayco.com/la-es/catalog/?search=KWD1017,Rueda,WHEEL BEARING KIT,,D4F-706,,,DELANTERO,C/ABS,BAH-0094 | VKBC 4221,Versión: 1.2 16V | Motor: D4F-706 | Combustible: NAFTA | Ubicación: DELANTERO | ABS: C/ABS
DAYCO,KWD1017,Rodamiento de rueda,RODAMIENTO,RENAULT,CLIO,6-1999 -> 11-2002,Versión: 1.9D | Motor: F8Q-630 | Combustible: DIESEL | SKF I: BAH-0094 | SKF II: VKBC 4221 | Ubicación: DELANTERO | ABS: C/ABS,BAH-0094 | VKBC 4221,,https://www.dayco.com/la-es/catalog/?search=KWD1017,Rueda,WHEEL BEARING KIT,,F8Q-630,,,DELANTERO,C/ABS,BAH-0094 | VKBC 4221,Versión: 1.9D | Motor: F8Q-630 | Combustible: DIESEL | Ubicación: DELANTERO | ABS: C/ABS
DAYCO,KWD1017,Rodamiento de rueda,RODAMIENTO,RENAULT,CLIO,6-2006 -> 10-2009,Versión: 1.6 16V | Motor: K4M-740 | Combustible: NAFTA | SKF I: BAH-0094 | SKF II: VKBC 4221 | Ubicación: DELANTERO | ABS: C/ABS,BAH-0094 | VKBC 4221,,https://www.dayco.com/la-es/catalog/?search=KWD1017,Rueda,WHEEL BEARING KIT,,K4M-740,,,DELANTERO,C/ABS,BAH-0094 | VKBC 4221,Versión: 1.6 16V | Motor: K4M-740 | Combustible: NAFTA | Ubicación: DELANTERO | ABS: C/ABS
DAYCO,KWD1007,Rodamiento de rueda,RODAMIENTO,RENAULT,CLIO,3-1991 -> 8-2000,Versión: 1.6I | Motor: C3L-794 | Combustible: NAFTA | SKF I: BAH-0191 | SKF II: VKBA 3637 | Ubicación: DELANTERO | ABS: C/ABS,BAH-0191 | VKBA 3637,,https://www.dayco.com/la-es/catalog/?search=KWD1007,Rueda,WHEEL BEARING KIT,,C3L-794,,,DELANTERO,C/ABS,BAH-0191 | VKBA 3637,Versión: 1.6I | Motor: C3L-794 | Combustible: NAFTA | Ubicación: DELANTERO | ABS: C/ABS
DAYCO,KWD1007,Rodamiento de rueda,RODAMIENTO,RENAULT,CLIO,2-1996 -> 10-1998,Versión: 1.6 | Motor: C2L | Combustible: NAFTA | SKF I: BAH-0191 | SKF II: VKBA 3637 | Ubicación: DELANTERO | ABS: C/ABS,BAH-0191 | VKBA 3637,,https://www.dayco.com/la-es/catalog/?search=KWD1007,Rueda,WHEEL BEARING KIT,,C2L,,,DELANTERO,C/ABS,BAH-0191 | VKBA 3637,Versión: 1.6 | Motor: C2L | Combustible: NAFTA | Ubicación: DELANTERO | ABS: C/ABS
DAYCO,KWD1007,Rodamiento de rueda,RODAMIENTO,RENAULT,CLIO,6-1999 -> 11-2002,Versión: 1.6 16V | Motor: K4M-748 | Combustible: NAFTA | SKF I: BAH-0191 | SKF II: VKBA 3637 | Ubicación: DELANTERO | ABS: C/ABS,BAH-0191 | VKBA 3637,,https://www.dayco.com/la-es/catalog/?search=KWD1007,Rueda,WHEEL BEARING KIT,,K4M-748,,,DELANTERO,C/ABS,BAH-0191 | VKBA 3637,Versión: 1.6 16V | Motor: K4M-748 | Combustible: NAFTA | Ubicación: DELANTERO | ABS: C/ABS
DAYCO,KWD1007,Rodamiento de rueda,RODAMIENTO,RENAULT,CLIO,6-1999 -> 4-2008,Versión: 1.2 16V | Motor: D4F-706 | Combustible: NAFTA | SKF I: BAH-0191 | SKF II: VKBA 3637 | Ubicación: DELANTERO | ABS: C/ABS,BAH-0191 | VKBA 3637,,https://www.dayco.com/la-es/catalog/?search=KWD1007,Rueda,WHEEL BEARING KIT,,D4F-706,,,DELANTERO,C/ABS,BAH-0191 | VKBA 3637,Versión: 1.2 16V | Motor: D4F-706 | Combustible: NAFTA | Ubicación: DELANTERO | ABS: C/ABS
DAYCO,KWD1007,Rodamiento de rueda,RODAMIENTO,RENAULT,CLIO,6-2007 -> 11-2011,Versión: 1.2 16V | Motor: D4F-706 | Combustible: NAFTA | SKF I: BAH-0191 | SKF II: VKBA 3637 | Ubicación: DELANTERO | ABS: C/ABS,BAH-0191 | VKBA 3637,,https://www.dayco.com/la-es/catalog/?search=KWD1007,Rueda,WHEEL BEARING KIT,,D4F-706,,,DELANTERO,C/ABS,BAH-0191 | VKBA 3637,Versión: 1.2 16V | Motor: D4F-706 | Combustible: NAFTA | Ubicación: DELANTERO | ABS: C/ABS
DAYCO,KWD1007,Rodamiento de rueda,RODAMIENTO,RENAULT,CLIO,6-1999 -> 4-2003,Versión: 1.6 16V | Motor: K4M-740 | Combustible: NAFTA | SKF I: BAH-0191 | SKF II: VKBA 3637 | Ubicación: DELANTERO | ABS: C/ABS,BAH-0191 | VKBA 3637,,https://www.dayco.com/la-es/catalog/?search=KWD1007,Rueda,WHEEL BEARING KIT,,K4M-740,,,DELANTERO,C/ABS,BAH-0191 | VKBA 3637,Versión: 1.6 16V | Motor: K4M-740 | Combustible: NAFTA | Ubicación: DELANTERO | ABS: C/ABS
DAYCO,KWD1007,Rodamiento de rueda,RODAMIENTO,RENAULT,CLIO,6-1999 -> 4-2003,Versión: 1.6 8V | Motor: K7M-740 AJ | Combustible: NAFTA | SKF I: BAH-0191 | SKF II: VKBA 3637 | Ubicación: DELANTERO | ABS: C/ABS,BAH-0191 | VKBA 3637,,https://www.dayco.com/la-es/catalog/?search=KWD1007,Rueda,WHEEL BEARING KIT,,K7M-740 AJ,,,DELANTERO,C/ABS,BAH-0191 | VKBA 3637,Versión: 1.6 8V | Motor: K7M-740 AJ | Combustible: NAFTA | Ubicación: DELANTERO | ABS: C/ABS
DAYCO,KWD1007,Rodamiento de rueda,RODAMIENTO,RENAULT,CLIO,6-1999 -> 4-2003,Versión: 1.6 8V | Motor: K7M-746 | Combustible: NAFTA | SKF I: BAH-0191 | SKF II: VKBA 3637 | Ubicación: DELANTERO | ABS: C/ABS,BAH-0191 | VKBA 3637,,https://www.dayco.com/la-es/catalog/?search=KWD1007,Rueda,WHEEL BEARING KIT,,K7M-746,,,DELANTERO,C/ABS,BAH-0191 | VKBA 3637,Versión: 1.6 8V | Motor: K7M-746 | Combustible: NAFTA | Ubicación: DELANTERO | ABS: C/ABS
DAYCO,KWD1007,Rodamiento de rueda,RODAMIENTO,RENAULT,CLIO,6-2001 -> 5-2008,Versión: 1.6 16V | Motor: K4M-740 | Combustible: NAFTA | SKF I: BAH-0191 | SKF II: VKBA 3637 | Ubicación: DELANTERO | ABS: C/ABS,BAH-0191 | VKBA 3637,,https://www.dayco.com/la-es/catalog/?search=KWD1007,Rueda,WHEEL BEARING KIT,,K4M-740,,,DELANTERO,C/ABS,BAH-0191 | VKBA 3637,Versión: 1.6 16V | Motor: K4M-740 | Combustible: NAFTA | Ubicación: DELANTERO | ABS: C/ABS
DAYCO,KWD1007,Rodamiento de rueda,RODAMIENTO,RENAULT,CLIO,6-2006 -> 10-2009,Versión: 1.6 16V | Motor: K4M-740 | Combustible: NAFTA | SKF I: BAH-0191 | SKF II: VKBA 3637 | Ubicación: DELANTERO | ABS: C/ABS,BAH-0191 | VKBA 3637,,https://www.dayco.com/la-es/catalog/?search=KWD1007,Rueda,WHEEL BEARING KIT,,K4M-740,,,DELANTERO,C/ABS,BAH-0191 | VKBA 3637,Versión: 1.6 16V | Motor: K4M-740 | Combustible: NAFTA | Ubicación: DELANTERO | ABS: C/ABS
DAYCO,KWD1007,Rodamiento de rueda,RODAMIENTO,RENAULT,CLIO,6-2001 -> 7-2009,Versión: 1.5 DCI | Motor: K9K-700 | Combustible: DIESEL | SKF I: BAH-0191 | SKF II: VKBA 3637 | Ubicación: DELANTERO | ABS: C/ABS,BAH-0191 | VKBA 3637,,https://www.dayco.com/la-es/catalog/?search=KWD1007,Rueda,WHEEL BEARING KIT,,K9K-700,,,DELANTERO,C/ABS,BAH-0191 | VKBA 3637,Versión: 1.5 DCI | Motor: K9K-700 | Combustible: DIESEL | Ubicación: DELANTERO | ABS: C/ABS
DAYCO,KWD1007,Rodamiento de rueda,RODAMIENTO,RENAULT,CLIO,6-2001 -> 5-2005,Versión: 2.0 | Motor: F4R-730 | Combustible: NAFTA | SKF I: BAH-0191 | SKF II: VKBA 3637 | Ubicación: DELANTERO | ABS: C/ABS,BAH-0191 | VKBA 3637,,https://www.dayco.com/la-es/catalog/?search=KWD1007,Rueda,WHEEL BEARING KIT,,F4R-730,,,DELANTERO,C/ABS,BAH-0191 | VKBA 3637,Versión: 2.0 | Motor: F4R-730 | Combustible: NAFTA | Ubicación: DELANTERO | ABS: C/ABS
DAYCO,KWD1348,Rodamiento de rueda,RODAMIENTO,RENAULT,DUSTER,2011 -> 2012,Versión: 2.0 16V | Motor: F4R-400 | Combustible: NAFTA | SKF I: VKBA 7000 | Ubicación: TRASERO,VKBA 7000,,https://www.dayco.com/la-es/catalog/?search=KWD1348,Rueda,WHEEL BEARING KIT,,F4R-400,,,TRASERO,,VKBA 7000,Versión: 2.0 16V | Motor: F4R-400 | Combustible: NAFTA | Ubicación: TRASERO
DAYCO,KWD1348,Rodamiento de rueda,RODAMIENTO,RENAULT,DUSTER,2011 -> 2017,Versión: 1.6 16V | Motor: K4M-690 | Combustible: NAFTA | SKF I: VKBA 7000 | Ubicación: TRASERO,VKBA 7000,,https://www.dayco.com/la-es/catalog/?search=KWD1348,Rueda,WHEEL BEARING KIT,,K4M-690,,,TRASERO,,VKBA 7000,Versión: 1.6 16V | Motor: K4M-690 | Combustible: NAFTA | Ubicación: TRASERO
DAYCO,KWD1348,Rodamiento de rueda,RODAMIENTO,RENAULT,DUSTER,2011 -> 2017,Versión: 2.0 16V | Motor: F4R-400 | Combustible: NAFTA | SKF I: VKBA 7000 | Ubicación: TRASERO,VKBA 7000,,https://www.dayco.com/la-es/catalog/?search=KWD1348,Rueda,WHEEL BEARING KIT,,F4R-400,,,TRASERO,,VKBA 7000,Versión: 2.0 16V | Motor: F4R-400 | Combustible: NAFTA | Ubicación: TRASERO
DAYCO,KWD1348,Rodamiento de rueda,RODAMIENTO,RENAULT,DUSTER,2012 -> 2014,Versión: 2.0 16V | Motor: F4R-402 | Combustible: NAFTA | SKF I: VKBA 7000 | Ubicación: TRASERO,VKBA 7000,,https://www.dayco.com/la-es/catalog/?search=KWD1348,Rueda,WHEEL BEARING KIT,,F4R-402,,,TRASERO,,VKBA 7000,Versión: 2.0 16V | Motor: F4R-402 | Combustible: NAFTA | Ubicación: TRASERO
DAYCO,KWD1348,Rodamiento de rueda,RODAMIENTO,RENAULT,DUSTER,2011 -> 2014,Versión: 1.6 16V | Motor: K4M-690 | Combustible: NAFTA | SKF I: VKBA 7000 | Ubicación: TRASERO,VKBA 7000,,https://www.dayco.com/la-es/catalog/?search=KWD1348,Rueda,WHEEL BEARING KIT,,K4M-690,,,TRASERO,,VKBA 7000,Versión: 1.6 16V | Motor: K4M-690 | Combustible: NAFTA | Ubicación: TRASERO
DAYCO,KWD1033,Rodamiento de rueda,RODAMIENTO,RENAULT,DUSTER,10-2011 -> 8-2017,Versión: 1.6 16V | Motor: K4M-690 | Combustible: NAFTA | SKF I: BAH-0249/ VKBA 6682 | SKF II: VKBA 6682 | Ubicación: DELANTERO | ABS: C/ABS,BAH-0249/ VKBA 6682 | VKBA 6682,,https://www.dayco.com/la-es/catalog/?search=KWD1033,Rueda,WHEEL BEARING KIT,,K4M-690,,,DELANTERO,C/ABS,BAH-0249/ VKBA 6682 | VKBA 6682,Versión: 1.6 16V | Motor: K4M-690 | Combustible: NAFTA | Ubicación: DELANTERO | ABS: C/ABS
DAYCO,KWD1033,Rodamiento de rueda,RODAMIENTO,RENAULT,DUSTER,10-2011 -> 8-2017,Versión: 2.0 16V | Motor: F4R-400 | Combustible: NAFTA | SKF I: BAH-0249/ VKBA 6682 | SKF II: VKBA 6682 | Ubicación: DELANTERO | ABS: C/ABS,BAH-0249/ VKBA 6682 | VKBA 6682,,https://www.dayco.com/la-es/catalog/?search=KWD1033,Rueda,WHEEL BEARING KIT,,F4R-400,,,DELANTERO,C/ABS,BAH-0249/ VKBA 6682 | VKBA 6682,Versión: 2.0 16V | Motor: F4R-400 | Combustible: NAFTA | Ubicación: DELANTERO | ABS: C/ABS
DAYCO,KWD1033,Rodamiento de rueda,RODAMIENTO,RENAULT,DUSTER,5-2012 -> 2-2014,Versión: 2.0 16V | Motor: F4R-402 | Combustible: NAFTA | SKF I: BAH-0249/ VKBA 6682 | SKF II: VKBA 6682 | Ubicación: DELANTERO | ABS: C/ABS,BAH-0249/ VKBA 6682 | VKBA 6682,,https://www.dayco.com/la-es/catalog/?search=KWD1033,Rueda,WHEEL BEARING KIT,,F4R-402,,,DELANTERO,C/ABS,BAH-0249/ VKBA 6682 | VKBA 6682,Versión: 2.0 16V | Motor: F4R-402 | Combustible: NAFTA | Ubicación: DELANTERO | ABS: C/ABS
DAYCO,KWD1033,Rodamiento de rueda,RODAMIENTO,RENAULT,DUSTER,10-2011 -> 2-2014,Versión: 1.6 16V | Motor: K4M-690 | Combustible: NAFTA | SKF I: BAH-0249/ VKBA 6682 | SKF II: VKBA 6682 | Ubicación: DELANTERO | ABS: C/ABS,BAH-0249/ VKBA 6682 | VKBA 6682,,https://www.dayco.com/la-es/catalog/?search=KWD1033,Rueda,WHEEL BEARING KIT,,K4M-690,,,DELANTERO,C/ABS,BAH-0249/ VKBA 6682 | VKBA 6682,Versión: 1.6 16V | Motor: K4M-690 | Combustible: NAFTA | Ubicación: DELANTERO | ABS: C/ABS
DAYCO,KWD1342,Rodamiento de rueda,RODAMIENTO,RENAULT,ESPACE,1991 -> 1997,Versión: 2.1 TD | Motor: J8S-776 | Combustible: DIESEL | SKF I: VKBA 968 | SKF II: VKBA 968 A | Ubicación: TRASERO,VKBA 968 | VKBA 968 A,,https://www.dayco.com/la-es/catalog/?search=KWD1342,Rueda,WHEEL BEARING KIT,,J8S-776,,,TRASERO,,VKBA 968 | VKBA 968 A,Versión: 2.1 TD | Motor: J8S-776 | Combustible: DIESEL | Ubicación: TRASERO
DAYCO,KWD1342,Rodamiento de rueda,RODAMIENTO,RENAULT,ESPACE,1991 -> 1997,Versión: 2.2 | Motor: J7T-772 | Combustible: NAFTA | SKF I: VKBA 968 | SKF II: VKBA 968 A | Ubicación: TRASERO,VKBA 968 | VKBA 968 A,,https://www.dayco.com/la-es/catalog/?search=KWD1342,Rueda,WHEEL BEARING KIT,,J7T-772,,,TRASERO,,VKBA 968 | VKBA 968 A,Versión: 2.2 | Motor: J7T-772 | Combustible: NAFTA | Ubicación: TRASERO
DAYCO,KWD1342,Rodamiento de rueda,RODAMIENTO,RENAULT,EXPRESS,1996 -> 2001,Versión: 1.6 16V | Motor: K4M-706 | Combustible: NAFTA | SKF I: VKBA 968 | SKF II: VKBA 968 A | Ubicación: TRASERO,VKBA 968 | VKBA 968 A,,https://www.dayco.com/la-es/catalog/?search=KWD1342,Rueda,WHEEL BEARING KIT,,K4M-706,,,TRASERO,,VKBA 968 | VKBA 968 A,Versión: 1.6 16V | Motor: K4M-706 | Combustible: NAFTA | Ubicación: TRASERO
DAYCO,KWD1342,Rodamiento de rueda,RODAMIENTO,RENAULT,EXPRESS,1995 -> 2002,Versión: 1.9D | Motor: F8Q-682 | Combustible: DIESEL | SKF I: VKBA 968 | SKF II: VKBA 968 A | Ubicación: TRASERO,VKBA 968 | VKBA 968 A,,https://www.dayco.com/la-es/catalog/?search=KWD1342,Rueda,WHEEL BEARING KIT,,F8Q-682,,,TRASERO,,VKBA 968 | VKBA 968 A,Versión: 1.9D | Motor: F8Q-682 | Combustible: DIESEL | Ubicación: TRASERO
DAYCO,KWD1094,Rodamiento de rueda,RODAMIENTO,RENAULT,EXPRESS,1996 -> 2001,Versión: 1.6 16V | Motor: K4M-706 | Combustible: NAFTA | SKF I: BT2B 445539 / VKBC 20212 | SKF II: VKBA 3525 | Ubicación: TRASERO,BT2B 445539 / VKBC 20212 | VKBA 3525,,https://www.dayco.com/la-es/catalog/?search=KWD1094,Rueda,WHEEL BEARING KIT,,K4M-706,,,TRASERO,,BT2B 445539 / VKBC 20212 | VKBA 3525,Versión: 1.6 16V | Motor: K4M-706 | Combustible: NAFTA | Ubicación: TRASERO
DAYCO,KWD1094,Rodamiento de rueda,RODAMIENTO,RENAULT,EXPRESS,1995 -> 2002,Versión: 1.9D | Motor: F8Q-682 | Combustible: DIESEL | SKF I: BT2B 445539 / VKBC 20212 | SKF II: VKBA 3525 | Ubicación: TRASERO,BT2B 445539 / VKBC 20212 | VKBA 3525,,https://www.dayco.com/la-es/catalog/?search=KWD1094,Rueda,WHEEL BEARING KIT,,F8Q-682,,,TRASERO,,BT2B 445539 / VKBC 20212 | VKBA 3525,Versión: 1.9D | Motor: F8Q-682 | Combustible: DIESEL | Ubicación: TRASERO
DAYCO,KWD1017,Rodamiento de rueda,RODAMIENTO,RENAULT,EXPRESS,7-1995 -> 9-2002,Versión: 1.9D | Motor: F8Q-682 | Combustible: DIESEL | SKF I: BAH-0094 | SKF II: VKBC 4221 | Ubicación: DELANTERO | ABS: C/ABS,BAH-0094 | VKBC 4221,,https://www.dayco.com/la-es/catalog/?search=KWD1017,Rueda,WHEEL BEARING KIT,,F8Q-682,,,DELANTERO,C/ABS,BAH-0094 | VKBC 4221,Versión: 1.9D | Motor: F8Q-682 | Combustible: DIESEL | Ubicación: DELANTERO | ABS: C/ABS
DAYCO,KWD1017,Rodamiento de rueda,RODAMIENTO,RENAULT,EXPRESS,8-1996 -> 11-2001,Versión: 1.6 16V | Motor: K4M-706 | Combustible: NAFTA | SKF I: BAH-0094 | SKF II: VKBC 4221 | Ubicación: DELANTERO | ABS: C/ABS,BAH-0094 | VKBC 4221,,https://www.dayco.com/la-es/catalog/?search=KWD1017,Rueda,WHEEL BEARING KIT,,K4M-706,,,DELANTERO,C/ABS,BAH-0094 | VKBC 4221,Versión: 1.6 16V | Motor: K4M-706 | Combustible: NAFTA | Ubicación: DELANTERO | ABS: C/ABS
DAYCO,KWD1033,Rodamiento de rueda,RODAMIENTO,RENAULT,FLUENCE,12-2010 -> 10-2014,Versión: 1.6 16V | Motor: K4M-838 | Combustible: NAFTA | SKF I: BAH-0249/ VKBA 6682 | SKF II: VKBA 6682 | Ubicación: DELANTERO | ABS: C/ABS,BAH-0249/ VKBA 6682 | VKBA 6682,,https://www.dayco.com/la-es/catalog/?search=KWD1033,Rueda,WHEEL BEARING KIT,,K4M-838,,,DELANTERO,C/ABS,BAH-0249/ VKBA 6682 | VKBA 6682,Versión: 1.6 16V | Motor: K4M-838 | Combustible: NAFTA | Ubicación: DELANTERO | ABS: C/ABS
DAYCO,KWD1033,Rodamiento de rueda,RODAMIENTO,RENAULT,FLUENCE,12-2010 -> 10-2014,Versión: 2.0 16V | Motor: M4R-714 | Combustible: NAFTA | SKF I: BAH-0249/ VKBA 6682 | SKF II: VKBA 6682 | Ubicación: DELANTERO | ABS: C/ABS,BAH-0249/ VKBA 6682 | VKBA 6682,,https://www.dayco.com/la-es/catalog/?search=KWD1033,Rueda,WHEEL BEARING KIT,,M4R-714,,,DELANTERO,C/ABS,BAH-0249/ VKBA 6682 | VKBA 6682,Versión: 2.0 16V | Motor: M4R-714 | Combustible: NAFTA | Ubicación: DELANTERO | ABS: C/ABS
DAYCO,KWD1033,Rodamiento de rueda,RODAMIENTO,RENAULT,FLUENCE,10-2012 -> 10-2014,Versión: 2.0 TCE 180CV | Motor: F4R-872 | Combustible: NAFTA | SKF I: BAH-0249/ VKBA 6682 | SKF II: VKBA 6682 | Ubicación: DELANTERO | ABS: C/ABS,BAH-0249/ VKBA 6682 | VKBA 6682,,https://www.dayco.com/la-es/catalog/?search=KWD1033,Rueda,WHEEL BEARING KIT,,F4R-872,,,DELANTERO,C/ABS,BAH-0249/ VKBA 6682 | VKBA 6682,Versión: 2.0 TCE 180CV | Motor: F4R-872 | Combustible: NAFTA | Ubicación: DELANTERO | ABS: C/ABS
DAYCO,KWD1094,Rodamiento de rueda,RODAMIENTO,RENAULT,GRAND SCENIC,2007 -> 2009,Versión: 2.0 | Motor: F4R-770 | Combustible: NAFTA | SKF I: BT2B 445539 / VKBC 20212 | SKF II: VKBA 3525 | Ubicación: TRASERO,BT2B 445539 / VKBC 20212 | VKBA 3525,,https://www.dayco.com/la-es/catalog/?search=KWD1094,Rueda,WHEEL BEARING KIT,,F4R-770,,,TRASERO,,BT2B 445539 / VKBC 20212 | VKBA 3525,Versión: 2.0 | Motor: F4R-770 | Combustible: NAFTA | Ubicación: TRASERO
DAYCO,KWD1342,Rodamiento de rueda,RODAMIENTO,RENAULT,KANGOO,2003 -> 2009,Versión: 1.6 16V | Motor: K4M-706 | Combustible: NAFTA | SKF I: VKBA 968 | SKF II: VKBA 968 A | Ubicación: TRASERO,VKBA 968 | VKBA 968 A,,https://www.dayco.com/la-es/catalog/?search=KWD1342,Rueda,WHEEL BEARING KIT,,K4M-706,,,TRASERO,,VKBA 968 | VKBA 968 A,Versión: 1.6 16V | Motor: K4M-706 | Combustible: NAFTA | Ubicación: TRASERO
DAYCO,KWD1094,Rodamiento de rueda,RODAMIENTO,RENAULT,KANGOO,2003 -> 2009,Versión: 1.6 16V | Motor: K4M-706 | Combustible: NAFTA | SKF I: BT2B 445539 / VKBC 20212 | SKF II: VKBA 3525 | Ubicación: TRASERO,BT2B 445539 / VKBC 20212 | VKBA 3525,,https://www.dayco.com/la-es/catalog/?search=KWD1094,Rueda,WHEEL BEARING KIT,,K4M-706,,,TRASERO,,BT2B 445539 / VKBC 20212 | VKBA 3525,Versión: 1.6 16V | Motor: K4M-706 | Combustible: NAFTA | Ubicación: TRASERO
DAYCO,KWD1094,Rodamiento de rueda,RODAMIENTO,RENAULT,KANGOO,2003 -> 2014,Versión: 1.6 16V | Motor: K4M-730 | Combustible: NAFTA | SKF I: BT2B 445539 / VKBC 20212 | SKF II: VKBA 3525 | Ubicación: TRASERO,BT2B 445539 / VKBC 20212 | VKBA 3525,,https://www.dayco.com/la-es/catalog/?search=KWD1094,Rueda,WHEEL BEARING KIT,,K4M-730,,,TRASERO,,BT2B 445539 / VKBC 20212 | VKBA 3525,Versión: 1.6 16V | Motor: K4M-730 | Combustible: NAFTA | Ubicación: TRASERO
DAYCO,KWD1094,Rodamiento de rueda,RODAMIENTO,RENAULT,KANGOO,2008 -> 2014,Versión: 1.5 DCI | Motor: K9K-700 | Combustible: DIESEL | SKF I: BT2B 445539 / VKBC 20212 | SKF II: VKBA 3525 | Ubicación: TRASERO,BT2B 445539 / VKBC 20212 | VKBA 3525,,https://www.dayco.com/la-es/catalog/?search=KWD1094,Rueda,WHEEL BEARING KIT,,K9K-700,,,TRASERO,,BT2B 445539 / VKBC 20212 | VKBA 3525,Versión: 1.5 DCI | Motor: K9K-700 | Combustible: DIESEL | Ubicación: TRASERO
DAYCO,KWD1094,Rodamiento de rueda,RODAMIENTO,RENAULT,KANGOO,1999 -> 2009,Versión: 1.9D | Motor: F8Q-632 | Combustible: DIESEL | SKF I: BT2B 445539 / VKBC 20212 | SKF II: VKBA 3525 | Ubicación: TRASERO,BT2B 445539 / VKBC 20212 | VKBA 3525,,https://www.dayco.com/la-es/catalog/?search=KWD1094,Rueda,WHEEL BEARING KIT,,F8Q-632,,,TRASERO,,BT2B 445539 / VKBC 20212 | VKBA 3525,Versión: 1.9D | Motor: F8Q-632 | Combustible: DIESEL | Ubicación: TRASERO
DAYCO,KWD1094,Rodamiento de rueda,RODAMIENTO,RENAULT,KANGOO,1998 -> 2001,Versión: 1.4 | Motor: E7J-780 | Combustible: NAFTA | SKF I: BT2B 445539 / VKBC 20212 | SKF II: VKBA 3525 | Ubicación: TRASERO,BT2B 445539 / VKBC 20212 | VKBA 3525,,https://www.dayco.com/la-es/catalog/?search=KWD1094,Rueda,WHEEL BEARING KIT,,E7J-780,,,TRASERO,,BT2B 445539 / VKBC 20212 | VKBA 3525,Versión: 1.4 | Motor: E7J-780 | Combustible: NAFTA | Ubicación: TRASERO
DAYCO,KWD1094,Rodamiento de rueda,RODAMIENTO,RENAULT,KANGOO,1999 -> 2007,Versión: 1.6 8V | Motor: K7M-746 | Combustible: NAFTA | SKF I: BT2B 445539 / VKBC 20212 | SKF II: VKBA 3525 | Ubicación: TRASERO,BT2B 445539 / VKBC 20212 | VKBA 3525,,https://www.dayco.com/la-es/catalog/?search=KWD1094,Rueda,WHEEL BEARING KIT,,K7M-746,,,TRASERO,,BT2B 445539 / VKBC 20212 | VKBA 3525,Versión: 1.6 8V | Motor: K7M-746 | Combustible: NAFTA | Ubicación: TRASERO
DAYCO,KWD1094,Rodamiento de rueda,RODAMIENTO,RENAULT,KANGOO,2001 -> 2002,Versión: 1.2 | Motor: D7F-720 | Combustible: NAFTA | SKF I: BT2B 445539 / VKBC 20212 | SKF II: VKBA 3525 | Ubicación: TRASERO,BT2B 445539 / VKBC 20212 | VKBA 3525,,https://www.dayco.com/la-es/catalog/?search=KWD1094,Rueda,WHEEL BEARING KIT,,D7F-720,,,TRASERO,,BT2B 445539 / VKBC 20212 | VKBA 3525,Versión: 1.2 | Motor: D7F-720 | Combustible: NAFTA | Ubicación: TRASERO
DAYCO,KWD1094,Rodamiento de rueda,RODAMIENTO,RENAULT,KANGOO,1999 -> 2008,Versión: 1.9D | Motor: F8Q-630 | Combustible: DIESEL | SKF I: BT2B 445539 / VKBC 20212 | SKF II: VKBA 3525 | Ubicación: TRASERO,BT2B 445539 / VKBC 20212 | VKBA 3525,,https://www.dayco.com/la-es/catalog/?search=KWD1094,Rueda,WHEEL BEARING KIT,,F8Q-630,,,TRASERO,,BT2B 445539 / VKBC 20212 | VKBA 3525,Versión: 1.9D | Motor: F8Q-630 | Combustible: DIESEL | Ubicación: TRASERO
DAYCO,KWD1094,Rodamiento de rueda,RODAMIENTO,RENAULT,KANGOO,2008 -> 2012,Versión: 1.5 DCI | Motor: K9K-700 | Combustible: DIESEL | SKF I: BT2B 445539 / VKBC 20212 | SKF II: VKBA 3525 | Ubicación: TRASERO,BT2B 445539 / VKBC 20212 | VKBA 3525,,https://www.dayco.com/la-es/catalog/?search=KWD1094,Rueda,WHEEL BEARING KIT,,K9K-700,,,TRASERO,,BT2B 445539 / VKBC 20212 | VKBA 3525,Versión: 1.5 DCI | Motor: K9K-700 | Combustible: DIESEL | Ubicación: TRASERO
DAYCO,KWD1017,Rodamiento de rueda,RODAMIENTO,RENAULT,KANGOO,1-1999 -> 1-2009,Versión: 1.9D | Motor: F8Q-632 | Combustible: DIESEL | SKF I: BAH-0094 | SKF II: VKBC 4221 | Ubicación: DELANTERO | ABS: C/ABS,BAH-0094 | VKBC 4221,,https://www.dayco.com/la-es/catalog/?search=KWD1017,Rueda,WHEEL BEARING KIT,,F8Q-632,,,DELANTERO,C/ABS,BAH-0094 | VKBC 4221,Versión: 1.9D | Motor: F8Q-632 | Combustible: DIESEL | Ubicación: DELANTERO | ABS: C/ABS
DAYCO,KWD1017,Rodamiento de rueda,RODAMIENTO,RENAULT,KANGOO,10-1999 -> 4-2007,Versión: 1.6 8V | Motor: K7M-746 | Combustible: NAFTA | SKF I: BAH-0094 | SKF II: VKBC 4221 | Ubicación: DELANTERO | ABS: C/ABS,BAH-0094 | VKBC 4221,,https://www.dayco.com/la-es/catalog/?search=KWD1017,Rueda,WHEEL BEARING KIT,,K7M-746,,,DELANTERO,C/ABS,BAH-0094 | VKBC 4221,Versión: 1.6 8V | Motor: K7M-746 | Combustible: NAFTA | Ubicación: DELANTERO | ABS: C/ABS
DAYCO,KWD1017,Rodamiento de rueda,RODAMIENTO,RENAULT,KANGOO,2-2003 -> 1-2014,Versión: 1.6 16V | Motor: K4M-730 | Combustible: NAFTA | SKF I: BAH-0094 | SKF II: VKBC 4221 | Ubicación: DELANTERO | ABS: C/ABS,BAH-0094 | VKBC 4221,,https://www.dayco.com/la-es/catalog/?search=KWD1017,Rueda,WHEEL BEARING KIT,,K4M-730,,,DELANTERO,C/ABS,BAH-0094 | VKBC 4221,Versión: 1.6 16V | Motor: K4M-730 | Combustible: NAFTA | Ubicación: DELANTERO | ABS: C/ABS
DAYCO,KWD1017,Rodamiento de rueda,RODAMIENTO,RENAULT,KANGOO,5-2008 -> 1-2014,Versión: 1.5 DCI | Motor: K9K-700 | Combustible: DIESEL | SKF I: BAH-0094 | SKF II: VKBC 4221 | Ubicación: DELANTERO | ABS: C/ABS,BAH-0094 | VKBC 4221,,https://www.dayco.com/la-es/catalog/?search=KWD1017,Rueda,WHEEL BEARING KIT,,K9K-700,,,DELANTERO,C/ABS,BAH-0094 | VKBC 4221,Versión: 1.5 DCI | Motor: K9K-700 | Combustible: DIESEL | Ubicación: DELANTERO | ABS: C/ABS
DAYCO,KWD1033,Rodamiento de rueda,RODAMIENTO,RENAULT,KANGOO,11-2013 -> 1-2022,Versión: 1.6 16V | Motor: K4M-730 | Combustible: NAFTA | SKF I: BAH-0249/ VKBA 6682 | SKF II: VKBA 6682 | Ubicación: DELANTERO | ABS: C/ABS,BAH-0249/ VKBA 6682 | VKBA 6682,,https://www.dayco.com/la-es/catalog/?search=KWD1033,Rueda,WHEEL BEARING KIT,,K4M-730,,,DELANTERO,C/ABS,BAH-0249/ VKBA 6682 | VKBA 6682,Versión: 1.6 16V | Motor: K4M-730 | Combustible: NAFTA | Ubicación: DELANTERO | ABS: C/ABS
DAYCO,KWD1033,Rodamiento de rueda,RODAMIENTO,RENAULT,KANGOO,11-2013 -> 4-2020,Versión: 1.5 DCI | Motor: K9K-714 | Combustible: DIESEL | SKF I: BAH-0249/ VKBA 6682 | SKF II: VKBA 6682 | Ubicación: DELANTERO | ABS: C/ABS,BAH-0249/ VKBA 6682 | VKBA 6682,,https://www.dayco.com/la-es/catalog/?search=KWD1033,Rueda,WHEEL BEARING KIT,,K9K-714,,,DELANTERO,C/ABS,BAH-0249/ VKBA 6682 | VKBA 6682,Versión: 1.5 DCI | Motor: K9K-714 | Combustible: DIESEL | Ubicación: DELANTERO | ABS: C/ABS
DAYCO,KWD1033,Rodamiento de rueda,RODAMIENTO,RENAULT,KANGOO,4-2018 -> 12-2023,Versión: 1.6 SCE 114 | Motor: HR16 H4M-737 | Combustible: NAFTA | SKF I: BAH-0249/ VKBA 6682 | SKF II: VKBA 6682 | Ubicación: DELANTERO | ABS: C/ABS,BAH-0249/ VKBA 6682 | VKBA 6682,,https://www.dayco.com/la-es/catalog/?search=KWD1033,Rueda,WHEEL BEARING KIT,,HR16 H4M-737,,,DELANTERO,C/ABS,BAH-0249/ VKBA 6682 | VKBA 6682,Versión: 1.6 SCE 114 | Motor: HR16 H4M-737 | Combustible: NAFTA | Ubicación: DELANTERO | ABS: C/ABS
DAYCO,KWD1033,Rodamiento de rueda,RODAMIENTO,RENAULT,KANGOO,4-2018 -> 12-2023,Versión: 1.5 DCI | Motor: K9K-612 | Combustible: DIESEL | SKF I: BAH-0249/ VKBA 6682 | SKF II: VKBA 6682 | Ubicación: DELANTERO | ABS: C/ABS,BAH-0249/ VKBA 6682 | VKBA 6682,,https://www.dayco.com/la-es/catalog/?search=KWD1033,Rueda,WHEEL BEARING KIT,,K9K-612,,,DELANTERO,C/ABS,BAH-0249/ VKBA 6682 | VKBA 6682,Versión: 1.5 DCI | Motor: K9K-612 | Combustible: DIESEL | Ubicación: DELANTERO | ABS: C/ABS
DAYCO,KWD1094,Rodamiento de rueda,RODAMIENTO,RENAULT,LOGAN,2007 -> 2011,Versión: 1.5 DCI | Motor: K9K-700 | Combustible: DIESEL | SKF I: BT2B 445539 / VKBC 20212 | SKF II: VKBA 3525 | Ubicación: TRASERO,BT2B 445539 / VKBC 20212 | VKBA 3525,,https://www.dayco.com/la-es/catalog/?search=KWD1094,Rueda,WHEEL BEARING KIT,,K9K-700,,,TRASERO,,BT2B 445539 / VKBC 20212 | VKBA 3525,Versión: 1.5 DCI | Motor: K9K-700 | Combustible: DIESEL | Ubicación: TRASERO
DAYCO,KWD1094,Rodamiento de rueda,RODAMIENTO,RENAULT,LOGAN,2007 -> 2010,Versión: 1.6 16V | Motor: K4M-706 | Combustible: NAFTA | SKF I: BT2B 445539 / VKBC 20212 | SKF II: VKBA 3525 | Ubicación: TRASERO,BT2B 445539 / VKBC 20212 | VKBA 3525,,https://www.dayco.com/la-es/catalog/?search=KWD1094,Rueda,WHEEL BEARING KIT,,K4M-706,,,TRASERO,,BT2B 445539 / VKBC 20212 | VKBA 3525,Versión: 1.6 16V | Motor: K4M-706 | Combustible: NAFTA | Ubicación: TRASERO
DAYCO,KWD1094,Rodamiento de rueda,RODAMIENTO,RENAULT,LOGAN,2008 -> 2014,Versión: 1.6 8V | Motor: K7M-710 | Combustible: NAFTA | SKF I: BT2B 445539 / VKBC 20212 | SKF II: VKBA 3525 | Ubicación: TRASERO,BT2B 445539 / VKBC 20212 | VKBA 3525,,https://www.dayco.com/la-es/catalog/?search=KWD1094,Rueda,WHEEL BEARING KIT,,K7M-710,,,TRASERO,,BT2B 445539 / VKBC 20212 | VKBA 3525,Versión: 1.6 8V | Motor: K7M-710 | Combustible: NAFTA | Ubicación: TRASERO
DAYCO,KWD1094,Rodamiento de rueda,RODAMIENTO,RENAULT,LOGAN,2011 -> 2014,Versión: 1.5 DCI | Motor: K9K-790 | Combustible: DIESEL | SKF I: BT2B 445539 / VKBC 20212 | SKF II: VKBA 3525 | Ubicación: TRASERO,BT2B 445539 / VKBC 20212 | VKBA 3525,,https://www.dayco.com/la-es/catalog/?search=KWD1094,Rueda,WHEEL BEARING KIT,,K9K-790,,,TRASERO,,BT2B 445539 / VKBC 20212 | VKBA 3525,Versión: 1.5 DCI | Motor: K9K-790 | Combustible: DIESEL | Ubicación: TRASERO
DAYCO,KWD1094,Rodamiento de rueda,RODAMIENTO,RENAULT,LOGAN,2013 ->,Versión: 1.6 16V | Motor: K4M-842 | Combustible: NAFTA | SKF I: BT2B 445539 / VKBC 20212 | SKF II: VKBA 3525 | Ubicación: TRASERO,BT2B 445539 / VKBC 20212 | VKBA 3525,,https://www.dayco.com/la-es/catalog/?search=KWD1094,Rueda,WHEEL BEARING KIT,,K4M-842,,,TRASERO,,BT2B 445539 / VKBC 20212 | VKBA 3525,Versión: 1.6 16V | Motor: K4M-842 | Combustible: NAFTA | Ubicación: TRASERO
DAYCO,KWD1094,Rodamiento de rueda,RODAMIENTO,RENAULT,LOGAN,2013 -> 2022,Versión: 1.6 8V | Motor: K7M-812 | Combustible: NAFTA | SKF I: BT2B 445539 / VKBC 20212 | SKF II: VKBA 3525 | Ubicación: TRASERO,BT2B 445539 / VKBC 20212 | VKBA 3525,,https://www.dayco.com/la-es/catalog/?search=KWD1094,Rueda,WHEEL BEARING KIT,,K7M-812,,,TRASERO,,BT2B 445539 / VKBC 20212 | VKBA 3525,Versión: 1.6 8V | Motor: K7M-812 | Combustible: NAFTA | Ubicación: TRASERO
DAYCO,KWD1017,Rodamiento de rueda,RODAMIENTO,RENAULT,LOGAN,2-2007 -> 9-2010,Versión: 1.6 16V | Motor: K4M-706 | Combustible: NAFTA | SKF I: BAH-0094 | SKF II: VKBC 4221 | Ubicación: DELANTERO | ABS: C/ABS,BAH-0094 | VKBC 4221,,https://www.dayco.com/la-es/catalog/?search=KWD1017,Rueda,WHEEL BEARING KIT,,K4M-706,,,DELANTERO,C/ABS,BAH-0094 | VKBC 4221,Versión: 1.6 16V | Motor: K4M-706 | Combustible: NAFTA | Ubicación: DELANTERO | ABS: C/ABS
DAYCO,KWD1017,Rodamiento de rueda,RODAMIENTO,RENAULT,LOGAN,11-2013 -> 10-2022,Versión: 1.6 8V | Motor: K7M-812 | Combustible: NAFTA | SKF I: BAH-0094 | SKF II: VKBC 4221 | Ubicación: DELANTERO | ABS: C/ABS,BAH-0094 | VKBC 4221,,https://www.dayco.com/la-es/catalog/?search=KWD1017,Rueda,WHEEL BEARING KIT,,K7M-812,,,DELANTERO,C/ABS,BAH-0094 | VKBC 4221,Versión: 1.6 8V | Motor: K7M-812 | Combustible: NAFTA | Ubicación: DELANTERO | ABS: C/ABS
DAYCO,KWD1017,Rodamiento de rueda,RODAMIENTO,RENAULT,LOGAN,10-2011 -> 4-2014,Versión: 1.5 DCI | Motor: K9K-790 | Combustible: DIESEL | SKF I: BAH-0094 | SKF II: VKBC 4221 | Ubicación: DELANTERO | ABS: C/ABS,BAH-0094 | VKBC 4221,,https://www.dayco.com/la-es/catalog/?search=KWD1017,Rueda,WHEEL BEARING KIT,,K9K-790,,,DELANTERO,C/ABS,BAH-0094 | VKBC 4221,Versión: 1.5 DCI | Motor: K9K-790 | Combustible: DIESEL | Ubicación: DELANTERO | ABS: C/ABS
DAYCO,KWD1017,Rodamiento de rueda,RODAMIENTO,RENAULT,LOGAN,11-2013 -> 12-2023,Versión: 1.6 16V | Motor: K4M-842 | Combustible: NAFTA | SKF I: BAH-0094 | SKF II: VKBC 4221 | Ubicación: DELANTERO | ABS: C/ABS,BAH-0094 | VKBC 4221,,https://www.dayco.com/la-es/catalog/?search=KWD1017,Rueda,WHEEL BEARING KIT,,K4M-842,,,DELANTERO,C/ABS,BAH-0094 | VKBC 4221,Versión: 1.6 16V | Motor: K4M-842 | Combustible: NAFTA | Ubicación: DELANTERO | ABS: C/ABS
DAYCO,KWD1007,Rodamiento de rueda,RODAMIENTO,RENAULT,LOGAN,2-2007 -> 11-2011,Versión: 1.5 DCI | Motor: K9K-700 | Combustible: DIESEL | SKF I: BAH-0191 | SKF II: VKBA 3637 | Ubicación: DELANTERO | ABS: C/ABS,BAH-0191 | VKBA 3637,,https://www.dayco.com/la-es/catalog/?search=KWD1007,Rueda,WHEEL BEARING KIT,,K9K-700,,,DELANTERO,C/ABS,BAH-0191 | VKBA 3637,Versión: 1.5 DCI | Motor: K9K-700 | Combustible: DIESEL | Ubicación: DELANTERO | ABS: C/ABS
DAYCO,KWD1007,Rodamiento de rueda,RODAMIENTO,RENAULT,LOGAN,2-2007 -> 9-2010,Versión: 1.6 16V | Motor: K4M-706 | Combustible: NAFTA | SKF I: BAH-0191 | SKF II: VKBA 3637 | Ubicación: DELANTERO | ABS: C/ABS,BAH-0191 | VKBA 3637,,https://www.dayco.com/la-es/catalog/?search=KWD1007,Rueda,WHEEL BEARING KIT,,K4M-706,,,DELANTERO,C/ABS,BAH-0191 | VKBA 3637,Versión: 1.6 16V | Motor: K4M-706 | Combustible: NAFTA | Ubicación: DELANTERO | ABS: C/ABS
DAYCO,KWD1007,Rodamiento de rueda,RODAMIENTO,RENAULT,LOGAN,5-2008 -> 4-2014,Versión: 1.6 8V | Motor: K7M-710 | Combustible: NAFTA | SKF I: BAH-0191 | SKF II: VKBA 3637 | Ubicación: DELANTERO | ABS: C/ABS,BAH-0191 | VKBA 3637,,https://www.dayco.com/la-es/catalog/?search=KWD1007,Rueda,WHEEL BEARING KIT,,K7M-710,,,DELANTERO,C/ABS,BAH-0191 | VKBA 3637,Versión: 1.6 8V | Motor: K7M-710 | Combustible: NAFTA | Ubicación: DELANTERO | ABS: C/ABS
DAYCO,KWD1007,Rodamiento de rueda,RODAMIENTO,RENAULT,LOGAN,11-2013 -> 10-2022,Versión: 1.6 8V | Motor: K7M-812 | Combustible: NAFTA | SKF I: BAH-0191 | SKF II: VKBA 3637 | Ubicación: DELANTERO | ABS: C/ABS,BAH-0191 | VKBA 3637,,https://www.dayco.com/la-es/catalog/?search=KWD1007,Rueda,WHEEL BEARING KIT,,K7M-812,,,DELANTERO,C/ABS,BAH-0191 | VKBA 3637,Versión: 1.6 8V | Motor: K7M-812 | Combustible: NAFTA | Ubicación: DELANTERO | ABS: C/ABS
DAYCO,KWD1007,Rodamiento de rueda,RODAMIENTO,RENAULT,LOGAN,10-2011 -> 4-2014,Versión: 1.5 DCI | Motor: K9K-790 | Combustible: DIESEL | SKF I: BAH-0191 | SKF II: VKBA 3637 | Ubicación: DELANTERO | ABS: C/ABS,BAH-0191 | VKBA 3637,,https://www.dayco.com/la-es/catalog/?search=KWD1007,Rueda,WHEEL BEARING KIT,,K9K-790,,,DELANTERO,C/ABS,BAH-0191 | VKBA 3637,Versión: 1.5 DCI | Motor: K9K-790 | Combustible: DIESEL | Ubicación: DELANTERO | ABS: C/ABS
DAYCO,KWD1007,Rodamiento de rueda,RODAMIENTO,RENAULT,LOGAN,11-2013 -> 12-2023,Versión: 1.6 16V | Motor: K4M-842 | Combustible: NAFTA | SKF I: BAH-0191 | SKF II: VKBA 3637 | Ubicación: DELANTERO | ABS: C/ABS,BAH-0191 | VKBA 3637,,https://www.dayco.com/la-es/catalog/?search=KWD1007,Rueda,WHEEL BEARING KIT,,K4M-842,,,DELANTERO,C/ABS,BAH-0191 | VKBA 3637,Versión: 1.6 16V | Motor: K4M-842 | Combustible: NAFTA | Ubicación: DELANTERO | ABS: C/ABS
DAYCO,KWD1132,Rodamiento de rueda,RODAMIENTO,RENAULT,LOGAN II,,SKF I: 2012-> | SKF II: VKBA6658 | Ubicación: TRASERO,2012-> | VKBA6658,,https://www.dayco.com/la-es/catalog/?search=KWD1132,Rueda,WHEEL BEARING KIT,,,,,TRASERO,,2012-> | VKBA6658,Ubicación: TRASERO
DAYCO,KWD1075,Rodamiento de rueda,RODAMIENTO,RENAULT,MASTER,2015 ->,Versión: 2.3 DCI | Motor: M9T-876 | Combustible: DIESEL | SKF I: VKBC 20032 | SKF II: VKBA6721 | Ubicación: DELANTERO,VKBC 20032 | VKBA6721,,https://www.dayco.com/la-es/catalog/?search=KWD1075,Rueda,WHEEL BEARING KIT,,M9T-876,,,DELANTERO,,VKBC 20032 | VKBA6721,Versión: 2.3 DCI | Motor: M9T-876 | Combustible: DIESEL | Ubicación: DELANTERO
DAYCO,KWD1075,Rodamiento de rueda,RODAMIENTO,RENAULT,MASTER,2015 ->,Versión: 2.3 DCI | Motor: M9T-678 | Combustible: DIESEL | SKF I: VKBC 20032 | SKF II: VKBA6721 | Ubicación: DELANTERO,VKBC 20032 | VKBA6721,,https://www.dayco.com/la-es/catalog/?search=KWD1075,Rueda,WHEEL BEARING KIT,,M9T-678,,,DELANTERO,,VKBC 20032 | VKBA6721,Versión: 2.3 DCI | Motor: M9T-678 | Combustible: DIESEL | Ubicación: DELANTERO
DAYCO,KWD1075,Rodamiento de rueda,RODAMIENTO,RENAULT,MASTER,2013 ->,Versión: 2.3 DCI | Motor: M9T-876 | Combustible: DIESEL | SKF I: VKBC 20032 | SKF II: VKBA6721 | Ubicación: DELANTERO,VKBC 20032 | VKBA6721,,https://www.dayco.com/la-es/catalog/?search=KWD1075,Rueda,WHEEL BEARING KIT,,M9T-876,,,DELANTERO,,VKBC 20032 | VKBA6721,Versión: 2.3 DCI | Motor: M9T-876 | Combustible: DIESEL | Ubicación: DELANTERO
DAYCO,KWD1451,Rodamiento de rueda,RODAMIENTO,RENAULT,MASTER,2009 -> 2013,Versión: 2.5 DCI | Motor: G9U-724 | Combustible: DIESEL | SKF I: VKBA 3501 | Ubicación: TRASERO,VKBA 3501,,https://www.dayco.com/la-es/catalog/?search=KWD1451,Rueda,WHEEL BEARING KIT,,G9U-724,,,TRASERO,,VKBA 3501,Versión: 2.5 DCI | Motor: G9U-724 | Combustible: DIESEL | Ubicación: TRASERO
DAYCO,KWD1451,Rodamiento de rueda,RODAMIENTO,RENAULT,MASTER,2006 -> 2009,Versión: 2.5 DCI | Motor: G9U-724 | Combustible: DIESEL | SKF I: VKBA 3501 | Ubicación: TRASERO,VKBA 3501,,https://www.dayco.com/la-es/catalog/?search=KWD1451,Rueda,WHEEL BEARING KIT,,G9U-724,,,TRASERO,,VKBA 3501,Versión: 2.5 DCI | Motor: G9U-724 | Combustible: DIESEL | Ubicación: TRASERO
DAYCO,KWD1451,Rodamiento de rueda,RODAMIENTO,RENAULT,MASTER,1998 -> 2001,Versión: 2.5D | Motor: S8U-770 | Combustible: DIESEL | SKF I: VKBA 3501 | Ubicación: TRASERO,VKBA 3501,,https://www.dayco.com/la-es/catalog/?search=KWD1451,Rueda,WHEEL BEARING KIT,,S8U-770,,,TRASERO,,VKBA 3501,Versión: 2.5D | Motor: S8U-770 | Combustible: DIESEL | Ubicación: TRASERO
DAYCO,KWD1451,Rodamiento de rueda,RODAMIENTO,RENAULT,MASTER,1999 -> 2008,Versión: 2.8 TD | Motor: S9W-702 | Combustible: DIESEL | SKF I: VKBA 3501 | Ubicación: TRASERO,VKBA 3501,,https://www.dayco.com/la-es/catalog/?search=KWD1451,Rueda,WHEEL BEARING KIT,,S9W-702,,,TRASERO,,VKBA 3501,Versión: 2.8 TD | Motor: S9W-702 | Combustible: DIESEL | Ubicación: TRASERO
DAYCO,KWD1451,Rodamiento de rueda,RODAMIENTO,RENAULT,MASTER,2003 -> 2006,Versión: 2.8D ASPIRADA | Motor: 2.8D | Combustible: DIESEL | SKF I: VKBA 3501 | Ubicación: TRASERO,VKBA 3501,,https://www.dayco.com/la-es/catalog/?search=KWD1451,Rueda,WHEEL BEARING KIT,,2.8D,,,TRASERO,,VKBA 3501,Versión: 2.8D ASPIRADA | Motor: 2.8D | Combustible: DIESEL | Ubicación: TRASERO
DAYCO,KWD1227,Rodamiento de rueda,RODAMIENTO,RENAULT,MASTER,2009 -> 2013,Versión: 2.5 DCI | Motor: G9U-724 | Combustible: DIESEL | SKF I: VKBA 3613 | Ubicación: DELANTERO,VKBA 3613,,https://www.dayco.com/la-es/catalog/?search=KWD1227,Rueda,WHEEL BEARING KIT,,G9U-724,,,DELANTERO,,VKBA 3613,Versión: 2.5 DCI | Motor: G9U-724 | Combustible: DIESEL | Ubicación: DELANTERO
DAYCO,KWD1342,Rodamiento de rueda,RODAMIENTO,RENAULT,MEGANE,2002 -> 2003,Versión: 1.9 DTI | Motor: F9Q-734 | Combustible: DIESEL | SKF I: VKBA 968 | SKF II: VKBA 968 A | Ubicación: TRASERO,VKBA 968 | VKBA 968 A,,https://www.dayco.com/la-es/catalog/?search=KWD1342,Rueda,WHEEL BEARING KIT,,F9Q-734,,,TRASERO,,VKBA 968 | VKBA 968 A,Versión: 1.9 DTI | Motor: F9Q-734 | Combustible: DIESEL | Ubicación: TRASERO
DAYCO,KWD1342,Rodamiento de rueda,RODAMIENTO,RENAULT,MEGANE,2000 -> 2002,Versión: 1.6 110CV | Motor: K4M-700 | Combustible: NAFTA | SKF I: VKBA 968 | SKF II: VKBA 968 A | Ubicación: TRASERO,VKBA 968 | VKBA 968 A,,https://www.dayco.com/la-es/catalog/?search=KWD1342,Rueda,WHEEL BEARING KIT,,K4M-700,,,TRASERO,,VKBA 968 | VKBA 968 A,Versión: 1.6 110CV | Motor: K4M-700 | Combustible: NAFTA | Ubicación: TRASERO
DAYCO,KWD1342,Rodamiento de rueda,RODAMIENTO,RENAULT,MEGANE,1997 -> 1999,Versión: 2.0 | Motor: F3R-750 | Combustible: NAFTA | SKF I: VKBA 968 | SKF II: VKBA 968 A | Ubicación: TRASERO,VKBA 968 | VKBA 968 A,,https://www.dayco.com/la-es/catalog/?search=KWD1342,Rueda,WHEEL BEARING KIT,,F3R-750,,,TRASERO,,VKBA 968 | VKBA 968 A,Versión: 2.0 | Motor: F3R-750 | Combustible: NAFTA | Ubicación: TRASERO
DAYCO,KWD1342,Rodamiento de rueda,RODAMIENTO,RENAULT,MEGANE,1998 -> 1999,Versión: 1.9 TD | Motor: F8Q-784 | Combustible: DIESEL | SKF I: VKBA 968 | SKF II: VKBA 968 A | Ubicación: TRASERO,VKBA 968 | VKBA 968 A,,https://www.dayco.com/la-es/catalog/?search=KWD1342,Rueda,WHEEL BEARING KIT,,F8Q-784,,,TRASERO,,VKBA 968 | VKBA 968 A,Versión: 1.9 TD | Motor: F8Q-784 | Combustible: DIESEL | Ubicación: TRASERO
DAYCO,KWD1342,Rodamiento de rueda,RODAMIENTO,RENAULT,MEGANE,1998 -> 1999,Versión: 1.6 8V | Motor: K7M-702/720 | Combustible: NAFTA | SKF I: VKBA 968 | SKF II: VKBA 968 A | Ubicación: TRASERO,VKBA 968 | VKBA 968 A,,https://www.dayco.com/la-es/catalog/?search=KWD1342,Rueda,WHEEL BEARING KIT,,K7M-702/720,,,TRASERO,,VKBA 968 | VKBA 968 A,Versión: 1.6 8V | Motor: K7M-702/720 | Combustible: NAFTA | Ubicación: TRASERO
DAYCO,KWD1342,Rodamiento de rueda,RODAMIENTO,RENAULT,MEGANE,1999 -> 2009,Versión: 1.6 16V | Motor: K4M-706 | Combustible: NAFTA | SKF I: VKBA 968 | SKF II: VKBA 968 A | Ubicación: TRASERO,VKBA 968 | VKBA 968 A,,https://www.dayco.com/la-es/catalog/?search=KWD1342,Rueda,WHEEL BEARING KIT,,K4M-706,,,TRASERO,,VKBA 968 | VKBA 968 A,Versión: 1.6 16V | Motor: K4M-706 | Combustible: NAFTA | Ubicación: TRASERO
DAYCO,KWD1342,Rodamiento de rueda,RODAMIENTO,RENAULT,MEGANE,1999 -> 2009,Versión: 1.9 DTI | Motor: F9QT-736 | Combustible: DIESEL | SKF I: VKBA 968 | SKF II: VKBA 968 A | Ubicación: TRASERO,VKBA 968 | VKBA 968 A,,https://www.dayco.com/la-es/catalog/?search=KWD1342,Rueda,WHEEL BEARING KIT,,F9QT-736,,,TRASERO,,VKBA 968 | VKBA 968 A,Versión: 1.9 DTI | Motor: F9QT-736 | Combustible: DIESEL | Ubicación: TRASERO
DAYCO,KWD1094,Rodamiento de rueda,RODAMIENTO,RENAULT,MEGANE,2002 -> 2003,Versión: 1.9 DTI | Motor: F9Q-734 | Combustible: DIESEL | SKF I: BT2B 445539 / VKBC 20212 | SKF II: VKBA 3525 | Ubicación: TRASERO,BT2B 445539 / VKBC 20212 | VKBA 3525,,https://www.dayco.com/la-es/catalog/?search=KWD1094,Rueda,WHEEL BEARING KIT,,F9Q-734,,,TRASERO,,BT2B 445539 / VKBC 20212 | VKBA 3525,Versión: 1.9 DTI | Motor: F9Q-734 | Combustible: DIESEL | Ubicación: TRASERO
DAYCO,KWD1094,Rodamiento de rueda,RODAMIENTO,RENAULT,MEGANE,2002 -> 2008,Versión: 2.0 16V | Motor: F5R-740 | Combustible: NAFTA | SKF I: BT2B 445539 / VKBC 20212 | SKF II: VKBA 3525 | Ubicación: TRASERO,BT2B 445539 / VKBC 20212 | VKBA 3525,,https://www.dayco.com/la-es/catalog/?search=KWD1094,Rueda,WHEEL BEARING KIT,,F5R-740,,,TRASERO,,BT2B 445539 / VKBC 20212 | VKBA 3525,Versión: 2.0 16V | Motor: F5R-740 | Combustible: NAFTA | Ubicación: TRASERO
DAYCO,KWD1094,Rodamiento de rueda,RODAMIENTO,RENAULT,MEGANE,2006 -> 2007,Versión: 1.9 DCI | Motor: F9Q-800 | Combustible: DIESEL | SKF I: BT2B 445539 / VKBC 20212 | SKF II: VKBA 3525 | Ubicación: TRASERO,BT2B 445539 / VKBC 20212 | VKBA 3525,,https://www.dayco.com/la-es/catalog/?search=KWD1094,Rueda,WHEEL BEARING KIT,,F9Q-800,,,TRASERO,,BT2B 445539 / VKBC 20212 | VKBA 3525,Versión: 1.9 DCI | Motor: F9Q-800 | Combustible: DIESEL | Ubicación: TRASERO
DAYCO,KWD1094,Rodamiento de rueda,RODAMIENTO,RENAULT,MEGANE,2000 -> 2002,Versión: 1.6 110CV | Motor: K4M-700 | Combustible: NAFTA | SKF I: BT2B 445539 / VKBC 20212 | SKF II: VKBA 3525 | Ubicación: TRASERO,BT2B 445539 / VKBC 20212 | VKBA 3525,,https://www.dayco.com/la-es/catalog/?search=KWD1094,Rueda,WHEEL BEARING KIT,,K4M-700,,,TRASERO,,BT2B 445539 / VKBC 20212 | VKBA 3525,Versión: 1.6 110CV | Motor: K4M-700 | Combustible: NAFTA | Ubicación: TRASERO
DAYCO,KWD1094,Rodamiento de rueda,RODAMIENTO,RENAULT,MEGANE,2005 -> 2006,Versión: 1.9 DCI | Motor: F8Q-800 | Combustible: DIESEL | SKF I: BT2B 445539 / VKBC 20212 | SKF II: VKBA 3525 | Ubicación: TRASERO,BT2B 445539 / VKBC 20212 | VKBA 3525,,https://www.dayco.com/la-es/catalog/?search=KWD1094,Rueda,WHEEL BEARING KIT,,F8Q-800,,,TRASERO,,BT2B 445539 / VKBC 20212 | VKBA 3525,Versión: 1.9 DCI | Motor: F8Q-800 | Combustible: DIESEL | Ubicación: TRASERO
DAYCO,KWD1094,Rodamiento de rueda,RODAMIENTO,RENAULT,MEGANE,2005 -> 2011,Versión: 2.0 16V | Motor: F4R-770 | Combustible: NAFTA | SKF I: BT2B 445539 / VKBC 20212 | SKF II: VKBA 3525 | Ubicación: TRASERO,BT2B 445539 / VKBC 20212 | VKBA 3525,,https://www.dayco.com/la-es/catalog/?search=KWD1094,Rueda,WHEEL BEARING KIT,,F4R-770,,,TRASERO,,BT2B 445539 / VKBC 20212 | VKBA 3525,Versión: 2.0 16V | Motor: F4R-770 | Combustible: NAFTA | Ubicación: TRASERO
DAYCO,KWD1094,Rodamiento de rueda,RODAMIENTO,RENAULT,MEGANE,2006 -> 2011,Versión: 1.6 16V | Motor: K4M-762 | Combustible: NAFTA | SKF I: BT2B 445539 / VKBC 20212 | SKF II: VKBA 3525 | Ubicación: TRASERO,BT2B 445539 / VKBC 20212 | VKBA 3525,,https://www.dayco.com/la-es/catalog/?search=KWD1094,Rueda,WHEEL BEARING KIT,,K4M-762,,,TRASERO,,BT2B 445539 / VKBC 20212 | VKBA 3525,Versión: 1.6 16V | Motor: K4M-762 | Combustible: NAFTA | Ubicación: TRASERO
DAYCO,KWD1094,Rodamiento de rueda,RODAMIENTO,RENAULT,MEGANE,2007 -> 2008,Versión: 1.9 DCI | Motor: F9Q800 | Combustible: DIESEL | SKF I: BT2B 445539 / VKBC 20212 | SKF II: VKBA 3525 | Ubicación: TRASERO,BT2B 445539 / VKBC 20212 | VKBA 3525,,https://www.dayco.com/la-es/catalog/?search=KWD1094,Rueda,WHEEL BEARING KIT,,F9Q800,,,TRASERO,,BT2B 445539 / VKBC 20212 | VKBA 3525,Versión: 1.9 DCI | Motor: F9Q800 | Combustible: DIESEL | Ubicación: TRASERO
DAYCO,KWD1094,Rodamiento de rueda,RODAMIENTO,RENAULT,MEGANE,1997 -> 1999,Versión: 2.0 | Motor: F3R-750 | Combustible: NAFTA | SKF I: BT2B 445539 / VKBC 20212 | SKF II: VKBA 3525 | Ubicación: TRASERO,BT2B 445539 / VKBC 20212 | VKBA 3525,,https://www.dayco.com/la-es/catalog/?search=KWD1094,Rueda,WHEEL BEARING KIT,,F3R-750,,,TRASERO,,BT2B 445539 / VKBC 20212 | VKBA 3525,Versión: 2.0 | Motor: F3R-750 | Combustible: NAFTA | Ubicación: TRASERO
DAYCO,KWD1094,Rodamiento de rueda,RODAMIENTO,RENAULT,MEGANE,1998 -> 1999,Versión: 1.9 TD | Motor: F8Q-784 | Combustible: DIESEL | SKF I: BT2B 445539 / VKBC 20212 | SKF II: VKBA 3525 | Ubicación: TRASERO,BT2B 445539 / VKBC 20212 | VKBA 3525,,https://www.dayco.com/la-es/catalog/?search=KWD1094,Rueda,WHEEL BEARING KIT,,F8Q-784,,,TRASERO,,BT2B 445539 / VKBC 20212 | VKBA 3525,Versión: 1.9 TD | Motor: F8Q-784 | Combustible: DIESEL | Ubicación: TRASERO
DAYCO,KWD1094,Rodamiento de rueda,RODAMIENTO,RENAULT,MEGANE,1998 -> 1999,Versión: 1.6 8V | Motor: K7M-702/720 | Combustible: NAFTA | SKF I: BT2B 445539 / VKBC 20212 | SKF II: VKBA 3525 | Ubicación: TRASERO,BT2B 445539 / VKBC 20212 | VKBA 3525,,https://www.dayco.com/la-es/catalog/?search=KWD1094,Rueda,WHEEL BEARING KIT,,K7M-702/720,,,TRASERO,,BT2B 445539 / VKBC 20212 | VKBA 3525,Versión: 1.6 8V | Motor: K7M-702/720 | Combustible: NAFTA | Ubicación: TRASERO
DAYCO,KWD1094,Rodamiento de rueda,RODAMIENTO,RENAULT,MEGANE,1997 -> 2000,Versión: 2.0 150CV | Motor: F7R-714 | Combustible: NAFTA | SKF I: BT2B 445539 / VKBC 20212 | SKF II: VKBA 3525 | Ubicación: TRASERO,BT2B 445539 / VKBC 20212 | VKBA 3525,,https://www.dayco.com/la-es/catalog/?search=KWD1094,Rueda,WHEEL BEARING KIT,,F7R-714,,,TRASERO,,BT2B 445539 / VKBC 20212 | VKBA 3525,Versión: 2.0 150CV | Motor: F7R-714 | Combustible: NAFTA | Ubicación: TRASERO
DAYCO,KWD1094,Rodamiento de rueda,RODAMIENTO,RENAULT,MEGANE,1997 -> 2003,Versión: 2.0 115CV | Motor: F3R-798 | Combustible: NAFTA | SKF I: BT2B 445539 / VKBC 20212 | SKF II: VKBA 3525 | Ubicación: TRASERO,BT2B 445539 / VKBC 20212 | VKBA 3525,,https://www.dayco.com/la-es/catalog/?search=KWD1094,Rueda,WHEEL BEARING KIT,,F3R-798,,,TRASERO,,BT2B 445539 / VKBC 20212 | VKBA 3525,Versión: 2.0 115CV | Motor: F3R-798 | Combustible: NAFTA | Ubicación: TRASERO
DAYCO,KWD1094,Rodamiento de rueda,RODAMIENTO,RENAULT,MEGANE,1999 -> 2009,Versión: 1.6 16V | Motor: K4M-706 | Combustible: NAFTA | SKF I: BT2B 445539 / VKBC 20212 | SKF II: VKBA 3525 | Ubicación: TRASERO,BT2B 445539 / VKBC 20212 | VKBA 3525,,https://www.dayco.com/la-es/catalog/?search=KWD1094,Rueda,WHEEL BEARING KIT,,K4M-706,,,TRASERO,,BT2B 445539 / VKBC 20212 | VKBA 3525,Versión: 1.6 16V | Motor: K4M-706 | Combustible: NAFTA | Ubicación: TRASERO
DAYCO,KWD1094,Rodamiento de rueda,RODAMIENTO,RENAULT,MEGANE,1999 -> 2009,Versión: 1.9 DTI | Motor: F9QT-736 | Combustible: DIESEL | SKF I: BT2B 445539 / VKBC 20212 | SKF II: VKBA 3525 | Ubicación: TRASERO,BT2B 445539 / VKBC 20212 | VKBA 3525,,https://www.dayco.com/la-es/catalog/?search=KWD1094,Rueda,WHEEL BEARING KIT,,F9QT-736,,,TRASERO,,BT2B 445539 / VKBC 20212 | VKBA 3525,Versión: 1.9 DTI | Motor: F9QT-736 | Combustible: DIESEL | Ubicación: TRASERO
DAYCO,KWD1017,Rodamiento de rueda,RODAMIENTO,RENAULT,MEGANE,5-2007 -> 11-2008,Versión: 1.9 DCI | Motor: F9Q800 | Combustible: DIESEL | SKF I: BAH-0094 | SKF II: VKBC 4221 | Ubicación: DELANTERO | ABS: C/ABS,BAH-0094 | VKBC 4221,,https://www.dayco.com/la-es/catalog/?search=KWD1017,Rueda,WHEEL BEARING KIT,,F9Q800,,,DELANTERO,C/ABS,BAH-0094 | VKBC 4221,Versión: 1.9 DCI | Motor: F9Q800 | Combustible: DIESEL | Ubicación: DELANTERO | ABS: C/ABS
DAYCO,KWD1017,Rodamiento de rueda,RODAMIENTO,RENAULT,MEGANE,9-1997 -> 10-1999,Versión: 2.0 | Motor: F3R-750 | Combustible: NAFTA | SKF I: BAH-0094 | SKF II: VKBC 4221 | Ubicación: DELANTERO | ABS: C/ABS,BAH-0094 | VKBC 4221,,https://www.dayco.com/la-es/catalog/?search=KWD1017,Rueda,WHEEL BEARING KIT,,F3R-750,,,DELANTERO,C/ABS,BAH-0094 | VKBC 4221,Versión: 2.0 | Motor: F3R-750 | Combustible: NAFTA | Ubicación: DELANTERO | ABS: C/ABS
DAYCO,KWD1017,Rodamiento de rueda,RODAMIENTO,RENAULT,MEGANE,8-1998 -> 10-1999,Versión: 1.9 TD | Motor: F8Q-784 | Combustible: DIESEL | SKF I: BAH-0094 | SKF II: VKBC 4221 | Ubicación: DELANTERO | ABS: C/ABS,BAH-0094 | VKBC 4221,,https://www.dayco.com/la-es/catalog/?search=KWD1017,Rueda,WHEEL BEARING KIT,,F8Q-784,,,DELANTERO,C/ABS,BAH-0094 | VKBC 4221,Versión: 1.9 TD | Motor: F8Q-784 | Combustible: DIESEL | Ubicación: DELANTERO | ABS: C/ABS
DAYCO,KWD1017,Rodamiento de rueda,RODAMIENTO,RENAULT,MEGANE,8-1998 -> 12-1999,Versión: 1.6 8V | Motor: K7M-702/720 | Combustible: NAFTA | SKF I: BAH-0094 | SKF II: VKBC 4221 | Ubicación: DELANTERO | ABS: C/ABS,BAH-0094 | VKBC 4221,,https://www.dayco.com/la-es/catalog/?search=KWD1017,Rueda,WHEEL BEARING KIT,,K7M-702/720,,,DELANTERO,C/ABS,BAH-0094 | VKBC 4221,Versión: 1.6 8V | Motor: K7M-702/720 | Combustible: NAFTA | Ubicación: DELANTERO | ABS: C/ABS
DAYCO,KWD1017,Rodamiento de rueda,RODAMIENTO,RENAULT,MEGANE,8-1997 -> 11-2000,Versión: 2.0 150CV | Motor: F7R-714 | Combustible: NAFTA | SKF I: BAH-0094 | SKF II: VKBC 4221 | Ubicación: DELANTERO | ABS: C/ABS,BAH-0094 | VKBC 4221,,https://www.dayco.com/la-es/catalog/?search=KWD1017,Rueda,WHEEL BEARING KIT,,F7R-714,,,DELANTERO,C/ABS,BAH-0094 | VKBC 4221,Versión: 2.0 150CV | Motor: F7R-714 | Combustible: NAFTA | Ubicación: DELANTERO | ABS: C/ABS
DAYCO,KWD1017,Rodamiento de rueda,RODAMIENTO,RENAULT,MEGANE,8-1997 -> 9-2003,Versión: 2.0 115CV | Motor: F3R-798 | Combustible: NAFTA | SKF I: BAH-0094 | SKF II: VKBC 4221 | Ubicación: DELANTERO | ABS: C/ABS,BAH-0094 | VKBC 4221,,https://www.dayco.com/la-es/catalog/?search=KWD1017,Rueda,WHEEL BEARING KIT,,F3R-798,,,DELANTERO,C/ABS,BAH-0094 | VKBC 4221,Versión: 2.0 115CV | Motor: F3R-798 | Combustible: NAFTA | Ubicación: DELANTERO | ABS: C/ABS
DAYCO,KWD1017,Rodamiento de rueda,RODAMIENTO,RENAULT,MEGANE,1-1999 -> 11-2009,Versión: 1.6 16V | Motor: K4M-706 | Combustible: NAFTA | SKF I: BAH-0094 | SKF II: VKBC 4221 | Ubicación: DELANTERO | ABS: C/ABS,BAH-0094 | VKBC 4221,,https://www.dayco.com/la-es/catalog/?search=KWD1017,Rueda,WHEEL BEARING KIT,,K4M-706,,,DELANTERO,C/ABS,BAH-0094 | VKBC 4221,Versión: 1.6 16V | Motor: K4M-706 | Combustible: NAFTA | Ubicación: DELANTERO | ABS: C/ABS
DAYCO,KWD1017,Rodamiento de rueda,RODAMIENTO,RENAULT,MEGANE,1-1999 -> 11-2009,Versión: 1.9 DTI | Motor: F9QT-736 | Combustible: DIESEL | SKF I: BAH-0094 | SKF II: VKBC 4221 | Ubicación: DELANTERO | ABS: C/ABS,BAH-0094 | VKBC 4221,,https://www.dayco.com/la-es/catalog/?search=KWD1017,Rueda,WHEEL BEARING KIT,,F9QT-736,,,DELANTERO,C/ABS,BAH-0094 | VKBC 4221,Versión: 1.9 DTI | Motor: F9QT-736 | Combustible: DIESEL | Ubicación: DELANTERO | ABS: C/ABS
DAYCO,KWD1017,Rodamiento de rueda,RODAMIENTO,RENAULT,MEGANE,8-2002 -> 8-2008,Versión: 2.0 16V | Motor: F5R-740 | Combustible: NAFTA | SKF I: BAH-0094 | SKF II: VKBC 4221 | Ubicación: DELANTERO | ABS: C/ABS,BAH-0094 | VKBC 4221,,https://www.dayco.com/la-es/catalog/?search=KWD1017,Rueda,WHEEL BEARING KIT,,F5R-740,,,DELANTERO,C/ABS,BAH-0094 | VKBC 4221,Versión: 2.0 16V | Motor: F5R-740 | Combustible: NAFTA | Ubicación: DELANTERO | ABS: C/ABS
DAYCO,KWD1017,Rodamiento de rueda,RODAMIENTO,RENAULT,MEGANE,5-2000 -> 7-2002,Versión: 1.6 110CV | Motor: K4M-700 | Combustible: NAFTA | SKF I: BAH-0094 | SKF II: VKBC 4221 | Ubicación: DELANTERO | ABS: C/ABS,BAH-0094 | VKBC 4221,,https://www.dayco.com/la-es/catalog/?search=KWD1017,Rueda,WHEEL BEARING KIT,,K4M-700,,,DELANTERO,C/ABS,BAH-0094 | VKBC 4221,Versión: 1.6 110CV | Motor: K4M-700 | Combustible: NAFTA | Ubicación: DELANTERO | ABS: C/ABS
DAYCO,KWD1017,Rodamiento de rueda,RODAMIENTO,RENAULT,MEGANE,2-2005 -> 10-2011,Versión: 2.0 16V | Motor: F4R-770 | Combustible: NAFTA | SKF I: BAH-0094 | SKF II: VKBC 4221 | Ubicación: DELANTERO | ABS: C/ABS,BAH-0094 | VKBC 4221,,https://www.dayco.com/la-es/catalog/?search=KWD1017,Rueda,WHEEL BEARING KIT,,F4R-770,,,DELANTERO,C/ABS,BAH-0094 | VKBC 4221,Versión: 2.0 16V | Motor: F4R-770 | Combustible: NAFTA | Ubicación: DELANTERO | ABS: C/ABS
DAYCO,KWD1033,Rodamiento de rueda,RODAMIENTO,RENAULT,MEGANE,4-2011 -> 4-2020,Versión: 2.0 16V | Motor: M4R-714 | Combustible: NAFTA | SKF I: BAH-0249/ VKBA 6682 | SKF II: VKBA 6682 | Ubicación: DELANTERO | ABS: C/ABS,BAH-0249/ VKBA 6682 | VKBA 6682,,https://www.dayco.com/la-es/catalog/?search=KWD1033,Rueda,WHEEL BEARING KIT,,M4R-714,,,DELANTERO,C/ABS,BAH-0249/ VKBA 6682 | VKBA 6682,Versión: 2.0 16V | Motor: M4R-714 | Combustible: NAFTA | Ubicación: DELANTERO | ABS: C/ABS
DAYCO,KWD1033,Rodamiento de rueda,RODAMIENTO,RENAULT,MEGANE,11-2011 -> 1-2014,Versión: 2.0 16V 250CV | Motor: F4RT-874 | Combustible: NAFTA | SKF I: BAH-0249/ VKBA 6682 | SKF II: VKBA 6682 | Ubicación: DELANTERO | ABS: C/ABS,BAH-0249/ VKBA 6682 | VKBA 6682,,https://www.dayco.com/la-es/catalog/?search=KWD1033,Rueda,WHEEL BEARING KIT,,F4RT-874,,,DELANTERO,C/ABS,BAH-0249/ VKBA 6682 | VKBA 6682,Versión: 2.0 16V 250CV | Motor: F4RT-874 | Combustible: NAFTA | Ubicación: DELANTERO | ABS: C/ABS
DAYCO,KWD1007,Rodamiento de rueda,RODAMIENTO,RENAULT,MEGANE,5-2006 -> 10-2011,Versión: 1.6 16V | Motor: K4M-762 | Combustible: NAFTA | SKF I: BAH-0191 | SKF II: VKBA 3637 | Ubicación: DELANTERO | ABS: C/ABS,BAH-0191 | VKBA 3637,,https://www.dayco.com/la-es/catalog/?search=KWD1007,Rueda,WHEEL BEARING KIT,,K4M-762,,,DELANTERO,C/ABS,BAH-0191 | VKBA 3637,Versión: 1.6 16V | Motor: K4M-762 | Combustible: NAFTA | Ubicación: DELANTERO | ABS: C/ABS
DAYCO,KWD1007,Rodamiento de rueda,RODAMIENTO,RENAULT,MEGANE,5-2006 -> 11-2010,Versión: 1.5 DCI | Motor: K9K-728 | Combustible: DIESEL | SKF I: BAH-0191 | SKF II: VKBA 3637 | Ubicación: DELANTERO | ABS: C/ABS,BAH-0191 | VKBA 3637,,https://www.dayco.com/la-es/catalog/?search=KWD1007,Rueda,WHEEL BEARING KIT,,K9K-728,,,DELANTERO,C/ABS,BAH-0191 | VKBA 3637,Versión: 1.5 DCI | Motor: K9K-728 | Combustible: DIESEL | Ubicación: DELANTERO | ABS: C/ABS
DAYCO,KWD1198,Rodamiento de rueda,RODAMIENTO,RENAULT,MEGANE,5-2006 -> 10-2011,Versión: 1.6 16V | Motor: K4M-762 | Combustible: NAFTA | SKF I: VKBA3676 | SKF II: VKBA 3676 | Ubicación: TRASERO | ABS: C/ABS,VKBA3676 | VKBA 3676,,https://www.dayco.com/la-es/catalog/?search=KWD1198,Rueda,WHEEL BEARING KIT,,K4M-762,,,TRASERO,C/ABS,VKBA3676 | VKBA 3676,Versión: 1.6 16V | Motor: K4M-762 | Combustible: NAFTA | Ubicación: TRASERO | ABS: C/ABS
DAYCO,KWD1198,Rodamiento de rueda,RODAMIENTO,RENAULT,MEGANE,5-2006 -> 11-2010,Versión: 1.5 DCI | Motor: K9K-728 | Combustible: DIESEL | SKF I: VKBA3676 | SKF II: VKBA 3676 | Ubicación: TRASERO | ABS: C/ABS,VKBA3676 | VKBA 3676,,https://www.dayco.com/la-es/catalog/?search=KWD1198,Rueda,WHEEL BEARING KIT,,K9K-728,,,TRASERO,C/ABS,VKBA3676 | VKBA 3676,Versión: 1.5 DCI | Motor: K9K-728 | Combustible: DIESEL | Ubicación: TRASERO | ABS: C/ABS
DAYCO,KWD1198,Rodamiento de rueda,RODAMIENTO,RENAULT,MEGANE,2-2005 -> 10-2011,Versión: 2.0 16V | Motor: F4R-770 | Combustible: NAFTA | SKF I: VKBA3676 | SKF II: VKBA 3676 | Ubicación: TRASERO | ABS: C/ABS,VKBA3676 | VKBA 3676,,https://www.dayco.com/la-es/catalog/?search=KWD1198,Rueda,WHEEL BEARING KIT,,F4R-770,,,TRASERO,C/ABS,VKBA3676 | VKBA 3676,Versión: 2.0 16V | Motor: F4R-770 | Combustible: NAFTA | Ubicación: TRASERO | ABS: C/ABS
DAYCO,KWD1048,Rodamiento de rueda,RODAMIENTO,RENAULT,R11,5-1986 -> 3-1994,Versión: 1.4 | Motor: M-1400 | Combustible: NAFTA | SKF I: BT2B445620 | SKF II: VKBC 20006 | Ubicación: DELANTERO | ABS: C/ABS,BT2B445620 | VKBC 20006,,https://www.dayco.com/la-es/catalog/?search=KWD1048,Rueda,WHEEL BEARING KIT,,M-1400,,,DELANTERO,C/ABS,BT2B445620 | VKBC 20006,Versión: 1.4 | Motor: M-1400 | Combustible: NAFTA | Ubicación: DELANTERO | ABS: C/ABS
DAYCO,KWD1048,Rodamiento de rueda,RODAMIENTO,RENAULT,R11,6-1987 -> 9-1999,Versión: 1.6 | Motor: C2L-710 | Combustible: NAFTA | SKF I: BT2B445620 | SKF II: VKBC 20006 | Ubicación: DELANTERO | ABS: C/ABS,BT2B445620 | VKBC 20006,,https://www.dayco.com/la-es/catalog/?search=KWD1048,Rueda,WHEEL BEARING KIT,,C2L-710,,,DELANTERO,C/ABS,BT2B445620 | VKBC 20006,Versión: 1.6 | Motor: C2L-710 | Combustible: NAFTA | Ubicación: DELANTERO | ABS: C/ABS
DAYCO,KWD1048,Rodamiento de rueda,RODAMIENTO,RENAULT,R11,3-1994 -> 9-1995,Versión: 1.6 | Motor: C2L-790 | Combustible: NAFTA | SKF I: BT2B445620 | SKF II: VKBC 20006 | Ubicación: DELANTERO | ABS: C/ABS,BT2B445620 | VKBC 20006,,https://www.dayco.com/la-es/catalog/?search=KWD1048,Rueda,WHEEL BEARING KIT,,C2L-790,,,DELANTERO,C/ABS,BT2B445620 | VKBC 20006,Versión: 1.6 | Motor: C2L-790 | Combustible: NAFTA | Ubicación: DELANTERO | ABS: C/ABS
DAYCO,KWD1048,Rodamiento de rueda,RODAMIENTO,RENAULT,R11,3-1984 -> 3-1999,Versión: 1.4 | Motor: C2J | Combustible: NAFTA | SKF I: BT2B445620 | SKF II: VKBC 20006 | Ubicación: DELANTERO | ABS: C/ABS,BT2B445620 | VKBC 20006,,https://www.dayco.com/la-es/catalog/?search=KWD1048,Rueda,WHEEL BEARING KIT,,C2J,,,DELANTERO,C/ABS,BT2B445620 | VKBC 20006,Versión: 1.4 | Motor: C2J | Combustible: NAFTA | Ubicación: DELANTERO | ABS: C/ABS
DAYCO,KWD1048,Rodamiento de rueda,RODAMIENTO,RENAULT,R11,5-1986 -> 1-1989,Versión: 1.4 TURBO | Motor: C1J-770 | Combustible: NAFTA | SKF I: BT2B445620 | SKF II: VKBC 20006 | Ubicación: DELANTERO | ABS: C/ABS,BT2B445620 | VKBC 20006,,https://www.dayco.com/la-es/catalog/?search=KWD1048,Rueda,WHEEL BEARING KIT,,C1J-770,,,DELANTERO,C/ABS,BT2B445620 | VKBC 20006,Versión: 1.4 TURBO | Motor: C1J-770 | Combustible: NAFTA | Ubicación: DELANTERO | ABS: C/ABS
DAYCO,KWD1048,Rodamiento de rueda,RODAMIENTO,RENAULT,R11,5-1986 -> 4-1990,Versión: 1.4 | Motor: C2J-766 | Combustible: NAFTA | SKF I: BT2B445620 | SKF II: VKBC 20006 | Ubicación: DELANTERO | ABS: C/ABS,BT2B445620 | VKBC 20006,,https://www.dayco.com/la-es/catalog/?search=KWD1048,Rueda,WHEEL BEARING KIT,,C2J-766,,,DELANTERO,C/ABS,BT2B445620 | VKBC 20006,Versión: 1.4 | Motor: C2J-766 | Combustible: NAFTA | Ubicación: DELANTERO | ABS: C/ABS
DAYCO,KWD1048,Rodamiento de rueda,RODAMIENTO,RENAULT,R11,2-1990 -> 9-1993,Versión: 1.6 | Motor: C2L | Combustible: NAFTA | SKF I: BT2B445620 | SKF II: VKBC 20006 | Ubicación: DELANTERO | ABS: C/ABS,BT2B445620 | VKBC 20006,,https://www.dayco.com/la-es/catalog/?search=KWD1048,Rueda,WHEEL BEARING KIT,,C2L,,,DELANTERO,C/ABS,BT2B445620 | VKBC 20006,Versión: 1.6 | Motor: C2L | Combustible: NAFTA | Ubicación: DELANTERO | ABS: C/ABS
DAYCO,KWD1342,Rodamiento de rueda,RODAMIENTO,RENAULT,R18,1983 -> 1991,Versión: 2.0 | Motor: JR6 | Combustible: NAFTA | SKF I: VKBA 968 | SKF II: VKBA 968 A | Ubicación: TRASERO,VKBA 968 | VKBA 968 A,,https://www.dayco.com/la-es/catalog/?search=KWD1342,Rueda,WHEEL BEARING KIT,,JR6,,,TRASERO,,VKBA 968 | VKBA 968 A,Versión: 2.0 | Motor: JR6 | Combustible: NAFTA | Ubicación: TRASERO
DAYCO,KWD1342,Rodamiento de rueda,RODAMIENTO,RENAULT,R18,1983 -> 1991,Versión: 1.4 | Motor: M-1400 | Combustible: NAFTA | SKF I: VKBA 968 | SKF II: VKBA 968 A | Ubicación: TRASERO,VKBA 968 | VKBA 968 A,,https://www.dayco.com/la-es/catalog/?search=KWD1342,Rueda,WHEEL BEARING KIT,,M-1400,,,TRASERO,,VKBA 968 | VKBA 968 A,Versión: 1.4 | Motor: M-1400 | Combustible: NAFTA | Ubicación: TRASERO
DAYCO,KWD1342,Rodamiento de rueda,RODAMIENTO,RENAULT,R18,1983 -> 1991,Versión: 1.6 | Motor: C2L | Combustible: NAFTA | SKF I: VKBA 968 | SKF II: VKBA 968 A | Ubicación: TRASERO,VKBA 968 | VKBA 968 A,,https://www.dayco.com/la-es/catalog/?search=KWD1342,Rueda,WHEEL BEARING KIT,,C2L,,,TRASERO,,VKBA 968 | VKBA 968 A,Versión: 1.6 | Motor: C2L | Combustible: NAFTA | Ubicación: TRASERO
DAYCO,KWD1342,Rodamiento de rueda,RODAMIENTO,RENAULT,R18,1983 -> 1991,Versión: 2.0 | Motor: M-2000 | Combustible: NAFTA | SKF I: VKBA 968 | SKF II: VKBA 968 A | Ubicación: TRASERO,VKBA 968 | VKBA 968 A,,https://www.dayco.com/la-es/catalog/?search=KWD1342,Rueda,WHEEL BEARING KIT,,M-2000,,,TRASERO,,VKBA 968 | VKBA 968 A,Versión: 2.0 | Motor: M-2000 | Combustible: NAFTA | Ubicación: TRASERO
DAYCO,KWD1342,Rodamiento de rueda,RODAMIENTO,RENAULT,R18,1983 -> 1991,Versión: 2.2 | Motor: J6T-792 | Combustible: NAFTA | SKF I: VKBA 968 | SKF II: VKBA 968 A | Ubicación: TRASERO,VKBA 968 | VKBA 968 A,,https://www.dayco.com/la-es/catalog/?search=KWD1342,Rueda,WHEEL BEARING KIT,,J6T-792,,,TRASERO,,VKBA 968 | VKBA 968 A,Versión: 2.2 | Motor: J6T-792 | Combustible: NAFTA | Ubicación: TRASERO
DAYCO,KWD1342,Rodamiento de rueda,RODAMIENTO,RENAULT,R18,1992 -> 1999,Versión: 2.1D | Motor: J8S | Combustible: DIESEL | SKF I: VKBA 968 | SKF II: VKBA 968 A | Ubicación: TRASERO,VKBA 968 | VKBA 968 A,,https://www.dayco.com/la-es/catalog/?search=KWD1342,Rueda,WHEEL BEARING KIT,,J8S,,,TRASERO,,VKBA 968 | VKBA 968 A,Versión: 2.1D | Motor: J8S | Combustible: DIESEL | Ubicación: TRASERO
DAYCO,KWD1342,Rodamiento de rueda,RODAMIENTO,RENAULT,R18,1992 -> 1995,Versión: 1.6 | Motor: C2L | Combustible: NAFTA | SKF I: VKBA 968 | SKF II: VKBA 968 A | Ubicación: TRASERO,VKBA 968 | VKBA 968 A,,https://www.dayco.com/la-es/catalog/?search=KWD1342,Rueda,WHEEL BEARING KIT,,C2L,,,TRASERO,,VKBA 968 | VKBA 968 A,Versión: 1.6 | Motor: C2L | Combustible: NAFTA | Ubicación: TRASERO
DAYCO,KWD1342,Rodamiento de rueda,RODAMIENTO,RENAULT,R18,1992 -> 1995,Versión: 2.0 | Motor: JR6 | Combustible: NAFTA | SKF I: VKBA 968 | SKF II: VKBA 968 A | Ubicación: TRASERO,VKBA 968 | VKBA 968 A,,https://www.dayco.com/la-es/catalog/?search=KWD1342,Rueda,WHEEL BEARING KIT,,JR6,,,TRASERO,,VKBA 968 | VKBA 968 A,Versión: 2.0 | Motor: JR6 | Combustible: NAFTA | Ubicación: TRASERO
DAYCO,KWD1342,Rodamiento de rueda,RODAMIENTO,RENAULT,R18,1992 -> 1995,Versión: 2.2 | Motor: J6T-792 | Combustible: NAFTA | SKF I: VKBA 968 | SKF II: VKBA 968 A | Ubicación: TRASERO,VKBA 968 | VKBA 968 A,,https://www.dayco.com/la-es/catalog/?search=KWD1342,Rueda,WHEEL BEARING KIT,,J6T-792,,,TRASERO,,VKBA 968 | VKBA 968 A,Versión: 2.2 | Motor: J6T-792 | Combustible: NAFTA | Ubicación: TRASERO
DAYCO,KWD1094,Rodamiento de rueda,RODAMIENTO,RENAULT,R19,1994 -> 1998,Versión: 1.9D | Motor: F8Q-740 | Combustible: DIESEL | SKF I: BT2B 445539 / VKBC 20212 | SKF II: VKBA 3525 | Ubicación: TRASERO,BT2B 445539 / VKBC 20212 | VKBA 3525,,https://www.dayco.com/la-es/catalog/?search=KWD1094,Rueda,WHEEL BEARING KIT,,F8Q-740,,,TRASERO,,BT2B 445539 / VKBC 20212 | VKBA 3525,Versión: 1.9D | Motor: F8Q-740 | Combustible: DIESEL | Ubicación: TRASERO
DAYCO,KWD1094,Rodamiento de rueda,RODAMIENTO,RENAULT,R19,1993 -> 2001,Versión: 1.6I | Motor: C3L-794 | Combustible: NAFTA | SKF I: BT2B 445539 / VKBC 20212 | SKF II: VKBA 3525 | Ubicación: TRASERO,BT2B 445539 / VKBC 20212 | VKBA 3525,,https://www.dayco.com/la-es/catalog/?search=KWD1094,Rueda,WHEEL BEARING KIT,,C3L-794,,,TRASERO,,BT2B 445539 / VKBC 20212 | VKBA 3525,Versión: 1.6I | Motor: C3L-794 | Combustible: NAFTA | Ubicación: TRASERO
DAYCO,KWD1094,Rodamiento de rueda,RODAMIENTO,RENAULT,R19,1993 -> 1998,Versión: 1.4 | Motor: E6J-700 | Combustible: NAFTA | SKF I: BT2B 445539 / VKBC 20212 | SKF II: VKBA 3525 | Ubicación: TRASERO,BT2B 445539 / VKBC 20212 | VKBA 3525,,https://www.dayco.com/la-es/catalog/?search=KWD1094,Rueda,WHEEL BEARING KIT,,E6J-700,,,TRASERO,,BT2B 445539 / VKBC 20212 | VKBA 3525,Versión: 1.4 | Motor: E6J-700 | Combustible: NAFTA | Ubicación: TRASERO
DAYCO,KWD1094,Rodamiento de rueda,RODAMIENTO,RENAULT,R19,1993 -> 1998,Versión: 1.8 | Motor: F3P-710 | Combustible: NAFTA | SKF I: BT2B 445539 / VKBC 20212 | SKF II: VKBA 3525 | Ubicación: TRASERO,BT2B 445539 / VKBC 20212 | VKBA 3525,,https://www.dayco.com/la-es/catalog/?search=KWD1094,Rueda,WHEEL BEARING KIT,,F3P-710,,,TRASERO,,BT2B 445539 / VKBC 20212 | VKBA 3525,Versión: 1.8 | Motor: F3P-710 | Combustible: NAFTA | Ubicación: TRASERO
DAYCO,KWD1094,Rodamiento de rueda,RODAMIENTO,RENAULT,R19,1989 -> 1997,Versión: 1.8 16V | Motor: F7P-700 | Combustible: NAFTA | SKF I: BT2B 445539 / VKBC 20212 | SKF II: VKBA 3525 | Ubicación: TRASERO,BT2B 445539 / VKBC 20212 | VKBA 3525,,https://www.dayco.com/la-es/catalog/?search=KWD1094,Rueda,WHEEL BEARING KIT,,F7P-700,,,TRASERO,,BT2B 445539 / VKBC 20212 | VKBA 3525,Versión: 1.8 16V | Motor: F7P-700 | Combustible: NAFTA | Ubicación: TRASERO
DAYCO,KWD1094,Rodamiento de rueda,RODAMIENTO,RENAULT,R19,1995 -> 1998,Versión: 1.8 | Motor: F3P | Combustible: NAFTA | SKF I: BT2B 445539 / VKBC 20212 | SKF II: VKBA 3525 | Ubicación: TRASERO,BT2B 445539 / VKBC 20212 | VKBA 3525,,https://www.dayco.com/la-es/catalog/?search=KWD1094,Rueda,WHEEL BEARING KIT,,F3P,,,TRASERO,,BT2B 445539 / VKBC 20212 | VKBA 3525,Versión: 1.8 | Motor: F3P | Combustible: NAFTA | Ubicación: TRASERO
DAYCO,KWD1094,Rodamiento de rueda,RODAMIENTO,RENAULT,R19,1994 -> 2001,Versión: 1.6 | Motor: C2L-790 | Combustible: NAFTA | SKF I: BT2B 445539 / VKBC 20212 | SKF II: VKBA 3525 | Ubicación: TRASERO,BT2B 445539 / VKBC 20212 | VKBA 3525,,https://www.dayco.com/la-es/catalog/?search=KWD1094,Rueda,WHEEL BEARING KIT,,C2L-790,,,TRASERO,,BT2B 445539 / VKBC 20212 | VKBA 3525,Versión: 1.6 | Motor: C2L-790 | Combustible: NAFTA | Ubicación: TRASERO
DAYCO,KWD1094,Rodamiento de rueda,RODAMIENTO,RENAULT,R19,1994 -> 1998,Versión: 1.7 | Motor: F3N-740/741 | Combustible: NAFTA | SKF I: BT2B 445539 / VKBC 20212 | SKF II: VKBA 3525 | Ubicación: TRASERO,BT2B 445539 / VKBC 20212 | VKBA 3525,,https://www.dayco.com/la-es/catalog/?search=KWD1094,Rueda,WHEEL BEARING KIT,,F3N-740/741,,,TRASERO,,BT2B 445539 / VKBC 20212 | VKBA 3525,Versión: 1.7 | Motor: F3N-740/741 | Combustible: NAFTA | Ubicación: TRASERO
DAYCO,KWD1094,Rodamiento de rueda,RODAMIENTO,RENAULT,R19,1991 -> 1996,Versión: 1.9D | Motor: F8Q-740 | Combustible: DIESEL | SKF I: BT2B 445539 / VKBC 20212 | SKF II: VKBA 3525 | Ubicación: TRASERO,BT2B 445539 / VKBC 20212 | VKBA 3525,,https://www.dayco.com/la-es/catalog/?search=KWD1094,Rueda,WHEEL BEARING KIT,,F8Q-740,,,TRASERO,,BT2B 445539 / VKBC 20212 | VKBA 3525,Versión: 1.9D | Motor: F8Q-740 | Combustible: DIESEL | Ubicación: TRASERO
DAYCO,KWD1094,Rodamiento de rueda,RODAMIENTO,RENAULT,R19,1993 -> 1998,Versión: 1.8 | Motor: F3P-684 | Combustible: NAFTA | SKF I: BT2B 445539 / VKBC 20212 | SKF II: VKBA 3525 | Ubicación: TRASERO,BT2B 445539 / VKBC 20212 | VKBA 3525,,https://www.dayco.com/la-es/catalog/?search=KWD1094,Rueda,WHEEL BEARING KIT,,F3P-684,,,TRASERO,,BT2B 445539 / VKBC 20212 | VKBA 3525,Versión: 1.8 | Motor: F3P-684 | Combustible: NAFTA | Ubicación: TRASERO
DAYCO,KWD1094,Rodamiento de rueda,RODAMIENTO,RENAULT,R19,1989 -> 1994,Versión: 1.7 | Motor: F3N-742/743 | Combustible: NAFTA | SKF I: BT2B 445539 / VKBC 20212 | SKF II: VKBA 3525 | Ubicación: TRASERO,BT2B 445539 / VKBC 20212 | VKBA 3525,,https://www.dayco.com/la-es/catalog/?search=KWD1094,Rueda,WHEEL BEARING KIT,,F3N-742/743,,,TRASERO,,BT2B 445539 / VKBC 20212 | VKBA 3525,Versión: 1.7 | Motor: F3N-742/743 | Combustible: NAFTA | Ubicación: TRASERO
DAYCO,KWD1017,Rodamiento de rueda,RODAMIENTO,RENAULT,R19,1-1994 -> 11-1998,Versión: 1.9D | Motor: F8Q-740 | Combustible: DIESEL | SKF I: BAH-0094 | SKF II: VKBC 4221 | Ubicación: DELANTERO | ABS: C/ABS,BAH-0094 | VKBC 4221,,https://www.dayco.com/la-es/catalog/?search=KWD1017,Rueda,WHEEL BEARING KIT,,F8Q-740,,,DELANTERO,C/ABS,BAH-0094 | VKBC 4221,Versión: 1.9D | Motor: F8Q-740 | Combustible: DIESEL | Ubicación: DELANTERO | ABS: C/ABS
DAYCO,KWD1017,Rodamiento de rueda,RODAMIENTO,RENAULT,R19,5-1993 -> 10-2001,Versión: 1.6I | Motor: C3L-794 | Combustible: NAFTA | SKF I: BAH-0094 | SKF II: VKBC 4221 | Ubicación: DELANTERO | ABS: C/ABS,BAH-0094 | VKBC 4221,,https://www.dayco.com/la-es/catalog/?search=KWD1017,Rueda,WHEEL BEARING KIT,,C3L-794,,,DELANTERO,C/ABS,BAH-0094 | VKBC 4221,Versión: 1.6I | Motor: C3L-794 | Combustible: NAFTA | Ubicación: DELANTERO | ABS: C/ABS
DAYCO,KWD1017,Rodamiento de rueda,RODAMIENTO,RENAULT,R19,5-1993 -> 12-1998,Versión: 1.4 | Motor: E6J-700 | Combustible: NAFTA | SKF I: BAH-0094 | SKF II: VKBC 4221 | Ubicación: DELANTERO | ABS: C/ABS,BAH-0094 | VKBC 4221,,https://www.dayco.com/la-es/catalog/?search=KWD1017,Rueda,WHEEL BEARING KIT,,E6J-700,,,DELANTERO,C/ABS,BAH-0094 | VKBC 4221,Versión: 1.4 | Motor: E6J-700 | Combustible: NAFTA | Ubicación: DELANTERO | ABS: C/ABS
DAYCO,KWD1017,Rodamiento de rueda,RODAMIENTO,RENAULT,R19,5-1993 -> 12-1998,Versión: 1.8 | Motor: F3P-710 | Combustible: NAFTA | SKF I: BAH-0094 | SKF II: VKBC 4221 | Ubicación: DELANTERO | ABS: C/ABS,BAH-0094 | VKBC 4221,,https://www.dayco.com/la-es/catalog/?search=KWD1017,Rueda,WHEEL BEARING KIT,,F3P-710,,,DELANTERO,C/ABS,BAH-0094 | VKBC 4221,Versión: 1.8 | Motor: F3P-710 | Combustible: NAFTA | Ubicación: DELANTERO | ABS: C/ABS
DAYCO,KWD1017,Rodamiento de rueda,RODAMIENTO,RENAULT,R19,2-1995 -> 5-1998,Versión: 1.8 | Motor: F3P | Combustible: NAFTA | SKF I: BAH-0094 | SKF II: VKBC 4221 | Ubicación: DELANTERO | ABS: C/ABS,BAH-0094 | VKBC 4221,,https://www.dayco.com/la-es/catalog/?search=KWD1017,Rueda,WHEEL BEARING KIT,,F3P,,,DELANTERO,C/ABS,BAH-0094 | VKBC 4221,Versión: 1.8 | Motor: F3P | Combustible: NAFTA | Ubicación: DELANTERO | ABS: C/ABS
DAYCO,KWD1017,Rodamiento de rueda,RODAMIENTO,RENAULT,R19,1-1994 -> 11-2001,Versión: 1.6 | Motor: C2L-790 | Combustible: NAFTA | SKF I: BAH-0094 | SKF II: VKBC 4221 | Ubicación: DELANTERO | ABS: C/ABS,BAH-0094 | VKBC 4221,,https://www.dayco.com/la-es/catalog/?search=KWD1017,Rueda,WHEEL BEARING KIT,,C2L-790,,,DELANTERO,C/ABS,BAH-0094 | VKBC 4221,Versión: 1.6 | Motor: C2L-790 | Combustible: NAFTA | Ubicación: DELANTERO | ABS: C/ABS
DAYCO,KWD1017,Rodamiento de rueda,RODAMIENTO,RENAULT,R19,1-1994 -> 4-1998,Versión: 1.7 | Motor: F3N-740/741 | Combustible: NAFTA | SKF I: BAH-0094 | SKF II: VKBC 4221 | Ubicación: DELANTERO | ABS: C/ABS,BAH-0094 | VKBC 4221,,https://www.dayco.com/la-es/catalog/?search=KWD1017,Rueda,WHEEL BEARING KIT,,F3N-740/741,,,DELANTERO,C/ABS,BAH-0094 | VKBC 4221,Versión: 1.7 | Motor: F3N-740/741 | Combustible: NAFTA | Ubicación: DELANTERO | ABS: C/ABS
DAYCO,KWD1017,Rodamiento de rueda,RODAMIENTO,RENAULT,R19,5-1991 -> 11-1996,Versión: 1.9D | Motor: F8Q-740 | Combustible: DIESEL | SKF I: BAH-0094 | SKF II: VKBC 4221 | Ubicación: DELANTERO | ABS: C/ABS,BAH-0094 | VKBC 4221,,https://www.dayco.com/la-es/catalog/?search=KWD1017,Rueda,WHEEL BEARING KIT,,F8Q-740,,,DELANTERO,C/ABS,BAH-0094 | VKBC 4221,Versión: 1.9D | Motor: F8Q-740 | Combustible: DIESEL | Ubicación: DELANTERO | ABS: C/ABS
DAYCO,KWD1017,Rodamiento de rueda,RODAMIENTO,RENAULT,R19,2-1993 -> 4-1998,Versión: 1.8 | Motor: F3P-684 | Combustible: NAFTA | SKF I: BAH-0094 | SKF II: VKBC 4221 | Ubicación: DELANTERO | ABS: C/ABS,BAH-0094 | VKBC 4221,,https://www.dayco.com/la-es/catalog/?search=KWD1017,Rueda,WHEEL BEARING KIT,,F3P-684,,,DELANTERO,C/ABS,BAH-0094 | VKBC 4221,Versión: 1.8 | Motor: F3P-684 | Combustible: NAFTA | Ubicación: DELANTERO | ABS: C/ABS
DAYCO,KWD1017,Rodamiento de rueda,RODAMIENTO,RENAULT,R19,11-1989 -> 5-1994,Versión: 1.7 | Motor: F3N-742/743 | Combustible: NAFTA | SKF I: BAH-0094 | SKF II: VKBC 4221 | Ubicación: DELANTERO | ABS: C/ABS,BAH-0094 | VKBC 4221,,https://www.dayco.com/la-es/catalog/?search=KWD1017,Rueda,WHEEL BEARING KIT,,F3N-742/743,,,DELANTERO,C/ABS,BAH-0094 | VKBC 4221,Versión: 1.7 | Motor: F3N-742/743 | Combustible: NAFTA | Ubicación: DELANTERO | ABS: C/ABS
DAYCO,KWD1342,Rodamiento de rueda,RODAMIENTO,RENAULT,R21,1992 -> 1994,Versión: 2.2IE | Motor: J7T-730/731 | Combustible: NAFTA | SKF I: VKBA 968 | SKF II: VKBA 968 A | Ubicación: TRASERO,VKBA 968 | VKBA 968 A,,https://www.dayco.com/la-es/catalog/?search=KWD1342,Rueda,WHEEL BEARING KIT,,J7T-730/731,,,TRASERO,,VKBA 968 | VKBA 968 A,Versión: 2.2IE | Motor: J7T-730/731 | Combustible: NAFTA | Ubicación: TRASERO
DAYCO,KWD1342,Rodamiento de rueda,RODAMIENTO,RENAULT,R21,1990 -> 1997,Versión: 2.2 | Motor: J6T | Combustible: NAFTA | SKF I: VKBA 968 | SKF II: VKBA 968 A | Ubicación: TRASERO,VKBA 968 | VKBA 968 A,,https://www.dayco.com/la-es/catalog/?search=KWD1342,Rueda,WHEEL BEARING KIT,,J6T,,,TRASERO,,VKBA 968 | VKBA 968 A,Versión: 2.2 | Motor: J6T | Combustible: NAFTA | Ubicación: TRASERO
DAYCO,KWD1342,Rodamiento de rueda,RODAMIENTO,RENAULT,R21,1995 -> 1997,Versión: 2.1D | Motor: J8S-600 | Combustible: DIESEL | SKF I: VKBA 968 | SKF II: VKBA 968 A | Ubicación: TRASERO,VKBA 968 | VKBA 968 A,,https://www.dayco.com/la-es/catalog/?search=KWD1342,Rueda,WHEEL BEARING KIT,,J8S-600,,,TRASERO,,VKBA 968 | VKBA 968 A,Versión: 2.1D | Motor: J8S-600 | Combustible: DIESEL | Ubicación: TRASERO
DAYCO,KWD1342,Rodamiento de rueda,RODAMIENTO,RENAULT,R21,1992 -> 1997,Versión: 2.2IE | Motor: J7T-790 | Combustible: NAFTA | SKF I: VKBA 968 | SKF II: VKBA 968 A | Ubicación: TRASERO,VKBA 968 | VKBA 968 A,,https://www.dayco.com/la-es/catalog/?search=KWD1342,Rueda,WHEEL BEARING KIT,,J7T-790,,,TRASERO,,VKBA 968 | VKBA 968 A,Versión: 2.2IE | Motor: J7T-790 | Combustible: NAFTA | Ubicación: TRASERO
DAYCO,KWD1342,Rodamiento de rueda,RODAMIENTO,RENAULT,R21,1991 -> 1995,Versión: 1.7 | Motor: F3N-726 | Combustible: NAFTA | SKF I: VKBA 968 | SKF II: VKBA 968 A | Ubicación: TRASERO,VKBA 968 | VKBA 968 A,,https://www.dayco.com/la-es/catalog/?search=KWD1342,Rueda,WHEEL BEARING KIT,,F3N-726,,,TRASERO,,VKBA 968 | VKBA 968 A,Versión: 1.7 | Motor: F3N-726 | Combustible: NAFTA | Ubicación: TRASERO
DAYCO,KWD1342,Rodamiento de rueda,RODAMIENTO,RENAULT,R25,1988 -> 1993,Versión: 2.1D | Motor: J8S-736 | Combustible: DIESEL | SKF I: VKBA 968 | SKF II: VKBA 968 A | Ubicación: TRASERO,VKBA 968 | VKBA 968 A,,https://www.dayco.com/la-es/catalog/?search=KWD1342,Rueda,WHEEL BEARING KIT,,J8S-736,,,TRASERO,,VKBA 968 | VKBA 968 A,Versión: 2.1D | Motor: J8S-736 | Combustible: DIESEL | Ubicación: TRASERO
DAYCO,KWD1342,Rodamiento de rueda,RODAMIENTO,RENAULT,R25,1988 -> 2001,Versión: 2.2IE | Motor: J7T-732 | Combustible: NAFTA | SKF I: VKBA 968 | SKF II: VKBA 968 A | Ubicación: TRASERO,VKBA 968 | VKBA 968 A,,https://www.dayco.com/la-es/catalog/?search=KWD1342,Rueda,WHEEL BEARING KIT,,J7T-732,,,TRASERO,,VKBA 968 | VKBA 968 A,Versión: 2.2IE | Motor: J7T-732 | Combustible: NAFTA | Ubicación: TRASERO
DAYCO,KWD1094,Rodamiento de rueda,RODAMIENTO,RENAULT,R9,1989 -> 2003,Versión: 1.6 | Motor: C2L-700 | Combustible: NAFTA | SKF I: BT2B 445539 / VKBC 20212 | SKF II: VKBA 3525 | Ubicación: TRASERO,BT2B 445539 / VKBC 20212 | VKBA 3525,,https://www.dayco.com/la-es/catalog/?search=KWD1094,Rueda,WHEEL BEARING KIT,,C2L-700,,,TRASERO,,BT2B 445539 / VKBC 20212 | VKBA 3525,Versión: 1.6 | Motor: C2L-700 | Combustible: NAFTA | Ubicación: TRASERO
DAYCO,KWD1094,Rodamiento de rueda,RODAMIENTO,RENAULT,R9,1994 -> 2003,Versión: 1.6 | Motor: C2L-790 | Combustible: NAFTA | SKF I: BT2B 445539 / VKBC 20212 | SKF II: VKBA 3525 | Ubicación: TRASERO,BT2B 445539 / VKBC 20212 | VKBA 3525,,https://www.dayco.com/la-es/catalog/?search=KWD1094,Rueda,WHEEL BEARING KIT,,C2L-790,,,TRASERO,,BT2B 445539 / VKBC 20212 | VKBA 3525,Versión: 1.6 | Motor: C2L-790 | Combustible: NAFTA | Ubicación: TRASERO
DAYCO,KWD1094,Rodamiento de rueda,RODAMIENTO,RENAULT,R9,1987 -> 1992,Versión: 1.4 | Motor: C2J-794 | Combustible: NAFTA | SKF I: BT2B 445539 / VKBC 20212 | SKF II: VKBA 3525 | Ubicación: TRASERO,BT2B 445539 / VKBC 20212 | VKBA 3525,,https://www.dayco.com/la-es/catalog/?search=KWD1094,Rueda,WHEEL BEARING KIT,,C2J-794,,,TRASERO,,BT2B 445539 / VKBC 20212 | VKBA 3525,Versión: 1.4 | Motor: C2J-794 | Combustible: NAFTA | Ubicación: TRASERO
DAYCO,KWD1094,Rodamiento de rueda,RODAMIENTO,RENAULT,R9,1990 -> 1993,Versión: 1.4 | Motor: C2J | Combustible: NAFTA | SKF I: BT2B 445539 / VKBC 20212 | SKF II: VKBA 3525 | Ubicación: TRASERO,BT2B 445539 / VKBC 20212 | VKBA 3525,,https://www.dayco.com/la-es/catalog/?search=KWD1094,Rueda,WHEEL BEARING KIT,,C2J,,,TRASERO,,BT2B 445539 / VKBC 20212 | VKBA 3525,Versión: 1.4 | Motor: C2J | Combustible: NAFTA | Ubicación: TRASERO
DAYCO,KWD1094,Rodamiento de rueda,RODAMIENTO,RENAULT,SANDERO,2008 -> 2011,Versión: 1.5 DCI | Motor: K9K-700 | Combustible: DIESEL | SKF I: BT2B 445539 / VKBC 20212 | SKF II: VKBA 3525 | Ubicación: TRASERO,BT2B 445539 / VKBC 20212 | VKBA 3525,,https://www.dayco.com/la-es/catalog/?search=KWD1094,Rueda,WHEEL BEARING KIT,,K9K-700,,,TRASERO,,BT2B 445539 / VKBC 20212 | VKBA 3525,Versión: 1.5 DCI | Motor: K9K-700 | Combustible: DIESEL | Ubicación: TRASERO
DAYCO,KWD1094,Rodamiento de rueda,RODAMIENTO,RENAULT,SANDERO,2008 -> 2015,Versión: 1.6 16V | Motor: K4M-706 | Combustible: NAFTA | SKF I: BT2B 445539 / VKBC 20212 | SKF II: VKBA 3525 | Ubicación: TRASERO,BT2B 445539 / VKBC 20212 | VKBA 3525,,https://www.dayco.com/la-es/catalog/?search=KWD1094,Rueda,WHEEL BEARING KIT,,K4M-706,,,TRASERO,,BT2B 445539 / VKBC 20212 | VKBA 3525,Versión: 1.6 16V | Motor: K4M-706 | Combustible: NAFTA | Ubicación: TRASERO
DAYCO,KWD1094,Rodamiento de rueda,RODAMIENTO,RENAULT,SANDERO,2009 -> 2015,Versión: 1.6 8V | Motor: K7M-710 | Combustible: NAFTA | SKF I: BT2B 445539 / VKBC 20212 | SKF II: VKBA 3525 | Ubicación: TRASERO,BT2B 445539 / VKBC 20212 | VKBA 3525,,https://www.dayco.com/la-es/catalog/?search=KWD1094,Rueda,WHEEL BEARING KIT,,K7M-710,,,TRASERO,,BT2B 445539 / VKBC 20212 | VKBA 3525,Versión: 1.6 8V | Motor: K7M-710 | Combustible: NAFTA | Ubicación: TRASERO
DAYCO,KWD1017,Rodamiento de rueda,RODAMIENTO,RENAULT,SANDERO,2-2008 -> 11-2011,Versión: 1.5 DCI | Motor: K9K-700 | Combustible: DIESEL | SKF I: BAH-0094 | SKF II: VKBC 4221 | Ubicación: DELANTERO | ABS: C/ABS,BAH-0094 | VKBC 4221,,https://www.dayco.com/la-es/catalog/?search=KWD1017,Rueda,WHEEL BEARING KIT,,K9K-700,,,DELANTERO,C/ABS,BAH-0094 | VKBC 4221,Versión: 1.5 DCI | Motor: K9K-700 | Combustible: DIESEL | Ubicación: DELANTERO | ABS: C/ABS
DAYCO,KWD1017,Rodamiento de rueda,RODAMIENTO,RENAULT,SANDERO,2-2008 -> 8-2015,Versión: 1.6 16V | Motor: K4M-706 | Combustible: NAFTA | SKF I: BAH-0094 | SKF II: VKBC 4221 | Ubicación: DELANTERO | ABS: C/ABS,BAH-0094 | VKBC 4221,,https://www.dayco.com/la-es/catalog/?search=KWD1017,Rueda,WHEEL BEARING KIT,,K4M-706,,,DELANTERO,C/ABS,BAH-0094 | VKBC 4221,Versión: 1.6 16V | Motor: K4M-706 | Combustible: NAFTA | Ubicación: DELANTERO | ABS: C/ABS
DAYCO,KWD1017,Rodamiento de rueda,RODAMIENTO,RENAULT,SANDERO,5-2009 -> 4-2015,Versión: 1.6 8V | Motor: K7M-710 | Combustible: NAFTA | SKF I: BAH-0094 | SKF II: VKBC 4221 | Ubicación: DELANTERO | ABS: C/ABS,BAH-0094 | VKBC 4221,,https://www.dayco.com/la-es/catalog/?search=KWD1017,Rueda,WHEEL BEARING KIT,,K7M-710,,,DELANTERO,C/ABS,BAH-0094 | VKBC 4221,Versión: 1.6 8V | Motor: K7M-710 | Combustible: NAFTA | Ubicación: DELANTERO | ABS: C/ABS
DAYCO,KWD1007,Rodamiento de rueda,RODAMIENTO,RENAULT,SANDERO,2-2008 -> 11-2011,Versión: 1.5 DCI | Motor: K9K-700 | Combustible: DIESEL | SKF I: BAH-0191 | SKF II: VKBA 3637 | Ubicación: DELANTERO | ABS: C/ABS,BAH-0191 | VKBA 3637,,https://www.dayco.com/la-es/catalog/?search=KWD1007,Rueda,WHEEL BEARING KIT,,K9K-700,,,DELANTERO,C/ABS,BAH-0191 | VKBA 3637,Versión: 1.5 DCI | Motor: K9K-700 | Combustible: DIESEL | Ubicación: DELANTERO | ABS: C/ABS
DAYCO,KWD1007,Rodamiento de rueda,RODAMIENTO,RENAULT,SANDERO,2-2008 -> 8-2015,Versión: 1.6 16V | Motor: K4M-706 | Combustible: NAFTA | SKF I: BAH-0191 | SKF II: VKBA 3637 | Ubicación: DELANTERO | ABS: C/ABS,BAH-0191 | VKBA 3637,,https://www.dayco.com/la-es/catalog/?search=KWD1007,Rueda,WHEEL BEARING KIT,,K4M-706,,,DELANTERO,C/ABS,BAH-0191 | VKBA 3637,Versión: 1.6 16V | Motor: K4M-706 | Combustible: NAFTA | Ubicación: DELANTERO | ABS: C/ABS
DAYCO,KWD1007,Rodamiento de rueda,RODAMIENTO,RENAULT,SANDERO,5-2009 -> 4-2015,Versión: 1.6 8V | Motor: K7M-710 | Combustible: NAFTA | SKF I: BAH-0191 | SKF II: VKBA 3637 | Ubicación: DELANTERO | ABS: C/ABS,BAH-0191 | VKBA 3637,,https://www.dayco.com/la-es/catalog/?search=KWD1007,Rueda,WHEEL BEARING KIT,,K7M-710,,,DELANTERO,C/ABS,BAH-0191 | VKBA 3637,Versión: 1.6 8V | Motor: K7M-710 | Combustible: NAFTA | Ubicación: DELANTERO | ABS: C/ABS
DAYCO,KWD1007,Rodamiento de rueda,RODAMIENTO,RENAULT,SANDERO,5-2015 -> 7-2018,Versión: 1.6 8V | Motor: K7M-710 | Combustible: NAFTA | SKF I: BAH-0191 | SKF II: VKBA 3637 | Ubicación: DELANTERO | ABS: C/ABS,BAH-0191 | VKBA 3637,,https://www.dayco.com/la-es/catalog/?search=KWD1007,Rueda,WHEEL BEARING KIT,,K7M-710,,,DELANTERO,C/ABS,BAH-0191 | VKBA 3637,Versión: 1.6 8V | Motor: K7M-710 | Combustible: NAFTA | Ubicación: DELANTERO | ABS: C/ABS
DAYCO,KWD1007,Rodamiento de rueda,RODAMIENTO,RENAULT,SANDERO,5-2015 -> 4-2020,Versión: 1.6 8V | Motor: K7M-812 | Combustible: NAFTA | SKF I: BAH-0191 | SKF II: VKBA 3637 | Ubicación: DELANTERO | ABS: C/ABS,BAH-0191 | VKBA 3637,,https://www.dayco.com/la-es/catalog/?search=KWD1007,Rueda,WHEEL BEARING KIT,,K7M-812,,,DELANTERO,C/ABS,BAH-0191 | VKBA 3637,Versión: 1.6 8V | Motor: K7M-812 | Combustible: NAFTA | Ubicación: DELANTERO | ABS: C/ABS
DAYCO,KWD1007,Rodamiento de rueda,RODAMIENTO,RENAULT,SANDERO,5-2015 -> 10-2022,Versión: 1.6 16V | Motor: K4M-842 | Combustible: NAFTA | SKF I: BAH-0191 | SKF II: VKBA 3637 | Ubicación: DELANTERO | ABS: C/ABS,BAH-0191 | VKBA 3637,,https://www.dayco.com/la-es/catalog/?search=KWD1007,Rueda,WHEEL BEARING KIT,,K4M-842,,,DELANTERO,C/ABS,BAH-0191 | VKBA 3637,Versión: 1.6 16V | Motor: K4M-842 | Combustible: NAFTA | Ubicación: DELANTERO | ABS: C/ABS
DAYCO,KWD1007,Rodamiento de rueda,RODAMIENTO,RENAULT,SANDERO,5-2015 -> 12-2023,Versión: 1.6 16V | Motor: K4M-842 | Combustible: NAFTA | SKF I: BAH-0191 | SKF II: VKBA 3637 | Ubicación: DELANTERO | ABS: C/ABS,BAH-0191 | VKBA 3637,,https://www.dayco.com/la-es/catalog/?search=KWD1007,Rueda,WHEEL BEARING KIT,,K4M-842,,,DELANTERO,C/ABS,BAH-0191 | VKBA 3637,Versión: 1.6 16V | Motor: K4M-842 | Combustible: NAFTA | Ubicación: DELANTERO | ABS: C/ABS
DAYCO,KWD1007,Rodamiento de rueda,RODAMIENTO,RENAULT,SANDERO,5-2016 -> 10-2022,Versión: 1.6 16V | Motor: K4M-842 | Combustible: NAFTA | SKF I: BAH-0191 | SKF II: VKBA 3637 | Ubicación: DELANTERO | ABS: C/ABS,BAH-0191 | VKBA 3637,,https://www.dayco.com/la-es/catalog/?search=KWD1007,Rueda,WHEEL BEARING KIT,,K4M-842,,,DELANTERO,C/ABS,BAH-0191 | VKBA 3637,Versión: 1.6 16V | Motor: K4M-842 | Combustible: NAFTA | Ubicación: DELANTERO | ABS: C/ABS
DAYCO,KWD1007,Rodamiento de rueda,RODAMIENTO,RENAULT,SANDERO,5-2016 -> 12-2023,Versión: 2.0 16V | Motor: F4R-412 | Combustible: NAFTA | SKF I: BAH-0191 | SKF II: VKBA 3637 | Ubicación: DELANTERO | ABS: C/ABS,BAH-0191 | VKBA 3637,,https://www.dayco.com/la-es/catalog/?search=KWD1007,Rueda,WHEEL BEARING KIT,,F4R-412,,,DELANTERO,C/ABS,BAH-0191 | VKBA 3637,Versión: 2.0 16V | Motor: F4R-412 | Combustible: NAFTA | Ubicación: DELANTERO | ABS: C/ABS
DAYCO,KWD1132,Rodamiento de rueda,RODAMIENTO,RENAULT,SANDERO II,,SKF I: 2012-> | SKF II: VKBA6658 | Ubicación: TRASERO,2012-> | VKBA6658,,https://www.dayco.com/la-es/catalog/?search=KWD1132,Rueda,WHEEL BEARING KIT,,,,,TRASERO,,2012-> | VKBA6658,Ubicación: TRASERO
DAYCO,KWD1342,Rodamiento de rueda,RODAMIENTO,RENAULT,SCENIC,2001 -> 2002,Versión: 1.9 DTI | Motor: F9Q-734 | Combustible: DIESEL | SKF I: VKBA 968 | SKF II: VKBA 968 A | Ubicación: TRASERO,VKBA 968 | VKBA 968 A,,https://www.dayco.com/la-es/catalog/?search=KWD1342,Rueda,WHEEL BEARING KIT,,F9Q-734,,,TRASERO,,VKBA 968 | VKBA 968 A,Versión: 1.9 DTI | Motor: F9Q-734 | Combustible: DIESEL | Ubicación: TRASERO
DAYCO,KWD1342,Rodamiento de rueda,RODAMIENTO,RENAULT,SCENIC,1998 -> 2001,Versión: 1.6 16V | Motor: K4M-706 | Combustible: NAFTA | SKF I: VKBA 968 | SKF II: VKBA 968 A | Ubicación: TRASERO,VKBA 968 | VKBA 968 A,,https://www.dayco.com/la-es/catalog/?search=KWD1342,Rueda,WHEEL BEARING KIT,,K4M-706,,,TRASERO,,VKBA 968 | VKBA 968 A,Versión: 1.6 16V | Motor: K4M-706 | Combustible: NAFTA | Ubicación: TRASERO
DAYCO,KWD1342,Rodamiento de rueda,RODAMIENTO,RENAULT,SCENIC,1998 -> 2001,Versión: 1.9 DTI | Motor: F9Q-734 | Combustible: DIESEL | SKF I: VKBA 968 | SKF II: VKBA 968 A | Ubicación: TRASERO,VKBA 968 | VKBA 968 A,,https://www.dayco.com/la-es/catalog/?search=KWD1342,Rueda,WHEEL BEARING KIT,,F9Q-734,,,TRASERO,,VKBA 968 | VKBA 968 A,Versión: 1.9 DTI | Motor: F9Q-734 | Combustible: DIESEL | Ubicación: TRASERO
DAYCO,KWD1342,Rodamiento de rueda,RODAMIENTO,RENAULT,SCENIC,2001 -> 201,Versión: 1.6 16V | Motor: K4M-706 | Combustible: NAFTA | SKF I: VKBA 968 | SKF II: VKBA 968 A | Ubicación: TRASERO,VKBA 968 | VKBA 968 A,,https://www.dayco.com/la-es/catalog/?search=KWD1342,Rueda,WHEEL BEARING KIT,,K4M-706,,,TRASERO,,VKBA 968 | VKBA 968 A,Versión: 1.6 16V | Motor: K4M-706 | Combustible: NAFTA | Ubicación: TRASERO
DAYCO,KWD1094,Rodamiento de rueda,RODAMIENTO,RENAULT,SCENIC,2001 -> 2002,Versión: 1.9 DTI | Motor: F9Q-734 | Combustible: DIESEL | SKF I: BT2B 445539 / VKBC 20212 | SKF II: VKBA 3525 | Ubicación: TRASERO,BT2B 445539 / VKBC 20212 | VKBA 3525,,https://www.dayco.com/la-es/catalog/?search=KWD1094,Rueda,WHEEL BEARING KIT,,F9Q-734,,,TRASERO,,BT2B 445539 / VKBC 20212 | VKBA 3525,Versión: 1.9 DTI | Motor: F9Q-734 | Combustible: DIESEL | Ubicación: TRASERO
DAYCO,KWD1094,Rodamiento de rueda,RODAMIENTO,RENAULT,SCENIC,1998 -> 2001,Versión: 2.0 115CV | Motor: F3R-798 | Combustible: NAFTA | SKF I: BT2B 445539 / VKBC 20212 | SKF II: VKBA 3525 | Ubicación: TRASERO,BT2B 445539 / VKBC 20212 | VKBA 3525,,https://www.dayco.com/la-es/catalog/?search=KWD1094,Rueda,WHEEL BEARING KIT,,F3R-798,,,TRASERO,,BT2B 445539 / VKBC 20212 | VKBA 3525,Versión: 2.0 115CV | Motor: F3R-798 | Combustible: NAFTA | Ubicación: TRASERO
DAYCO,KWD1094,Rodamiento de rueda,RODAMIENTO,RENAULT,SCENIC,1998 -> 2001,Versión: 1.6 16V | Motor: K4M-706 | Combustible: NAFTA | SKF I: BT2B 445539 / VKBC 20212 | SKF II: VKBA 3525 | Ubicación: TRASERO,BT2B 445539 / VKBC 20212 | VKBA 3525,,https://www.dayco.com/la-es/catalog/?search=KWD1094,Rueda,WHEEL BEARING KIT,,K4M-706,,,TRASERO,,BT2B 445539 / VKBC 20212 | VKBA 3525,Versión: 1.6 16V | Motor: K4M-706 | Combustible: NAFTA | Ubicación: TRASERO
DAYCO,KWD1094,Rodamiento de rueda,RODAMIENTO,RENAULT,SCENIC,1998 -> 2001,Versión: 1.9 DTI | Motor: F9Q-734 | Combustible: DIESEL | SKF I: BT2B 445539 / VKBC 20212 | SKF II: VKBA 3525 | Ubicación: TRASERO,BT2B 445539 / VKBC 20212 | VKBA 3525,,https://www.dayco.com/la-es/catalog/?search=KWD1094,Rueda,WHEEL BEARING KIT,,F9Q-734,,,TRASERO,,BT2B 445539 / VKBC 20212 | VKBA 3525,Versión: 1.9 DTI | Motor: F9Q-734 | Combustible: DIESEL | Ubicación: TRASERO
DAYCO,KWD1094,Rodamiento de rueda,RODAMIENTO,RENAULT,SCENIC,2001 -> 2011,Versión: 1.6 16V | Motor: K4M-706 | Combustible: NAFTA | SKF I: BT2B 445539 / VKBC 20212 | SKF II: VKBA 3525 | Ubicación: TRASERO,BT2B 445539 / VKBC 20212 | VKBA 3525,,https://www.dayco.com/la-es/catalog/?search=KWD1094,Rueda,WHEEL BEARING KIT,,K4M-706,,,TRASERO,,BT2B 445539 / VKBC 20212 | VKBA 3525,Versión: 1.6 16V | Motor: K4M-706 | Combustible: NAFTA | Ubicación: TRASERO
DAYCO,KWD1094,Rodamiento de rueda,RODAMIENTO,RENAULT,SCENIC,2001 -> 2004,Versión: 2.0 16V | Motor: F4R-740 | Combustible: NAFTA | SKF I: BT2B 445539 / VKBC 20212 | SKF II: VKBA 3525 | Ubicación: TRASERO,BT2B 445539 / VKBC 20212 | VKBA 3525,,https://www.dayco.com/la-es/catalog/?search=KWD1094,Rueda,WHEEL BEARING KIT,,F4R-740,,,TRASERO,,BT2B 445539 / VKBC 20212 | VKBA 3525,Versión: 2.0 16V | Motor: F4R-740 | Combustible: NAFTA | Ubicación: TRASERO
DAYCO,KWD1094,Rodamiento de rueda,RODAMIENTO,RENAULT,SCENIC,2004 -> 2009,Versión: 2.0 16V | Motor: F4R | Combustible: NAFTA | SKF I: BT2B 445539 / VKBC 20212 | SKF II: VKBA 3525 | Ubicación: TRASERO,BT2B 445539 / VKBC 20212 | VKBA 3525,,https://www.dayco.com/la-es/catalog/?search=KWD1094,Rueda,WHEEL BEARING KIT,,F4R,,,TRASERO,,BT2B 445539 / VKBC 20212 | VKBA 3525,Versión: 2.0 16V | Motor: F4R | Combustible: NAFTA | Ubicación: TRASERO
DAYCO,KWD1094,Rodamiento de rueda,RODAMIENTO,RENAULT,SCENIC,1999 -> 2003,Versión: 2.0 16V | Motor: F4R-741 | Combustible: NAFTA | SKF I: BT2B 445539 / VKBC 20212 | SKF II: VKBA 3525 | Ubicación: TRASERO,BT2B 445539 / VKBC 20212 | VKBA 3525,,https://www.dayco.com/la-es/catalog/?search=KWD1094,Rueda,WHEEL BEARING KIT,,F4R-741,,,TRASERO,,BT2B 445539 / VKBC 20212 | VKBA 3525,Versión: 2.0 16V | Motor: F4R-741 | Combustible: NAFTA | Ubicación: TRASERO
DAYCO,KWD1094,Rodamiento de rueda,RODAMIENTO,RENAULT,SCENIC,2001 -> 2009,Versión: 1.9 DTI | Motor: F9Q-736 | Combustible: DIESEL | SKF I: BT2B 445539 / VKBC 20212 | SKF II: VKBA 3525 | Ubicación: TRASERO,BT2B 445539 / VKBC 20212 | VKBA 3525,,https://www.dayco.com/la-es/catalog/?search=KWD1094,Rueda,WHEEL BEARING KIT,,F9Q-736,,,TRASERO,,BT2B 445539 / VKBC 20212 | VKBA 3525,Versión: 1.9 DTI | Motor: F9Q-736 | Combustible: DIESEL | Ubicación: TRASERO
DAYCO,KWD1094,Rodamiento de rueda,RODAMIENTO,RENAULT,SYMBOL,2009 -> 2013,Versión: 1.5 DCI | Motor: K9K-700 | Combustible: DIESEL | SKF I: BT2B 445539 / VKBC 20212 | SKF II: VKBA 3525 | Ubicación: TRASERO,BT2B 445539 / VKBC 20212 | VKBA 3525,,https://www.dayco.com/la-es/catalog/?search=KWD1094,Rueda,WHEEL BEARING KIT,,K9K-700,,,TRASERO,,BT2B 445539 / VKBC 20212 | VKBA 3525,Versión: 1.5 DCI | Motor: K9K-700 | Combustible: DIESEL | Ubicación: TRASERO
DAYCO,KWD1094,Rodamiento de rueda,RODAMIENTO,RENAULT,SYMBOL,2009 -> 2012,Versión: 1.6 8V | Motor: K7M-730 | Combustible: NAFTA | SKF I: BT2B 445539 / VKBC 20212 | SKF II: VKBA 3525 | Ubicación: TRASERO,BT2B 445539 / VKBC 20212 | VKBA 3525,,https://www.dayco.com/la-es/catalog/?search=KWD1094,Rueda,WHEEL BEARING KIT,,K7M-730,,,TRASERO,,BT2B 445539 / VKBC 20212 | VKBA 3525,Versión: 1.6 8V | Motor: K7M-730 | Combustible: NAFTA | Ubicación: TRASERO
DAYCO,KWD1017,Rodamiento de rueda,RODAMIENTO,RENAULT,SYMBOL,1-2009 -> 10-2013,Versión: 1.5 DCI | Motor: K9K-700 | Combustible: DIESEL | SKF I: BAH-0094 | SKF II: VKBC 4221 | Ubicación: DELANTERO | ABS: C/ABS,BAH-0094 | VKBC 4221,,https://www.dayco.com/la-es/catalog/?search=KWD1017,Rueda,WHEEL BEARING KIT,,K9K-700,,,DELANTERO,C/ABS,BAH-0094 | VKBC 4221,Versión: 1.5 DCI | Motor: K9K-700 | Combustible: DIESEL | Ubicación: DELANTERO | ABS: C/ABS
DAYCO,KWD1017,Rodamiento de rueda,RODAMIENTO,RENAULT,SYMBOL,1-2009 -> 10-2013,Versión: 1.6 16V | Motor: K4M-706 | Combustible: NAFTA | SKF I: BAH-0094 | SKF II: VKBC 4221 | Ubicación: DELANTERO | ABS: C/ABS,BAH-0094 | VKBC 4221,,https://www.dayco.com/la-es/catalog/?search=KWD1017,Rueda,WHEEL BEARING KIT,,K4M-706,,,DELANTERO,C/ABS,BAH-0094 | VKBC 4221,Versión: 1.6 16V | Motor: K4M-706 | Combustible: NAFTA | Ubicación: DELANTERO | ABS: C/ABS
DAYCO,KWD1017,Rodamiento de rueda,RODAMIENTO,RENAULT,SYMBOL,1-2009 -> 5-2012,Versión: 1.6 8V | Motor: K7M-730 | Combustible: NAFTA | SKF I: BAH-0094 | SKF II: VKBC 4221 | Ubicación: DELANTERO | ABS: C/ABS,BAH-0094 | VKBC 4221,,https://www.dayco.com/la-es/catalog/?search=KWD1017,Rueda,WHEEL BEARING KIT,,K7M-730,,,DELANTERO,C/ABS,BAH-0094 | VKBC 4221,Versión: 1.6 8V | Motor: K7M-730 | Combustible: NAFTA | Ubicación: DELANTERO | ABS: C/ABS
DAYCO,KWD1017,Rodamiento de rueda,RODAMIENTO,RENAULT,SYMBOL,11-2013 -> 9-2014,Versión: 1.6 16V | Motor: K4M-670 | Combustible: NAFTA | SKF I: BAH-0094 | SKF II: VKBC 4221 | Ubicación: DELANTERO | ABS: C/ABS,BAH-0094 | VKBC 4221,,https://www.dayco.com/la-es/catalog/?search=KWD1017,Rueda,WHEEL BEARING KIT,,K4M-670,,,DELANTERO,C/ABS,BAH-0094 | VKBC 4221,Versión: 1.6 16V | Motor: K4M-670 | Combustible: NAFTA | Ubicación: DELANTERO | ABS: C/ABS
DAYCO,KWD1007,Rodamiento de rueda,RODAMIENTO,RENAULT,SYMBOL,1-2009 -> 10-2013,Versión: 1.5 DCI | Motor: K9K-700 | Combustible: DIESEL | SKF I: BAH-0191 | SKF II: VKBA 3637 | Ubicación: DELANTERO | ABS: C/ABS,BAH-0191 | VKBA 3637,,https://www.dayco.com/la-es/catalog/?search=KWD1007,Rueda,WHEEL BEARING KIT,,K9K-700,,,DELANTERO,C/ABS,BAH-0191 | VKBA 3637,Versión: 1.5 DCI | Motor: K9K-700 | Combustible: DIESEL | Ubicación: DELANTERO | ABS: C/ABS
DAYCO,KWD1007,Rodamiento de rueda,RODAMIENTO,RENAULT,SYMBOL,1-2009 -> 10-2013,Versión: 1.6 16V | Motor: K4M-706 | Combustible: NAFTA | SKF I: BAH-0191 | SKF II: VKBA 3637 | Ubicación: DELANTERO | ABS: C/ABS,BAH-0191 | VKBA 3637,,https://www.dayco.com/la-es/catalog/?search=KWD1007,Rueda,WHEEL BEARING KIT,,K4M-706,,,DELANTERO,C/ABS,BAH-0191 | VKBA 3637,Versión: 1.6 16V | Motor: K4M-706 | Combustible: NAFTA | Ubicación: DELANTERO | ABS: C/ABS
DAYCO,KWD1007,Rodamiento de rueda,RODAMIENTO,RENAULT,SYMBOL,1-2009 -> 5-2012,Versión: 1.6 8V | Motor: K7M-730 | Combustible: NAFTA | SKF I: BAH-0191 | SKF II: VKBA 3637 | Ubicación: DELANTERO | ABS: C/ABS,BAH-0191 | VKBA 3637,,https://www.dayco.com/la-es/catalog/?search=KWD1007,Rueda,WHEEL BEARING KIT,,K7M-730,,,DELANTERO,C/ABS,BAH-0191 | VKBA 3637,Versión: 1.6 8V | Motor: K7M-730 | Combustible: NAFTA | Ubicación: DELANTERO | ABS: C/ABS
DAYCO,KWD1007,Rodamiento de rueda,RODAMIENTO,RENAULT,SYMBOL,11-2013 -> 9-2014,Versión: 1.6 16V | Motor: K4M-670 | Combustible: NAFTA | SKF I: BAH-0191 | SKF II: VKBA 3637 | Ubicación: DELANTERO | ABS: C/ABS,BAH-0191 | VKBA 3637,,https://www.dayco.com/la-es/catalog/?search=KWD1007,Rueda,WHEEL BEARING KIT,,K4M-670,,,DELANTERO,C/ABS,BAH-0191 | VKBA 3637,Versión: 1.6 16V | Motor: K4M-670 | Combustible: NAFTA | Ubicación: DELANTERO | ABS: C/ABS
DAYCO,KWD1059,Rodamiento de rueda,RODAMIENTO,RENAULT,SYMBOL,1-2009 -> 10-2013,Versión: 1.5 DCI | Motor: K9K-700 | Combustible: DIESEL | SKF I: VKBA3639 | SKF II: VKBA 3639 | Ubicación: TRASERO | ABS: C/ABS,VKBA3639 | VKBA 3639,,https://www.dayco.com/la-es/catalog/?search=KWD1059,Rueda,WHEEL BEARING KIT,,K9K-700,,,TRASERO,C/ABS,VKBA3639 | VKBA 3639,Versión: 1.5 DCI | Motor: K9K-700 | Combustible: DIESEL | Ubicación: TRASERO | ABS: C/ABS
DAYCO,KWD1059,Rodamiento de rueda,RODAMIENTO,RENAULT,SYMBOL,1-2009 -> 10-2013,Versión: 1.6 16V | Motor: K4M-706 | Combustible: NAFTA | SKF I: VKBA3639 | SKF II: VKBA 3639 | Ubicación: TRASERO | ABS: C/ABS,VKBA3639 | VKBA 3639,,https://www.dayco.com/la-es/catalog/?search=KWD1059,Rueda,WHEEL BEARING KIT,,K4M-706,,,TRASERO,C/ABS,VKBA3639 | VKBA 3639,Versión: 1.6 16V | Motor: K4M-706 | Combustible: NAFTA | Ubicación: TRASERO | ABS: C/ABS
DAYCO,KWD1059,Rodamiento de rueda,RODAMIENTO,RENAULT,SYMBOL,1-2009 -> 5-2012,Versión: 1.6 8V | Motor: K7M-730 | Combustible: NAFTA | SKF I: VKBA3639 | SKF II: VKBA 3639 | Ubicación: TRASERO | ABS: C/ABS,VKBA3639 | VKBA 3639,,https://www.dayco.com/la-es/catalog/?search=KWD1059,Rueda,WHEEL BEARING KIT,,K7M-730,,,TRASERO,C/ABS,VKBA3639 | VKBA 3639,Versión: 1.6 8V | Motor: K7M-730 | Combustible: NAFTA | Ubicación: TRASERO | ABS: C/ABS
DAYCO,KWD1059,Rodamiento de rueda,RODAMIENTO,RENAULT,SYMBOL,11-2013 -> 9-2014,Versión: 1.6 16V | Motor: K4M-670 | Combustible: NAFTA | SKF I: VKBA3639 | SKF II: VKBA 3639 | Ubicación: TRASERO | ABS: C/ABS,VKBA3639 | VKBA 3639,,https://www.dayco.com/la-es/catalog/?search=KWD1059,Rueda,WHEEL BEARING KIT,,K4M-670,,,TRASERO,C/ABS,VKBA3639 | VKBA 3639,Versión: 1.6 16V | Motor: K4M-670 | Combustible: NAFTA | Ubicación: TRASERO | ABS: C/ABS
DAYCO,KWD1344,Rodamiento de rueda,RODAMIENTO,RENAULT,TRAS.KANGOO,,SKF I: 2014-> | SKF II: VKBA3677 | Ubicación: TRASERO,2014-> | VKBA3677,,https://www.dayco.com/la-es/catalog/?search=KWD1344,Rueda,WHEEL BEARING KIT,,,,,TRASERO,,2014-> | VKBA3677,Ubicación: TRASERO
DAYCO,KWD1248,Rodamiento de rueda,RODAMIENTO,RENAULT,TRAS.MASTER III,,SKF I: 2015-> | SKF II: VKBA 6722 | Ubicación: TRASERO,2015-> | VKBA 6722,,https://www.dayco.com/la-es/catalog/?search=KWD1248,Rueda,WHEEL BEARING KIT,,,,,TRASERO,,2015-> | VKBA 6722,Ubicación: TRASERO
DAYCO,KWD1094,Rodamiento de rueda,RODAMIENTO,RENAULT,TWINGO,1997 -> 2003,Versión: 1.1 | Motor: D7F-700 | Combustible: NAFTA | SKF I: BT2B 445539 / VKBC 20212 | SKF II: VKBA 3525 | Ubicación: TRASERO,BT2B 445539 / VKBC 20212 | VKBA 3525,,https://www.dayco.com/la-es/catalog/?search=KWD1094,Rueda,WHEEL BEARING KIT,,D7F-700,,,TRASERO,,BT2B 445539 / VKBC 20212 | VKBA 3525,Versión: 1.1 | Motor: D7F-700 | Combustible: NAFTA | Ubicación: TRASERO
DAYCO,KWD1094,Rodamiento de rueda,RODAMIENTO,RENAULT,TWINGO,1997 -> 2003,Versión: 1.1 | Motor: D7F-701 | Combustible: NAFTA | SKF I: BT2B 445539 / VKBC 20212 | SKF II: VKBA 3525 | Ubicación: TRASERO,BT2B 445539 / VKBC 20212 | VKBA 3525,,https://www.dayco.com/la-es/catalog/?search=KWD1094,Rueda,WHEEL BEARING KIT,,D7F-701,,,TRASERO,,BT2B 445539 / VKBC 20212 | VKBA 3525,Versión: 1.1 | Motor: D7F-701 | Combustible: NAFTA | Ubicación: TRASERO
DAYCO,KWD1094,Rodamiento de rueda,RODAMIENTO,RENAULT,TWINGO,1992 -> 2000,Versión: 1.2 | Motor: C3G-700 | Combustible: NAFTA | SKF I: BT2B 445539 / VKBC 20212 | SKF II: VKBA 3525 | Ubicación: TRASERO,BT2B 445539 / VKBC 20212 | VKBA 3525,,https://www.dayco.com/la-es/catalog/?search=KWD1094,Rueda,WHEEL BEARING KIT,,C3G-700,,,TRASERO,,BT2B 445539 / VKBC 20212 | VKBA 3525,Versión: 1.2 | Motor: C3G-700 | Combustible: NAFTA | Ubicación: TRASERO
DAYCO,KWD1048,Rodamiento de rueda,RODAMIENTO,RENAULT,TWINGO,3-1997 -> 8-2003,Versión: 1.1 | Motor: D7F-700 | Combustible: NAFTA | SKF I: BT2B445620 | SKF II: VKBC 20006 | Ubicación: DELANTERO | ABS: C/ABS,BT2B445620 | VKBC 20006,,https://www.dayco.com/la-es/catalog/?search=KWD1048,Rueda,WHEEL BEARING KIT,,D7F-700,,,DELANTERO,C/ABS,BT2B445620 | VKBC 20006,Versión: 1.1 | Motor: D7F-700 | Combustible: NAFTA | Ubicación: DELANTERO | ABS: C/ABS
DAYCO,KWD1048,Rodamiento de rueda,RODAMIENTO,RENAULT,TWINGO,3-1997 -> 8-2003,Versión: 1.1 | Motor: D7F-701 | Combustible: NAFTA | SKF I: BT2B445620 | SKF II: VKBC 20006 | Ubicación: DELANTERO | ABS: C/ABS,BT2B445620 | VKBC 20006,,https://www.dayco.com/la-es/catalog/?search=KWD1048,Rueda,WHEEL BEARING KIT,,D7F-701,,,DELANTERO,C/ABS,BT2B445620 | VKBC 20006,Versión: 1.1 | Motor: D7F-701 | Combustible: NAFTA | Ubicación: DELANTERO | ABS: C/ABS
DAYCO,KWD1048,Rodamiento de rueda,RODAMIENTO,RENAULT,TWINGO,1-1992 -> 5-2000,Versión: 1.2 | Motor: C3G-700 | Combustible: NAFTA | SKF I: BT2B445620 | SKF II: VKBC 20006 | Ubicación: DELANTERO | ABS: C/ABS,BT2B445620 | VKBC 20006,,https://www.dayco.com/la-es/catalog/?search=KWD1048,Rueda,WHEEL BEARING KIT,,C3G-700,,,DELANTERO,C/ABS,BT2B445620 | VKBC 20006,Versión: 1.2 | Motor: C3G-700 | Combustible: NAFTA | Ubicación: DELANTERO | ABS: C/ABS
DAYCO,KWD1037,Rodamiento de rueda,RODAMIENTO,SEAT,CORDOBA,2003 -> 2005,Versión: 1.9 TDI | Motor: ATD | Combustible: DIESEL | SKF I: VKBA 1358 | SKF II: BAHB 311443 B | Ubicación: DELANTERO,VKBA 1358 | BAHB 311443 B,,https://www.dayco.com/la-es/catalog/?search=KWD1037,Rueda,WHEEL BEARING KIT,,ATD,,,DELANTERO,,VKBA 1358 | BAHB 311443 B,Versión: 1.9 TDI | Motor: ATD | Combustible: DIESEL | Ubicación: DELANTERO
DAYCO,KWD1037,Rodamiento de rueda,RODAMIENTO,SEAT,CORDOBA,2003 -> 2005,Versión: 1.9 TDI | Motor: ASZ | Combustible: DIESEL | SKF I: VKBA 1358 | SKF II: BAHB 311443 B | Ubicación: DELANTERO,VKBA 1358 | BAHB 311443 B,,https://www.dayco.com/la-es/catalog/?search=KWD1037,Rueda,WHEEL BEARING KIT,,ASZ,,,DELANTERO,,VKBA 1358 | BAHB 311443 B,Versión: 1.9 TDI | Motor: ASZ | Combustible: DIESEL | Ubicación: DELANTERO
DAYCO,KWD1037,Rodamiento de rueda,RODAMIENTO,SEAT,CORDOBA,2000 -> 2003,Versión: 1.9D | Motor: AEY | Combustible: DIESEL | SKF I: VKBA 1358 | SKF II: BAHB 311443 B | Ubicación: DELANTERO,VKBA 1358 | BAHB 311443 B,,https://www.dayco.com/la-es/catalog/?search=KWD1037,Rueda,WHEEL BEARING KIT,,AEY,,,DELANTERO,,VKBA 1358 | BAHB 311443 B,Versión: 1.9D | Motor: AEY | Combustible: DIESEL | Ubicación: DELANTERO
DAYCO,KWD1037,Rodamiento de rueda,RODAMIENTO,SEAT,CORDOBA,2000 -> 2003,Versión: 1.9 TDI | Motor: AGR | Combustible: DIESEL | SKF I: VKBA 1358 | SKF II: BAHB 311443 B | Ubicación: DELANTERO,VKBA 1358 | BAHB 311443 B,,https://www.dayco.com/la-es/catalog/?search=KWD1037,Rueda,WHEEL BEARING KIT,,AGR,,,DELANTERO,,VKBA 1358 | BAHB 311443 B,Versión: 1.9 TDI | Motor: AGR | Combustible: DIESEL | Ubicación: DELANTERO
DAYCO,KWD1037,Rodamiento de rueda,RODAMIENTO,SEAT,CORDOBA,2008 -> 2011,Versión: 1.9 TDI | Motor: ASZ | Combustible: DIESEL | SKF I: VKBA 1358 | SKF II: BAHB 311443 B | Ubicación: DELANTERO,VKBA 1358 | BAHB 311443 B,,https://www.dayco.com/la-es/catalog/?search=KWD1037,Rueda,WHEEL BEARING KIT,,ASZ,,,DELANTERO,,VKBA 1358 | BAHB 311443 B,Versión: 1.9 TDI | Motor: ASZ | Combustible: DIESEL | Ubicación: DELANTERO
DAYCO,KWD1037,Rodamiento de rueda,RODAMIENTO,SEAT,CORDOBA,1999 -> 2000,Versión: 1.6 | Motor: ABU | Combustible: NAFTA | SKF I: VKBA 1358 | SKF II: BAHB 311443 B | Ubicación: DELANTERO,VKBA 1358 | BAHB 311443 B,,https://www.dayco.com/la-es/catalog/?search=KWD1037,Rueda,WHEEL BEARING KIT,,ABU,,,DELANTERO,,VKBA 1358 | BAHB 311443 B,Versión: 1.6 | Motor: ABU | Combustible: NAFTA | Ubicación: DELANTERO
DAYCO,KWD1037,Rodamiento de rueda,RODAMIENTO,SEAT,CORDOBA,1999 -> 2003,Versión: 1.9 TDI | Motor: ALH | Combustible: DIESEL | SKF I: VKBA 1358 | SKF II: BAHB 311443 B | Ubicación: DELANTERO,VKBA 1358 | BAHB 311443 B,,https://www.dayco.com/la-es/catalog/?search=KWD1037,Rueda,WHEEL BEARING KIT,,ALH,,,DELANTERO,,VKBA 1358 | BAHB 311443 B,Versión: 1.9 TDI | Motor: ALH | Combustible: DIESEL | Ubicación: DELANTERO
DAYCO,KWD1037,Rodamiento de rueda,RODAMIENTO,SEAT,CORDOBA,1994 -> 1996,Versión: 1.4 | Motor: ABD | Combustible: NAFTA | SKF I: VKBA 1358 | SKF II: BAHB 311443 B | Ubicación: DELANTERO,VKBA 1358 | BAHB 311443 B,,https://www.dayco.com/la-es/catalog/?search=KWD1037,Rueda,WHEEL BEARING KIT,,ABD,,,DELANTERO,,VKBA 1358 | BAHB 311443 B,Versión: 1.4 | Motor: ABD | Combustible: NAFTA | Ubicación: DELANTERO
DAYCO,KWD1037,Rodamiento de rueda,RODAMIENTO,SEAT,CORDOBA,1996 -> 1999,Versión: 1.6 | Motor: ABU | Combustible: NAFTA | SKF I: VKBA 1358 | SKF II: BAHB 311443 B | Ubicación: DELANTERO,VKBA 1358 | BAHB 311443 B,,https://www.dayco.com/la-es/catalog/?search=KWD1037,Rueda,WHEEL BEARING KIT,,ABU,,,DELANTERO,,VKBA 1358 | BAHB 311443 B,Versión: 1.6 | Motor: ABU | Combustible: NAFTA | Ubicación: DELANTERO
DAYCO,KWD1037,Rodamiento de rueda,RODAMIENTO,SEAT,CORDOBA,1994 -> 1997,Versión: 1.8 | Motor: ADZ | Combustible: NAFTA | SKF I: VKBA 1358 | SKF II: BAHB 311443 B | Ubicación: DELANTERO,VKBA 1358 | BAHB 311443 B,,https://www.dayco.com/la-es/catalog/?search=KWD1037,Rueda,WHEEL BEARING KIT,,ADZ,,,DELANTERO,,VKBA 1358 | BAHB 311443 B,Versión: 1.8 | Motor: ADZ | Combustible: NAFTA | Ubicación: DELANTERO
DAYCO,KWD1037,Rodamiento de rueda,RODAMIENTO,SEAT,CORDOBA,1994 -> 1998,Versión: 1.9 TD | Motor: AAZ | Combustible: DIESEL | SKF I: VKBA 1358 | SKF II: BAHB 311443 B | Ubicación: DELANTERO,VKBA 1358 | BAHB 311443 B,,https://www.dayco.com/la-es/catalog/?search=KWD1037,Rueda,WHEEL BEARING KIT,,AAZ,,,DELANTERO,,VKBA 1358 | BAHB 311443 B,Versión: 1.9 TD | Motor: AAZ | Combustible: DIESEL | Ubicación: DELANTERO
DAYCO,KWD1037,Rodamiento de rueda,RODAMIENTO,SEAT,CORDOBA,1997 -> 2000,Versión: 1.9 TDI | Motor: 1Z | Combustible: DIESEL | SKF I: VKBA 1358 | SKF II: BAHB 311443 B | Ubicación: DELANTERO,VKBA 1358 | BAHB 311443 B,,https://www.dayco.com/la-es/catalog/?search=KWD1037,Rueda,WHEEL BEARING KIT,,1Z,,,DELANTERO,,VKBA 1358 | BAHB 311443 B,Versión: 1.9 TDI | Motor: 1Z | Combustible: DIESEL | Ubicación: DELANTERO
DAYCO,KWD1037,Rodamiento de rueda,RODAMIENTO,SEAT,CORDOBA,1994 -> 1997,Versión: 1.9D | Motor: 1Y | Combustible: DIESEL | SKF I: VKBA 1358 | SKF II: BAHB 311443 B | Ubicación: DELANTERO,VKBA 1358 | BAHB 311443 B,,https://www.dayco.com/la-es/catalog/?search=KWD1037,Rueda,WHEEL BEARING KIT,,1Y,,,DELANTERO,,VKBA 1358 | BAHB 311443 B,Versión: 1.9D | Motor: 1Y | Combustible: DIESEL | Ubicación: DELANTERO
DAYCO,KWD1037,Rodamiento de rueda,RODAMIENTO,SEAT,CORDOBA,1997 -> 2000,Versión: 1.9D | Motor: AEY | Combustible: DIESEL | SKF I: VKBA 1358 | SKF II: BAHB 311443 B | Ubicación: DELANTERO,VKBA 1358 | BAHB 311443 B,,https://www.dayco.com/la-es/catalog/?search=KWD1037,Rueda,WHEEL BEARING KIT,,AEY,,,DELANTERO,,VKBA 1358 | BAHB 311443 B,Versión: 1.9D | Motor: AEY | Combustible: DIESEL | Ubicación: DELANTERO
DAYCO,KWD1037,Rodamiento de rueda,RODAMIENTO,SEAT,CORDOBA,1997 -> 1999,Versión: 2.0 | Motor: AGG | Combustible: NAFTA | SKF I: VKBA 1358 | SKF II: BAHB 311443 B | Ubicación: DELANTERO,VKBA 1358 | BAHB 311443 B,,https://www.dayco.com/la-es/catalog/?search=KWD1037,Rueda,WHEEL BEARING KIT,,AGG,,,DELANTERO,,VKBA 1358 | BAHB 311443 B,Versión: 2.0 | Motor: AGG | Combustible: NAFTA | Ubicación: DELANTERO
DAYCO,KWD1037,Rodamiento de rueda,RODAMIENTO,SEAT,CORDOBA,2000 -> 2003,Versión: 1.6 | Motor: AEH/AKL | Combustible: NAFTA | SKF I: VKBA 1358 | SKF II: BAHB 311443 B | Ubicación: DELANTERO,VKBA 1358 | BAHB 311443 B,,https://www.dayco.com/la-es/catalog/?search=KWD1037,Rueda,WHEEL BEARING KIT,,AEH/AKL,,,DELANTERO,,VKBA 1358 | BAHB 311443 B,Versión: 1.6 | Motor: AEH/AKL | Combustible: NAFTA | Ubicación: DELANTERO
DAYCO,KWD1076,Rodamiento de rueda,RODAMIENTO,SEAT,CORDOBA,1999 -> 2000,Versión: 1.6 | Motor: ABU | Combustible: NAFTA | SKF I: VKBA3548 | Ubicación: TRASERO,VKBA3548,,https://www.dayco.com/la-es/catalog/?search=KWD1076,Rueda,WHEEL BEARING KIT,,ABU,,,TRASERO,,VKBA3548,Versión: 1.6 | Motor: ABU | Combustible: NAFTA | Ubicación: TRASERO
DAYCO,KWD1076,Rodamiento de rueda,RODAMIENTO,SEAT,CORDOBA,1999 -> 2003,Versión: 1.9 TDI | Motor: ALH | Combustible: DIESEL | SKF I: VKBA3548 | Ubicación: TRASERO,VKBA3548,,https://www.dayco.com/la-es/catalog/?search=KWD1076,Rueda,WHEEL BEARING KIT,,ALH,,,TRASERO,,VKBA3548,Versión: 1.9 TDI | Motor: ALH | Combustible: DIESEL | Ubicación: TRASERO
DAYCO,KWD1076,Rodamiento de rueda,RODAMIENTO,SEAT,CORDOBA,1997 -> 2000,Versión: 1.9 TDI | Motor: 1Z | Combustible: DIESEL | SKF I: VKBA3548 | Ubicación: TRASERO,VKBA3548,,https://www.dayco.com/la-es/catalog/?search=KWD1076,Rueda,WHEEL BEARING KIT,,1Z,,,TRASERO,,VKBA3548,Versión: 1.9 TDI | Motor: 1Z | Combustible: DIESEL | Ubicación: TRASERO
DAYCO,KWD1076,Rodamiento de rueda,RODAMIENTO,SEAT,CORDOBA,1997 -> 2000,Versión: 1.9D | Motor: AEY | Combustible: DIESEL | SKF I: VKBA3548 | Ubicación: TRASERO,VKBA3548,,https://www.dayco.com/la-es/catalog/?search=KWD1076,Rueda,WHEEL BEARING KIT,,AEY,,,TRASERO,,VKBA3548,Versión: 1.9D | Motor: AEY | Combustible: DIESEL | Ubicación: TRASERO
DAYCO,KWD1037,Rodamiento de rueda,RODAMIENTO,SEAT,IBIZA,2003 -> 2005,Versión: 1.9 TDI | Motor: ASZ | Combustible: DIESEL | SKF I: VKBA 1358 | SKF II: BAHB 311443 B | Ubicación: DELANTERO,VKBA 1358 | BAHB 311443 B,,https://www.dayco.com/la-es/catalog/?search=KWD1037,Rueda,WHEEL BEARING KIT,,ASZ,,,DELANTERO,,VKBA 1358 | BAHB 311443 B,Versión: 1.9 TDI | Motor: ASZ | Combustible: DIESEL | Ubicación: DELANTERO
DAYCO,KWD1037,Rodamiento de rueda,RODAMIENTO,SEAT,IBIZA,1993 -> 1996,Versión: 1.9D | Motor: 1Y | Combustible: DIESEL | SKF I: VKBA 1358 | SKF II: BAHB 311443 B | Ubicación: DELANTERO,VKBA 1358 | BAHB 311443 B,,https://www.dayco.com/la-es/catalog/?search=KWD1037,Rueda,WHEEL BEARING KIT,,1Y,,,DELANTERO,,VKBA 1358 | BAHB 311443 B,Versión: 1.9D | Motor: 1Y | Combustible: DIESEL | Ubicación: DELANTERO
DAYCO,KWD1037,Rodamiento de rueda,RODAMIENTO,SEAT,IBIZA,1994 -> 2000,Versión: 1.9D | Motor: AEY | Combustible: DIESEL | SKF I: VKBA 1358 | SKF II: BAHB 311443 B | Ubicación: DELANTERO,VKBA 1358 | BAHB 311443 B,,https://www.dayco.com/la-es/catalog/?search=KWD1037,Rueda,WHEEL BEARING KIT,,AEY,,,DELANTERO,,VKBA 1358 | BAHB 311443 B,Versión: 1.9D | Motor: AEY | Combustible: DIESEL | Ubicación: DELANTERO
DAYCO,KWD1037,Rodamiento de rueda,RODAMIENTO,SEAT,IBIZA,1996 -> 2000,Versión: 2.0 16V | Motor: ABF | Combustible: NAFTA | SKF I: VKBA 1358 | SKF II: BAHB 311443 B | Ubicación: DELANTERO,VKBA 1358 | BAHB 311443 B,,https://www.dayco.com/la-es/catalog/?search=KWD1037,Rueda,WHEEL BEARING KIT,,ABF,,,DELANTERO,,VKBA 1358 | BAHB 311443 B,Versión: 2.0 16V | Motor: ABF | Combustible: NAFTA | Ubicación: DELANTERO
DAYCO,KWD1037,Rodamiento de rueda,RODAMIENTO,SEAT,IBIZA,1994 -> 1995,Versión: 2.0 | Motor: 2E | Combustible: NAFTA | SKF I: VKBA 1358 | SKF II: BAHB 311443 B | Ubicación: DELANTERO,VKBA 1358 | BAHB 311443 B,,https://www.dayco.com/la-es/catalog/?search=KWD1037,Rueda,WHEEL BEARING KIT,,2E,,,DELANTERO,,VKBA 1358 | BAHB 311443 B,Versión: 2.0 | Motor: 2E | Combustible: NAFTA | Ubicación: DELANTERO
DAYCO,KWD1037,Rodamiento de rueda,RODAMIENTO,SEAT,IBIZA,1994 -> 2000,Versión: 2.0 | Motor: AGG | Combustible: NAFTA | SKF I: VKBA 1358 | SKF II: BAHB 311443 B | Ubicación: DELANTERO,VKBA 1358 | BAHB 311443 B,,https://www.dayco.com/la-es/catalog/?search=KWD1037,Rueda,WHEEL BEARING KIT,,AGG,,,DELANTERO,,VKBA 1358 | BAHB 311443 B,Versión: 2.0 | Motor: AGG | Combustible: NAFTA | Ubicación: DELANTERO
DAYCO,KWD1037,Rodamiento de rueda,RODAMIENTO,SEAT,IBIZA,2000 -> 2005,"Versión: 1.4 | Motor: AKK, ANW | Combustible: NAFTA | SKF I: VKBA 1358 | SKF II: BAHB 311443 B | Ubicación: DELANTERO",VKBA 1358 | BAHB 311443 B,,https://www.dayco.com/la-es/catalog/?search=KWD1037,Rueda,WHEEL BEARING KIT,,"AKK, ANW",,,DELANTERO,,VKBA 1358 | BAHB 311443 B,"Versión: 1.4 | Motor: AKK, ANW | Combustible: NAFTA | Ubicación: DELANTERO"
DAYCO,KWD1037,Rodamiento de rueda,RODAMIENTO,SEAT,IBIZA,2000 -> 2005,Versión: 1.6 | Motor: AEH/AKL | Combustible: NAFTA | SKF I: VKBA 1358 | SKF II: BAHB 311443 B | Ubicación: DELANTERO,VKBA 1358 | BAHB 311443 B,,https://www.dayco.com/la-es/catalog/?search=KWD1037,Rueda,WHEEL BEARING KIT,,AEH/AKL,,,DELANTERO,,VKBA 1358 | BAHB 311443 B,Versión: 1.6 | Motor: AEH/AKL | Combustible: NAFTA | Ubicación: DELANTERO
DAYCO,KWD1037,Rodamiento de rueda,RODAMIENTO,SEAT,IBIZA,2000 -> 2005,Versión: 1.9D | Motor: AGP | Combustible: DIESEL | SKF I: VKBA 1358 | SKF II: BAHB 311443 B | Ubicación: DELANTERO,VKBA 1358 | BAHB 311443 B,,https://www.dayco.com/la-es/catalog/?search=KWD1037,Rueda,WHEEL BEARING KIT,,AGP,,,DELANTERO,,VKBA 1358 | BAHB 311443 B,Versión: 1.9D | Motor: AGP | Combustible: DIESEL | Ubicación: DELANTERO
DAYCO,KWD1037,Rodamiento de rueda,RODAMIENTO,SEAT,IBIZA,2000 -> 2005,Versión: 1.9 TDI | Motor: AGR | Combustible: DIESEL | SKF I: VKBA 1358 | SKF II: BAHB 311443 B | Ubicación: DELANTERO,VKBA 1358 | BAHB 311443 B,,https://www.dayco.com/la-es/catalog/?search=KWD1037,Rueda,WHEEL BEARING KIT,,AGR,,,DELANTERO,,VKBA 1358 | BAHB 311443 B,Versión: 1.9 TDI | Motor: AGR | Combustible: DIESEL | Ubicación: DELANTERO
DAYCO,KWD1037,Rodamiento de rueda,RODAMIENTO,SEAT,IBIZA,2003 -> 2005,Versión: 1.9 TDI | Motor: ATD | Combustible: DIESEL | SKF I: VKBA 1358 | SKF II: BAHB 311443 B | Ubicación: DELANTERO,VKBA 1358 | BAHB 311443 B,,https://www.dayco.com/la-es/catalog/?search=KWD1037,Rueda,WHEEL BEARING KIT,,ATD,,,DELANTERO,,VKBA 1358 | BAHB 311443 B,Versión: 1.9 TDI | Motor: ATD | Combustible: DIESEL | Ubicación: DELANTERO
DAYCO,KWD1037,Rodamiento de rueda,RODAMIENTO,SEAT,IBIZA,1997 -> 2000,Versión: 1.0 | Motor: AER | Combustible: NAFTA | SKF I: VKBA 1358 | SKF II: BAHB 311443 B | Ubicación: DELANTERO,VKBA 1358 | BAHB 311443 B,,https://www.dayco.com/la-es/catalog/?search=KWD1037,Rueda,WHEEL BEARING KIT,,AER,,,DELANTERO,,VKBA 1358 | BAHB 311443 B,Versión: 1.0 | Motor: AER | Combustible: NAFTA | Ubicación: DELANTERO
DAYCO,KWD1037,Rodamiento de rueda,RODAMIENTO,SEAT,IBIZA,1992 -> 1994,Versión: 1.3 | Motor: AAV | Combustible: NAFTA | SKF I: VKBA 1358 | SKF II: BAHB 311443 B | Ubicación: DELANTERO,VKBA 1358 | BAHB 311443 B,,https://www.dayco.com/la-es/catalog/?search=KWD1037,Rueda,WHEEL BEARING KIT,,AAV,,,DELANTERO,,VKBA 1358 | BAHB 311443 B,Versión: 1.3 | Motor: AAV | Combustible: NAFTA | Ubicación: DELANTERO
DAYCO,KWD1037,Rodamiento de rueda,RODAMIENTO,SEAT,IBIZA,1996 -> 1997,Versión: 1.4 | Motor: AEX | Combustible: NAFTA | SKF I: VKBA 1358 | SKF II: BAHB 311443 B | Ubicación: DELANTERO,VKBA 1358 | BAHB 311443 B,,https://www.dayco.com/la-es/catalog/?search=KWD1037,Rueda,WHEEL BEARING KIT,,AEX,,,DELANTERO,,VKBA 1358 | BAHB 311443 B,Versión: 1.4 | Motor: AEX | Combustible: NAFTA | Ubicación: DELANTERO
DAYCO,KWD1037,Rodamiento de rueda,RODAMIENTO,SEAT,IBIZA,1996 -> 1997,Versión: 1.6 | Motor: ABU | Combustible: NAFTA | SKF I: VKBA 1358 | SKF II: BAHB 311443 B | Ubicación: DELANTERO,VKBA 1358 | BAHB 311443 B,,https://www.dayco.com/la-es/catalog/?search=KWD1037,Rueda,WHEEL BEARING KIT,,ABU,,,DELANTERO,,VKBA 1358 | BAHB 311443 B,Versión: 1.6 | Motor: ABU | Combustible: NAFTA | Ubicación: DELANTERO
DAYCO,KWD1037,Rodamiento de rueda,RODAMIENTO,SEAT,IBIZA,1995 -> 1997,Versión: 1.8 16V | Motor: ADL | Combustible: NAFTA | SKF I: VKBA 1358 | SKF II: BAHB 311443 B | Ubicación: DELANTERO,VKBA 1358 | BAHB 311443 B,,https://www.dayco.com/la-es/catalog/?search=KWD1037,Rueda,WHEEL BEARING KIT,,ADL,,,DELANTERO,,VKBA 1358 | BAHB 311443 B,Versión: 1.8 16V | Motor: ADL | Combustible: NAFTA | Ubicación: DELANTERO
DAYCO,KWD1037,Rodamiento de rueda,RODAMIENTO,SEAT,IBIZA,1994 -> 1997,Versión: 1.8 | Motor: ABS | Combustible: NAFTA | SKF I: VKBA 1358 | SKF II: BAHB 311443 B | Ubicación: DELANTERO,VKBA 1358 | BAHB 311443 B,,https://www.dayco.com/la-es/catalog/?search=KWD1037,Rueda,WHEEL BEARING KIT,,ABS,,,DELANTERO,,VKBA 1358 | BAHB 311443 B,Versión: 1.8 | Motor: ABS | Combustible: NAFTA | Ubicación: DELANTERO
DAYCO,KWD1076,Rodamiento de rueda,RODAMIENTO,SEAT,IBIZA,2003 -> 2005,Versión: 1.9 TDI | Motor: ASZ | Combustible: DIESEL | SKF I: VKBA3548 | Ubicación: TRASERO,VKBA3548,,https://www.dayco.com/la-es/catalog/?search=KWD1076,Rueda,WHEEL BEARING KIT,,ASZ,,,TRASERO,,VKBA3548,Versión: 1.9 TDI | Motor: ASZ | Combustible: DIESEL | Ubicación: TRASERO
DAYCO,KWD1076,Rodamiento de rueda,RODAMIENTO,SEAT,IBIZA,2000 -> 2005,"Versión: 1.4 | Motor: AKK, ANW | Combustible: NAFTA | SKF I: VKBA3548 | Ubicación: TRASERO",VKBA3548,,https://www.dayco.com/la-es/catalog/?search=KWD1076,Rueda,WHEEL BEARING KIT,,"AKK, ANW",,,TRASERO,,VKBA3548,"Versión: 1.4 | Motor: AKK, ANW | Combustible: NAFTA | Ubicación: TRASERO"
DAYCO,KWD1076,Rodamiento de rueda,RODAMIENTO,SEAT,IBIZA,2000 -> 2005,Versión: 1.6 | Motor: AEH/AKL | Combustible: NAFTA | SKF I: VKBA3548 | Ubicación: TRASERO,VKBA3548,,https://www.dayco.com/la-es/catalog/?search=KWD1076,Rueda,WHEEL BEARING KIT,,AEH/AKL,,,TRASERO,,VKBA3548,Versión: 1.6 | Motor: AEH/AKL | Combustible: NAFTA | Ubicación: TRASERO
DAYCO,KWD1076,Rodamiento de rueda,RODAMIENTO,SEAT,IBIZA,2000 -> 2005,Versión: 1.9D | Motor: AGP | Combustible: DIESEL | SKF I: VKBA3548 | Ubicación: TRASERO,VKBA3548,,https://www.dayco.com/la-es/catalog/?search=KWD1076,Rueda,WHEEL BEARING KIT,,AGP,,,TRASERO,,VKBA3548,Versión: 1.9D | Motor: AGP | Combustible: DIESEL | Ubicación: TRASERO
DAYCO,KWD1076,Rodamiento de rueda,RODAMIENTO,SEAT,IBIZA,2000 -> 2005,Versión: 1.9 TDI | Motor: AGR | Combustible: DIESEL | SKF I: VKBA3548 | Ubicación: TRASERO,VKBA3548,,https://www.dayco.com/la-es/catalog/?search=KWD1076,Rueda,WHEEL BEARING KIT,,AGR,,,TRASERO,,VKBA3548,Versión: 1.9 TDI | Motor: AGR | Combustible: DIESEL | Ubicación: TRASERO
DAYCO,KWD1076,Rodamiento de rueda,RODAMIENTO,SEAT,IBIZA,2003 -> 2005,Versión: 1.9 TDI | Motor: ATD | Combustible: DIESEL | SKF I: VKBA3548 | Ubicación: TRASERO,VKBA3548,,https://www.dayco.com/la-es/catalog/?search=KWD1076,Rueda,WHEEL BEARING KIT,,ATD,,,TRASERO,,VKBA3548,Versión: 1.9 TDI | Motor: ATD | Combustible: DIESEL | Ubicación: TRASERO
DAYCO,KWD1037,Rodamiento de rueda,RODAMIENTO,SEAT,INCA,2000 -> 2002,Versión: 1.6 | Motor: AEE | Combustible: NAFTA | SKF I: VKBA 1358 | SKF II: BAHB 311443 B | Ubicación: DELANTERO,VKBA 1358 | BAHB 311443 B,,https://www.dayco.com/la-es/catalog/?search=KWD1037,Rueda,WHEEL BEARING KIT,,AEE,,,DELANTERO,,VKBA 1358 | BAHB 311443 B,Versión: 1.6 | Motor: AEE | Combustible: NAFTA | Ubicación: DELANTERO
DAYCO,KWD1037,Rodamiento de rueda,RODAMIENTO,SEAT,INCA,1997 -> 2001,Versión: 1.9D | Motor: 1Y | Combustible: DIESEL | SKF I: VKBA 1358 | SKF II: BAHB 311443 B | Ubicación: DELANTERO,VKBA 1358 | BAHB 311443 B,,https://www.dayco.com/la-es/catalog/?search=KWD1037,Rueda,WHEEL BEARING KIT,,1Y,,,DELANTERO,,VKBA 1358 | BAHB 311443 B,Versión: 1.9D | Motor: 1Y | Combustible: DIESEL | Ubicación: DELANTERO
DAYCO,KWD1013,Rodamiento de rueda,RODAMIENTO,SEAT,LEON,2001 -> 2003,Versión: 1.6 | Motor: AEH/AKL | Combustible: NAFTA | SKF I: VKBA 3456 | SKF II: BAF-4104 BBX | Ubicación: TRASERO,VKBA 3456 | BAF-4104 BBX,,https://www.dayco.com/la-es/catalog/?search=KWD1013,Rueda,WHEEL BEARING KIT,,AEH/AKL,,,TRASERO,,VKBA 3456 | BAF-4104 BBX,Versión: 1.6 | Motor: AEH/AKL | Combustible: NAFTA | Ubicación: TRASERO
DAYCO,KWD1013,Rodamiento de rueda,RODAMIENTO,SEAT,LEON,2001 -> 2005,Versión: 1.8 20V | Motor: APG | Combustible: NAFTA | SKF I: VKBA 3456 | SKF II: BAF-4104 BBX | Ubicación: TRASERO,VKBA 3456 | BAF-4104 BBX,,https://www.dayco.com/la-es/catalog/?search=KWD1013,Rueda,WHEEL BEARING KIT,,APG,,,TRASERO,,VKBA 3456 | BAF-4104 BBX,Versión: 1.8 20V | Motor: APG | Combustible: NAFTA | Ubicación: TRASERO
DAYCO,KWD1013,Rodamiento de rueda,RODAMIENTO,SEAT,LEON,2003 -> 2005,Versión: 1.8 20V T | Motor: AUQ | Combustible: NAFTA | SKF I: VKBA 3456 | SKF II: BAF-4104 BBX | Ubicación: TRASERO,VKBA 3456 | BAF-4104 BBX,,https://www.dayco.com/la-es/catalog/?search=KWD1013,Rueda,WHEEL BEARING KIT,,AUQ,,,TRASERO,,VKBA 3456 | BAF-4104 BBX,Versión: 1.8 20V T | Motor: AUQ | Combustible: NAFTA | Ubicación: TRASERO
DAYCO,KWD1013,Rodamiento de rueda,RODAMIENTO,SEAT,LEON,2001 -> 2005,Versión: 1.9 TDI | Motor: ASV | Combustible: DIESEL | SKF I: VKBA 3456 | SKF II: BAF-4104 BBX | Ubicación: TRASERO,VKBA 3456 | BAF-4104 BBX,,https://www.dayco.com/la-es/catalog/?search=KWD1013,Rueda,WHEEL BEARING KIT,,ASV,,,TRASERO,,VKBA 3456 | BAF-4104 BBX,Versión: 1.9 TDI | Motor: ASV | Combustible: DIESEL | Ubicación: TRASERO
DAYCO,KWD1013,Rodamiento de rueda,RODAMIENTO,SEAT,LEON,2001 -> 2005,Versión: 1.9 TDI | Motor: ALH | Combustible: DIESEL | SKF I: VKBA 3456 | SKF II: BAF-4104 BBX | Ubicación: TRASERO,VKBA 3456 | BAF-4104 BBX,,https://www.dayco.com/la-es/catalog/?search=KWD1013,Rueda,WHEEL BEARING KIT,,ALH,,,TRASERO,,VKBA 3456 | BAF-4104 BBX,Versión: 1.9 TDI | Motor: ALH | Combustible: DIESEL | Ubicación: TRASERO
DAYCO,KWD1037,Rodamiento de rueda,RODAMIENTO,SEAT,TOLEDO,1997 -> 2000,Versión: 1.6 | Motor: ABU | Combustible: NAFTA | SKF I: VKBA 1358 | SKF II: BAHB 311443 B | Ubicación: DELANTERO,VKBA 1358 | BAHB 311443 B,,https://www.dayco.com/la-es/catalog/?search=KWD1037,Rueda,WHEEL BEARING KIT,,ABU,,,DELANTERO,,VKBA 1358 | BAHB 311443 B,Versión: 1.6 | Motor: ABU | Combustible: NAFTA | Ubicación: DELANTERO
DAYCO,KWD1037,Rodamiento de rueda,RODAMIENTO,SEAT,TOLEDO,1991 -> 1994,Versión: 1.8 | Motor: RP | Combustible: NAFTA | SKF I: VKBA 1358 | SKF II: BAHB 311443 B | Ubicación: DELANTERO,VKBA 1358 | BAHB 311443 B,,https://www.dayco.com/la-es/catalog/?search=KWD1037,Rueda,WHEEL BEARING KIT,,RP,,,DELANTERO,,VKBA 1358 | BAHB 311443 B,Versión: 1.8 | Motor: RP | Combustible: NAFTA | Ubicación: DELANTERO
DAYCO,KWD1037,Rodamiento de rueda,RODAMIENTO,SEAT,TOLEDO,1994 -> 1996,Versión: 1.8 | Motor: ABS | Combustible: NAFTA | SKF I: VKBA 1358 | SKF II: BAHB 311443 B | Ubicación: DELANTERO,VKBA 1358 | BAHB 311443 B,,https://www.dayco.com/la-es/catalog/?search=KWD1037,Rueda,WHEEL BEARING KIT,,ABS,,,DELANTERO,,VKBA 1358 | BAHB 311443 B,Versión: 1.8 | Motor: ABS | Combustible: NAFTA | Ubicación: DELANTERO
DAYCO,KWD1037,Rodamiento de rueda,RODAMIENTO,SEAT,TOLEDO,1994 -> 1997,Versión: 1.9 TDI | Motor: AAZ | Combustible: DIESEL | SKF I: VKBA 1358 | SKF II: BAHB 311443 B | Ubicación: DELANTERO,VKBA 1358 | BAHB 311443 B,,https://www.dayco.com/la-es/catalog/?search=KWD1037,Rueda,WHEEL BEARING KIT,,AAZ,,,DELANTERO,,VKBA 1358 | BAHB 311443 B,Versión: 1.9 TDI | Motor: AAZ | Combustible: DIESEL | Ubicación: DELANTERO
DAYCO,KWD1037,Rodamiento de rueda,RODAMIENTO,SEAT,TOLEDO,1996 -> 2000,Versión: 1.9 TDI | Motor: 1Z | Combustible: DIESEL | SKF I: VKBA 1358 | SKF II: BAHB 311443 B | Ubicación: DELANTERO,VKBA 1358 | BAHB 311443 B,,https://www.dayco.com/la-es/catalog/?search=KWD1037,Rueda,WHEEL BEARING KIT,,1Z,,,DELANTERO,,VKBA 1358 | BAHB 311443 B,Versión: 1.9 TDI | Motor: 1Z | Combustible: DIESEL | Ubicación: DELANTERO
DAYCO,KWD1037,Rodamiento de rueda,RODAMIENTO,SEAT,TOLEDO,1994 -> 2000,Versión: 1.9D | Motor: 1Y | Combustible: DIESEL | SKF I: VKBA 1358 | SKF II: BAHB 311443 B | Ubicación: DELANTERO,VKBA 1358 | BAHB 311443 B,,https://www.dayco.com/la-es/catalog/?search=KWD1037,Rueda,WHEEL BEARING KIT,,1Y,,,DELANTERO,,VKBA 1358 | BAHB 311443 B,Versión: 1.9D | Motor: 1Y | Combustible: DIESEL | Ubicación: DELANTERO
DAYCO,KWD1037,Rodamiento de rueda,RODAMIENTO,SEAT,TOLEDO,1994 -> 1996,Versión: 2.0 | Motor: 2E | Combustible: NAFTA | SKF I: VKBA 1358 | SKF II: BAHB 311443 B | Ubicación: DELANTERO,VKBA 1358 | BAHB 311443 B,,https://www.dayco.com/la-es/catalog/?search=KWD1037,Rueda,WHEEL BEARING KIT,,2E,,,DELANTERO,,VKBA 1358 | BAHB 311443 B,Versión: 2.0 | Motor: 2E | Combustible: NAFTA | Ubicación: DELANTERO
DAYCO,KWD1037,Rodamiento de rueda,RODAMIENTO,SEAT,TOLEDO,1994 -> 1995,Versión: 2.0 16V | Motor: ABF | Combustible: NAFTA | SKF I: VKBA 1358 | SKF II: BAHB 311443 B | Ubicación: DELANTERO,VKBA 1358 | BAHB 311443 B,,https://www.dayco.com/la-es/catalog/?search=KWD1037,Rueda,WHEEL BEARING KIT,,ABF,,,DELANTERO,,VKBA 1358 | BAHB 311443 B,Versión: 2.0 16V | Motor: ABF | Combustible: NAFTA | Ubicación: DELANTERO
DAYCO,KWD1037,Rodamiento de rueda,RODAMIENTO,SEAT,TOLEDO,1996 -> 1999,Versión: 2.0 | Motor: AGG | Combustible: NAFTA | SKF I: VKBA 1358 | SKF II: BAHB 311443 B | Ubicación: DELANTERO,VKBA 1358 | BAHB 311443 B,,https://www.dayco.com/la-es/catalog/?search=KWD1037,Rueda,WHEEL BEARING KIT,,AGG,,,DELANTERO,,VKBA 1358 | BAHB 311443 B,Versión: 2.0 | Motor: AGG | Combustible: NAFTA | Ubicación: DELANTERO
DAYCO,KWD1013,Rodamiento de rueda,RODAMIENTO,SEAT,TOLEDO,2000 -> 2005,Versión: 1.8 20V | Motor: AGN | Combustible: NAFTA | SKF I: VKBA 3456 | SKF II: BAF-4104 BBX | Ubicación: TRASERO,VKBA 3456 | BAF-4104 BBX,,https://www.dayco.com/la-es/catalog/?search=KWD1013,Rueda,WHEEL BEARING KIT,,AGN,,,TRASERO,,VKBA 3456 | BAF-4104 BBX,Versión: 1.8 20V | Motor: AGN | Combustible: NAFTA | Ubicación: TRASERO
DAYCO,KWD1013,Rodamiento de rueda,RODAMIENTO,SEAT,TOLEDO,2000 -> 2005,Versión: 1.9 TDI | Motor: AGR | Combustible: DIESEL | SKF I: VKBA 3456 | SKF II: BAF-4104 BBX | Ubicación: TRASERO,VKBA 3456 | BAF-4104 BBX,,https://www.dayco.com/la-es/catalog/?search=KWD1013,Rueda,WHEEL BEARING KIT,,AGR,,,TRASERO,,VKBA 3456 | BAF-4104 BBX,Versión: 1.9 TDI | Motor: AGR | Combustible: DIESEL | Ubicación: TRASERO
DAYCO,KWD1013,Rodamiento de rueda,RODAMIENTO,SEAT,TOLEDO,2000 -> 2005,Versión: 1.9 TDI | Motor: ASV | Combustible: DIESEL | SKF I: VKBA 3456 | SKF II: BAF-4104 BBX | Ubicación: TRASERO,VKBA 3456 | BAF-4104 BBX,,https://www.dayco.com/la-es/catalog/?search=KWD1013,Rueda,WHEEL BEARING KIT,,ASV,,,TRASERO,,VKBA 3456 | BAF-4104 BBX,Versión: 1.9 TDI | Motor: ASV | Combustible: DIESEL | Ubicación: TRASERO
DAYCO,KWD1013,Rodamiento de rueda,RODAMIENTO,SEAT,TOLEDO,2000 -> 2002,Versión: 2.3 V5 | Motor: AGZ | Combustible: NAFTA | SKF I: VKBA 3456 | SKF II: BAF-4104 BBX | Ubicación: TRASERO,VKBA 3456 | BAF-4104 BBX,,https://www.dayco.com/la-es/catalog/?search=KWD1013,Rueda,WHEEL BEARING KIT,,AGZ,,,TRASERO,,VKBA 3456 | BAF-4104 BBX,Versión: 2.3 V5 | Motor: AGZ | Combustible: NAFTA | Ubicación: TRASERO
DAYCO,KWD1013,Rodamiento de rueda,RODAMIENTO,SEAT,TOLEDO,2000 -> 2005,Versión: 2.3 V5 | Motor: AQN | Combustible: NAFTA | SKF I: VKBA 3456 | SKF II: BAF-4104 BBX | Ubicación: TRASERO,VKBA 3456 | BAF-4104 BBX,,https://www.dayco.com/la-es/catalog/?search=KWD1013,Rueda,WHEEL BEARING KIT,,AQN,,,TRASERO,,VKBA 3456 | BAF-4104 BBX,Versión: 2.3 V5 | Motor: AQN | Combustible: NAFTA | Ubicación: TRASERO
DAYCO,KWD1013,Rodamiento de rueda,RODAMIENTO,SEAT,TOLEDO,2000 -> 2002,Versión: 1.6 | Motor: AEH/AKL | Combustible: NAFTA | SKF I: VKBA 3456 | SKF II: BAF-4104 BBX | Ubicación: TRASERO,VKBA 3456 | BAF-4104 BBX,,https://www.dayco.com/la-es/catalog/?search=KWD1013,Rueda,WHEEL BEARING KIT,,AEH/AKL,,,TRASERO,,VKBA 3456 | BAF-4104 BBX,Versión: 1.6 | Motor: AEH/AKL | Combustible: NAFTA | Ubicación: TRASERO
DAYCO,KWD1392,Rodamiento de rueda,RODAMIENTO,TOYOTA,HILUX,2005 -> 2014,Versión: 3.0 TDI | Motor: 1KD-FTV | Combustible: DIESEL | SKF I: VKBA 6900 A | Ubicación: DELANTERO,VKBA 6900 A,,https://www.dayco.com/la-es/catalog/?search=KWD1392,Rueda,WHEEL BEARING KIT,,1KD-FTV,,,DELANTERO,,VKBA 6900 A,Versión: 3.0 TDI | Motor: 1KD-FTV | Combustible: DIESEL | Ubicación: DELANTERO
DAYCO,KWD1392,Rodamiento de rueda,RODAMIENTO,TOYOTA,HILUX,2005 -> 2015,Versión: 3.0 TDI | Motor: 1KD-FTV | Combustible: DIESEL | SKF I: VKBA 6900 A | Ubicación: DELANTERO,VKBA 6900 A,,https://www.dayco.com/la-es/catalog/?search=KWD1392,Rueda,WHEEL BEARING KIT,,1KD-FTV,,,DELANTERO,,VKBA 6900 A,Versión: 3.0 TDI | Motor: 1KD-FTV | Combustible: DIESEL | Ubicación: DELANTERO
DAYCO,KWD1392,Rodamiento de rueda,RODAMIENTO,TOYOTA,HILUX,2015 ->,Versión: 2.8 TDI AT | Motor: 1GD | Combustible: DIESEL | SKF I: VKBA 6900 A | Ubicación: DELANTERO,VKBA 6900 A,,https://www.dayco.com/la-es/catalog/?search=KWD1392,Rueda,WHEEL BEARING KIT,,1GD,,,DELANTERO,,VKBA 6900 A,Versión: 2.8 TDI AT | Motor: 1GD | Combustible: DIESEL | Ubicación: DELANTERO
DAYCO,KWD1392,Rodamiento de rueda,RODAMIENTO,TOYOTA,HILUX,2015 ->,Versión: 2.8 TDI MT | Motor: 1GD | Combustible: DIESEL | SKF I: VKBA 6900 A | Ubicación: DELANTERO,VKBA 6900 A,,https://www.dayco.com/la-es/catalog/?search=KWD1392,Rueda,WHEEL BEARING KIT,,1GD,,,DELANTERO,,VKBA 6900 A,Versión: 2.8 TDI MT | Motor: 1GD | Combustible: DIESEL | Ubicación: DELANTERO
DAYCO,KWD1392,Rodamiento de rueda,RODAMIENTO,TOYOTA,HILUX,2015 ->,Versión: 2.4 TDI | Motor: 2GD | Combustible: DIESEL | SKF I: VKBA 6900 A | Ubicación: DELANTERO,VKBA 6900 A,,https://www.dayco.com/la-es/catalog/?search=KWD1392,Rueda,WHEEL BEARING KIT,,2GD,,,DELANTERO,,VKBA 6900 A,Versión: 2.4 TDI | Motor: 2GD | Combustible: DIESEL | Ubicación: DELANTERO
DAYCO,KWD1392,Rodamiento de rueda,RODAMIENTO,TOYOTA,HILUX,2016 ->,Versión: 2.4 TDI | Motor: 2GD | Combustible: DIESEL | SKF I: VKBA 6900 A | Ubicación: DELANTERO,VKBA 6900 A,,https://www.dayco.com/la-es/catalog/?search=KWD1392,Rueda,WHEEL BEARING KIT,,2GD,,,DELANTERO,,VKBA 6900 A,Versión: 2.4 TDI | Motor: 2GD | Combustible: DIESEL | Ubicación: DELANTERO
DAYCO,KWD1392,Rodamiento de rueda,RODAMIENTO,TOYOTA,HILUX,2016 ->,Versión: 2.8 TDI MT | Motor: 1GD | Combustible: DIESEL | SKF I: VKBA 6900 A | Ubicación: DELANTERO,VKBA 6900 A,,https://www.dayco.com/la-es/catalog/?search=KWD1392,Rueda,WHEEL BEARING KIT,,1GD,,,DELANTERO,,VKBA 6900 A,Versión: 2.8 TDI MT | Motor: 1GD | Combustible: DIESEL | Ubicación: DELANTERO
DAYCO,KWD1392,Rodamiento de rueda,RODAMIENTO,TOYOTA,HILUX,2018 -> 2022,Versión: 2.8 TDI GR MT | Motor: 1GD | Combustible: DIESEL | SKF I: VKBA 6900 A | Ubicación: DELANTERO,VKBA 6900 A,,https://www.dayco.com/la-es/catalog/?search=KWD1392,Rueda,WHEEL BEARING KIT,,1GD,,,DELANTERO,,VKBA 6900 A,Versión: 2.8 TDI GR MT | Motor: 1GD | Combustible: DIESEL | Ubicación: DELANTERO
DAYCO,KWD1392,Rodamiento de rueda,RODAMIENTO,TOYOTA,HILUX,2020 ->,Versión: 2.4 TDI | Motor: 2GD | Combustible: DIESEL | SKF I: VKBA 6900 A | Ubicación: DELANTERO,VKBA 6900 A,,https://www.dayco.com/la-es/catalog/?search=KWD1392,Rueda,WHEEL BEARING KIT,,2GD,,,DELANTERO,,VKBA 6900 A,Versión: 2.4 TDI | Motor: 2GD | Combustible: DIESEL | Ubicación: DELANTERO
DAYCO,KWD1392,Rodamiento de rueda,RODAMIENTO,TOYOTA,HILUX,2020 ->,Versión: 4.0 V6 VVTI GR-S II 6AT | Motor: 1GR-FE | Combustible: DIESEL | SKF I: VKBA 6900 A | Ubicación: DELANTERO,VKBA 6900 A,,https://www.dayco.com/la-es/catalog/?search=KWD1392,Rueda,WHEEL BEARING KIT,,1GR-FE,,,DELANTERO,,VKBA 6900 A,Versión: 4.0 V6 VVTI GR-S II 6AT | Motor: 1GR-FE | Combustible: DIESEL | Ubicación: DELANTERO
DAYCO,KWD1392,Rodamiento de rueda,RODAMIENTO,TOYOTA,HILUX,2020 -> 2022,Versión: 2.8 TDI GR-S II 6AT | Motor: 1GD | Combustible: DIESEL | SKF I: VKBA 6900 A | Ubicación: DELANTERO,VKBA 6900 A,,https://www.dayco.com/la-es/catalog/?search=KWD1392,Rueda,WHEEL BEARING KIT,,1GD,,,DELANTERO,,VKBA 6900 A,Versión: 2.8 TDI GR-S II 6AT | Motor: 1GD | Combustible: DIESEL | Ubicación: DELANTERO
DAYCO,KWD1392,Rodamiento de rueda,RODAMIENTO,TOYOTA,HILUX,2021 -> 2022,Versión: 2.8 TDI 204CV MT | Motor: 1GD | Combustible: DIESEL | SKF I: VKBA 6900 A | Ubicación: DELANTERO,VKBA 6900 A,,https://www.dayco.com/la-es/catalog/?search=KWD1392,Rueda,WHEEL BEARING KIT,,1GD,,,DELANTERO,,VKBA 6900 A,Versión: 2.8 TDI 204CV MT | Motor: 1GD | Combustible: DIESEL | Ubicación: DELANTERO
DAYCO,KWD1392,Rodamiento de rueda,RODAMIENTO,TOYOTA,HILUX,2013 -> 2016,Versión: 2.7 VVT-I4 | Motor: 2TR-FE | Combustible: NAFTA | SKF I: VKBA 6900 A | Ubicación: DELANTERO,VKBA 6900 A,,https://www.dayco.com/la-es/catalog/?search=KWD1392,Rueda,WHEEL BEARING KIT,,2TR-FE,,,DELANTERO,,VKBA 6900 A,Versión: 2.7 VVT-I4 | Motor: 2TR-FE | Combustible: NAFTA | Ubicación: DELANTERO
DAYCO,KWD1503,Rodamiento de rueda,RODAMIENTO,TOYOTA,HILUX,2-2013 -> 4-2016,Versión: 2.7 VVT-I4 | Motor: 2TR-FE | Combustible: NAFTA | SKF I: VKBA6901 | SKF II: VKBA 6901 | Ubicación: TRASERO,VKBA6901 | VKBA 6901,,https://www.dayco.com/la-es/catalog/?search=KWD1503,Rueda,WHEEL BEARING KIT,,2TR-FE,,,TRASERO,,VKBA6901 | VKBA 6901,Versión: 2.7 VVT-I4 | Motor: 2TR-FE | Combustible: NAFTA | Ubicación: TRASERO
DAYCO,KWD1503,Rodamiento de rueda,RODAMIENTO,TOYOTA,HILUX,2-2013 -> 2-2016,Versión: 2.7 VVT-I4 | Motor: 2TR-FE | Combustible: NAFTA | SKF I: VKBA6901 | SKF II: VKBA 6901 | Ubicación: TRASERO,VKBA6901 | VKBA 6901,,https://www.dayco.com/la-es/catalog/?search=KWD1503,Rueda,WHEEL BEARING KIT,,2TR-FE,,,TRASERO,,VKBA6901 | VKBA 6901,Versión: 2.7 VVT-I4 | Motor: 2TR-FE | Combustible: NAFTA | Ubicación: TRASERO
DAYCO,KWD1503,Rodamiento de rueda,RODAMIENTO,TOYOTA,HILUX,6-2013 -> 12-2023,Versión: 3.0 TDI 177CV | Motor: 1KD-FTV | Combustible: DIESEL | SKF I: VKBA6901 | SKF II: VKBA 6901 | Ubicación: TRASERO,VKBA6901 | VKBA 6901,,https://www.dayco.com/la-es/catalog/?search=KWD1503,Rueda,WHEEL BEARING KIT,,1KD-FTV,,,TRASERO,,VKBA6901 | VKBA 6901,Versión: 3.0 TDI 177CV | Motor: 1KD-FTV | Combustible: DIESEL | Ubicación: TRASERO
DAYCO,KWD1503,Rodamiento de rueda,RODAMIENTO,TOYOTA,HILUX,12-2013 -> 2-2016,Versión: 3.0 TDI 177CV | Motor: 1KD-FTV | Combustible: DIESEL | SKF I: VKBA6901 | SKF II: VKBA 6901 | Ubicación: TRASERO,VKBA6901 | VKBA 6901,,https://www.dayco.com/la-es/catalog/?search=KWD1503,Rueda,WHEEL BEARING KIT,,1KD-FTV,,,TRASERO,,VKBA6901 | VKBA 6901,Versión: 3.0 TDI 177CV | Motor: 1KD-FTV | Combustible: DIESEL | Ubicación: TRASERO
DAYCO,KWD1503,Rodamiento de rueda,RODAMIENTO,TOYOTA,HILUX,10-2015 -> 2-2016,Versión: 3.0 TDI 177CV | Motor: 1KD-FTV | Combustible: DIESEL | SKF I: VKBA6901 | SKF II: VKBA 6901 | Ubicación: TRASERO,VKBA6901 | VKBA 6901,,https://www.dayco.com/la-es/catalog/?search=KWD1503,Rueda,WHEEL BEARING KIT,,1KD-FTV,,,TRASERO,,VKBA6901 | VKBA 6901,Versión: 3.0 TDI 177CV | Motor: 1KD-FTV | Combustible: DIESEL | Ubicación: TRASERO
DAYCO,KWD1503,Rodamiento de rueda,RODAMIENTO,TOYOTA,HILUX,4-1992 -> 10-1997,Versión: 2.4D | Motor: 2L | Combustible: DIESEL | SKF I: VKBA6901 | SKF II: VKBA 6901 | Ubicación: TRASERO,VKBA6901 | VKBA 6901,,https://www.dayco.com/la-es/catalog/?search=KWD1503,Rueda,WHEEL BEARING KIT,,2L,,,TRASERO,,VKBA6901 | VKBA 6901,Versión: 2.4D | Motor: 2L | Combustible: DIESEL | Ubicación: TRASERO
DAYCO,KWD1503,Rodamiento de rueda,RODAMIENTO,TOYOTA,HILUX,2-2005 -> 11-2016,Versión: 2.5 TD | Motor: 2KD-FTV | Combustible: DIESEL | SKF I: VKBA6901 | SKF II: VKBA 6901 | Ubicación: TRASERO,VKBA6901 | VKBA 6901,,https://www.dayco.com/la-es/catalog/?search=KWD1503,Rueda,WHEEL BEARING KIT,,2KD-FTV,,,TRASERO,,VKBA6901 | VKBA 6901,Versión: 2.5 TD | Motor: 2KD-FTV | Combustible: DIESEL | Ubicación: TRASERO
DAYCO,KWD1503,Rodamiento de rueda,RODAMIENTO,TOYOTA,HILUX,2-2005 -> 3-2015,Versión: 3.0 TDI | Motor: 1KD-FTV | Combustible: DIESEL | SKF I: VKBA6901 | SKF II: VKBA 6901 | Ubicación: TRASERO,VKBA6901 | VKBA 6901,,https://www.dayco.com/la-es/catalog/?search=KWD1503,Rueda,WHEEL BEARING KIT,,1KD-FTV,,,TRASERO,,VKBA6901 | VKBA 6901,Versión: 3.0 TDI | Motor: 1KD-FTV | Combustible: DIESEL | Ubicación: TRASERO
DAYCO,KWD1503,Rodamiento de rueda,RODAMIENTO,TOYOTA,HILUX,8-2005 -> 7-2014,Versión: 3.0 TDI | Motor: 1KD-FTV | Combustible: DIESEL | SKF I: VKBA6901 | SKF II: VKBA 6901 | Ubicación: TRASERO,VKBA6901 | VKBA 6901,,https://www.dayco.com/la-es/catalog/?search=KWD1503,Rueda,WHEEL BEARING KIT,,1KD-FTV,,,TRASERO,,VKBA6901 | VKBA 6901,Versión: 3.0 TDI | Motor: 1KD-FTV | Combustible: DIESEL | Ubicación: TRASERO
DAYCO,KWD1552,Rodamiento de rueda,RODAMIENTO,VOLKSWAGEN,AMAROK,2009 -> 2012,Versión: 2.0 TDI BIT 163CV | Motor: CDCA | Combustible: DIESEL | SKF I: VKBA 6746 | Ubicación: DELANTERO,VKBA 6746,,https://www.dayco.com/la-es/catalog/?search=KWD1552,Rueda,WHEEL BEARING KIT,,CDCA,,,DELANTERO,,VKBA 6746,Versión: 2.0 TDI BIT 163CV | Motor: CDCA | Combustible: DIESEL | Ubicación: DELANTERO
DAYCO,KWD1552,Rodamiento de rueda,RODAMIENTO,VOLKSWAGEN,AMAROK,2010 -> 2013,Versión: 2.0 TDI 122CV | Motor: CDB | Combustible: DIESEL | SKF I: VKBA 6746 | Ubicación: DELANTERO,VKBA 6746,,https://www.dayco.com/la-es/catalog/?search=KWD1552,Rueda,WHEEL BEARING KIT,,CDB,,,DELANTERO,,VKBA 6746,Versión: 2.0 TDI 122CV | Motor: CDB | Combustible: DIESEL | Ubicación: DELANTERO
DAYCO,KWD1552,Rodamiento de rueda,RODAMIENTO,VOLKSWAGEN,AMAROK,2012 -> 2017,Versión: 2.0 TDI 140CV | Motor: CNF | Combustible: DIESEL | SKF I: VKBA 6746 | Ubicación: DELANTERO,VKBA 6746,,https://www.dayco.com/la-es/catalog/?search=KWD1552,Rueda,WHEEL BEARING KIT,,CNF,,,DELANTERO,,VKBA 6746,Versión: 2.0 TDI 140CV | Motor: CNF | Combustible: DIESEL | Ubicación: DELANTERO
DAYCO,KWD1552,Rodamiento de rueda,RODAMIENTO,VOLKSWAGEN,AMAROK,2012 ->,Versión: 2.0 TDI BIT 180CV MT | Motor: CNEA | Combustible: DIESEL | SKF I: VKBA 6746 | Ubicación: DELANTERO,VKBA 6746,,https://www.dayco.com/la-es/catalog/?search=KWD1552,Rueda,WHEEL BEARING KIT,,CNEA,,,DELANTERO,,VKBA 6746,Versión: 2.0 TDI BIT 180CV MT | Motor: CNEA | Combustible: DIESEL | Ubicación: DELANTERO
DAYCO,KWD1013,Rodamiento de rueda,RODAMIENTO,VOLKSWAGEN,BORA,2005 -> 2016,Versión: 1.9 TDI | Motor: AXR | Combustible: DIESEL | SKF I: VKBA 3456 | SKF II: BAF-4104 BBX | Ubicación: TRASERO,VKBA 3456 | BAF-4104 BBX,,https://www.dayco.com/la-es/catalog/?search=KWD1013,Rueda,WHEEL BEARING KIT,,AXR,,,TRASERO,,VKBA 3456 | BAF-4104 BBX,Versión: 1.9 TDI | Motor: AXR | Combustible: DIESEL | Ubicación: TRASERO
DAYCO,KWD1013,Rodamiento de rueda,RODAMIENTO,VOLKSWAGEN,BORA,2003 -> 2016,Versión: 1.8 T | Motor: BEK/AWP/AUQ | Combustible: NAFTA | SKF I: VKBA 3456 | SKF II: BAF-4104 BBX | Ubicación: TRASERO,VKBA 3456 | BAF-4104 BBX,,https://www.dayco.com/la-es/catalog/?search=KWD1013,Rueda,WHEEL BEARING KIT,,BEK/AWP/AUQ,,,TRASERO,,VKBA 3456 | BAF-4104 BBX,Versión: 1.8 T | Motor: BEK/AWP/AUQ | Combustible: NAFTA | Ubicación: TRASERO
DAYCO,KWD1013,Rodamiento de rueda,RODAMIENTO,VOLKSWAGEN,BORA,2000 -> 2006,Versión: 1.9 TDI | Motor: BEW/ALH | Combustible: DIESEL | SKF I: VKBA 3456 | SKF II: BAF-4104 BBX | Ubicación: TRASERO,VKBA 3456 | BAF-4104 BBX,,https://www.dayco.com/la-es/catalog/?search=KWD1013,Rueda,WHEEL BEARING KIT,,BEW/ALH,,,TRASERO,,VKBA 3456 | BAF-4104 BBX,Versión: 1.9 TDI | Motor: BEW/ALH | Combustible: DIESEL | Ubicación: TRASERO
DAYCO,KWD1013,Rodamiento de rueda,RODAMIENTO,VOLKSWAGEN,BORA,2000 -> 2016,Versión: 2.0 | Motor: BER/CBPA | Combustible: NAFTA | SKF I: VKBA 3456 | SKF II: BAF-4104 BBX | Ubicación: TRASERO,VKBA 3456 | BAF-4104 BBX,,https://www.dayco.com/la-es/catalog/?search=KWD1013,Rueda,WHEEL BEARING KIT,,BER/CBPA,,,TRASERO,,VKBA 3456 | BAF-4104 BBX,Versión: 2.0 | Motor: BER/CBPA | Combustible: NAFTA | Ubicación: TRASERO
DAYCO,KWD1012,Rodamiento de rueda,RODAMIENTO,VOLKSWAGEN,BORA,6-2003 -> 4-2016,Versión: 1.8 T | Motor: BEK/AWP/AUQ | Combustible: NAFTA | SKF I: BAH-0049 | SKF II: VKBC 20090 | Ubicación: DELANTERO | ABS: C/ABS,BAH-0049 | VKBC 20090,,https://www.dayco.com/la-es/catalog/?search=KWD1012,Rueda,WHEEL BEARING KIT,,BEK/AWP/AUQ,,,DELANTERO,C/ABS,BAH-0049 | VKBC 20090,Versión: 1.8 T | Motor: BEK/AWP/AUQ | Combustible: NAFTA | Ubicación: DELANTERO | ABS: C/ABS
DAYCO,KWD1012,Rodamiento de rueda,RODAMIENTO,VOLKSWAGEN,BORA,5-2000 -> 4-2006,Versión: 1.9 TDI | Motor: BEW/ALH | Combustible: DIESEL | SKF I: BAH-0049 | SKF II: VKBC 20090 | Ubicación: DELANTERO | ABS: C/ABS,BAH-0049 | VKBC 20090,,https://www.dayco.com/la-es/catalog/?search=KWD1012,Rueda,WHEEL BEARING KIT,,BEW/ALH,,,DELANTERO,C/ABS,BAH-0049 | VKBC 20090,Versión: 1.9 TDI | Motor: BEW/ALH | Combustible: DIESEL | Ubicación: DELANTERO | ABS: C/ABS
DAYCO,KWD1012,Rodamiento de rueda,RODAMIENTO,VOLKSWAGEN,BORA,5-2000 -> 4-2016,Versión: 2.0 | Motor: BER/CBPA | Combustible: NAFTA | SKF I: BAH-0049 | SKF II: VKBC 20090 | Ubicación: DELANTERO | ABS: C/ABS,BAH-0049 | VKBC 20090,,https://www.dayco.com/la-es/catalog/?search=KWD1012,Rueda,WHEEL BEARING KIT,,BER/CBPA,,,DELANTERO,C/ABS,BAH-0049 | VKBC 20090,Versión: 2.0 | Motor: BER/CBPA | Combustible: NAFTA | Ubicación: DELANTERO | ABS: C/ABS
DAYCO,KWD1012,Rodamiento de rueda,RODAMIENTO,VOLKSWAGEN,BORA,5-2005 -> 4-2016,Versión: 1.9 TDI | Motor: AXR | Combustible: DIESEL | SKF I: BAH-0049 | SKF II: VKBC 20090 | Ubicación: DELANTERO | ABS: C/ABS,BAH-0049 | VKBC 20090,,https://www.dayco.com/la-es/catalog/?search=KWD1012,Rueda,WHEEL BEARING KIT,,AXR,,,DELANTERO,C/ABS,BAH-0049 | VKBC 20090,Versión: 1.9 TDI | Motor: AXR | Combustible: DIESEL | Ubicación: DELANTERO | ABS: C/ABS
DAYCO,KWD1037,Rodamiento de rueda,RODAMIENTO,VOLKSWAGEN,CADDY,1998 -> 2009,Versión: 1.9 D | Motor: EA086 1.9SD 1Y | Combustible: DIESEL | SKF I: VKBA 1358 | SKF II: BAHB 311443 B | Ubicación: DELANTERO,VKBA 1358 | BAHB 311443 B,,https://www.dayco.com/la-es/catalog/?search=KWD1037,Rueda,WHEEL BEARING KIT,,EA086 1.9SD 1Y,,,DELANTERO,,VKBA 1358 | BAHB 311443 B,Versión: 1.9 D | Motor: EA086 1.9SD 1Y | Combustible: DIESEL | Ubicación: DELANTERO
DAYCO,KWD1037,Rodamiento de rueda,RODAMIENTO,VOLKSWAGEN,CADDY,1998 -> 2010,Versión: 1.6 MI | Motor: EA827 UVC | Combustible: NAFTA | SKF I: VKBA 1358 | SKF II: BAHB 311443 B | Ubicación: DELANTERO,VKBA 1358 | BAHB 311443 B,,https://www.dayco.com/la-es/catalog/?search=KWD1037,Rueda,WHEEL BEARING KIT,,EA827 UVC,,,DELANTERO,,VKBA 1358 | BAHB 311443 B,Versión: 1.6 MI | Motor: EA827 UVC | Combustible: NAFTA | Ubicación: DELANTERO
DAYCO,KWD1505,Rodamiento de rueda,RODAMIENTO,VOLKSWAGEN,CADDY,2-1998 -> 4-2009,Versión: 1.9 D | Motor: EA086 1.9SD 1Y | Combustible: DIESEL | SKF I: VKBA 4529 | SKF II: VKBA 4529 | Ubicación: TRASERO,VKBA 4529 | VKBA 4529,,https://www.dayco.com/la-es/catalog/?search=KWD1505,Rueda,WHEEL BEARING KIT,,EA086 1.9SD 1Y,,,TRASERO,,VKBA 4529 | VKBA 4529,Versión: 1.9 D | Motor: EA086 1.9SD 1Y | Combustible: DIESEL | Ubicación: TRASERO
DAYCO,KWD1505,Rodamiento de rueda,RODAMIENTO,VOLKSWAGEN,CADDY,2-1998 -> 12-2010,Versión: 1.6 MI | Motor: EA827 UVC | Combustible: NAFTA | SKF I: VKBA 4529 | SKF II: VKBA 4529 | Ubicación: TRASERO,VKBA 4529 | VKBA 4529,,https://www.dayco.com/la-es/catalog/?search=KWD1505,Rueda,WHEEL BEARING KIT,,EA827 UVC,,,TRASERO,,VKBA 4529 | VKBA 4529,Versión: 1.6 MI | Motor: EA827 UVC | Combustible: NAFTA | Ubicación: TRASERO
DAYCO,KWD1064,Rodamiento de rueda,RODAMIENTO,VOLKSWAGEN,CROSSFOX,2005 -> 2016,Versión: 1.6 8V | Motor: EA111 BAH/CFZ | Combustible: NAFTA | SKF I: VKBA 4501 | SKF II: VKBA 4501 | Ubicación: DELANTERO | ABS: C/ABS,VKBA 4501 | VKBA 4501,,https://www.dayco.com/la-es/catalog/?search=KWD1064,Rueda,WHEEL BEARING KIT,,EA111 BAH/CFZ,,,DELANTERO,C/ABS,VKBA 4501 | VKBA 4501,Versión: 1.6 8V | Motor: EA111 BAH/CFZ | Combustible: NAFTA | Ubicación: DELANTERO | ABS: C/ABS
DAYCO,KWD1064,Rodamiento de rueda,RODAMIENTO,VOLKSWAGEN,CROSSFOX,10-2005 -> 1-2016,Versión: 1.6 8V | Motor: EA111 BAH/CFZ | Combustible: NAFTA | SKF I: BAH-0036 | SKF II: BAH-0036/VK210 | Ubicación: DELANTERO | ABS: C/ABS,BAH-0036 | BAH-0036/VK210,,https://www.dayco.com/la-es/catalog/?search=KWD1064,Rueda,WHEEL BEARING KIT,,EA111 BAH/CFZ,,,DELANTERO,C/ABS,BAH-0036 | BAH-0036/VK210,Versión: 1.6 8V | Motor: EA111 BAH/CFZ | Combustible: NAFTA | Ubicación: DELANTERO | ABS: C/ABS
DAYCO,KWD1006,Rodamiento de rueda,RODAMIENTO,VOLKSWAGEN,CROSSFOX,10-2005 -> 1-2016,Versión: 1.6 8V | Motor: EA111 BAH/CFZ | Combustible: NAFTA | SKF I: VKBC3567 | SKF II: VKBC 3567 | Ubicación: TRASERO | ABS: C/ABS,VKBC3567 | VKBC 3567,,https://www.dayco.com/la-es/catalog/?search=KWD1006,Rueda,WHEEL BEARING KIT,,EA111 BAH/CFZ,,,TRASERO,C/ABS,VKBC3567 | VKBC 3567,Versión: 1.6 8V | Motor: EA111 BAH/CFZ | Combustible: NAFTA | Ubicación: TRASERO | ABS: C/ABS
DAYCO,KWD1004,Rodamiento de rueda,RODAMIENTO,VOLKSWAGEN,CROSSFOX,10-2005 -> 1-2016,Versión: 1.6 8V | Motor: EA111 BAH/CFZ | Combustible: NAFTA | SKF I: VKBA3569 | SKF II: VKBA 3569 | Ubicación: DELANTERO | ABS: C/ABS,VKBA3569 | VKBA 3569,,https://www.dayco.com/la-es/catalog/?search=KWD1004,Rueda,WHEEL BEARING KIT,,EA111 BAH/CFZ,,,DELANTERO,C/ABS,VKBA3569 | VKBA 3569,Versión: 1.6 8V | Motor: EA111 BAH/CFZ | Combustible: NAFTA | Ubicación: DELANTERO | ABS: C/ABS
DAYCO,KWD1004,Rodamiento de rueda,RODAMIENTO,VOLKSWAGEN,CROSSFOX,3-2015 -> 7-2017,Versión: 1.6 16V MSI | Motor: EA112 CWSA | Combustible: NAFTA | SKF I: VKBA3569 | SKF II: VKBA 3569 | Ubicación: DELANTERO | ABS: C/ABS,VKBA3569 | VKBA 3569,,https://www.dayco.com/la-es/catalog/?search=KWD1004,Rueda,WHEEL BEARING KIT,,EA112 CWSA,,,DELANTERO,C/ABS,VKBA3569 | VKBA 3569,Versión: 1.6 16V MSI | Motor: EA112 CWSA | Combustible: NAFTA | Ubicación: DELANTERO | ABS: C/ABS
DAYCO,KWD1064,Rodamiento de rueda,RODAMIENTO,VOLKSWAGEN,FOX,2003 -> 2015,Versión: 1.6 8V | Motor: EA111 BAH/CFZ | Combustible: NAFTA | SKF I: VKBA 4501 | SKF II: VKBA 4501 | Ubicación: DELANTERO | ABS: C/ABS,VKBA 4501 | VKBA 4501,,https://www.dayco.com/la-es/catalog/?search=KWD1064,Rueda,WHEEL BEARING KIT,,EA111 BAH/CFZ,,,DELANTERO,C/ABS,VKBA 4501 | VKBA 4501,Versión: 1.6 8V | Motor: EA111 BAH/CFZ | Combustible: NAFTA | Ubicación: DELANTERO | ABS: C/ABS
DAYCO,KWD1064,Rodamiento de rueda,RODAMIENTO,VOLKSWAGEN,FOX,2008 -> 2010,Versión: 1.9 SDI | Motor: ASY | Combustible: DIESEL | SKF I: VKBA 4501 | SKF II: VKBA 4501 | Ubicación: DELANTERO | ABS: C/ABS,VKBA 4501 | VKBA 4501,,https://www.dayco.com/la-es/catalog/?search=KWD1064,Rueda,WHEEL BEARING KIT,,ASY,,,DELANTERO,C/ABS,VKBA 4501 | VKBA 4501,Versión: 1.9 SDI | Motor: ASY | Combustible: DIESEL | Ubicación: DELANTERO | ABS: C/ABS
DAYCO,KWD1064,Rodamiento de rueda,RODAMIENTO,VOLKSWAGEN,FOX,10-2003 -> 11-2015,Versión: 1.6 8V | Motor: EA111 BAH/CFZ | Combustible: NAFTA | SKF I: BAH-0036 | SKF II: BAH-0036/VK210 | Ubicación: DELANTERO | ABS: C/ABS,BAH-0036 | BAH-0036/VK210,,https://www.dayco.com/la-es/catalog/?search=KWD1064,Rueda,WHEEL BEARING KIT,,EA111 BAH/CFZ,,,DELANTERO,C/ABS,BAH-0036 | BAH-0036/VK210,Versión: 1.6 8V | Motor: EA111 BAH/CFZ | Combustible: NAFTA | Ubicación: DELANTERO | ABS: C/ABS
DAYCO,KWD1006,Rodamiento de rueda,RODAMIENTO,VOLKSWAGEN,FOX,10-2003 -> 11-2015,Versión: 1.6 8V | Motor: EA111 BAH/CFZ | Combustible: NAFTA | SKF I: VKBC3567 | SKF II: VKBC 3567 | Ubicación: TRASERO | ABS: C/ABS,VKBC3567 | VKBC 3567,,https://www.dayco.com/la-es/catalog/?search=KWD1006,Rueda,WHEEL BEARING KIT,,EA111 BAH/CFZ,,,TRASERO,C/ABS,VKBC3567 | VKBC 3567,Versión: 1.6 8V | Motor: EA111 BAH/CFZ | Combustible: NAFTA | Ubicación: TRASERO | ABS: C/ABS
DAYCO,KWD1004,Rodamiento de rueda,RODAMIENTO,VOLKSWAGEN,FOX,10-2003 -> 11-2015,Versión: 1.6 8V | Motor: EA111 BAH/CFZ | Combustible: NAFTA | SKF I: VKBA3569 | SKF II: VKBA 3569 | Ubicación: DELANTERO | ABS: C/ABS,VKBA3569 | VKBA 3569,,https://www.dayco.com/la-es/catalog/?search=KWD1004,Rueda,WHEEL BEARING KIT,,EA111 BAH/CFZ,,,DELANTERO,C/ABS,VKBA3569 | VKBA 3569,Versión: 1.6 8V | Motor: EA111 BAH/CFZ | Combustible: NAFTA | Ubicación: DELANTERO | ABS: C/ABS
DAYCO,KWD1004,Rodamiento de rueda,RODAMIENTO,VOLKSWAGEN,FOX,8-2008 -> 3-2010,Versión: 1.9 SDI | Motor: ASY | Combustible: DIESEL | SKF I: VKBA3569 | SKF II: VKBA 3569 | Ubicación: DELANTERO | ABS: C/ABS,VKBA3569 | VKBA 3569,,https://www.dayco.com/la-es/catalog/?search=KWD1004,Rueda,WHEEL BEARING KIT,,ASY,,,DELANTERO,C/ABS,VKBA3569 | VKBA 3569,Versión: 1.9 SDI | Motor: ASY | Combustible: DIESEL | Ubicación: DELANTERO | ABS: C/ABS
DAYCO,KWD1004,Rodamiento de rueda,RODAMIENTO,VOLKSWAGEN,FOX,5-2015 -> 10-2021,Versión: 1.6 16V MSI | Motor: EA112 CWSA | Combustible: NAFTA | SKF I: VKBA3569 | SKF II: VKBA 3569 | Ubicación: DELANTERO | ABS: C/ABS,VKBA3569 | VKBA 3569,,https://www.dayco.com/la-es/catalog/?search=KWD1004,Rueda,WHEEL BEARING KIT,,EA112 CWSA,,,DELANTERO,C/ABS,VKBA3569 | VKBA 3569,Versión: 1.6 16V MSI | Motor: EA112 CWSA | Combustible: NAFTA | Ubicación: DELANTERO | ABS: C/ABS
DAYCO,KWD1399,Rodamiento de rueda,RODAMIENTO,VOLKSWAGEN,GOL,1991 -> 1996,Versión: 1.6 CFI | Motor: AP 1.6 | Combustible: NAFTA | SKF I: VKBA 4500 | SKF II: VKBC 20070/ BAHB 311315 | Ubicación: DELANTERO,VKBA 4500 | VKBC 20070/ BAHB 311315,,https://www.dayco.com/la-es/catalog/?search=KWD1399,Rueda,WHEEL BEARING KIT,,AP 1.6,,,DELANTERO,,VKBA 4500 | VKBC 20070/ BAHB 311315,Versión: 1.6 CFI | Motor: AP 1.6 | Combustible: NAFTA | Ubicación: DELANTERO
DAYCO,KWD1399,Rodamiento de rueda,RODAMIENTO,VOLKSWAGEN,GOL,1993 -> 1995,Versión: 1.8 GL | Motor: AP 1.8 | Combustible: NAFTA | SKF I: VKBA 4500 | SKF II: VKBC 20070/ BAHB 311315 | Ubicación: DELANTERO,VKBA 4500 | VKBC 20070/ BAHB 311315,,https://www.dayco.com/la-es/catalog/?search=KWD1399,Rueda,WHEEL BEARING KIT,,AP 1.8,,,DELANTERO,,VKBA 4500 | VKBC 20070/ BAHB 311315,Versión: 1.8 GL | Motor: AP 1.8 | Combustible: NAFTA | Ubicación: DELANTERO
DAYCO,KWD1399,Rodamiento de rueda,RODAMIENTO,VOLKSWAGEN,GOL,1991 -> 1994,Versión: 2.0 | Motor: AP 2.0 UGA | Combustible: NAFTA | SKF I: VKBA 4500 | SKF II: VKBC 20070/ BAHB 311315 | Ubicación: DELANTERO,VKBA 4500 | VKBC 20070/ BAHB 311315,,https://www.dayco.com/la-es/catalog/?search=KWD1399,Rueda,WHEEL BEARING KIT,,AP 2.0 UGA,,,DELANTERO,,VKBA 4500 | VKBC 20070/ BAHB 311315,Versión: 2.0 | Motor: AP 2.0 UGA | Combustible: NAFTA | Ubicación: DELANTERO
DAYCO,KWD1399,Rodamiento de rueda,RODAMIENTO,VOLKSWAGEN,GOL,1995 -> 1998,Versión: 1.6 D | Motor: AP 1.6D BE | Combustible: DIESEL | SKF I: VKBA 4500 | SKF II: VKBC 20070/ BAHB 311315 | Ubicación: DELANTERO,VKBA 4500 | VKBC 20070/ BAHB 311315,,https://www.dayco.com/la-es/catalog/?search=KWD1399,Rueda,WHEEL BEARING KIT,,AP 1.6D BE,,,DELANTERO,,VKBA 4500 | VKBC 20070/ BAHB 311315,Versión: 1.6 D | Motor: AP 1.6D BE | Combustible: DIESEL | Ubicación: DELANTERO
DAYCO,KWD1399,Rodamiento de rueda,RODAMIENTO,VOLKSWAGEN,GOL,1995 -> 1998,Versión: 1.6 CFI | Motor: AP 1.6I | Combustible: NAFTA | SKF I: VKBA 4500 | SKF II: VKBC 20070/ BAHB 311315 | Ubicación: DELANTERO,VKBA 4500 | VKBC 20070/ BAHB 311315,,https://www.dayco.com/la-es/catalog/?search=KWD1399,Rueda,WHEEL BEARING KIT,,AP 1.6I,,,DELANTERO,,VKBA 4500 | VKBC 20070/ BAHB 311315,Versión: 1.6 CFI | Motor: AP 1.6I | Combustible: NAFTA | Ubicación: DELANTERO
DAYCO,KWD1399,Rodamiento de rueda,RODAMIENTO,VOLKSWAGEN,GOL,1996 -> 1999,Versión: 1.6 MI | Motor: EA827 UNF | Combustible: NAFTA | SKF I: VKBA 4500 | SKF II: VKBC 20070/ BAHB 311315 | Ubicación: DELANTERO,VKBA 4500 | VKBC 20070/ BAHB 311315,,https://www.dayco.com/la-es/catalog/?search=KWD1399,Rueda,WHEEL BEARING KIT,,EA827 UNF,,,DELANTERO,,VKBA 4500 | VKBC 20070/ BAHB 311315,Versión: 1.6 MI | Motor: EA827 UNF | Combustible: NAFTA | Ubicación: DELANTERO
DAYCO,KWD1399,Rodamiento de rueda,RODAMIENTO,VOLKSWAGEN,GOL,1997 -> 1998,Versión: 1.6 CFI | Motor: AP 1.6 | Combustible: NAFTA | SKF I: VKBA 4500 | SKF II: VKBC 20070/ BAHB 311315 | Ubicación: DELANTERO,VKBA 4500 | VKBC 20070/ BAHB 311315,,https://www.dayco.com/la-es/catalog/?search=KWD1399,Rueda,WHEEL BEARING KIT,,AP 1.6,,,DELANTERO,,VKBA 4500 | VKBC 20070/ BAHB 311315,Versión: 1.6 CFI | Motor: AP 1.6 | Combustible: NAFTA | Ubicación: DELANTERO
DAYCO,KWD1399,Rodamiento de rueda,RODAMIENTO,VOLKSWAGEN,GOL,1995 -> 1997,Versión: 1.8 CFI | Motor: AP 1.8I | Combustible: NAFTA | SKF I: VKBA 4500 | SKF II: VKBC 20070/ BAHB 311315 | Ubicación: DELANTERO,VKBA 4500 | VKBC 20070/ BAHB 311315,,https://www.dayco.com/la-es/catalog/?search=KWD1399,Rueda,WHEEL BEARING KIT,,AP 1.8I,,,DELANTERO,,VKBA 4500 | VKBC 20070/ BAHB 311315,Versión: 1.8 CFI | Motor: AP 1.8I | Combustible: NAFTA | Ubicación: DELANTERO
DAYCO,KWD1399,Rodamiento de rueda,RODAMIENTO,VOLKSWAGEN,GOL,1997 -> 1999,Versión: 1.8 MI | Motor: EA827 UDH/UDD | Combustible: NAFTA | SKF I: VKBA 4500 | SKF II: VKBC 20070/ BAHB 311315 | Ubicación: DELANTERO,VKBA 4500 | VKBC 20070/ BAHB 311315,,https://www.dayco.com/la-es/catalog/?search=KWD1399,Rueda,WHEEL BEARING KIT,,EA827 UDH/UDD,,,DELANTERO,,VKBA 4500 | VKBC 20070/ BAHB 311315,Versión: 1.8 MI | Motor: EA827 UDH/UDD | Combustible: NAFTA | Ubicación: DELANTERO
DAYCO,KWD1399,Rodamiento de rueda,RODAMIENTO,VOLKSWAGEN,GOL,1998 -> 1998,Versión: 1.9 D | Motor: EA086 1.9SD 1Y | Combustible: DIESEL | SKF I: VKBA 4500 | SKF II: VKBC 20070/ BAHB 311315 | Ubicación: DELANTERO,VKBA 4500 | VKBC 20070/ BAHB 311315,,https://www.dayco.com/la-es/catalog/?search=KWD1399,Rueda,WHEEL BEARING KIT,,EA086 1.9SD 1Y,,,DELANTERO,,VKBA 4500 | VKBC 20070/ BAHB 311315,Versión: 1.9 D | Motor: EA086 1.9SD 1Y | Combustible: DIESEL | Ubicación: DELANTERO
DAYCO,KWD1399,Rodamiento de rueda,RODAMIENTO,VOLKSWAGEN,GOL,1995 -> 1999,Versión: 2.0 16V | Motor: EA827 AFL | Combustible: NAFTA | SKF I: VKBA 4500 | SKF II: VKBC 20070/ BAHB 311315 | Ubicación: DELANTERO,VKBA 4500 | VKBC 20070/ BAHB 311315,,https://www.dayco.com/la-es/catalog/?search=KWD1399,Rueda,WHEEL BEARING KIT,,EA827 AFL,,,DELANTERO,,VKBA 4500 | VKBC 20070/ BAHB 311315,Versión: 2.0 16V | Motor: EA827 AFL | Combustible: NAFTA | Ubicación: DELANTERO
DAYCO,KWD1399,Rodamiento de rueda,RODAMIENTO,VOLKSWAGEN,GOL,1995 -> 1999,Versión: 2.0 | Motor: EA827 UQG | Combustible: NAFTA | SKF I: VKBA 4500 | SKF II: VKBC 20070/ BAHB 311315 | Ubicación: DELANTERO,VKBA 4500 | VKBC 20070/ BAHB 311315,,https://www.dayco.com/la-es/catalog/?search=KWD1399,Rueda,WHEEL BEARING KIT,,EA827 UQG,,,DELANTERO,,VKBA 4500 | VKBC 20070/ BAHB 311315,Versión: 2.0 | Motor: EA827 UQG | Combustible: NAFTA | Ubicación: DELANTERO
DAYCO,KWD1399,Rodamiento de rueda,RODAMIENTO,VOLKSWAGEN,GOL,1998 -> 1999,Versión: 1.9D | Motor: EA086 1.9SD | Combustible: DIESEL | SKF I: VKBA 4500 | SKF II: VKBC 20070/ BAHB 311315 | Ubicación: DELANTERO,VKBA 4500 | VKBC 20070/ BAHB 311315,,https://www.dayco.com/la-es/catalog/?search=KWD1399,Rueda,WHEEL BEARING KIT,,EA086 1.9SD,,,DELANTERO,,VKBA 4500 | VKBC 20070/ BAHB 311315,Versión: 1.9D | Motor: EA086 1.9SD | Combustible: DIESEL | Ubicación: DELANTERO
DAYCO,KWD1399,Rodamiento de rueda,RODAMIENTO,VOLKSWAGEN,GOL,1995 -> 1998,Versión: 1.8 MI | Motor: EA827 UDH | Combustible: NAFTA | SKF I: VKBA 4500 | SKF II: VKBC 20070/ BAHB 311315 | Ubicación: DELANTERO,VKBA 4500 | VKBC 20070/ BAHB 311315,,https://www.dayco.com/la-es/catalog/?search=KWD1399,Rueda,WHEEL BEARING KIT,,EA827 UDH,,,DELANTERO,,VKBA 4500 | VKBC 20070/ BAHB 311315,Versión: 1.8 MI | Motor: EA827 UDH | Combustible: NAFTA | Ubicación: DELANTERO
DAYCO,KWD1399,Rodamiento de rueda,RODAMIENTO,VOLKSWAGEN,GOL,1999 -> 2003,Versión: 1.0 MI | Motor: EA111 AFZ | Combustible: NAFTA | SKF I: VKBA 4500 | SKF II: VKBC 20070/ BAHB 311315 | Ubicación: DELANTERO,VKBA 4500 | VKBC 20070/ BAHB 311315,,https://www.dayco.com/la-es/catalog/?search=KWD1399,Rueda,WHEEL BEARING KIT,,EA111 AFZ,,,DELANTERO,,VKBA 4500 | VKBC 20070/ BAHB 311315,Versión: 1.0 MI | Motor: EA111 AFZ | Combustible: NAFTA | Ubicación: DELANTERO
DAYCO,KWD1399,Rodamiento de rueda,RODAMIENTO,VOLKSWAGEN,GOL,1999 -> 2001,Versión: 2.0 16V | Motor: EA827 AJE | Combustible: NAFTA | SKF I: VKBA 4500 | SKF II: VKBC 20070/ BAHB 311315 | Ubicación: DELANTERO,VKBA 4500 | VKBC 20070/ BAHB 311315,,https://www.dayco.com/la-es/catalog/?search=KWD1399,Rueda,WHEEL BEARING KIT,,EA827 AJE,,,DELANTERO,,VKBA 4500 | VKBC 20070/ BAHB 311315,Versión: 2.0 16V | Motor: EA827 AJE | Combustible: NAFTA | Ubicación: DELANTERO
DAYCO,KWD1399,Rodamiento de rueda,RODAMIENTO,VOLKSWAGEN,GOL,1998 -> 2011,Versión: 1.6 MI | Motor: EA827 UNF | Combustible: NAFTA | SKF I: VKBA 4500 | SKF II: VKBC 20070/ BAHB 311315 | Ubicación: DELANTERO,VKBA 4500 | VKBC 20070/ BAHB 311315,,https://www.dayco.com/la-es/catalog/?search=KWD1399,Rueda,WHEEL BEARING KIT,,EA827 UNF,,,DELANTERO,,VKBA 4500 | VKBC 20070/ BAHB 311315,Versión: 1.6 MI | Motor: EA827 UNF | Combustible: NAFTA | Ubicación: DELANTERO
DAYCO,KWD1399,Rodamiento de rueda,RODAMIENTO,VOLKSWAGEN,GOL,2002 -> 2009,Versión: 1.9 SD | Motor: EA086 1.9SD 1Y | Combustible: DIESEL | SKF I: VKBA 4500 | SKF II: VKBC 20070/ BAHB 311315 | Ubicación: DELANTERO,VKBA 4500 | VKBC 20070/ BAHB 311315,,https://www.dayco.com/la-es/catalog/?search=KWD1399,Rueda,WHEEL BEARING KIT,,EA086 1.9SD 1Y,,,DELANTERO,,VKBA 4500 | VKBC 20070/ BAHB 311315,Versión: 1.9 SD | Motor: EA086 1.9SD 1Y | Combustible: DIESEL | Ubicación: DELANTERO
DAYCO,KWD1399,Rodamiento de rueda,RODAMIENTO,VOLKSWAGEN,GOL,1998 -> 2003,Versión: 1.8 MI | Motor: EA827 UDH/UDD | Combustible: NAFTA | SKF I: VKBA 4500 | SKF II: VKBC 20070/ BAHB 311315 | Ubicación: DELANTERO,VKBA 4500 | VKBC 20070/ BAHB 311315,,https://www.dayco.com/la-es/catalog/?search=KWD1399,Rueda,WHEEL BEARING KIT,,EA827 UDH/UDD,,,DELANTERO,,VKBA 4500 | VKBC 20070/ BAHB 311315,Versión: 1.8 MI | Motor: EA827 UDH/UDD | Combustible: NAFTA | Ubicación: DELANTERO
DAYCO,KWD1399,Rodamiento de rueda,RODAMIENTO,VOLKSWAGEN,GOL,1998 -> 2009,Versión: 1.9 SD | Motor: EA086 1.9SD BGG | Combustible: DIESEL | SKF I: VKBA 4500 | SKF II: VKBC 20070/ BAHB 311315 | Ubicación: DELANTERO,VKBA 4500 | VKBC 20070/ BAHB 311315,,https://www.dayco.com/la-es/catalog/?search=KWD1399,Rueda,WHEEL BEARING KIT,,EA086 1.9SD BGG,,,DELANTERO,,VKBA 4500 | VKBC 20070/ BAHB 311315,Versión: 1.9 SD | Motor: EA086 1.9SD BGG | Combustible: DIESEL | Ubicación: DELANTERO
DAYCO,KWD1399,Rodamiento de rueda,RODAMIENTO,VOLKSWAGEN,GOL,2011 ->,Versión: 1.4 8V MI | Motor: CNBA | Combustible: NAFTA | SKF I: VKBA 4500 | SKF II: VKBC 20070/ BAHB 311315 | Ubicación: DELANTERO,VKBA 4500 | VKBC 20070/ BAHB 311315,,https://www.dayco.com/la-es/catalog/?search=KWD1399,Rueda,WHEEL BEARING KIT,,CNBA,,,DELANTERO,,VKBA 4500 | VKBC 20070/ BAHB 311315,Versión: 1.4 8V MI | Motor: CNBA | Combustible: NAFTA | Ubicación: DELANTERO
DAYCO,KWD1064,Rodamiento de rueda,RODAMIENTO,VOLKSWAGEN,GOL,2011 ->,Versión: 1.4 8V MI | Motor: CNBA | Combustible: NAFTA | SKF I: VKBA 4501 | SKF II: VKBA 4501 | Ubicación: DELANTERO | ABS: C/ABS,VKBA 4501 | VKBA 4501,,https://www.dayco.com/la-es/catalog/?search=KWD1064,Rueda,WHEEL BEARING KIT,,CNBA,,,DELANTERO,C/ABS,VKBA 4501 | VKBA 4501,Versión: 1.4 8V MI | Motor: CNBA | Combustible: NAFTA | Ubicación: DELANTERO | ABS: C/ABS
DAYCO,KWD1064,Rodamiento de rueda,RODAMIENTO,VOLKSWAGEN,GOL,1991 -> 1996,Versión: 1.6 CFI | Motor: AP 1.6 | Combustible: NAFTA | SKF I: VKBA 4501 | SKF II: VKBA 4501 | Ubicación: DELANTERO | ABS: C/ABS,VKBA 4501 | VKBA 4501,,https://www.dayco.com/la-es/catalog/?search=KWD1064,Rueda,WHEEL BEARING KIT,,AP 1.6,,,DELANTERO,C/ABS,VKBA 4501 | VKBA 4501,Versión: 1.6 CFI | Motor: AP 1.6 | Combustible: NAFTA | Ubicación: DELANTERO | ABS: C/ABS
DAYCO,KWD1064,Rodamiento de rueda,RODAMIENTO,VOLKSWAGEN,GOL,1993 -> 1995,Versión: 1.8 GL | Motor: AP 1.8 | Combustible: NAFTA | SKF I: VKBA 4501 | SKF II: VKBA 4501 | Ubicación: DELANTERO | ABS: C/ABS,VKBA 4501 | VKBA 4501,,https://www.dayco.com/la-es/catalog/?search=KWD1064,Rueda,WHEEL BEARING KIT,,AP 1.8,,,DELANTERO,C/ABS,VKBA 4501 | VKBA 4501,Versión: 1.8 GL | Motor: AP 1.8 | Combustible: NAFTA | Ubicación: DELANTERO | ABS: C/ABS
DAYCO,KWD1064,Rodamiento de rueda,RODAMIENTO,VOLKSWAGEN,GOL,1991 -> 1994,Versión: 2.0 | Motor: AP 2.0 UGA | Combustible: NAFTA | SKF I: VKBA 4501 | SKF II: VKBA 4501 | Ubicación: DELANTERO | ABS: C/ABS,VKBA 4501 | VKBA 4501,,https://www.dayco.com/la-es/catalog/?search=KWD1064,Rueda,WHEEL BEARING KIT,,AP 2.0 UGA,,,DELANTERO,C/ABS,VKBA 4501 | VKBA 4501,Versión: 2.0 | Motor: AP 2.0 UGA | Combustible: NAFTA | Ubicación: DELANTERO | ABS: C/ABS
DAYCO,KWD1064,Rodamiento de rueda,RODAMIENTO,VOLKSWAGEN,GOL,1995 -> 1998,Versión: 1.6 D | Motor: AP 1.6D BE | Combustible: DIESEL | SKF I: VKBA 4501 | SKF II: VKBA 4501 | Ubicación: DELANTERO | ABS: C/ABS,VKBA 4501 | VKBA 4501,,https://www.dayco.com/la-es/catalog/?search=KWD1064,Rueda,WHEEL BEARING KIT,,AP 1.6D BE,,,DELANTERO,C/ABS,VKBA 4501 | VKBA 4501,Versión: 1.6 D | Motor: AP 1.6D BE | Combustible: DIESEL | Ubicación: DELANTERO | ABS: C/ABS
DAYCO,KWD1064,Rodamiento de rueda,RODAMIENTO,VOLKSWAGEN,GOL,1995 -> 1998,Versión: 1.6 CFI | Motor: AP 1.6I | Combustible: NAFTA | SKF I: VKBA 4501 | SKF II: VKBA 4501 | Ubicación: DELANTERO | ABS: C/ABS,VKBA 4501 | VKBA 4501,,https://www.dayco.com/la-es/catalog/?search=KWD1064,Rueda,WHEEL BEARING KIT,,AP 1.6I,,,DELANTERO,C/ABS,VKBA 4501 | VKBA 4501,Versión: 1.6 CFI | Motor: AP 1.6I | Combustible: NAFTA | Ubicación: DELANTERO | ABS: C/ABS
DAYCO,KWD1064,Rodamiento de rueda,RODAMIENTO,VOLKSWAGEN,GOL,1996 -> 1999,Versión: 1.6 MI | Motor: EA827 UNF | Combustible: NAFTA | SKF I: VKBA 4501 | SKF II: VKBA 4501 | Ubicación: DELANTERO | ABS: C/ABS,VKBA 4501 | VKBA 4501,,https://www.dayco.com/la-es/catalog/?search=KWD1064,Rueda,WHEEL BEARING KIT,,EA827 UNF,,,DELANTERO,C/ABS,VKBA 4501 | VKBA 4501,Versión: 1.6 MI | Motor: EA827 UNF | Combustible: NAFTA | Ubicación: DELANTERO | ABS: C/ABS
DAYCO,KWD1064,Rodamiento de rueda,RODAMIENTO,VOLKSWAGEN,GOL,1995 -> 1998,Versión: 1.8 MI | Motor: EA827 UDH | Combustible: NAFTA | SKF I: VKBA 4501 | SKF II: VKBA 4501 | Ubicación: DELANTERO | ABS: C/ABS,VKBA 4501 | VKBA 4501,,https://www.dayco.com/la-es/catalog/?search=KWD1064,Rueda,WHEEL BEARING KIT,,EA827 UDH,,,DELANTERO,C/ABS,VKBA 4501 | VKBA 4501,Versión: 1.8 MI | Motor: EA827 UDH | Combustible: NAFTA | Ubicación: DELANTERO | ABS: C/ABS
DAYCO,KWD1064,Rodamiento de rueda,RODAMIENTO,VOLKSWAGEN,GOL,1999 -> 2003,Versión: 1.0 MI | Motor: EA111 AFZ | Combustible: NAFTA | SKF I: VKBA 4501 | SKF II: VKBA 4501 | Ubicación: DELANTERO | ABS: C/ABS,VKBA 4501 | VKBA 4501,,https://www.dayco.com/la-es/catalog/?search=KWD1064,Rueda,WHEEL BEARING KIT,,EA111 AFZ,,,DELANTERO,C/ABS,VKBA 4501 | VKBA 4501,Versión: 1.0 MI | Motor: EA111 AFZ | Combustible: NAFTA | Ubicación: DELANTERO | ABS: C/ABS
DAYCO,KWD1064,Rodamiento de rueda,RODAMIENTO,VOLKSWAGEN,GOL,1999 -> 2001,Versión: 2.0 16V | Motor: EA827 AJE | Combustible: NAFTA | SKF I: VKBA 4501 | SKF II: VKBA 4501 | Ubicación: DELANTERO | ABS: C/ABS,VKBA 4501 | VKBA 4501,,https://www.dayco.com/la-es/catalog/?search=KWD1064,Rueda,WHEEL BEARING KIT,,EA827 AJE,,,DELANTERO,C/ABS,VKBA 4501 | VKBA 4501,Versión: 2.0 16V | Motor: EA827 AJE | Combustible: NAFTA | Ubicación: DELANTERO | ABS: C/ABS
DAYCO,KWD1064,Rodamiento de rueda,RODAMIENTO,VOLKSWAGEN,GOL,1998 -> 2011,Versión: 1.6 MI | Motor: EA827 UNF | Combustible: NAFTA | SKF I: VKBA 4501 | SKF II: VKBA 4501 | Ubicación: DELANTERO | ABS: C/ABS,VKBA 4501 | VKBA 4501,,https://www.dayco.com/la-es/catalog/?search=KWD1064,Rueda,WHEEL BEARING KIT,,EA827 UNF,,,DELANTERO,C/ABS,VKBA 4501 | VKBA 4501,Versión: 1.6 MI | Motor: EA827 UNF | Combustible: NAFTA | Ubicación: DELANTERO | ABS: C/ABS
DAYCO,KWD1064,Rodamiento de rueda,RODAMIENTO,VOLKSWAGEN,GOL,2002 -> 2009,Versión: 1.9 SD | Motor: EA086 1.9SD 1Y | Combustible: DIESEL | SKF I: VKBA 4501 | SKF II: VKBA 4501 | Ubicación: DELANTERO | ABS: C/ABS,VKBA 4501 | VKBA 4501,,https://www.dayco.com/la-es/catalog/?search=KWD1064,Rueda,WHEEL BEARING KIT,,EA086 1.9SD 1Y,,,DELANTERO,C/ABS,VKBA 4501 | VKBA 4501,Versión: 1.9 SD | Motor: EA086 1.9SD 1Y | Combustible: DIESEL | Ubicación: DELANTERO | ABS: C/ABS
DAYCO,KWD1064,Rodamiento de rueda,RODAMIENTO,VOLKSWAGEN,GOL,1998 -> 2003,Versión: 1.8 MI | Motor: EA827 UDH/UDD | Combustible: NAFTA | SKF I: VKBA 4501 | SKF II: VKBA 4501 | Ubicación: DELANTERO | ABS: C/ABS,VKBA 4501 | VKBA 4501,,https://www.dayco.com/la-es/catalog/?search=KWD1064,Rueda,WHEEL BEARING KIT,,EA827 UDH/UDD,,,DELANTERO,C/ABS,VKBA 4501 | VKBA 4501,Versión: 1.8 MI | Motor: EA827 UDH/UDD | Combustible: NAFTA | Ubicación: DELANTERO | ABS: C/ABS
DAYCO,KWD1064,Rodamiento de rueda,RODAMIENTO,VOLKSWAGEN,GOL,1998 -> 2009,Versión: 1.9 SD | Motor: EA086 1.9SD BGG | Combustible: DIESEL | SKF I: VKBA 4501 | SKF II: VKBA 4501 | Ubicación: DELANTERO | ABS: C/ABS,VKBA 4501 | VKBA 4501,,https://www.dayco.com/la-es/catalog/?search=KWD1064,Rueda,WHEEL BEARING KIT,,EA086 1.9SD BGG,,,DELANTERO,C/ABS,VKBA 4501 | VKBA 4501,Versión: 1.9 SD | Motor: EA086 1.9SD BGG | Combustible: DIESEL | Ubicación: DELANTERO | ABS: C/ABS
DAYCO,KWD1064,Rodamiento de rueda,RODAMIENTO,VOLKSWAGEN,GOL,1997 -> 1998,Versión: 1.6 CFI | Motor: AP 1.6 | Combustible: NAFTA | SKF I: VKBA 4501 | SKF II: VKBA 4501 | Ubicación: DELANTERO | ABS: C/ABS,VKBA 4501 | VKBA 4501,,https://www.dayco.com/la-es/catalog/?search=KWD1064,Rueda,WHEEL BEARING KIT,,AP 1.6,,,DELANTERO,C/ABS,VKBA 4501 | VKBA 4501,Versión: 1.6 CFI | Motor: AP 1.6 | Combustible: NAFTA | Ubicación: DELANTERO | ABS: C/ABS
DAYCO,KWD1064,Rodamiento de rueda,RODAMIENTO,VOLKSWAGEN,GOL,1995 -> 1997,Versión: 1.8 CFI | Motor: AP 1.8I | Combustible: NAFTA | SKF I: VKBA 4501 | SKF II: VKBA 4501 | Ubicación: DELANTERO | ABS: C/ABS,VKBA 4501 | VKBA 4501,,https://www.dayco.com/la-es/catalog/?search=KWD1064,Rueda,WHEEL BEARING KIT,,AP 1.8I,,,DELANTERO,C/ABS,VKBA 4501 | VKBA 4501,Versión: 1.8 CFI | Motor: AP 1.8I | Combustible: NAFTA | Ubicación: DELANTERO | ABS: C/ABS
DAYCO,KWD1064,Rodamiento de rueda,RODAMIENTO,VOLKSWAGEN,GOL,1997 -> 1999,Versión: 1.8 MI | Motor: EA827 UDH/UDD | Combustible: NAFTA | SKF I: VKBA 4501 | SKF II: VKBA 4501 | Ubicación: DELANTERO | ABS: C/ABS,VKBA 4501 | VKBA 4501,,https://www.dayco.com/la-es/catalog/?search=KWD1064,Rueda,WHEEL BEARING KIT,,EA827 UDH/UDD,,,DELANTERO,C/ABS,VKBA 4501 | VKBA 4501,Versión: 1.8 MI | Motor: EA827 UDH/UDD | Combustible: NAFTA | Ubicación: DELANTERO | ABS: C/ABS
DAYCO,KWD1064,Rodamiento de rueda,RODAMIENTO,VOLKSWAGEN,GOL,1998 -> 1998,Versión: 1.9 D | Motor: EA086 1.9SD 1Y | Combustible: DIESEL | SKF I: VKBA 4501 | SKF II: VKBA 4501 | Ubicación: DELANTERO | ABS: C/ABS,VKBA 4501 | VKBA 4501,,https://www.dayco.com/la-es/catalog/?search=KWD1064,Rueda,WHEEL BEARING KIT,,EA086 1.9SD 1Y,,,DELANTERO,C/ABS,VKBA 4501 | VKBA 4501,Versión: 1.9 D | Motor: EA086 1.9SD 1Y | Combustible: DIESEL | Ubicación: DELANTERO | ABS: C/ABS
DAYCO,KWD1064,Rodamiento de rueda,RODAMIENTO,VOLKSWAGEN,GOL,1995 -> 1999,Versión: 2.0 16V | Motor: EA827 AFL | Combustible: NAFTA | SKF I: VKBA 4501 | SKF II: VKBA 4501 | Ubicación: DELANTERO | ABS: C/ABS,VKBA 4501 | VKBA 4501,,https://www.dayco.com/la-es/catalog/?search=KWD1064,Rueda,WHEEL BEARING KIT,,EA827 AFL,,,DELANTERO,C/ABS,VKBA 4501 | VKBA 4501,Versión: 2.0 16V | Motor: EA827 AFL | Combustible: NAFTA | Ubicación: DELANTERO | ABS: C/ABS
DAYCO,KWD1064,Rodamiento de rueda,RODAMIENTO,VOLKSWAGEN,GOL,1995 -> 1999,Versión: 2.0 | Motor: EA827 UQG | Combustible: NAFTA | SKF I: VKBA 4501 | SKF II: VKBA 4501 | Ubicación: DELANTERO | ABS: C/ABS,VKBA 4501 | VKBA 4501,,https://www.dayco.com/la-es/catalog/?search=KWD1064,Rueda,WHEEL BEARING KIT,,EA827 UQG,,,DELANTERO,C/ABS,VKBA 4501 | VKBA 4501,Versión: 2.0 | Motor: EA827 UQG | Combustible: NAFTA | Ubicación: DELANTERO | ABS: C/ABS
DAYCO,KWD1064,Rodamiento de rueda,RODAMIENTO,VOLKSWAGEN,GOL,1998 -> 1999,Versión: 1.9D | Motor: EA086 1.9SD | Combustible: DIESEL | SKF I: VKBA 4501 | SKF II: VKBA 4501 | Ubicación: DELANTERO | ABS: C/ABS,VKBA 4501 | VKBA 4501,,https://www.dayco.com/la-es/catalog/?search=KWD1064,Rueda,WHEEL BEARING KIT,,EA086 1.9SD,,,DELANTERO,C/ABS,VKBA 4501 | VKBA 4501,Versión: 1.9D | Motor: EA086 1.9SD | Combustible: DIESEL | Ubicación: DELANTERO | ABS: C/ABS
DAYCO,KWD1064,Rodamiento de rueda,RODAMIENTO,VOLKSWAGEN,GOL,2-1991 -> 12-1996,Versión: 1.6 CFI | Motor: AP 1.6 | Combustible: NAFTA | SKF I: BAH-0036 | SKF II: BAH-0036/VK210 | Ubicación: DELANTERO | ABS: C/ABS,BAH-0036 | BAH-0036/VK210,,https://www.dayco.com/la-es/catalog/?search=KWD1064,Rueda,WHEEL BEARING KIT,,AP 1.6,,,DELANTERO,C/ABS,BAH-0036 | BAH-0036/VK210,Versión: 1.6 CFI | Motor: AP 1.6 | Combustible: NAFTA | Ubicación: DELANTERO | ABS: C/ABS
DAYCO,KWD1064,Rodamiento de rueda,RODAMIENTO,VOLKSWAGEN,GOL,5-1993 -> 11-1995,Versión: 1.8 GL | Motor: AP 1.8 | Combustible: NAFTA | SKF I: BAH-0036 | SKF II: BAH-0036/VK210 | Ubicación: DELANTERO | ABS: C/ABS,BAH-0036 | BAH-0036/VK210,,https://www.dayco.com/la-es/catalog/?search=KWD1064,Rueda,WHEEL BEARING KIT,,AP 1.8,,,DELANTERO,C/ABS,BAH-0036 | BAH-0036/VK210,Versión: 1.8 GL | Motor: AP 1.8 | Combustible: NAFTA | Ubicación: DELANTERO | ABS: C/ABS
DAYCO,KWD1064,Rodamiento de rueda,RODAMIENTO,VOLKSWAGEN,GOL,5-1996 -> 11-1999,Versión: 1.6 MI | Motor: EA827 UNF | Combustible: NAFTA | SKF I: BAH-0036 | SKF II: BAH-0036/VK210 | Ubicación: DELANTERO | ABS: C/ABS,BAH-0036 | BAH-0036/VK210,,https://www.dayco.com/la-es/catalog/?search=KWD1064,Rueda,WHEEL BEARING KIT,,EA827 UNF,,,DELANTERO,C/ABS,BAH-0036 | BAH-0036/VK210,Versión: 1.6 MI | Motor: EA827 UNF | Combustible: NAFTA | Ubicación: DELANTERO | ABS: C/ABS
DAYCO,KWD1064,Rodamiento de rueda,RODAMIENTO,VOLKSWAGEN,GOL,4-1998 -> 2-1998,Versión: 1.9 D | Motor: EA086 1.9SD 1Y | Combustible: DIESEL | SKF I: BAH-0036 | SKF II: BAH-0036/VK210 | Ubicación: DELANTERO | ABS: C/ABS,BAH-0036 | BAH-0036/VK210,,https://www.dayco.com/la-es/catalog/?search=KWD1064,Rueda,WHEEL BEARING KIT,,EA086 1.9SD 1Y,,,DELANTERO,C/ABS,BAH-0036 | BAH-0036/VK210,Versión: 1.9 D | Motor: EA086 1.9SD 1Y | Combustible: DIESEL | Ubicación: DELANTERO | ABS: C/ABS
DAYCO,KWD1064,Rodamiento de rueda,RODAMIENTO,VOLKSWAGEN,GOL,6-1998 -> 5-2011,Versión: 1.6 MI | Motor: EA827 UNF | Combustible: NAFTA | SKF I: BAH-0036 | SKF II: BAH-0036/VK210 | Ubicación: DELANTERO | ABS: C/ABS,BAH-0036 | BAH-0036/VK210,,https://www.dayco.com/la-es/catalog/?search=KWD1064,Rueda,WHEEL BEARING KIT,,EA827 UNF,,,DELANTERO,C/ABS,BAH-0036 | BAH-0036/VK210,Versión: 1.6 MI | Motor: EA827 UNF | Combustible: NAFTA | Ubicación: DELANTERO | ABS: C/ABS
DAYCO,KWD1064,Rodamiento de rueda,RODAMIENTO,VOLKSWAGEN,GOL,5-2002 -> 10-2009,Versión: 1.9 SD | Motor: EA086 1.9SD 1Y | Combustible: DIESEL | SKF I: BAH-0036 | SKF II: BAH-0036/VK210 | Ubicación: DELANTERO | ABS: C/ABS,BAH-0036 | BAH-0036/VK210,,https://www.dayco.com/la-es/catalog/?search=KWD1064,Rueda,WHEEL BEARING KIT,,EA086 1.9SD 1Y,,,DELANTERO,C/ABS,BAH-0036 | BAH-0036/VK210,Versión: 1.9 SD | Motor: EA086 1.9SD 1Y | Combustible: DIESEL | Ubicación: DELANTERO | ABS: C/ABS
DAYCO,KWD1064,Rodamiento de rueda,RODAMIENTO,VOLKSWAGEN,GOL,1-2011 -> 12-2023,Versión: 1.4 8V MI | Motor: CNBA | Combustible: NAFTA | SKF I: BAH-0036 | SKF II: BAH-0036/VK210 | Ubicación: DELANTERO | ABS: C/ABS,BAH-0036 | BAH-0036/VK210,,https://www.dayco.com/la-es/catalog/?search=KWD1064,Rueda,WHEEL BEARING KIT,,CNBA,,,DELANTERO,C/ABS,BAH-0036 | BAH-0036/VK210,Versión: 1.4 8V MI | Motor: CNBA | Combustible: NAFTA | Ubicación: DELANTERO | ABS: C/ABS
DAYCO,KWD1030,Rodamiento de rueda,RODAMIENTO,VOLKSWAGEN,GOL,2011 ->,Versión: 1.4 8V MI | Motor: CNBA | Combustible: NAFTA | SKF I: BAH-0106 | SKF II: VKBA 3531 | Ubicación: DELANTERO | ABS: C/ABS,BAH-0106 | VKBA 3531,,https://www.dayco.com/la-es/catalog/?search=KWD1030,Rueda,WHEEL BEARING KIT,,CNBA,,,DELANTERO,C/ABS,BAH-0106 | VKBA 3531,Versión: 1.4 8V MI | Motor: CNBA | Combustible: NAFTA | Ubicación: DELANTERO | ABS: C/ABS
DAYCO,KWD1505,Rodamiento de rueda,RODAMIENTO,VOLKSWAGEN,GOL,5-1993 -> 11-1995,Versión: 1.8 GL | Motor: AP 1.8 | Combustible: NAFTA | SKF I: VKBA 4529 | SKF II: VKBA 4529 | Ubicación: TRASERO,VKBA 4529 | VKBA 4529,,https://www.dayco.com/la-es/catalog/?search=KWD1505,Rueda,WHEEL BEARING KIT,,AP 1.8,,,TRASERO,,VKBA 4529 | VKBA 4529,Versión: 1.8 GL | Motor: AP 1.8 | Combustible: NAFTA | Ubicación: TRASERO
DAYCO,KWD1505,Rodamiento de rueda,RODAMIENTO,VOLKSWAGEN,GOL,5-1996 -> 11-1999,Versión: 1.6 MI | Motor: EA827 UNF | Combustible: NAFTA | SKF I: VKBA 4529 | SKF II: VKBA 4529 | Ubicación: TRASERO,VKBA 4529 | VKBA 4529,,https://www.dayco.com/la-es/catalog/?search=KWD1505,Rueda,WHEEL BEARING KIT,,EA827 UNF,,,TRASERO,,VKBA 4529 | VKBA 4529,Versión: 1.6 MI | Motor: EA827 UNF | Combustible: NAFTA | Ubicación: TRASERO
DAYCO,KWD1505,Rodamiento de rueda,RODAMIENTO,VOLKSWAGEN,GOL,4-1998 -> 2-1998,Versión: 1.9 D | Motor: EA086 1.9SD 1Y | Combustible: DIESEL | SKF I: VKBA 4529 | SKF II: VKBA 4529 | Ubicación: TRASERO,VKBA 4529 | VKBA 4529,,https://www.dayco.com/la-es/catalog/?search=KWD1505,Rueda,WHEEL BEARING KIT,,EA086 1.9SD 1Y,,,TRASERO,,VKBA 4529 | VKBA 4529,Versión: 1.9 D | Motor: EA086 1.9SD 1Y | Combustible: DIESEL | Ubicación: TRASERO
DAYCO,KWD1505,Rodamiento de rueda,RODAMIENTO,VOLKSWAGEN,GOL,6-1998 -> 5-2011,Versión: 1.6 MI | Motor: EA827 UNF | Combustible: NAFTA | SKF I: VKBA 4529 | SKF II: VKBA 4529 | Ubicación: TRASERO,VKBA 4529 | VKBA 4529,,https://www.dayco.com/la-es/catalog/?search=KWD1505,Rueda,WHEEL BEARING KIT,,EA827 UNF,,,TRASERO,,VKBA 4529 | VKBA 4529,Versión: 1.6 MI | Motor: EA827 UNF | Combustible: NAFTA | Ubicación: TRASERO
DAYCO,KWD1505,Rodamiento de rueda,RODAMIENTO,VOLKSWAGEN,GOL,5-2002 -> 10-2009,Versión: 1.9 SD | Motor: EA086 1.9SD 1Y | Combustible: DIESEL | SKF I: VKBA 4529 | SKF II: VKBA 4529 | Ubicación: TRASERO,VKBA 4529 | VKBA 4529,,https://www.dayco.com/la-es/catalog/?search=KWD1505,Rueda,WHEEL BEARING KIT,,EA086 1.9SD 1Y,,,TRASERO,,VKBA 4529 | VKBA 4529,Versión: 1.9 SD | Motor: EA086 1.9SD 1Y | Combustible: DIESEL | Ubicación: TRASERO
DAYCO,KWD1505,Rodamiento de rueda,RODAMIENTO,VOLKSWAGEN,GOL,1-2011 -> 12-2023,Versión: 1.4 8V MI | Motor: CNBA | Combustible: NAFTA | SKF I: VKBA 4529 | SKF II: VKBA 4529 | Ubicación: TRASERO,VKBA 4529 | VKBA 4529,,https://www.dayco.com/la-es/catalog/?search=KWD1505,Rueda,WHEEL BEARING KIT,,CNBA,,,TRASERO,,VKBA 4529 | VKBA 4529,Versión: 1.4 8V MI | Motor: CNBA | Combustible: NAFTA | Ubicación: TRASERO
DAYCO,KWD1399,Rodamiento de rueda,RODAMIENTO,VOLKSWAGEN,GOL TREND,2008 -> 2020,Versión: 1.6 8V | Motor: EA111 CFZA | Combustible: NAFTA | SKF I: VKBA 4500 | SKF II: VKBC 20070/ BAHB 311315 | Ubicación: DELANTERO,VKBA 4500 | VKBC 20070/ BAHB 311315,,https://www.dayco.com/la-es/catalog/?search=KWD1399,Rueda,WHEEL BEARING KIT,,EA111 CFZA,,,DELANTERO,,VKBA 4500 | VKBC 20070/ BAHB 311315,Versión: 1.6 8V | Motor: EA111 CFZA | Combustible: NAFTA | Ubicación: DELANTERO
DAYCO,KWD1064,Rodamiento de rueda,RODAMIENTO,VOLKSWAGEN,GOL TREND,2008 -> 2020,Versión: 1.6 8V | Motor: EA111 CFZA | Combustible: NAFTA | SKF I: VKBA 4501 | SKF II: VKBA 4501 | Ubicación: DELANTERO | ABS: C/ABS,VKBA 4501 | VKBA 4501,,https://www.dayco.com/la-es/catalog/?search=KWD1064,Rueda,WHEEL BEARING KIT,,EA111 CFZA,,,DELANTERO,C/ABS,VKBA 4501 | VKBA 4501,Versión: 1.6 8V | Motor: EA111 CFZA | Combustible: NAFTA | Ubicación: DELANTERO | ABS: C/ABS
DAYCO,KWD1064,Rodamiento de rueda,RODAMIENTO,VOLKSWAGEN,GOL TREND,9-2008 -> 4-2020,Versión: 1.6 8V | Motor: EA111 CFZA | Combustible: NAFTA | SKF I: BAH-0036 | SKF II: BAH-0036/VK210 | Ubicación: DELANTERO | ABS: C/ABS,BAH-0036 | BAH-0036/VK210,,https://www.dayco.com/la-es/catalog/?search=KWD1064,Rueda,WHEEL BEARING KIT,,EA111 CFZA,,,DELANTERO,C/ABS,BAH-0036 | BAH-0036/VK210,Versión: 1.6 8V | Motor: EA111 CFZA | Combustible: NAFTA | Ubicación: DELANTERO | ABS: C/ABS
DAYCO,KWD1030,Rodamiento de rueda,RODAMIENTO,VOLKSWAGEN,GOL TREND,2008 -> 2020,Versión: 1.6 8V | Motor: EA111 CFZA | Combustible: NAFTA | SKF I: BAH-0106 | SKF II: VKBA 3531 | Ubicación: DELANTERO | ABS: C/ABS,BAH-0106 | VKBA 3531,,https://www.dayco.com/la-es/catalog/?search=KWD1030,Rueda,WHEEL BEARING KIT,,EA111 CFZA,,,DELANTERO,C/ABS,BAH-0106 | VKBA 3531,Versión: 1.6 8V | Motor: EA111 CFZA | Combustible: NAFTA | Ubicación: DELANTERO | ABS: C/ABS
DAYCO,KWD1030,Rodamiento de rueda,RODAMIENTO,VOLKSWAGEN,GOL TREND,2016 ->,Versión: 1.6 8V MSI | Motor: EA111 CFZA | Combustible: NAFTA | SKF I: BAH-0106 | SKF II: VKBA 3531 | Ubicación: DELANTERO | ABS: C/ABS,BAH-0106 | VKBA 3531,,https://www.dayco.com/la-es/catalog/?search=KWD1030,Rueda,WHEEL BEARING KIT,,EA111 CFZA,,,DELANTERO,C/ABS,BAH-0106 | VKBA 3531,Versión: 1.6 8V MSI | Motor: EA111 CFZA | Combustible: NAFTA | Ubicación: DELANTERO | ABS: C/ABS
DAYCO,KWD1030,Rodamiento de rueda,RODAMIENTO,VOLKSWAGEN,GOL TREND,2019 -> 2021,Versión: 1.6 8V | Motor: EA111 CFZA | Combustible: NAFTA | SKF I: BAH-0106 | SKF II: VKBA 3531 | Ubicación: DELANTERO | ABS: C/ABS,BAH-0106 | VKBA 3531,,https://www.dayco.com/la-es/catalog/?search=KWD1030,Rueda,WHEEL BEARING KIT,,EA111 CFZA,,,DELANTERO,C/ABS,BAH-0106 | VKBA 3531,Versión: 1.6 8V | Motor: EA111 CFZA | Combustible: NAFTA | Ubicación: DELANTERO | ABS: C/ABS
DAYCO,KWD1505,Rodamiento de rueda,RODAMIENTO,VOLKSWAGEN,GOL TREND,9-2008 -> 4-2020,Versión: 1.6 8V | Motor: EA111 CFZA | Combustible: NAFTA | SKF I: VKBA 4529 | SKF II: VKBA 4529 | Ubicación: TRASERO,VKBA 4529 | VKBA 4529,,https://www.dayco.com/la-es/catalog/?search=KWD1505,Rueda,WHEEL BEARING KIT,,EA111 CFZA,,,TRASERO,,VKBA 4529 | VKBA 4529,Versión: 1.6 8V | Motor: EA111 CFZA | Combustible: NAFTA | Ubicación: TRASERO
DAYCO,KWD1629,Rodamiento de rueda,RODAMIENTO,VOLKSWAGEN,GOL TREND,2008 -> 2020,Versión: 1.6 8V | Motor: EA111 CFZA | Combustible: NAFTA | SKF I: VKBC 6768 | SKF II: TRASERO | Ubicación: S/ABS | ABS: S/ABS,VKBC 6768 | TRASERO,,https://www.dayco.com/la-es/catalog/?search=KWD1629,Rueda,WHEEL BEARING KIT,,EA111 CFZA,,,S/ABS,S/ABS,VKBC 6768 | TRASERO,Versión: 1.6 8V | Motor: EA111 CFZA | Combustible: NAFTA | Ubicación: S/ABS | ABS: S/ABS
DAYCO,KWD1629,Rodamiento de rueda,RODAMIENTO,VOLKSWAGEN,GOL TREND,2016 ->,Versión: 1.6 8V MSI | Motor: EA111 CFZA | Combustible: NAFTA | SKF I: VKBC 6768 | SKF II: TRASERO | Ubicación: S/ABS | ABS: S/ABS,VKBC 6768 | TRASERO,,https://www.dayco.com/la-es/catalog/?search=KWD1629,Rueda,WHEEL BEARING KIT,,EA111 CFZA,,,S/ABS,S/ABS,VKBC 6768 | TRASERO,Versión: 1.6 8V MSI | Motor: EA111 CFZA | Combustible: NAFTA | Ubicación: S/ABS | ABS: S/ABS
DAYCO,KWD1629,Rodamiento de rueda,RODAMIENTO,VOLKSWAGEN,GOL TREND,2019 -> 2021,Versión: 1.6 8V | Motor: EA111 CFZA | Combustible: NAFTA | SKF I: VKBC 6768 | SKF II: TRASERO | Ubicación: S/ABS | ABS: S/ABS,VKBC 6768 | TRASERO,,https://www.dayco.com/la-es/catalog/?search=KWD1629,Rueda,WHEEL BEARING KIT,,EA111 CFZA,,,S/ABS,S/ABS,VKBC 6768 | TRASERO,Versión: 1.6 8V | Motor: EA111 CFZA | Combustible: NAFTA | Ubicación: S/ABS | ABS: S/ABS
DAYCO,KWD1629,Rodamiento de rueda,RODAMIENTO,VOLKSWAGEN,GOL TREND,2020 ->,Versión: 1.6 8V MSI AT | Motor: EA111 CWSA | Combustible: NAFTA | SKF I: VKBC 6768 | SKF II: TRASERO | Ubicación: S/ABS | ABS: S/ABS,VKBC 6768 | TRASERO,,https://www.dayco.com/la-es/catalog/?search=KWD1629,Rueda,WHEEL BEARING KIT,,EA111 CWSA,,,S/ABS,S/ABS,VKBC 6768 | TRASERO,Versión: 1.6 8V MSI AT | Motor: EA111 CWSA | Combustible: NAFTA | Ubicación: S/ABS | ABS: S/ABS
DAYCO,KWD1630,Rodamiento de rueda,RODAMIENTO,VOLKSWAGEN,GOL TREND,2008 -> 2020,Versión: 1.6 8V | Motor: EA111 CFZA | Combustible: NAFTA | SKF I: VKBC 6767 | SKF II: TRASERO | Ubicación: C/ABS | ABS: C/ABS,VKBC 6767 | TRASERO,,https://www.dayco.com/la-es/catalog/?search=KWD1630,Rueda,WHEEL BEARING KIT,,EA111 CFZA,,,C/ABS,C/ABS,VKBC 6767 | TRASERO,Versión: 1.6 8V | Motor: EA111 CFZA | Combustible: NAFTA | Ubicación: C/ABS | ABS: C/ABS
DAYCO,KWD1399,Rodamiento de rueda,RODAMIENTO,VOLKSWAGEN,GOLF,1999 -> 2002,Versión: 1.6 8V | Motor: EA113 AKL/BER | Combustible: NAFTA | SKF I: VKBA 4500 | SKF II: VKBC 20070/ BAHB 311315 | Ubicación: DELANTERO,VKBA 4500 | VKBC 20070/ BAHB 311315,,https://www.dayco.com/la-es/catalog/?search=KWD1399,Rueda,WHEEL BEARING KIT,,EA113 AKL/BER,,,DELANTERO,,VKBA 4500 | VKBC 20070/ BAHB 311315,Versión: 1.6 8V | Motor: EA113 AKL/BER | Combustible: NAFTA | Ubicación: DELANTERO
DAYCO,KWD1399,Rodamiento de rueda,RODAMIENTO,VOLKSWAGEN,GOLF,1999 -> 2000,Versión: 1.6 8V | Motor: EA113 AKL | Combustible: NAFTA | SKF I: VKBA 4500 | SKF II: VKBC 20070/ BAHB 311315 | Ubicación: DELANTERO,VKBA 4500 | VKBC 20070/ BAHB 311315,,https://www.dayco.com/la-es/catalog/?search=KWD1399,Rueda,WHEEL BEARING KIT,,EA113 AKL,,,DELANTERO,,VKBA 4500 | VKBC 20070/ BAHB 311315,Versión: 1.6 8V | Motor: EA113 AKL | Combustible: NAFTA | Ubicación: DELANTERO
DAYCO,KWD1399,Rodamiento de rueda,RODAMIENTO,VOLKSWAGEN,GOLF,1999 -> 2011,Versión: 1.9 TDI | Motor: AGR | Combustible: DIESEL | SKF I: VKBA 4500 | SKF II: VKBC 20070/ BAHB 311315 | Ubicación: DELANTERO,VKBA 4500 | VKBC 20070/ BAHB 311315,,https://www.dayco.com/la-es/catalog/?search=KWD1399,Rueda,WHEEL BEARING KIT,,AGR,,,DELANTERO,,VKBA 4500 | VKBC 20070/ BAHB 311315,Versión: 1.9 TDI | Motor: AGR | Combustible: DIESEL | Ubicación: DELANTERO
DAYCO,KWD1399,Rodamiento de rueda,RODAMIENTO,VOLKSWAGEN,GOLF,1999 -> 2012,Versión: 2.0 8V | Motor: EA113 BER | Combustible: NAFTA | SKF I: VKBA 4500 | SKF II: VKBC 20070/ BAHB 311315 | Ubicación: DELANTERO,VKBA 4500 | VKBC 20070/ BAHB 311315,,https://www.dayco.com/la-es/catalog/?search=KWD1399,Rueda,WHEEL BEARING KIT,,EA113 BER,,,DELANTERO,,VKBA 4500 | VKBC 20070/ BAHB 311315,Versión: 2.0 8V | Motor: EA113 BER | Combustible: NAFTA | Ubicación: DELANTERO
DAYCO,KWD1399,Rodamiento de rueda,RODAMIENTO,VOLKSWAGEN,GOLF,2003 -> 2004,Versión: 2.8 V6 | Motor: BDE | Combustible: NAFTA | SKF I: VKBA 4500 | SKF II: VKBC 20070/ BAHB 311315 | Ubicación: DELANTERO,VKBA 4500 | VKBC 20070/ BAHB 311315,,https://www.dayco.com/la-es/catalog/?search=KWD1399,Rueda,WHEEL BEARING KIT,,BDE,,,DELANTERO,,VKBA 4500 | VKBC 20070/ BAHB 311315,Versión: 2.8 V6 | Motor: BDE | Combustible: NAFTA | Ubicación: DELANTERO
DAYCO,KWD1399,Rodamiento de rueda,RODAMIENTO,VOLKSWAGEN,GOLF,1999 -> 2002,Versión: 1.8 T | Motor: EA113 AGU | Combustible: NAFTA | SKF I: VKBA 4500 | SKF II: VKBC 20070/ BAHB 311315 | Ubicación: DELANTERO,VKBA 4500 | VKBC 20070/ BAHB 311315,,https://www.dayco.com/la-es/catalog/?search=KWD1399,Rueda,WHEEL BEARING KIT,,EA113 AGU,,,DELANTERO,,VKBA 4500 | VKBC 20070/ BAHB 311315,Versión: 1.8 T | Motor: EA113 AGU | Combustible: NAFTA | Ubicación: DELANTERO
DAYCO,KWD1399,Rodamiento de rueda,RODAMIENTO,VOLKSWAGEN,GOLF,2001 -> 2012,Versión: 1.6 8V | Motor: EA111 BAH | Combustible: NAFTA | SKF I: VKBA 4500 | SKF II: VKBC 20070/ BAHB 311315 | Ubicación: DELANTERO,VKBA 4500 | VKBC 20070/ BAHB 311315,,https://www.dayco.com/la-es/catalog/?search=KWD1399,Rueda,WHEEL BEARING KIT,,EA111 BAH,,,DELANTERO,,VKBA 4500 | VKBC 20070/ BAHB 311315,Versión: 1.6 8V | Motor: EA111 BAH | Combustible: NAFTA | Ubicación: DELANTERO
DAYCO,KWD1037,Rodamiento de rueda,RODAMIENTO,VOLKSWAGEN,GOLF,1996 -> 1998,Versión: 1.8 MI | Motor: ABS | Combustible: NAFTA | SKF I: VKBA 1358 | SKF II: BAHB 311443 B | Ubicación: DELANTERO,VKBA 1358 | BAHB 311443 B,,https://www.dayco.com/la-es/catalog/?search=KWD1037,Rueda,WHEEL BEARING KIT,,ABS,,,DELANTERO,,VKBA 1358 | BAHB 311443 B,Versión: 1.8 MI | Motor: ABS | Combustible: NAFTA | Ubicación: DELANTERO
DAYCO,KWD1037,Rodamiento de rueda,RODAMIENTO,VOLKSWAGEN,GOLF,2001 -> 2012,Versión: 1.6 8V | Motor: EA111 BAH | Combustible: NAFTA | SKF I: VKBA 1358 | SKF II: BAHB 311443 B | Ubicación: DELANTERO,VKBA 1358 | BAHB 311443 B,,https://www.dayco.com/la-es/catalog/?search=KWD1037,Rueda,WHEEL BEARING KIT,,EA111 BAH,,,DELANTERO,,VKBA 1358 | BAHB 311443 B,Versión: 1.6 8V | Motor: EA111 BAH | Combustible: NAFTA | Ubicación: DELANTERO
DAYCO,KWD1037,Rodamiento de rueda,RODAMIENTO,VOLKSWAGEN,GOLF,1990 -> 1995,Versión: 2.0 I | Motor: EA827 APK | Combustible: NAFTA | SKF I: VKBA 1358 | SKF II: BAHB 311443 B | Ubicación: DELANTERO,VKBA 1358 | BAHB 311443 B,,https://www.dayco.com/la-es/catalog/?search=KWD1037,Rueda,WHEEL BEARING KIT,,EA827 APK,,,DELANTERO,,VKBA 1358 | BAHB 311443 B,Versión: 2.0 I | Motor: EA827 APK | Combustible: NAFTA | Ubicación: DELANTERO
DAYCO,KWD1037,Rodamiento de rueda,RODAMIENTO,VOLKSWAGEN,GOLF,1999 -> 2002,Versión: 1.6 8V | Motor: EA113 AKL/BER | Combustible: NAFTA | SKF I: VKBA 1358 | SKF II: BAHB 311443 B | Ubicación: DELANTERO,VKBA 1358 | BAHB 311443 B,,https://www.dayco.com/la-es/catalog/?search=KWD1037,Rueda,WHEEL BEARING KIT,,EA113 AKL/BER,,,DELANTERO,,VKBA 1358 | BAHB 311443 B,Versión: 1.6 8V | Motor: EA113 AKL/BER | Combustible: NAFTA | Ubicación: DELANTERO
DAYCO,KWD1037,Rodamiento de rueda,RODAMIENTO,VOLKSWAGEN,GOLF,1999 -> 2000,Versión: 1.6 8V | Motor: EA113 AKL | Combustible: NAFTA | SKF I: VKBA 1358 | SKF II: BAHB 311443 B | Ubicación: DELANTERO,VKBA 1358 | BAHB 311443 B,,https://www.dayco.com/la-es/catalog/?search=KWD1037,Rueda,WHEEL BEARING KIT,,EA113 AKL,,,DELANTERO,,VKBA 1358 | BAHB 311443 B,Versión: 1.6 8V | Motor: EA113 AKL | Combustible: NAFTA | Ubicación: DELANTERO
DAYCO,KWD1037,Rodamiento de rueda,RODAMIENTO,VOLKSWAGEN,GOLF,2002 -> 2011,Versión: 1.8 T | Motor: EA113 AUQ | Combustible: NAFTA | SKF I: VKBA 1358 | SKF II: BAHB 311443 B | Ubicación: DELANTERO,VKBA 1358 | BAHB 311443 B,,https://www.dayco.com/la-es/catalog/?search=KWD1037,Rueda,WHEEL BEARING KIT,,EA113 AUQ,,,DELANTERO,,VKBA 1358 | BAHB 311443 B,Versión: 1.8 T | Motor: EA113 AUQ | Combustible: NAFTA | Ubicación: DELANTERO
DAYCO,KWD1037,Rodamiento de rueda,RODAMIENTO,VOLKSWAGEN,GOLF,2003 -> 2004,Versión: 2.8 V6 | Motor: BDE | Combustible: NAFTA | SKF I: VKBA 1358 | SKF II: BAHB 311443 B | Ubicación: DELANTERO,VKBA 1358 | BAHB 311443 B,,https://www.dayco.com/la-es/catalog/?search=KWD1037,Rueda,WHEEL BEARING KIT,,BDE,,,DELANTERO,,VKBA 1358 | BAHB 311443 B,Versión: 2.8 V6 | Motor: BDE | Combustible: NAFTA | Ubicación: DELANTERO
DAYCO,KWD1037,Rodamiento de rueda,RODAMIENTO,VOLKSWAGEN,GOLF,1983 -> 1989,Versión: 1.8 | Motor: KT | Combustible: NAFTA | SKF I: VKBA 1358 | SKF II: BAHB 311443 B | Ubicación: DELANTERO,VKBA 1358 | BAHB 311443 B,,https://www.dayco.com/la-es/catalog/?search=KWD1037,Rueda,WHEEL BEARING KIT,,KT,,,DELANTERO,,VKBA 1358 | BAHB 311443 B,Versión: 1.8 | Motor: KT | Combustible: NAFTA | Ubicación: DELANTERO
DAYCO,KWD1013,Rodamiento de rueda,RODAMIENTO,VOLKSWAGEN,GOLF,1995 -> 1999,Versión: 2.0 | Motor: EA113 APK | Combustible: NAFTA | SKF I: VKBA 3456 | SKF II: BAF-4104 BBX | Ubicación: TRASERO,VKBA 3456 | BAF-4104 BBX,,https://www.dayco.com/la-es/catalog/?search=KWD1013,Rueda,WHEEL BEARING KIT,,EA113 APK,,,TRASERO,,VKBA 3456 | BAF-4104 BBX,Versión: 2.0 | Motor: EA113 APK | Combustible: NAFTA | Ubicación: TRASERO
DAYCO,KWD1013,Rodamiento de rueda,RODAMIENTO,VOLKSWAGEN,GOLF,1996 -> 1999,Versión: 2.8 VR6 | Motor: AFA | Combustible: NAFTA | SKF I: VKBA 3456 | SKF II: BAF-4104 BBX | Ubicación: TRASERO,VKBA 3456 | BAF-4104 BBX,,https://www.dayco.com/la-es/catalog/?search=KWD1013,Rueda,WHEEL BEARING KIT,,AFA,,,TRASERO,,VKBA 3456 | BAF-4104 BBX,Versión: 2.8 VR6 | Motor: AFA | Combustible: NAFTA | Ubicación: TRASERO
DAYCO,KWD1013,Rodamiento de rueda,RODAMIENTO,VOLKSWAGEN,GOLF,1999 -> 2002,Versión: 1.8 T | Motor: EA113 AGU | Combustible: NAFTA | SKF I: VKBA 3456 | SKF II: BAF-4104 BBX | Ubicación: TRASERO,VKBA 3456 | BAF-4104 BBX,,https://www.dayco.com/la-es/catalog/?search=KWD1013,Rueda,WHEEL BEARING KIT,,EA113 AGU,,,TRASERO,,VKBA 3456 | BAF-4104 BBX,Versión: 1.8 T | Motor: EA113 AGU | Combustible: NAFTA | Ubicación: TRASERO
DAYCO,KWD1013,Rodamiento de rueda,RODAMIENTO,VOLKSWAGEN,GOLF,1996 -> 1998,Versión: 1.8 MI | Motor: ABS | Combustible: NAFTA | SKF I: VKBA 3456 | SKF II: BAF-4104 BBX | Ubicación: TRASERO,VKBA 3456 | BAF-4104 BBX,,https://www.dayco.com/la-es/catalog/?search=KWD1013,Rueda,WHEEL BEARING KIT,,ABS,,,TRASERO,,VKBA 3456 | BAF-4104 BBX,Versión: 1.8 MI | Motor: ABS | Combustible: NAFTA | Ubicación: TRASERO
DAYCO,KWD1013,Rodamiento de rueda,RODAMIENTO,VOLKSWAGEN,GOLF,1996 -> 1999,Versión: 1.9 TD | Motor: AAZ | Combustible: DIESEL | SKF I: VKBA 3456 | SKF II: BAF-4104 BBX | Ubicación: TRASERO,VKBA 3456 | BAF-4104 BBX,,https://www.dayco.com/la-es/catalog/?search=KWD1013,Rueda,WHEEL BEARING KIT,,AAZ,,,TRASERO,,VKBA 3456 | BAF-4104 BBX,Versión: 1.9 TD | Motor: AAZ | Combustible: DIESEL | Ubicación: TRASERO
DAYCO,KWD1013,Rodamiento de rueda,RODAMIENTO,VOLKSWAGEN,GOLF,1996 -> 1999,Versión: 2.0 | Motor: EA113 APK | Combustible: NAFTA | SKF I: VKBA 3456 | SKF II: BAF-4104 BBX | Ubicación: TRASERO,VKBA 3456 | BAF-4104 BBX,,https://www.dayco.com/la-es/catalog/?search=KWD1013,Rueda,WHEEL BEARING KIT,,EA113 APK,,,TRASERO,,VKBA 3456 | BAF-4104 BBX,Versión: 2.0 | Motor: EA113 APK | Combustible: NAFTA | Ubicación: TRASERO
DAYCO,KWD1013,Rodamiento de rueda,RODAMIENTO,VOLKSWAGEN,GOLF,1990 -> 1995,Versión: 2.0 I | Motor: EA827 APK | Combustible: NAFTA | SKF I: VKBA 3456 | SKF II: BAF-4104 BBX | Ubicación: TRASERO,VKBA 3456 | BAF-4104 BBX,,https://www.dayco.com/la-es/catalog/?search=KWD1013,Rueda,WHEEL BEARING KIT,,EA827 APK,,,TRASERO,,VKBA 3456 | BAF-4104 BBX,Versión: 2.0 I | Motor: EA827 APK | Combustible: NAFTA | Ubicación: TRASERO
DAYCO,KWD1013,Rodamiento de rueda,RODAMIENTO,VOLKSWAGEN,GOLF,1999 -> 2002,Versión: 1.6 8V | Motor: EA113 AKL/BER | Combustible: NAFTA | SKF I: VKBA 3456 | SKF II: BAF-4104 BBX | Ubicación: TRASERO,VKBA 3456 | BAF-4104 BBX,,https://www.dayco.com/la-es/catalog/?search=KWD1013,Rueda,WHEEL BEARING KIT,,EA113 AKL/BER,,,TRASERO,,VKBA 3456 | BAF-4104 BBX,Versión: 1.6 8V | Motor: EA113 AKL/BER | Combustible: NAFTA | Ubicación: TRASERO
DAYCO,KWD1013,Rodamiento de rueda,RODAMIENTO,VOLKSWAGEN,GOLF,1999 -> 2000,Versión: 1.6 8V | Motor: EA113 AKL | Combustible: NAFTA | SKF I: VKBA 3456 | SKF II: BAF-4104 BBX | Ubicación: TRASERO,VKBA 3456 | BAF-4104 BBX,,https://www.dayco.com/la-es/catalog/?search=KWD1013,Rueda,WHEEL BEARING KIT,,EA113 AKL,,,TRASERO,,VKBA 3456 | BAF-4104 BBX,Versión: 1.6 8V | Motor: EA113 AKL | Combustible: NAFTA | Ubicación: TRASERO
DAYCO,KWD1013,Rodamiento de rueda,RODAMIENTO,VOLKSWAGEN,GOLF,2002 -> 2011,Versión: 1.8 T | Motor: EA113 AUQ | Combustible: NAFTA | SKF I: VKBA 3456 | SKF II: BAF-4104 BBX | Ubicación: TRASERO,VKBA 3456 | BAF-4104 BBX,,https://www.dayco.com/la-es/catalog/?search=KWD1013,Rueda,WHEEL BEARING KIT,,EA113 AUQ,,,TRASERO,,VKBA 3456 | BAF-4104 BBX,Versión: 1.8 T | Motor: EA113 AUQ | Combustible: NAFTA | Ubicación: TRASERO
DAYCO,KWD1013,Rodamiento de rueda,RODAMIENTO,VOLKSWAGEN,GOLF,1999 -> 2011,Versión: 1.9 TDI | Motor: AGR | Combustible: DIESEL | SKF I: VKBA 3456 | SKF II: BAF-4104 BBX | Ubicación: TRASERO,VKBA 3456 | BAF-4104 BBX,,https://www.dayco.com/la-es/catalog/?search=KWD1013,Rueda,WHEEL BEARING KIT,,AGR,,,TRASERO,,VKBA 3456 | BAF-4104 BBX,Versión: 1.9 TDI | Motor: AGR | Combustible: DIESEL | Ubicación: TRASERO
DAYCO,KWD1013,Rodamiento de rueda,RODAMIENTO,VOLKSWAGEN,GOLF,1999 -> 2012,Versión: 2.0 8V | Motor: EA113 BER | Combustible: NAFTA | SKF I: VKBA 3456 | SKF II: BAF-4104 BBX | Ubicación: TRASERO,VKBA 3456 | BAF-4104 BBX,,https://www.dayco.com/la-es/catalog/?search=KWD1013,Rueda,WHEEL BEARING KIT,,EA113 BER,,,TRASERO,,VKBA 3456 | BAF-4104 BBX,Versión: 2.0 8V | Motor: EA113 BER | Combustible: NAFTA | Ubicación: TRASERO
DAYCO,KWD1064,Rodamiento de rueda,RODAMIENTO,VOLKSWAGEN,GOLF,1999 -> 2002,Versión: 1.8 T | Motor: EA113 AGU | Combustible: NAFTA | SKF I: VKBA 4501 | SKF II: VKBA 4501 | Ubicación: DELANTERO | ABS: C/ABS,VKBA 4501 | VKBA 4501,,https://www.dayco.com/la-es/catalog/?search=KWD1064,Rueda,WHEEL BEARING KIT,,EA113 AGU,,,DELANTERO,C/ABS,VKBA 4501 | VKBA 4501,Versión: 1.8 T | Motor: EA113 AGU | Combustible: NAFTA | Ubicación: DELANTERO | ABS: C/ABS
DAYCO,KWD1064,Rodamiento de rueda,RODAMIENTO,VOLKSWAGEN,GOLF,2001 -> 2012,Versión: 1.6 8V | Motor: EA111 BAH | Combustible: NAFTA | SKF I: VKBA 4501 | SKF II: VKBA 4501 | Ubicación: DELANTERO | ABS: C/ABS,VKBA 4501 | VKBA 4501,,https://www.dayco.com/la-es/catalog/?search=KWD1064,Rueda,WHEEL BEARING KIT,,EA111 BAH,,,DELANTERO,C/ABS,VKBA 4501 | VKBA 4501,Versión: 1.6 8V | Motor: EA111 BAH | Combustible: NAFTA | Ubicación: DELANTERO | ABS: C/ABS
DAYCO,KWD1064,Rodamiento de rueda,RODAMIENTO,VOLKSWAGEN,GOLF,1999 -> 2002,Versión: 1.6 8V | Motor: EA113 AKL/BER | Combustible: NAFTA | SKF I: VKBA 4501 | SKF II: VKBA 4501 | Ubicación: DELANTERO | ABS: C/ABS,VKBA 4501 | VKBA 4501,,https://www.dayco.com/la-es/catalog/?search=KWD1064,Rueda,WHEEL BEARING KIT,,EA113 AKL/BER,,,DELANTERO,C/ABS,VKBA 4501 | VKBA 4501,Versión: 1.6 8V | Motor: EA113 AKL/BER | Combustible: NAFTA | Ubicación: DELANTERO | ABS: C/ABS
DAYCO,KWD1064,Rodamiento de rueda,RODAMIENTO,VOLKSWAGEN,GOLF,1999 -> 2000,Versión: 1.6 8V | Motor: EA113 AKL | Combustible: NAFTA | SKF I: VKBA 4501 | SKF II: VKBA 4501 | Ubicación: DELANTERO | ABS: C/ABS,VKBA 4501 | VKBA 4501,,https://www.dayco.com/la-es/catalog/?search=KWD1064,Rueda,WHEEL BEARING KIT,,EA113 AKL,,,DELANTERO,C/ABS,VKBA 4501 | VKBA 4501,Versión: 1.6 8V | Motor: EA113 AKL | Combustible: NAFTA | Ubicación: DELANTERO | ABS: C/ABS
DAYCO,KWD1064,Rodamiento de rueda,RODAMIENTO,VOLKSWAGEN,GOLF,1999 -> 2011,Versión: 1.9 TDI | Motor: AGR | Combustible: DIESEL | SKF I: VKBA 4501 | SKF II: VKBA 4501 | Ubicación: DELANTERO | ABS: C/ABS,VKBA 4501 | VKBA 4501,,https://www.dayco.com/la-es/catalog/?search=KWD1064,Rueda,WHEEL BEARING KIT,,AGR,,,DELANTERO,C/ABS,VKBA 4501 | VKBA 4501,Versión: 1.9 TDI | Motor: AGR | Combustible: DIESEL | Ubicación: DELANTERO | ABS: C/ABS
DAYCO,KWD1064,Rodamiento de rueda,RODAMIENTO,VOLKSWAGEN,GOLF,1999 -> 2012,Versión: 2.0 8V | Motor: EA113 BER | Combustible: NAFTA | SKF I: VKBA 4501 | SKF II: VKBA 4501 | Ubicación: DELANTERO | ABS: C/ABS,VKBA 4501 | VKBA 4501,,https://www.dayco.com/la-es/catalog/?search=KWD1064,Rueda,WHEEL BEARING KIT,,EA113 BER,,,DELANTERO,C/ABS,VKBA 4501 | VKBA 4501,Versión: 2.0 8V | Motor: EA113 BER | Combustible: NAFTA | Ubicación: DELANTERO | ABS: C/ABS
DAYCO,KWD1064,Rodamiento de rueda,RODAMIENTO,VOLKSWAGEN,GOLF,2003 -> 2004,Versión: 2.8 V6 | Motor: BDE | Combustible: NAFTA | SKF I: VKBA 4501 | SKF II: VKBA 4501 | Ubicación: DELANTERO | ABS: C/ABS,VKBA 4501 | VKBA 4501,,https://www.dayco.com/la-es/catalog/?search=KWD1064,Rueda,WHEEL BEARING KIT,,BDE,,,DELANTERO,C/ABS,VKBA 4501 | VKBA 4501,Versión: 2.8 V6 | Motor: BDE | Combustible: NAFTA | Ubicación: DELANTERO | ABS: C/ABS
DAYCO,KWD1012,Rodamiento de rueda,RODAMIENTO,VOLKSWAGEN,GOLF,3-1995 -> 10-1999,Versión: 2.0 | Motor: EA113 APK | Combustible: NAFTA | SKF I: BAH-0049 | SKF II: VKBC 20090 | Ubicación: DELANTERO | ABS: C/ABS,BAH-0049 | VKBC 20090,,https://www.dayco.com/la-es/catalog/?search=KWD1012,Rueda,WHEEL BEARING KIT,,EA113 APK,,,DELANTERO,C/ABS,BAH-0049 | VKBC 20090,Versión: 2.0 | Motor: EA113 APK | Combustible: NAFTA | Ubicación: DELANTERO | ABS: C/ABS
DAYCO,KWD1012,Rodamiento de rueda,RODAMIENTO,VOLKSWAGEN,GOLF,5-2002 -> 4-2011,Versión: 1.8 T | Motor: EA113 AUQ | Combustible: NAFTA | SKF I: BAH-0049 | SKF II: VKBC 20090 | Ubicación: DELANTERO | ABS: C/ABS,BAH-0049 | VKBC 20090,,https://www.dayco.com/la-es/catalog/?search=KWD1012,Rueda,WHEEL BEARING KIT,,EA113 AUQ,,,DELANTERO,C/ABS,BAH-0049 | VKBC 20090,Versión: 1.8 T | Motor: EA113 AUQ | Combustible: NAFTA | Ubicación: DELANTERO | ABS: C/ABS
DAYCO,KWD1005,Rodamiento de rueda,RODAMIENTO,VOLKSWAGEN,GOLF,11-2011 -> 3-2014,Versión: 2.0 TSI | Motor: EA888 CCZA | Combustible: NAFTA | SKF I: VKBA3644 | SKF II: VKBA 3644 | Ubicación: TRASERO | ABS: C/ABS,VKBA3644 | VKBA 3644,,https://www.dayco.com/la-es/catalog/?search=KWD1005,Rueda,WHEEL BEARING KIT,,EA888 CCZA,,,TRASERO,C/ABS,VKBA3644 | VKBA 3644,Versión: 2.0 TSI | Motor: EA888 CCZA | Combustible: NAFTA | Ubicación: TRASERO | ABS: C/ABS
DAYCO,KWD1505,Rodamiento de rueda,RODAMIENTO,VOLKSWAGEN,GOLF,5-1999 -> 11-2002,Versión: 1.8 T | Motor: EA113 AGU | Combustible: NAFTA | SKF I: VKBA 4529 | SKF II: VKBA 4529 | Ubicación: TRASERO,VKBA 4529 | VKBA 4529,,https://www.dayco.com/la-es/catalog/?search=KWD1505,Rueda,WHEEL BEARING KIT,,EA113 AGU,,,TRASERO,,VKBA 4529 | VKBA 4529,Versión: 1.8 T | Motor: EA113 AGU | Combustible: NAFTA | Ubicación: TRASERO
DAYCO,KWD1505,Rodamiento de rueda,RODAMIENTO,VOLKSWAGEN,GOLF,6-2001 -> 8-2012,Versión: 1.6 8V | Motor: EA111 BAH | Combustible: NAFTA | SKF I: VKBA 4529 | SKF II: VKBA 4529 | Ubicación: TRASERO,VKBA 4529 | VKBA 4529,,https://www.dayco.com/la-es/catalog/?search=KWD1505,Rueda,WHEEL BEARING KIT,,EA111 BAH,,,TRASERO,,VKBA 4529 | VKBA 4529,Versión: 1.6 8V | Motor: EA111 BAH | Combustible: NAFTA | Ubicación: TRASERO
DAYCO,KWD1505,Rodamiento de rueda,RODAMIENTO,VOLKSWAGEN,GOLF,2-1999 -> 7-2002,Versión: 1.6 8V | Motor: EA113 AKL/BER | Combustible: NAFTA | SKF I: VKBA 4529 | SKF II: VKBA 4529 | Ubicación: TRASERO,VKBA 4529 | VKBA 4529,,https://www.dayco.com/la-es/catalog/?search=KWD1505,Rueda,WHEEL BEARING KIT,,EA113 AKL/BER,,,TRASERO,,VKBA 4529 | VKBA 4529,Versión: 1.6 8V | Motor: EA113 AKL/BER | Combustible: NAFTA | Ubicación: TRASERO
DAYCO,KWD1505,Rodamiento de rueda,RODAMIENTO,VOLKSWAGEN,GOLF,2-1999 -> 6-2000,Versión: 1.6 8V | Motor: EA113 AKL | Combustible: NAFTA | SKF I: VKBA 4529 | SKF II: VKBA 4529 | Ubicación: TRASERO,VKBA 4529 | VKBA 4529,,https://www.dayco.com/la-es/catalog/?search=KWD1505,Rueda,WHEEL BEARING KIT,,EA113 AKL,,,TRASERO,,VKBA 4529 | VKBA 4529,Versión: 1.6 8V | Motor: EA113 AKL | Combustible: NAFTA | Ubicación: TRASERO
DAYCO,KWD1505,Rodamiento de rueda,RODAMIENTO,VOLKSWAGEN,GOLF,5-1999 -> 4-2011,Versión: 1.9 TDI | Motor: AGR | Combustible: DIESEL | SKF I: VKBA 4529 | SKF II: VKBA 4529 | Ubicación: TRASERO,VKBA 4529 | VKBA 4529,,https://www.dayco.com/la-es/catalog/?search=KWD1505,Rueda,WHEEL BEARING KIT,,AGR,,,TRASERO,,VKBA 4529 | VKBA 4529,Versión: 1.9 TDI | Motor: AGR | Combustible: DIESEL | Ubicación: TRASERO
DAYCO,KWD1505,Rodamiento de rueda,RODAMIENTO,VOLKSWAGEN,GOLF,5-1999 -> 5-2012,Versión: 2.0 8V | Motor: EA113 BER | Combustible: NAFTA | SKF I: VKBA 4529 | SKF II: VKBA 4529 | Ubicación: TRASERO,VKBA 4529 | VKBA 4529,,https://www.dayco.com/la-es/catalog/?search=KWD1505,Rueda,WHEEL BEARING KIT,,EA113 BER,,,TRASERO,,VKBA 4529 | VKBA 4529,Versión: 2.0 8V | Motor: EA113 BER | Combustible: NAFTA | Ubicación: TRASERO
DAYCO,KWD1505,Rodamiento de rueda,RODAMIENTO,VOLKSWAGEN,GOLF,3-1983 -> 10-1989,Versión: 1.8 | Motor: KT | Combustible: NAFTA | SKF I: VKBA 4529 | SKF II: VKBA 4529 | Ubicación: TRASERO,VKBA 4529 | VKBA 4529,,https://www.dayco.com/la-es/catalog/?search=KWD1505,Rueda,WHEEL BEARING KIT,,KT,,,TRASERO,,VKBA 4529 | VKBA 4529,Versión: 1.8 | Motor: KT | Combustible: NAFTA | Ubicación: TRASERO
DAYCO,KWD1037,Rodamiento de rueda,RODAMIENTO,VOLKSWAGEN,NEW BEETLE,2003 -> 2008,Versión: 1.9 TDI | Motor: ATD | Combustible: DIESEL | SKF I: VKBA 1358 | SKF II: BAHB 311443 B | Ubicación: DELANTERO,VKBA 1358 | BAHB 311443 B,,https://www.dayco.com/la-es/catalog/?search=KWD1037,Rueda,WHEEL BEARING KIT,,ATD,,,DELANTERO,,VKBA 1358 | BAHB 311443 B,Versión: 1.9 TDI | Motor: ATD | Combustible: DIESEL | Ubicación: DELANTERO
DAYCO,KWD1013,Rodamiento de rueda,RODAMIENTO,VOLKSWAGEN,NEW BEETLE,2010 -> 2012,Versión: 1.8T | Motor: AWU | Combustible: NAFTA | SKF I: VKBA 3456 | SKF II: BAF-4104 BBX | Ubicación: TRASERO,VKBA 3456 | BAF-4104 BBX,,https://www.dayco.com/la-es/catalog/?search=KWD1013,Rueda,WHEEL BEARING KIT,,AWU,,,TRASERO,,VKBA 3456 | BAF-4104 BBX,Versión: 1.8T | Motor: AWU | Combustible: NAFTA | Ubicación: TRASERO
DAYCO,KWD1013,Rodamiento de rueda,RODAMIENTO,VOLKSWAGEN,NEW BEETLE,2003 -> 2008,Versión: 1.9 TDI | Motor: ATD | Combustible: DIESEL | SKF I: VKBA 3456 | SKF II: BAF-4104 BBX | Ubicación: TRASERO,VKBA 3456 | BAF-4104 BBX,,https://www.dayco.com/la-es/catalog/?search=KWD1013,Rueda,WHEEL BEARING KIT,,ATD,,,TRASERO,,VKBA 3456 | BAF-4104 BBX,Versión: 1.9 TDI | Motor: ATD | Combustible: DIESEL | Ubicación: TRASERO
DAYCO,KWD1013,Rodamiento de rueda,RODAMIENTO,VOLKSWAGEN,NEW BEETLE,1999 -> 2010,Versión: 2.0 8V | Motor: CBPA | Combustible: NAFTA | SKF I: VKBA 3456 | SKF II: BAF-4104 BBX | Ubicación: TRASERO,VKBA 3456 | BAF-4104 BBX,,https://www.dayco.com/la-es/catalog/?search=KWD1013,Rueda,WHEEL BEARING KIT,,CBPA,,,TRASERO,,VKBA 3456 | BAF-4104 BBX,Versión: 2.0 8V | Motor: CBPA | Combustible: NAFTA | Ubicación: TRASERO
DAYCO,KWD1013,Rodamiento de rueda,RODAMIENTO,VOLKSWAGEN,NEW BEETLE,2006 -> 2010,Versión: 2.5 | Motor: BPS | Combustible: NAFTA | SKF I: VKBA 3456 | SKF II: BAF-4104 BBX | Ubicación: TRASERO,VKBA 3456 | BAF-4104 BBX,,https://www.dayco.com/la-es/catalog/?search=KWD1013,Rueda,WHEEL BEARING KIT,,BPS,,,TRASERO,,VKBA 3456 | BAF-4104 BBX,Versión: 2.5 | Motor: BPS | Combustible: NAFTA | Ubicación: TRASERO
DAYCO,KWD1013,Rodamiento de rueda,RODAMIENTO,VOLKSWAGEN,NEW BEETLE,2003 -> 2005,Versión: 2.0 8V | Motor: EA828 AZJ/AQY | Combustible: NAFTA | SKF I: VKBA 3456 | SKF II: BAF-4104 BBX | Ubicación: TRASERO,VKBA 3456 | BAF-4104 BBX,,https://www.dayco.com/la-es/catalog/?search=KWD1013,Rueda,WHEEL BEARING KIT,,EA828 AZJ/AQY,,,TRASERO,,VKBA 3456 | BAF-4104 BBX,Versión: 2.0 8V | Motor: EA828 AZJ/AQY | Combustible: NAFTA | Ubicación: TRASERO
DAYCO,KWD1005,Rodamiento de rueda,RODAMIENTO,VOLKSWAGEN,NEW BEETLE,10-2006 -> 11-2016,Versión: 2.5 | Motor: CCC | Combustible: NAFTA | SKF I: VKBA3644 | SKF II: VKBA 3644 | Ubicación: TRASERO | ABS: C/ABS,VKBA3644 | VKBA 3644,,https://www.dayco.com/la-es/catalog/?search=KWD1005,Rueda,WHEEL BEARING KIT,,CCC,,,TRASERO,C/ABS,VKBA3644 | VKBA 3644,Versión: 2.5 | Motor: CCC | Combustible: NAFTA | Ubicación: TRASERO | ABS: C/ABS
DAYCO,KWD1005,Rodamiento de rueda,RODAMIENTO,VOLKSWAGEN,NEW BEETLE,4-2014 -> 12-2023,Versión: 1.4 TSI | Motor: EA211 CTHD | Combustible: NAFTA | SKF I: VKBA3644 | SKF II: VKBA 3644 | Ubicación: TRASERO | ABS: C/ABS,VKBA3644 | VKBA 3644,,https://www.dayco.com/la-es/catalog/?search=KWD1005,Rueda,WHEEL BEARING KIT,,EA211 CTHD,,,TRASERO,C/ABS,VKBA3644 | VKBA 3644,Versión: 1.4 TSI | Motor: EA211 CTHD | Combustible: NAFTA | Ubicación: TRASERO | ABS: C/ABS
DAYCO,KWD1005,Rodamiento de rueda,RODAMIENTO,VOLKSWAGEN,NEW BEETLE,4-2014 -> 10-2022,Versión: 2.0 TSI | Motor: CPL | Combustible: NAFTA | SKF I: VKBA3644 | SKF II: VKBA 3644 | Ubicación: TRASERO | ABS: C/ABS,VKBA3644 | VKBA 3644,,https://www.dayco.com/la-es/catalog/?search=KWD1005,Rueda,WHEEL BEARING KIT,,CPL,,,TRASERO,C/ABS,VKBA3644 | VKBA 3644,Versión: 2.0 TSI | Motor: CPL | Combustible: NAFTA | Ubicación: TRASERO | ABS: C/ABS
DAYCO,KWD1037,Rodamiento de rueda,RODAMIENTO,VOLKSWAGEN,PASSAT,1995 -> 1998,Versión: 2.0I | Motor: AEP | Combustible: NAFTA | SKF I: VKBA 1358 | SKF II: BAHB 311443 B | Ubicación: DELANTERO,VKBA 1358 | BAHB 311443 B,,https://www.dayco.com/la-es/catalog/?search=KWD1037,Rueda,WHEEL BEARING KIT,,AEP,,,DELANTERO,,VKBA 1358 | BAHB 311443 B,Versión: 2.0I | Motor: AEP | Combustible: NAFTA | Ubicación: DELANTERO
DAYCO,KWD1037,Rodamiento de rueda,RODAMIENTO,VOLKSWAGEN,PASSAT,1995 -> 1998,Versión: 2.0I AT | Motor: AGG | Combustible: NAFTA | SKF I: VKBA 1358 | SKF II: BAHB 311443 B | Ubicación: DELANTERO,VKBA 1358 | BAHB 311443 B,,https://www.dayco.com/la-es/catalog/?search=KWD1037,Rueda,WHEEL BEARING KIT,,AGG,,,DELANTERO,,VKBA 1358 | BAHB 311443 B,Versión: 2.0I AT | Motor: AGG | Combustible: NAFTA | Ubicación: DELANTERO
DAYCO,KWD1037,Rodamiento de rueda,RODAMIENTO,VOLKSWAGEN,PASSAT,1995 -> 1998,Versión: 2.8 VR6 | Motor: ACK | Combustible: NAFTA | SKF I: VKBA 1358 | SKF II: BAHB 311443 B | Ubicación: DELANTERO,VKBA 1358 | BAHB 311443 B,,https://www.dayco.com/la-es/catalog/?search=KWD1037,Rueda,WHEEL BEARING KIT,,ACK,,,DELANTERO,,VKBA 1358 | BAHB 311443 B,Versión: 2.8 VR6 | Motor: ACK | Combustible: NAFTA | Ubicación: DELANTERO
DAYCO,KWD1037,Rodamiento de rueda,RODAMIENTO,VOLKSWAGEN,PASSAT,1998 -> 2001,Versión: 1.8 | Motor: ADR/APT/ARG | Combustible: NAFTA | SKF I: VKBA 1358 | SKF II: BAHB 311443 B | Ubicación: DELANTERO,VKBA 1358 | BAHB 311443 B,,https://www.dayco.com/la-es/catalog/?search=KWD1037,Rueda,WHEEL BEARING KIT,,ADR/APT/ARG,,,DELANTERO,,VKBA 1358 | BAHB 311443 B,Versión: 1.8 | Motor: ADR/APT/ARG | Combustible: NAFTA | Ubicación: DELANTERO
DAYCO,KWD1037,Rodamiento de rueda,RODAMIENTO,VOLKSWAGEN,PASSAT,1998 -> 2001,Versión: 1.8 TURBO | Motor: ANB | Combustible: NAFTA | SKF I: VKBA 1358 | SKF II: BAHB 311443 B | Ubicación: DELANTERO,VKBA 1358 | BAHB 311443 B,,https://www.dayco.com/la-es/catalog/?search=KWD1037,Rueda,WHEEL BEARING KIT,,ANB,,,DELANTERO,,VKBA 1358 | BAHB 311443 B,Versión: 1.8 TURBO | Motor: ANB | Combustible: NAFTA | Ubicación: DELANTERO
DAYCO,KWD1037,Rodamiento de rueda,RODAMIENTO,VOLKSWAGEN,PASSAT,1998 -> 2001,Versión: 1.8 T | Motor: APU | Combustible: NAFTA | SKF I: VKBA 1358 | SKF II: BAHB 311443 B | Ubicación: DELANTERO,VKBA 1358 | BAHB 311443 B,,https://www.dayco.com/la-es/catalog/?search=KWD1037,Rueda,WHEEL BEARING KIT,,APU,,,DELANTERO,,VKBA 1358 | BAHB 311443 B,Versión: 1.8 T | Motor: APU | Combustible: NAFTA | Ubicación: DELANTERO
DAYCO,KWD1037,Rodamiento de rueda,RODAMIENTO,VOLKSWAGEN,PASSAT,2002 -> 2005,Versión: 2.8 V6 4MOTION | Motor: BBG/AMX | Combustible: NAFTA | SKF I: VKBA 1358 | SKF II: BAHB 311443 B | Ubicación: DELANTERO,VKBA 1358 | BAHB 311443 B,,https://www.dayco.com/la-es/catalog/?search=KWD1037,Rueda,WHEEL BEARING KIT,,BBG/AMX,,,DELANTERO,,VKBA 1358 | BAHB 311443 B,Versión: 2.8 V6 4MOTION | Motor: BBG/AMX | Combustible: NAFTA | Ubicación: DELANTERO
DAYCO,KWD1037,Rodamiento de rueda,RODAMIENTO,VOLKSWAGEN,PASSAT,1998 -> 1999,Versión: 2.0I | Motor: ABA | Combustible: NAFTA | SKF I: VKBA 1358 | SKF II: BAHB 311443 B | Ubicación: DELANTERO,VKBA 1358 | BAHB 311443 B,,https://www.dayco.com/la-es/catalog/?search=KWD1037,Rueda,WHEEL BEARING KIT,,ABA,,,DELANTERO,,VKBA 1358 | BAHB 311443 B,Versión: 2.0I | Motor: ABA | Combustible: NAFTA | Ubicación: DELANTERO
DAYCO,KWD1037,Rodamiento de rueda,RODAMIENTO,VOLKSWAGEN,PASSAT,2001 -> 2005,Versión: 1.8 T | Motor: AWT | Combustible: NAFTA | SKF I: VKBA 1358 | SKF II: BAHB 311443 B | Ubicación: DELANTERO,VKBA 1358 | BAHB 311443 B,,https://www.dayco.com/la-es/catalog/?search=KWD1037,Rueda,WHEEL BEARING KIT,,AWT,,,DELANTERO,,VKBA 1358 | BAHB 311443 B,Versión: 1.8 T | Motor: AWT | Combustible: NAFTA | Ubicación: DELANTERO
DAYCO,KWD1037,Rodamiento de rueda,RODAMIENTO,VOLKSWAGEN,PASSAT,2001 -> 2005,Versión: 2.8 V6 4MOTION | Motor: BBG | Combustible: NAFTA | SKF I: VKBA 1358 | SKF II: BAHB 311443 B | Ubicación: DELANTERO,VKBA 1358 | BAHB 311443 B,,https://www.dayco.com/la-es/catalog/?search=KWD1037,Rueda,WHEEL BEARING KIT,,BBG,,,DELANTERO,,VKBA 1358 | BAHB 311443 B,Versión: 2.8 V6 4MOTION | Motor: BBG | Combustible: NAFTA | Ubicación: DELANTERO
DAYCO,KWD1037,Rodamiento de rueda,RODAMIENTO,VOLKSWAGEN,PASSAT,2003 -> 2005,Versión: 4.0 W8 | Motor: BDN | Combustible: NAFTA | SKF I: VKBA 1358 | SKF II: BAHB 311443 B | Ubicación: DELANTERO,VKBA 1358 | BAHB 311443 B,,https://www.dayco.com/la-es/catalog/?search=KWD1037,Rueda,WHEEL BEARING KIT,,BDN,,,DELANTERO,,VKBA 1358 | BAHB 311443 B,Versión: 4.0 W8 | Motor: BDN | Combustible: NAFTA | Ubicación: DELANTERO
DAYCO,KWD1037,Rodamiento de rueda,RODAMIENTO,VOLKSWAGEN,PASSAT,1983 -> 1984,Versión: 1.8 | Motor: JV | Combustible: NAFTA | SKF I: VKBA 1358 | SKF II: BAHB 311443 B | Ubicación: DELANTERO,VKBA 1358 | BAHB 311443 B,,https://www.dayco.com/la-es/catalog/?search=KWD1037,Rueda,WHEEL BEARING KIT,,JV,,,DELANTERO,,VKBA 1358 | BAHB 311443 B,Versión: 1.8 | Motor: JV | Combustible: NAFTA | Ubicación: DELANTERO
DAYCO,KWD1037,Rodamiento de rueda,RODAMIENTO,VOLKSWAGEN,PASSAT,1995 -> 1999,Versión: 1.9 TDI | Motor: 1Z | Combustible: DIESEL | SKF I: VKBA 1358 | SKF II: BAHB 311443 B | Ubicación: DELANTERO,VKBA 1358 | BAHB 311443 B,,https://www.dayco.com/la-es/catalog/?search=KWD1037,Rueda,WHEEL BEARING KIT,,1Z,,,DELANTERO,,VKBA 1358 | BAHB 311443 B,Versión: 1.9 TDI | Motor: 1Z | Combustible: DIESEL | Ubicación: DELANTERO
DAYCO,KWD1076,Rodamiento de rueda,RODAMIENTO,VOLKSWAGEN,PASSAT,2001 -> 2005,Versión: 1.8 T | Motor: AWT | Combustible: NAFTA | SKF I: VKBA3548 | Ubicación: TRASERO,VKBA3548,,https://www.dayco.com/la-es/catalog/?search=KWD1076,Rueda,WHEEL BEARING KIT,,AWT,,,TRASERO,,VKBA3548,Versión: 1.8 T | Motor: AWT | Combustible: NAFTA | Ubicación: TRASERO
DAYCO,KWD1076,Rodamiento de rueda,RODAMIENTO,VOLKSWAGEN,PASSAT,1995 -> 1999,Versión: 1.9 TDI | Motor: 1Z | Combustible: DIESEL | SKF I: VKBA3548 | Ubicación: TRASERO,VKBA3548,,https://www.dayco.com/la-es/catalog/?search=KWD1076,Rueda,WHEEL BEARING KIT,,1Z,,,TRASERO,,VKBA3548,Versión: 1.9 TDI | Motor: 1Z | Combustible: DIESEL | Ubicación: TRASERO
DAYCO,KWD1076,Rodamiento de rueda,RODAMIENTO,VOLKSWAGEN,PASSAT,2006 -> 2011,Versión: 3.2 V6 FSI | Motor: AXZ | Combustible: NAFTA | SKF I: VKBA3548 | Ubicación: TRASERO,VKBA3548,,https://www.dayco.com/la-es/catalog/?search=KWD1076,Rueda,WHEEL BEARING KIT,,AXZ,,,TRASERO,,VKBA3548,Versión: 3.2 V6 FSI | Motor: AXZ | Combustible: NAFTA | Ubicación: TRASERO
DAYCO,KWD1076,Rodamiento de rueda,RODAMIENTO,VOLKSWAGEN,PASSAT,1995 -> 1998,Versión: 2.8 VR6 | Motor: ACK | Combustible: NAFTA | SKF I: VKBA3548 | Ubicación: TRASERO,VKBA3548,,https://www.dayco.com/la-es/catalog/?search=KWD1076,Rueda,WHEEL BEARING KIT,,ACK,,,TRASERO,,VKBA3548,Versión: 2.8 VR6 | Motor: ACK | Combustible: NAFTA | Ubicación: TRASERO
DAYCO,KWD1076,Rodamiento de rueda,RODAMIENTO,VOLKSWAGEN,PASSAT,1998 -> 2001,Versión: 1.8 TURBO | Motor: ANB | Combustible: NAFTA | SKF I: VKBA3548 | Ubicación: TRASERO,VKBA3548,,https://www.dayco.com/la-es/catalog/?search=KWD1076,Rueda,WHEEL BEARING KIT,,ANB,,,TRASERO,,VKBA3548,Versión: 1.8 TURBO | Motor: ANB | Combustible: NAFTA | Ubicación: TRASERO
DAYCO,KWD1076,Rodamiento de rueda,RODAMIENTO,VOLKSWAGEN,PASSAT,1998 -> 2001,Versión: 1.8 T | Motor: APU | Combustible: NAFTA | SKF I: VKBA3548 | Ubicación: TRASERO,VKBA3548,,https://www.dayco.com/la-es/catalog/?search=KWD1076,Rueda,WHEEL BEARING KIT,,APU,,,TRASERO,,VKBA3548,Versión: 1.8 T | Motor: APU | Combustible: NAFTA | Ubicación: TRASERO
DAYCO,KWD1005,Rodamiento de rueda,RODAMIENTO,VOLKSWAGEN,PASSAT,2-2006 -> 2-2010,Versión: 2.0 FSI | Motor: BVZ | Combustible: NAFTA | SKF I: VKBA3644 | SKF II: VKBA 3644 | Ubicación: TRASERO | ABS: C/ABS,VKBA3644 | VKBA 3644,,https://www.dayco.com/la-es/catalog/?search=KWD1005,Rueda,WHEEL BEARING KIT,,BVZ,,,TRASERO,C/ABS,VKBA3644 | VKBA 3644,Versión: 2.0 FSI | Motor: BVZ | Combustible: NAFTA | Ubicación: TRASERO | ABS: C/ABS
DAYCO,KWD1005,Rodamiento de rueda,RODAMIENTO,VOLKSWAGEN,PASSAT,10-2007 -> 12-2011,Versión: 2.0 TSI | Motor: BWA/CAWB | Combustible: NAFTA | SKF I: VKBA3644 | SKF II: VKBA 3644 | Ubicación: TRASERO | ABS: C/ABS,VKBA3644 | VKBA 3644,,https://www.dayco.com/la-es/catalog/?search=KWD1005,Rueda,WHEEL BEARING KIT,,BWA/CAWB,,,TRASERO,C/ABS,VKBA3644 | VKBA 3644,Versión: 2.0 TSI | Motor: BWA/CAWB | Combustible: NAFTA | Ubicación: TRASERO | ABS: C/ABS
DAYCO,KWD1005,Rodamiento de rueda,RODAMIENTO,VOLKSWAGEN,PASSAT,2-2006 -> 12-2011,Versión: 2.0 TDI | Motor: BKP/CBAB | Combustible: DIESEL | SKF I: VKBA3644 | SKF II: VKBA 3644 | Ubicación: TRASERO | ABS: C/ABS,VKBA3644 | VKBA 3644,,https://www.dayco.com/la-es/catalog/?search=KWD1005,Rueda,WHEEL BEARING KIT,,BKP/CBAB,,,TRASERO,C/ABS,VKBA3644 | VKBA 3644,Versión: 2.0 TDI | Motor: BKP/CBAB | Combustible: DIESEL | Ubicación: TRASERO | ABS: C/ABS
DAYCO,KWD1005,Rodamiento de rueda,RODAMIENTO,VOLKSWAGEN,PASSAT,2-2006 -> 12-2011,Versión: 3.2 V6 FSI | Motor: AXZ | Combustible: NAFTA | SKF I: VKBA3644 | SKF II: VKBA 3644 | Ubicación: TRASERO | ABS: C/ABS,VKBA3644 | VKBA 3644,,https://www.dayco.com/la-es/catalog/?search=KWD1005,Rueda,WHEEL BEARING KIT,,AXZ,,,TRASERO,C/ABS,VKBA3644 | VKBA 3644,Versión: 3.2 V6 FSI | Motor: AXZ | Combustible: NAFTA | Ubicación: TRASERO | ABS: C/ABS
DAYCO,KWD1001,Rodamiento de rueda,RODAMIENTO,VOLKSWAGEN,PASSAT,2-2006 -> 2-2010,Versión: 2.0 FSI | Motor: BVZ | Combustible: NAFTA | SKF I: VKBA3643 | SKF II: VKBA 3643 | Ubicación: DELANTERO | ABS: C/ABS,VKBA3643 | VKBA 3643,,https://www.dayco.com/la-es/catalog/?search=KWD1001,Rueda,WHEEL BEARING KIT,,BVZ,,,DELANTERO,C/ABS,VKBA3643 | VKBA 3643,Versión: 2.0 FSI | Motor: BVZ | Combustible: NAFTA | Ubicación: DELANTERO | ABS: C/ABS
DAYCO,KWD1001,Rodamiento de rueda,RODAMIENTO,VOLKSWAGEN,PASSAT,10-2007 -> 12-2011,Versión: 2.0 TSI | Motor: BWA/CAWB | Combustible: NAFTA | SKF I: VKBA3643 | SKF II: VKBA 3643 | Ubicación: DELANTERO | ABS: C/ABS,VKBA3643 | VKBA 3643,,https://www.dayco.com/la-es/catalog/?search=KWD1001,Rueda,WHEEL BEARING KIT,,BWA/CAWB,,,DELANTERO,C/ABS,VKBA3643 | VKBA 3643,Versión: 2.0 TSI | Motor: BWA/CAWB | Combustible: NAFTA | Ubicación: DELANTERO | ABS: C/ABS
DAYCO,KWD1001,Rodamiento de rueda,RODAMIENTO,VOLKSWAGEN,PASSAT,2-2006 -> 12-2011,Versión: 2.0 TDI | Motor: BKP/CBAB | Combustible: DIESEL | SKF I: VKBA3643 | SKF II: VKBA 3643 | Ubicación: DELANTERO | ABS: C/ABS,VKBA3643 | VKBA 3643,,https://www.dayco.com/la-es/catalog/?search=KWD1001,Rueda,WHEEL BEARING KIT,,BKP/CBAB,,,DELANTERO,C/ABS,VKBA3643 | VKBA 3643,Versión: 2.0 TDI | Motor: BKP/CBAB | Combustible: DIESEL | Ubicación: DELANTERO | ABS: C/ABS
DAYCO,KWD1001,Rodamiento de rueda,RODAMIENTO,VOLKSWAGEN,PASSAT,2-2006 -> 12-2011,Versión: 3.2 V6 FSI | Motor: AXZ | Combustible: NAFTA | SKF I: VKBA3643 | SKF II: VKBA 3643 | Ubicación: DELANTERO | ABS: C/ABS,VKBA3643 | VKBA 3643,,https://www.dayco.com/la-es/catalog/?search=KWD1001,Rueda,WHEEL BEARING KIT,,AXZ,,,DELANTERO,C/ABS,VKBA3643 | VKBA 3643,Versión: 3.2 V6 FSI | Motor: AXZ | Combustible: NAFTA | Ubicación: DELANTERO | ABS: C/ABS
DAYCO,KWD1076,Rodamiento de rueda,RODAMIENTO,VOLKSWAGEN,POINTER,1993 -> 1994,Versión: 1.8 | Motor: AP 1.8I USB | Combustible: NAFTA | SKF I: VKBA3548 | Ubicación: TRASERO,VKBA3548,,https://www.dayco.com/la-es/catalog/?search=KWD1076,Rueda,WHEEL BEARING KIT,,AP 1.8I USB,,,TRASERO,,VKBA3548,Versión: 1.8 | Motor: AP 1.8I USB | Combustible: NAFTA | Ubicación: TRASERO
DAYCO,KWD1076,Rodamiento de rueda,RODAMIENTO,VOLKSWAGEN,POINTER,1994 -> 1997,Versión: 2.0 | Motor: ULB | Combustible: NAFTA | SKF I: VKBA3548 | Ubicación: TRASERO,VKBA3548,,https://www.dayco.com/la-es/catalog/?search=KWD1076,Rueda,WHEEL BEARING KIT,,ULB,,,TRASERO,,VKBA3548,Versión: 2.0 | Motor: ULB | Combustible: NAFTA | Ubicación: TRASERO
DAYCO,KWD1064,Rodamiento de rueda,RODAMIENTO,VOLKSWAGEN,POINTER,1994 -> 1997,Versión: 1.6 CFI | Motor: AP 1.6 | Combustible: NAFTA | SKF I: VKBA 4501 | SKF II: VKBA 4501 | Ubicación: DELANTERO | ABS: C/ABS,VKBA 4501 | VKBA 4501,,https://www.dayco.com/la-es/catalog/?search=KWD1064,Rueda,WHEEL BEARING KIT,,AP 1.6,,,DELANTERO,C/ABS,VKBA 4501 | VKBA 4501,Versión: 1.6 CFI | Motor: AP 1.6 | Combustible: NAFTA | Ubicación: DELANTERO | ABS: C/ABS
DAYCO,KWD1064,Rodamiento de rueda,RODAMIENTO,VOLKSWAGEN,POINTER,1993 -> 1994,Versión: 1.8 | Motor: AP 1.8I USB | Combustible: NAFTA | SKF I: VKBA 4501 | SKF II: VKBA 4501 | Ubicación: DELANTERO | ABS: C/ABS,VKBA 4501 | VKBA 4501,,https://www.dayco.com/la-es/catalog/?search=KWD1064,Rueda,WHEEL BEARING KIT,,AP 1.8I USB,,,DELANTERO,C/ABS,VKBA 4501 | VKBA 4501,Versión: 1.8 | Motor: AP 1.8I USB | Combustible: NAFTA | Ubicación: DELANTERO | ABS: C/ABS
DAYCO,KWD1064,Rodamiento de rueda,RODAMIENTO,VOLKSWAGEN,POINTER,1994 -> 1997,Versión: 2.0 | Motor: ULB | Combustible: NAFTA | SKF I: VKBA 4501 | SKF II: VKBA 4501 | Ubicación: DELANTERO | ABS: C/ABS,VKBA 4501 | VKBA 4501,,https://www.dayco.com/la-es/catalog/?search=KWD1064,Rueda,WHEEL BEARING KIT,,ULB,,,DELANTERO,C/ABS,VKBA 4501 | VKBA 4501,Versión: 2.0 | Motor: ULB | Combustible: NAFTA | Ubicación: DELANTERO | ABS: C/ABS
DAYCO,KWD1633,Rodamiento de rueda,RODAMIENTO,VOLKSWAGEN,POINTER,1994 -> 1997,Versión: 1.6 CFI | Motor: AP 1.6 | Combustible: NAFTA | SKF I: VKBA 4533 | SKF II: TRASERO | Ubicación: S/ABS | ABS: S/ABS,VKBA 4533 | TRASERO,,https://www.dayco.com/la-es/catalog/?search=KWD1633,Rueda,WHEEL BEARING KIT,,AP 1.6,,,S/ABS,S/ABS,VKBA 4533 | TRASERO,Versión: 1.6 CFI | Motor: AP 1.6 | Combustible: NAFTA | Ubicación: S/ABS | ABS: S/ABS
DAYCO,KWD1633,Rodamiento de rueda,RODAMIENTO,VOLKSWAGEN,POINTER,1993 -> 1994,Versión: 1.8 | Motor: AP 1.8I USB | Combustible: NAFTA | SKF I: VKBA 4533 | SKF II: TRASERO | Ubicación: S/ABS | ABS: S/ABS,VKBA 4533 | TRASERO,,https://www.dayco.com/la-es/catalog/?search=KWD1633,Rueda,WHEEL BEARING KIT,,AP 1.8I USB,,,S/ABS,S/ABS,VKBA 4533 | TRASERO,Versión: 1.8 | Motor: AP 1.8I USB | Combustible: NAFTA | Ubicación: S/ABS | ABS: S/ABS
DAYCO,KWD1633,Rodamiento de rueda,RODAMIENTO,VOLKSWAGEN,POINTER,1994 -> 1997,Versión: 2 | Motor: ULB | Combustible: NAFTA | SKF I: VKBA 4533 | SKF II: TRASERO | Ubicación: S/ABS | ABS: S/ABS,VKBA 4533 | TRASERO,,https://www.dayco.com/la-es/catalog/?search=KWD1633,Rueda,WHEEL BEARING KIT,,ULB,,,S/ABS,S/ABS,VKBA 4533 | TRASERO,Versión: 2 | Motor: ULB | Combustible: NAFTA | Ubicación: S/ABS | ABS: S/ABS
DAYCO,KWD1399,Rodamiento de rueda,RODAMIENTO,VOLKSWAGEN,POLO CLASSIC,2001 -> 2009,Versión: 1.9 SD | Motor: EA086 1.9SD 1Y | Combustible: DIESEL | SKF I: VKBA 4500 | SKF II: VKBC 20070/ BAHB 311315 | Ubicación: DELANTERO,VKBA 4500 | VKBC 20070/ BAHB 311315,,https://www.dayco.com/la-es/catalog/?search=KWD1399,Rueda,WHEEL BEARING KIT,,EA086 1.9SD 1Y,,,DELANTERO,,VKBA 4500 | VKBC 20070/ BAHB 311315,Versión: 1.9 SD | Motor: EA086 1.9SD 1Y | Combustible: DIESEL | Ubicación: DELANTERO
DAYCO,KWD1399,Rodamiento de rueda,RODAMIENTO,VOLKSWAGEN,POLO CLASSIC,1996 -> 2001,Versión: 1.6 MI | Motor: EA827 UVC | Combustible: NAFTA | SKF I: VKBA 4500 | SKF II: VKBC 20070/ BAHB 311315 | Ubicación: DELANTERO,VKBA 4500 | VKBC 20070/ BAHB 311315,,https://www.dayco.com/la-es/catalog/?search=KWD1399,Rueda,WHEEL BEARING KIT,,EA827 UVC,,,DELANTERO,,VKBA 4500 | VKBC 20070/ BAHB 311315,Versión: 1.6 MI | Motor: EA827 UVC | Combustible: NAFTA | Ubicación: DELANTERO
DAYCO,KWD1399,Rodamiento de rueda,RODAMIENTO,VOLKSWAGEN,POLO CLASSIC,1997 -> 2000,Versión: 1.8 MI | Motor: ADZ | Combustible: NAFTA | SKF I: VKBA 4500 | SKF II: VKBC 20070/ BAHB 311315 | Ubicación: DELANTERO,VKBA 4500 | VKBC 20070/ BAHB 311315,,https://www.dayco.com/la-es/catalog/?search=KWD1399,Rueda,WHEEL BEARING KIT,,ADZ,,,DELANTERO,,VKBA 4500 | VKBC 20070/ BAHB 311315,Versión: 1.8 MI | Motor: ADZ | Combustible: NAFTA | Ubicación: DELANTERO
DAYCO,KWD1399,Rodamiento de rueda,RODAMIENTO,VOLKSWAGEN,POLO CLASSIC,1998 -> 2001,Versión: 1.8 MI | Motor: EA827 USF | Combustible: NAFTA | SKF I: VKBA 4500 | SKF II: VKBC 20070/ BAHB 311315 | Ubicación: DELANTERO,VKBA 4500 | VKBC 20070/ BAHB 311315,,https://www.dayco.com/la-es/catalog/?search=KWD1399,Rueda,WHEEL BEARING KIT,,EA827 USF,,,DELANTERO,,VKBA 4500 | VKBC 20070/ BAHB 311315,Versión: 1.8 MI | Motor: EA827 USF | Combustible: NAFTA | Ubicación: DELANTERO
DAYCO,KWD1399,Rodamiento de rueda,RODAMIENTO,VOLKSWAGEN,POLO CLASSIC,1996 -> 2000,Versión: 1.9 SD | Motor: EA086 1.9SD 1Y | Combustible: DIESEL | SKF I: VKBA 4500 | SKF II: VKBC 20070/ BAHB 311315 | Ubicación: DELANTERO,VKBA 4500 | VKBC 20070/ BAHB 311315,,https://www.dayco.com/la-es/catalog/?search=KWD1399,Rueda,WHEEL BEARING KIT,,EA086 1.9SD 1Y,,,DELANTERO,,VKBA 4500 | VKBC 20070/ BAHB 311315,Versión: 1.9 SD | Motor: EA086 1.9SD 1Y | Combustible: DIESEL | Ubicación: DELANTERO
DAYCO,KWD1399,Rodamiento de rueda,RODAMIENTO,VOLKSWAGEN,POLO CLASSIC,1998 -> 2000,Versión: 1.9 TDI | Motor: AGR | Combustible: DIESEL | SKF I: VKBA 4500 | SKF II: VKBC 20070/ BAHB 311315 | Ubicación: DELANTERO,VKBA 4500 | VKBC 20070/ BAHB 311315,,https://www.dayco.com/la-es/catalog/?search=KWD1399,Rueda,WHEEL BEARING KIT,,AGR,,,DELANTERO,,VKBA 4500 | VKBC 20070/ BAHB 311315,Versión: 1.9 TDI | Motor: AGR | Combustible: DIESEL | Ubicación: DELANTERO
DAYCO,KWD1399,Rodamiento de rueda,RODAMIENTO,VOLKSWAGEN,POLO CLASSIC,2001 -> 2009,Versión: 1.6 8V | Motor: EA827 UVC | Combustible: NAFTA | SKF I: VKBA 4500 | SKF II: VKBC 20070/ BAHB 311315 | Ubicación: DELANTERO,VKBA 4500 | VKBC 20070/ BAHB 311315,,https://www.dayco.com/la-es/catalog/?search=KWD1399,Rueda,WHEEL BEARING KIT,,EA827 UVC,,,DELANTERO,,VKBA 4500 | VKBC 20070/ BAHB 311315,Versión: 1.6 8V | Motor: EA827 UVC | Combustible: NAFTA | Ubicación: DELANTERO
DAYCO,KWD1399,Rodamiento de rueda,RODAMIENTO,VOLKSWAGEN,POLO CLASSIC,2001 -> 2009,Versión: 1.8 MI | Motor: EA827 USF | Combustible: NAFTA | SKF I: VKBA 4500 | SKF II: VKBC 20070/ BAHB 311315 | Ubicación: DELANTERO,VKBA 4500 | VKBC 20070/ BAHB 311315,,https://www.dayco.com/la-es/catalog/?search=KWD1399,Rueda,WHEEL BEARING KIT,,EA827 USF,,,DELANTERO,,VKBA 4500 | VKBC 20070/ BAHB 311315,Versión: 1.8 MI | Motor: EA827 USF | Combustible: NAFTA | Ubicación: DELANTERO
DAYCO,KWD1399,Rodamiento de rueda,RODAMIENTO,VOLKSWAGEN,POLO CLASSIC,2001 -> 2009,Versión: 1.9 TDI | Motor: AGR | Combustible: DIESEL | SKF I: VKBA 4500 | SKF II: VKBC 20070/ BAHB 311315 | Ubicación: DELANTERO,VKBA 4500 | VKBC 20070/ BAHB 311315,,https://www.dayco.com/la-es/catalog/?search=KWD1399,Rueda,WHEEL BEARING KIT,,AGR,,,DELANTERO,,VKBA 4500 | VKBC 20070/ BAHB 311315,Versión: 1.9 TDI | Motor: AGR | Combustible: DIESEL | Ubicación: DELANTERO
DAYCO,KWD1037,Rodamiento de rueda,RODAMIENTO,VOLKSWAGEN,POLO CLASSIC,2001 -> 2009,Versión: 1.6 8V | Motor: EA827 UVC | Combustible: NAFTA | SKF I: VKBA 1358 | SKF II: BAHB 311443 B | Ubicación: DELANTERO,VKBA 1358 | BAHB 311443 B,,https://www.dayco.com/la-es/catalog/?search=KWD1037,Rueda,WHEEL BEARING KIT,,EA827 UVC,,,DELANTERO,,VKBA 1358 | BAHB 311443 B,Versión: 1.6 8V | Motor: EA827 UVC | Combustible: NAFTA | Ubicación: DELANTERO
DAYCO,KWD1037,Rodamiento de rueda,RODAMIENTO,VOLKSWAGEN,POLO CLASSIC,2001 -> 2009,Versión: 1.8 MI | Motor: EA827 USF | Combustible: NAFTA | SKF I: VKBA 1358 | SKF II: BAHB 311443 B | Ubicación: DELANTERO,VKBA 1358 | BAHB 311443 B,,https://www.dayco.com/la-es/catalog/?search=KWD1037,Rueda,WHEEL BEARING KIT,,EA827 USF,,,DELANTERO,,VKBA 1358 | BAHB 311443 B,Versión: 1.8 MI | Motor: EA827 USF | Combustible: NAFTA | Ubicación: DELANTERO
DAYCO,KWD1037,Rodamiento de rueda,RODAMIENTO,VOLKSWAGEN,POLO CLASSIC,2001 -> 2009,Versión: 1.9 TDI | Motor: AGR | Combustible: DIESEL | SKF I: VKBA 1358 | SKF II: BAHB 311443 B | Ubicación: DELANTERO,VKBA 1358 | BAHB 311443 B,,https://www.dayco.com/la-es/catalog/?search=KWD1037,Rueda,WHEEL BEARING KIT,,AGR,,,DELANTERO,,VKBA 1358 | BAHB 311443 B,Versión: 1.9 TDI | Motor: AGR | Combustible: DIESEL | Ubicación: DELANTERO
DAYCO,KWD1037,Rodamiento de rueda,RODAMIENTO,VOLKSWAGEN,POLO CLASSIC,2001 -> 2009,Versión: 1.9 SD | Motor: EA086 1.9SD 1Y | Combustible: DIESEL | SKF I: VKBA 1358 | SKF II: BAHB 311443 B | Ubicación: DELANTERO,VKBA 1358 | BAHB 311443 B,,https://www.dayco.com/la-es/catalog/?search=KWD1037,Rueda,WHEEL BEARING KIT,,EA086 1.9SD 1Y,,,DELANTERO,,VKBA 1358 | BAHB 311443 B,Versión: 1.9 SD | Motor: EA086 1.9SD 1Y | Combustible: DIESEL | Ubicación: DELANTERO
DAYCO,KWD1037,Rodamiento de rueda,RODAMIENTO,VOLKSWAGEN,POLO CLASSIC,1996 -> 2001,Versión: 1.6 MI | Motor: EA827 UVC | Combustible: NAFTA | SKF I: VKBA 1358 | SKF II: BAHB 311443 B | Ubicación: DELANTERO,VKBA 1358 | BAHB 311443 B,,https://www.dayco.com/la-es/catalog/?search=KWD1037,Rueda,WHEEL BEARING KIT,,EA827 UVC,,,DELANTERO,,VKBA 1358 | BAHB 311443 B,Versión: 1.6 MI | Motor: EA827 UVC | Combustible: NAFTA | Ubicación: DELANTERO
DAYCO,KWD1037,Rodamiento de rueda,RODAMIENTO,VOLKSWAGEN,POLO CLASSIC,1997 -> 2000,Versión: 1.8 MI | Motor: ADZ | Combustible: NAFTA | SKF I: VKBA 1358 | SKF II: BAHB 311443 B | Ubicación: DELANTERO,VKBA 1358 | BAHB 311443 B,,https://www.dayco.com/la-es/catalog/?search=KWD1037,Rueda,WHEEL BEARING KIT,,ADZ,,,DELANTERO,,VKBA 1358 | BAHB 311443 B,Versión: 1.8 MI | Motor: ADZ | Combustible: NAFTA | Ubicación: DELANTERO
DAYCO,KWD1037,Rodamiento de rueda,RODAMIENTO,VOLKSWAGEN,POLO CLASSIC,1998 -> 2001,Versión: 1.8 MI | Motor: EA827 USF | Combustible: NAFTA | SKF I: VKBA 1358 | SKF II: BAHB 311443 B | Ubicación: DELANTERO,VKBA 1358 | BAHB 311443 B,,https://www.dayco.com/la-es/catalog/?search=KWD1037,Rueda,WHEEL BEARING KIT,,EA827 USF,,,DELANTERO,,VKBA 1358 | BAHB 311443 B,Versión: 1.8 MI | Motor: EA827 USF | Combustible: NAFTA | Ubicación: DELANTERO
DAYCO,KWD1037,Rodamiento de rueda,RODAMIENTO,VOLKSWAGEN,POLO CLASSIC,1996 -> 2000,Versión: 1.9 SD | Motor: EA086 1.9SD 1Y | Combustible: DIESEL | SKF I: VKBA 1358 | SKF II: BAHB 311443 B | Ubicación: DELANTERO,VKBA 1358 | BAHB 311443 B,,https://www.dayco.com/la-es/catalog/?search=KWD1037,Rueda,WHEEL BEARING KIT,,EA086 1.9SD 1Y,,,DELANTERO,,VKBA 1358 | BAHB 311443 B,Versión: 1.9 SD | Motor: EA086 1.9SD 1Y | Combustible: DIESEL | Ubicación: DELANTERO
DAYCO,KWD1037,Rodamiento de rueda,RODAMIENTO,VOLKSWAGEN,POLO CLASSIC,1998 -> 2000,Versión: 1.9 TDI | Motor: AGR | Combustible: DIESEL | SKF I: VKBA 1358 | SKF II: BAHB 311443 B | Ubicación: DELANTERO,VKBA 1358 | BAHB 311443 B,,https://www.dayco.com/la-es/catalog/?search=KWD1037,Rueda,WHEEL BEARING KIT,,AGR,,,DELANTERO,,VKBA 1358 | BAHB 311443 B,Versión: 1.9 TDI | Motor: AGR | Combustible: DIESEL | Ubicación: DELANTERO
DAYCO,KWD1064,Rodamiento de rueda,RODAMIENTO,VOLKSWAGEN,POLO CLASSIC,2001 -> 2009,Versión: 1.6 8V | Motor: EA827 UVC | Combustible: NAFTA | SKF I: VKBA 4501 | SKF II: VKBA 4501 | Ubicación: DELANTERO | ABS: C/ABS,VKBA 4501 | VKBA 4501,,https://www.dayco.com/la-es/catalog/?search=KWD1064,Rueda,WHEEL BEARING KIT,,EA827 UVC,,,DELANTERO,C/ABS,VKBA 4501 | VKBA 4501,Versión: 1.6 8V | Motor: EA827 UVC | Combustible: NAFTA | Ubicación: DELANTERO | ABS: C/ABS
DAYCO,KWD1064,Rodamiento de rueda,RODAMIENTO,VOLKSWAGEN,POLO CLASSIC,2001 -> 2009,Versión: 1.8 MI | Motor: EA827 USF | Combustible: NAFTA | SKF I: VKBA 4501 | SKF II: VKBA 4501 | Ubicación: DELANTERO | ABS: C/ABS,VKBA 4501 | VKBA 4501,,https://www.dayco.com/la-es/catalog/?search=KWD1064,Rueda,WHEEL BEARING KIT,,EA827 USF,,,DELANTERO,C/ABS,VKBA 4501 | VKBA 4501,Versión: 1.8 MI | Motor: EA827 USF | Combustible: NAFTA | Ubicación: DELANTERO | ABS: C/ABS
DAYCO,KWD1064,Rodamiento de rueda,RODAMIENTO,VOLKSWAGEN,POLO CLASSIC,2001 -> 2009,Versión: 1.9 TDI | Motor: AGR | Combustible: DIESEL | SKF I: VKBA 4501 | SKF II: VKBA 4501 | Ubicación: DELANTERO | ABS: C/ABS,VKBA 4501 | VKBA 4501,,https://www.dayco.com/la-es/catalog/?search=KWD1064,Rueda,WHEEL BEARING KIT,,AGR,,,DELANTERO,C/ABS,VKBA 4501 | VKBA 4501,Versión: 1.9 TDI | Motor: AGR | Combustible: DIESEL | Ubicación: DELANTERO | ABS: C/ABS
DAYCO,KWD1064,Rodamiento de rueda,RODAMIENTO,VOLKSWAGEN,POLO CLASSIC,2001 -> 2009,Versión: 1.9 SD | Motor: EA086 1.9SD 1Y | Combustible: DIESEL | SKF I: VKBA 4501 | SKF II: VKBA 4501 | Ubicación: DELANTERO | ABS: C/ABS,VKBA 4501 | VKBA 4501,,https://www.dayco.com/la-es/catalog/?search=KWD1064,Rueda,WHEEL BEARING KIT,,EA086 1.9SD 1Y,,,DELANTERO,C/ABS,VKBA 4501 | VKBA 4501,Versión: 1.9 SD | Motor: EA086 1.9SD 1Y | Combustible: DIESEL | Ubicación: DELANTERO | ABS: C/ABS
DAYCO,KWD1064,Rodamiento de rueda,RODAMIENTO,VOLKSWAGEN,POLO CLASSIC,1996 -> 2001,Versión: 1.6 MI | Motor: EA827 UVC | Combustible: NAFTA | SKF I: VKBA 4501 | SKF II: VKBA 4501 | Ubicación: DELANTERO | ABS: C/ABS,VKBA 4501 | VKBA 4501,,https://www.dayco.com/la-es/catalog/?search=KWD1064,Rueda,WHEEL BEARING KIT,,EA827 UVC,,,DELANTERO,C/ABS,VKBA 4501 | VKBA 4501,Versión: 1.6 MI | Motor: EA827 UVC | Combustible: NAFTA | Ubicación: DELANTERO | ABS: C/ABS
DAYCO,KWD1064,Rodamiento de rueda,RODAMIENTO,VOLKSWAGEN,POLO CLASSIC,1997 -> 2000,Versión: 1.8 MI | Motor: ADZ | Combustible: NAFTA | SKF I: VKBA 4501 | SKF II: VKBA 4501 | Ubicación: DELANTERO | ABS: C/ABS,VKBA 4501 | VKBA 4501,,https://www.dayco.com/la-es/catalog/?search=KWD1064,Rueda,WHEEL BEARING KIT,,ADZ,,,DELANTERO,C/ABS,VKBA 4501 | VKBA 4501,Versión: 1.8 MI | Motor: ADZ | Combustible: NAFTA | Ubicación: DELANTERO | ABS: C/ABS
DAYCO,KWD1064,Rodamiento de rueda,RODAMIENTO,VOLKSWAGEN,POLO CLASSIC,1998 -> 2001,Versión: 1.8 MI | Motor: EA827 USF | Combustible: NAFTA | SKF I: VKBA 4501 | SKF II: VKBA 4501 | Ubicación: DELANTERO | ABS: C/ABS,VKBA 4501 | VKBA 4501,,https://www.dayco.com/la-es/catalog/?search=KWD1064,Rueda,WHEEL BEARING KIT,,EA827 USF,,,DELANTERO,C/ABS,VKBA 4501 | VKBA 4501,Versión: 1.8 MI | Motor: EA827 USF | Combustible: NAFTA | Ubicación: DELANTERO | ABS: C/ABS
DAYCO,KWD1064,Rodamiento de rueda,RODAMIENTO,VOLKSWAGEN,POLO CLASSIC,1996 -> 2000,Versión: 1.9 SD | Motor: EA086 1.9SD 1Y | Combustible: DIESEL | SKF I: VKBA 4501 | SKF II: VKBA 4501 | Ubicación: DELANTERO | ABS: C/ABS,VKBA 4501 | VKBA 4501,,https://www.dayco.com/la-es/catalog/?search=KWD1064,Rueda,WHEEL BEARING KIT,,EA086 1.9SD 1Y,,,DELANTERO,C/ABS,VKBA 4501 | VKBA 4501,Versión: 1.9 SD | Motor: EA086 1.9SD 1Y | Combustible: DIESEL | Ubicación: DELANTERO | ABS: C/ABS
DAYCO,KWD1064,Rodamiento de rueda,RODAMIENTO,VOLKSWAGEN,POLO CLASSIC,1998 -> 2000,Versión: 1.9 TDI | Motor: AGR | Combustible: DIESEL | SKF I: VKBA 4501 | SKF II: VKBA 4501 | Ubicación: DELANTERO | ABS: C/ABS,VKBA 4501 | VKBA 4501,,https://www.dayco.com/la-es/catalog/?search=KWD1064,Rueda,WHEEL BEARING KIT,,AGR,,,DELANTERO,C/ABS,VKBA 4501 | VKBA 4501,Versión: 1.9 TDI | Motor: AGR | Combustible: DIESEL | Ubicación: DELANTERO | ABS: C/ABS
DAYCO,KWD1006,Rodamiento de rueda,RODAMIENTO,VOLKSWAGEN,POLO CLASSIC,1-2001 -> 11-2009,Versión: 1.6 8V | Motor: EA827 UVC | Combustible: NAFTA | SKF I: VKBC3567 | SKF II: VKBC 3567 | Ubicación: TRASERO | ABS: C/ABS,VKBC3567 | VKBC 3567,,https://www.dayco.com/la-es/catalog/?search=KWD1006,Rueda,WHEEL BEARING KIT,,EA827 UVC,,,TRASERO,C/ABS,VKBC3567 | VKBC 3567,Versión: 1.6 8V | Motor: EA827 UVC | Combustible: NAFTA | Ubicación: TRASERO | ABS: C/ABS
DAYCO,KWD1006,Rodamiento de rueda,RODAMIENTO,VOLKSWAGEN,POLO CLASSIC,1-2001 -> 11-2009,Versión: 1.8 MI | Motor: EA827 USF | Combustible: NAFTA | SKF I: VKBC3567 | SKF II: VKBC 3567 | Ubicación: TRASERO | ABS: C/ABS,VKBC3567 | VKBC 3567,,https://www.dayco.com/la-es/catalog/?search=KWD1006,Rueda,WHEEL BEARING KIT,,EA827 USF,,,TRASERO,C/ABS,VKBC3567 | VKBC 3567,Versión: 1.8 MI | Motor: EA827 USF | Combustible: NAFTA | Ubicación: TRASERO | ABS: C/ABS
DAYCO,KWD1006,Rodamiento de rueda,RODAMIENTO,VOLKSWAGEN,POLO CLASSIC,1-2001 -> 11-2009,Versión: 1.9 TDI | Motor: AGR | Combustible: DIESEL | SKF I: VKBC3567 | SKF II: VKBC 3567 | Ubicación: TRASERO | ABS: C/ABS,VKBC3567 | VKBC 3567,,https://www.dayco.com/la-es/catalog/?search=KWD1006,Rueda,WHEEL BEARING KIT,,AGR,,,TRASERO,C/ABS,VKBC3567 | VKBC 3567,Versión: 1.9 TDI | Motor: AGR | Combustible: DIESEL | Ubicación: TRASERO | ABS: C/ABS
DAYCO,KWD1006,Rodamiento de rueda,RODAMIENTO,VOLKSWAGEN,POLO CLASSIC,1-2001 -> 11-2009,Versión: 1.9 SD | Motor: EA086 1.9SD 1Y | Combustible: DIESEL | SKF I: VKBC3567 | SKF II: VKBC 3567 | Ubicación: TRASERO | ABS: C/ABS,VKBC3567 | VKBC 3567,,https://www.dayco.com/la-es/catalog/?search=KWD1006,Rueda,WHEEL BEARING KIT,,EA086 1.9SD 1Y,,,TRASERO,C/ABS,VKBC3567 | VKBC 3567,Versión: 1.9 SD | Motor: EA086 1.9SD 1Y | Combustible: DIESEL | Ubicación: TRASERO | ABS: C/ABS
DAYCO,KWD1505,Rodamiento de rueda,RODAMIENTO,VOLKSWAGEN,POLO CLASSIC,1-1996 -> 10-2001,Versión: 1.6 MI | Motor: EA827 UVC | Combustible: NAFTA | SKF I: VKBA 4529 | SKF II: VKBA 4529 | Ubicación: TRASERO,VKBA 4529 | VKBA 4529,,https://www.dayco.com/la-es/catalog/?search=KWD1505,Rueda,WHEEL BEARING KIT,,EA827 UVC,,,TRASERO,,VKBA 4529 | VKBA 4529,Versión: 1.6 MI | Motor: EA827 UVC | Combustible: NAFTA | Ubicación: TRASERO
DAYCO,KWD1505,Rodamiento de rueda,RODAMIENTO,VOLKSWAGEN,POLO CLASSIC,2-1997 -> 9-2000,Versión: 1.8 MI | Motor: ADZ | Combustible: NAFTA | SKF I: VKBA 4529 | SKF II: VKBA 4529 | Ubicación: TRASERO,VKBA 4529 | VKBA 4529,,https://www.dayco.com/la-es/catalog/?search=KWD1505,Rueda,WHEEL BEARING KIT,,ADZ,,,TRASERO,,VKBA 4529 | VKBA 4529,Versión: 1.8 MI | Motor: ADZ | Combustible: NAFTA | Ubicación: TRASERO
DAYCO,KWD1505,Rodamiento de rueda,RODAMIENTO,VOLKSWAGEN,POLO CLASSIC,3-1998 -> 5-2001,Versión: 1.8 MI | Motor: EA827 USF | Combustible: NAFTA | SKF I: VKBA 4529 | SKF II: VKBA 4529 | Ubicación: TRASERO,VKBA 4529 | VKBA 4529,,https://www.dayco.com/la-es/catalog/?search=KWD1505,Rueda,WHEEL BEARING KIT,,EA827 USF,,,TRASERO,,VKBA 4529 | VKBA 4529,Versión: 1.8 MI | Motor: EA827 USF | Combustible: NAFTA | Ubicación: TRASERO
DAYCO,KWD1505,Rodamiento de rueda,RODAMIENTO,VOLKSWAGEN,POLO CLASSIC,1-1996 -> 9-2000,Versión: 1.9 SD | Motor: EA086 1.9SD 1Y | Combustible: DIESEL | SKF I: VKBA 4529 | SKF II: VKBA 4529 | Ubicación: TRASERO,VKBA 4529 | VKBA 4529,,https://www.dayco.com/la-es/catalog/?search=KWD1505,Rueda,WHEEL BEARING KIT,,EA086 1.9SD 1Y,,,TRASERO,,VKBA 4529 | VKBA 4529,Versión: 1.9 SD | Motor: EA086 1.9SD 1Y | Combustible: DIESEL | Ubicación: TRASERO
DAYCO,KWD1505,Rodamiento de rueda,RODAMIENTO,VOLKSWAGEN,POLO CLASSIC,3-1998 -> 9-2000,Versión: 1.9 TDI | Motor: AGR | Combustible: DIESEL | SKF I: VKBA 4529 | SKF II: VKBA 4529 | Ubicación: TRASERO,VKBA 4529 | VKBA 4529,,https://www.dayco.com/la-es/catalog/?search=KWD1505,Rueda,WHEEL BEARING KIT,,AGR,,,TRASERO,,VKBA 4529 | VKBA 4529,Versión: 1.9 TDI | Motor: AGR | Combustible: DIESEL | Ubicación: TRASERO
DAYCO,KWD1399,Rodamiento de rueda,RODAMIENTO,VOLKSWAGEN,SAVEIRO,2010 -> 2015,Versión: 1.6 8V | Motor: EA111 CFZA | Combustible: NAFTA | SKF I: VKBA 4500 | SKF II: VKBC 20070/ BAHB 311315 | Ubicación: DELANTERO,VKBA 4500 | VKBC 20070/ BAHB 311315,,https://www.dayco.com/la-es/catalog/?search=KWD1399,Rueda,WHEEL BEARING KIT,,EA111 CFZA,,,DELANTERO,,VKBA 4500 | VKBC 20070/ BAHB 311315,Versión: 1.6 8V | Motor: EA111 CFZA | Combustible: NAFTA | Ubicación: DELANTERO
DAYCO,KWD1064,Rodamiento de rueda,RODAMIENTO,VOLKSWAGEN,SAVEIRO,2010 -> 2015,Versión: 1.6 8V | Motor: EA111 CFZA | Combustible: NAFTA | SKF I: VKBA 4501 | SKF II: VKBA 4501 | Ubicación: DELANTERO | ABS: C/ABS,VKBA 4501 | VKBA 4501,,https://www.dayco.com/la-es/catalog/?search=KWD1064,Rueda,WHEEL BEARING KIT,,EA111 CFZA,,,DELANTERO,C/ABS,VKBA 4501 | VKBA 4501,Versión: 1.6 8V | Motor: EA111 CFZA | Combustible: NAFTA | Ubicación: DELANTERO | ABS: C/ABS
DAYCO,KWD1064,Rodamiento de rueda,RODAMIENTO,VOLKSWAGEN,SAVEIRO,1996 -> 2001,Versión: 1.6 MI | Motor: EA827 UNF | Combustible: NAFTA | SKF I: VKBA 4501 | SKF II: VKBA 4501 | Ubicación: DELANTERO | ABS: C/ABS,VKBA 4501 | VKBA 4501,,https://www.dayco.com/la-es/catalog/?search=KWD1064,Rueda,WHEEL BEARING KIT,,EA827 UNF,,,DELANTERO,C/ABS,VKBA 4501 | VKBA 4501,Versión: 1.6 MI | Motor: EA827 UNF | Combustible: NAFTA | Ubicación: DELANTERO | ABS: C/ABS
DAYCO,KWD1064,Rodamiento de rueda,RODAMIENTO,VOLKSWAGEN,SAVEIRO,1998 -> 2001,Versión: 1.9 SD | Motor: EA086 1.9SD 1Y | Combustible: DIESEL | SKF I: VKBA 4501 | SKF II: VKBA 4501 | Ubicación: DELANTERO | ABS: C/ABS,VKBA 4501 | VKBA 4501,,https://www.dayco.com/la-es/catalog/?search=KWD1064,Rueda,WHEEL BEARING KIT,,EA086 1.9SD 1Y,,,DELANTERO,C/ABS,VKBA 4501 | VKBA 4501,Versión: 1.9 SD | Motor: EA086 1.9SD 1Y | Combustible: DIESEL | Ubicación: DELANTERO | ABS: C/ABS
DAYCO,KWD1064,Rodamiento de rueda,RODAMIENTO,VOLKSWAGEN,SAVEIRO,2002 -> 2010,Versión: 1.6 MI | Motor: EA827 UNF | Combustible: NAFTA | SKF I: VKBA 4501 | SKF II: VKBA 4501 | Ubicación: DELANTERO | ABS: C/ABS,VKBA 4501 | VKBA 4501,,https://www.dayco.com/la-es/catalog/?search=KWD1064,Rueda,WHEEL BEARING KIT,,EA827 UNF,,,DELANTERO,C/ABS,VKBA 4501 | VKBA 4501,Versión: 1.6 MI | Motor: EA827 UNF | Combustible: NAFTA | Ubicación: DELANTERO | ABS: C/ABS
DAYCO,KWD1064,Rodamiento de rueda,RODAMIENTO,VOLKSWAGEN,SAVEIRO,2003 -> 2010,Versión: 1.9 D | Motor: EA086 1.9SD BBG | Combustible: DIESEL | SKF I: VKBA 4501 | SKF II: VKBA 4501 | Ubicación: DELANTERO | ABS: C/ABS,VKBA 4501 | VKBA 4501,,https://www.dayco.com/la-es/catalog/?search=KWD1064,Rueda,WHEEL BEARING KIT,,EA086 1.9SD BBG,,,DELANTERO,C/ABS,VKBA 4501 | VKBA 4501,Versión: 1.9 D | Motor: EA086 1.9SD BBG | Combustible: DIESEL | Ubicación: DELANTERO | ABS: C/ABS
DAYCO,KWD1064,Rodamiento de rueda,RODAMIENTO,VOLKSWAGEN,SAVEIRO,5-2002 -> 7-2010,Versión: 1.6 MI | Motor: EA827 UNF | Combustible: NAFTA | SKF I: BAH-0036 | SKF II: BAH-0036/VK210 | Ubicación: DELANTERO | ABS: C/ABS,BAH-0036 | BAH-0036/VK210,,https://www.dayco.com/la-es/catalog/?search=KWD1064,Rueda,WHEEL BEARING KIT,,EA827 UNF,,,DELANTERO,C/ABS,BAH-0036 | BAH-0036/VK210,Versión: 1.6 MI | Motor: EA827 UNF | Combustible: NAFTA | Ubicación: DELANTERO | ABS: C/ABS
DAYCO,KWD1064,Rodamiento de rueda,RODAMIENTO,VOLKSWAGEN,SAVEIRO,10-2003 -> 7-2010,Versión: 1.9 D | Motor: EA086 1.9SD BBG | Combustible: DIESEL | SKF I: BAH-0036 | SKF II: BAH-0036/VK210 | Ubicación: DELANTERO | ABS: C/ABS,BAH-0036 | BAH-0036/VK210,,https://www.dayco.com/la-es/catalog/?search=KWD1064,Rueda,WHEEL BEARING KIT,,EA086 1.9SD BBG,,,DELANTERO,C/ABS,BAH-0036 | BAH-0036/VK210,Versión: 1.9 D | Motor: EA086 1.9SD BBG | Combustible: DIESEL | Ubicación: DELANTERO | ABS: C/ABS
DAYCO,KWD1064,Rodamiento de rueda,RODAMIENTO,VOLKSWAGEN,SAVEIRO,4-2010 -> 1-2015,Versión: 1.6 8V | Motor: EA111 CFZA | Combustible: NAFTA | SKF I: BAH-0036 | SKF II: BAH-0036/VK210 | Ubicación: DELANTERO | ABS: C/ABS,BAH-0036 | BAH-0036/VK210,,https://www.dayco.com/la-es/catalog/?search=KWD1064,Rueda,WHEEL BEARING KIT,,EA111 CFZA,,,DELANTERO,C/ABS,BAH-0036 | BAH-0036/VK210,Versión: 1.6 8V | Motor: EA111 CFZA | Combustible: NAFTA | Ubicación: DELANTERO | ABS: C/ABS
DAYCO,KWD1030,Rodamiento de rueda,RODAMIENTO,VOLKSWAGEN,SAVEIRO,2010 -> 2015,Versión: 1.6 8V | Motor: EA111 CFZA | Combustible: NAFTA | SKF I: BAH-0106 | SKF II: VKBA 3531 | Ubicación: DELANTERO | ABS: C/ABS,BAH-0106 | VKBA 3531,,https://www.dayco.com/la-es/catalog/?search=KWD1030,Rueda,WHEEL BEARING KIT,,EA111 CFZA,,,DELANTERO,C/ABS,BAH-0106 | VKBA 3531,Versión: 1.6 8V | Motor: EA111 CFZA | Combustible: NAFTA | Ubicación: DELANTERO | ABS: C/ABS
DAYCO,KWD1030,Rodamiento de rueda,RODAMIENTO,VOLKSWAGEN,SAVEIRO,2015 ->,Versión: 1.6 8V | Motor: EA111 CFZA | Combustible: NAFTA | SKF I: BAH-0106 | SKF II: VKBA 3531 | Ubicación: DELANTERO | ABS: C/ABS,BAH-0106 | VKBA 3531,,https://www.dayco.com/la-es/catalog/?search=KWD1030,Rueda,WHEEL BEARING KIT,,EA111 CFZA,,,DELANTERO,C/ABS,BAH-0106 | VKBA 3531,Versión: 1.6 8V | Motor: EA111 CFZA | Combustible: NAFTA | Ubicación: DELANTERO | ABS: C/ABS
DAYCO,KWD1505,Rodamiento de rueda,RODAMIENTO,VOLKSWAGEN,SAVEIRO,5-2002 -> 7-2010,Versión: 1.6 MI | Motor: EA827 UNF | Combustible: NAFTA | SKF I: VKBA 4529 | SKF II: VKBA 4529 | Ubicación: TRASERO,VKBA 4529 | VKBA 4529,,https://www.dayco.com/la-es/catalog/?search=KWD1505,Rueda,WHEEL BEARING KIT,,EA827 UNF,,,TRASERO,,VKBA 4529 | VKBA 4529,Versión: 1.6 MI | Motor: EA827 UNF | Combustible: NAFTA | Ubicación: TRASERO
DAYCO,KWD1505,Rodamiento de rueda,RODAMIENTO,VOLKSWAGEN,SAVEIRO,10-2003 -> 7-2010,Versión: 1.9 D | Motor: EA086 1.9SD BBG | Combustible: DIESEL | SKF I: VKBA 4529 | SKF II: VKBA 4529 | Ubicación: TRASERO,VKBA 4529 | VKBA 4529,,https://www.dayco.com/la-es/catalog/?search=KWD1505,Rueda,WHEEL BEARING KIT,,EA086 1.9SD BBG,,,TRASERO,,VKBA 4529 | VKBA 4529,Versión: 1.9 D | Motor: EA086 1.9SD BBG | Combustible: DIESEL | Ubicación: TRASERO
DAYCO,KWD1505,Rodamiento de rueda,RODAMIENTO,VOLKSWAGEN,SAVEIRO,4-2010 -> 1-2015,Versión: 1.6 8V | Motor: EA111 CFZA | Combustible: NAFTA | SKF I: VKBA 4529 | SKF II: VKBA 4529 | Ubicación: TRASERO,VKBA 4529 | VKBA 4529,,https://www.dayco.com/la-es/catalog/?search=KWD1505,Rueda,WHEEL BEARING KIT,,EA111 CFZA,,,TRASERO,,VKBA 4529 | VKBA 4529,Versión: 1.6 8V | Motor: EA111 CFZA | Combustible: NAFTA | Ubicación: TRASERO
DAYCO,KWD1399,Rodamiento de rueda,RODAMIENTO,VOLKSWAGEN,SENDA,1989 -> 1997,Versión: 1.6 8V | Motor: AP 1.6 UN | Combustible: NAFTA | SKF I: VKBA 4500 | SKF II: VKBC 20070/ BAHB 311315 | Ubicación: DELANTERO,VKBA 4500 | VKBC 20070/ BAHB 311315,,https://www.dayco.com/la-es/catalog/?search=KWD1399,Rueda,WHEEL BEARING KIT,,AP 1.6 UN,,,DELANTERO,,VKBA 4500 | VKBC 20070/ BAHB 311315,Versión: 1.6 8V | Motor: AP 1.6 UN | Combustible: NAFTA | Ubicación: DELANTERO
DAYCO,KWD1064,Rodamiento de rueda,RODAMIENTO,VOLKSWAGEN,SENDA,1990 -> 1997,Versión: 1.6 D | Motor: AP 1.6D BE | Combustible: DIESEL | SKF I: VKBA 4501 | SKF II: VKBA 4501 | Ubicación: DELANTERO | ABS: C/ABS,VKBA 4501 | VKBA 4501,,https://www.dayco.com/la-es/catalog/?search=KWD1064,Rueda,WHEEL BEARING KIT,,AP 1.6D BE,,,DELANTERO,C/ABS,VKBA 4501 | VKBA 4501,Versión: 1.6 D | Motor: AP 1.6D BE | Combustible: DIESEL | Ubicación: DELANTERO | ABS: C/ABS
DAYCO,KWD1399,Rodamiento de rueda,RODAMIENTO,VOLKSWAGEN,SURAN,2010 -> 2015,Versión: 1.6 8V | Motor: EA111 BAH/CFZ | Combustible: NAFTA | SKF I: VKBA 4500 | SKF II: VKBC 20070/ BAHB 311315 | Ubicación: DELANTERO,VKBA 4500 | VKBC 20070/ BAHB 311315,,https://www.dayco.com/la-es/catalog/?search=KWD1399,Rueda,WHEEL BEARING KIT,,EA111 BAH/CFZ,,,DELANTERO,,VKBA 4500 | VKBC 20070/ BAHB 311315,Versión: 1.6 8V | Motor: EA111 BAH/CFZ | Combustible: NAFTA | Ubicación: DELANTERO
DAYCO,KWD1064,Rodamiento de rueda,RODAMIENTO,VOLKSWAGEN,SURAN,2010 -> 2015,Versión: 1.6 8V | Motor: EA111 BAH/CFZ | Combustible: NAFTA | SKF I: VKBA 4501 | SKF II: VKBA 4501 | Ubicación: DELANTERO | ABS: C/ABS,VKBA 4501 | VKBA 4501,,https://www.dayco.com/la-es/catalog/?search=KWD1064,Rueda,WHEEL BEARING KIT,,EA111 BAH/CFZ,,,DELANTERO,C/ABS,VKBA 4501 | VKBA 4501,Versión: 1.6 8V | Motor: EA111 BAH/CFZ | Combustible: NAFTA | Ubicación: DELANTERO | ABS: C/ABS
DAYCO,KWD1064,Rodamiento de rueda,RODAMIENTO,VOLKSWAGEN,SURAN,2006 -> 2010,Versión: 1.6 8V | Motor: EA111 BAH/CFZ | Combustible: NAFTA | SKF I: VKBA 4501 | SKF II: VKBA 4501 | Ubicación: DELANTERO | ABS: C/ABS,VKBA 4501 | VKBA 4501,,https://www.dayco.com/la-es/catalog/?search=KWD1064,Rueda,WHEEL BEARING KIT,,EA111 BAH/CFZ,,,DELANTERO,C/ABS,VKBA 4501 | VKBA 4501,Versión: 1.6 8V | Motor: EA111 BAH/CFZ | Combustible: NAFTA | Ubicación: DELANTERO | ABS: C/ABS
DAYCO,KWD1064,Rodamiento de rueda,RODAMIENTO,VOLKSWAGEN,SURAN,2007 -> 2010,Versión: 1.9 SDI | Motor: ASY | Combustible: DIESEL | SKF I: VKBA 4501 | SKF II: VKBA 4501 | Ubicación: DELANTERO | ABS: C/ABS,VKBA 4501 | VKBA 4501,,https://www.dayco.com/la-es/catalog/?search=KWD1064,Rueda,WHEEL BEARING KIT,,ASY,,,DELANTERO,C/ABS,VKBA 4501 | VKBA 4501,Versión: 1.9 SDI | Motor: ASY | Combustible: DIESEL | Ubicación: DELANTERO | ABS: C/ABS
DAYCO,KWD1064,Rodamiento de rueda,RODAMIENTO,VOLKSWAGEN,SURAN,10-2006 -> 7-2010,Versión: 1.6 8V | Motor: EA111 BAH/CFZ | Combustible: NAFTA | SKF I: BAH-0036 | SKF II: BAH-0036/VK210 | Ubicación: DELANTERO | ABS: C/ABS,BAH-0036 | BAH-0036/VK210,,https://www.dayco.com/la-es/catalog/?search=KWD1064,Rueda,WHEEL BEARING KIT,,EA111 BAH/CFZ,,,DELANTERO,C/ABS,BAH-0036 | BAH-0036/VK210,Versión: 1.6 8V | Motor: EA111 BAH/CFZ | Combustible: NAFTA | Ubicación: DELANTERO | ABS: C/ABS
DAYCO,KWD1064,Rodamiento de rueda,RODAMIENTO,VOLKSWAGEN,SURAN,7-2010 -> 1-2015,Versión: 1.6 8V | Motor: EA111 BAH/CFZ | Combustible: NAFTA | SKF I: BAH-0036 | SKF II: BAH-0036/VK210 | Ubicación: DELANTERO | ABS: C/ABS,BAH-0036 | BAH-0036/VK210,,https://www.dayco.com/la-es/catalog/?search=KWD1064,Rueda,WHEEL BEARING KIT,,EA111 BAH/CFZ,,,DELANTERO,C/ABS,BAH-0036 | BAH-0036/VK210,Versión: 1.6 8V | Motor: EA111 BAH/CFZ | Combustible: NAFTA | Ubicación: DELANTERO | ABS: C/ABS
DAYCO,KWD1004,Rodamiento de rueda,RODAMIENTO,VOLKSWAGEN,SURAN,10-2006 -> 7-2010,Versión: 1.6 8V | Motor: EA111 BAH/CFZ | Combustible: NAFTA | SKF I: VKBA3569 | SKF II: VKBA 3569 | Ubicación: DELANTERO | ABS: C/ABS,VKBA3569 | VKBA 3569,,https://www.dayco.com/la-es/catalog/?search=KWD1004,Rueda,WHEEL BEARING KIT,,EA111 BAH/CFZ,,,DELANTERO,C/ABS,VKBA3569 | VKBA 3569,Versión: 1.6 8V | Motor: EA111 BAH/CFZ | Combustible: NAFTA | Ubicación: DELANTERO | ABS: C/ABS
DAYCO,KWD1004,Rodamiento de rueda,RODAMIENTO,VOLKSWAGEN,SURAN,11-2007 -> 11-2010,Versión: 1.9 SDI | Motor: ASY | Combustible: DIESEL | SKF I: VKBA3569 | SKF II: VKBA 3569 | Ubicación: DELANTERO | ABS: C/ABS,VKBA3569 | VKBA 3569,,https://www.dayco.com/la-es/catalog/?search=KWD1004,Rueda,WHEEL BEARING KIT,,ASY,,,DELANTERO,C/ABS,VKBA3569 | VKBA 3569,Versión: 1.9 SDI | Motor: ASY | Combustible: DIESEL | Ubicación: DELANTERO | ABS: C/ABS
DAYCO,KWD1004,Rodamiento de rueda,RODAMIENTO,VOLKSWAGEN,SURAN,7-2010 -> 1-2015,Versión: 1.6 8V | Motor: EA111 BAH/CFZ | Combustible: NAFTA | SKF I: VKBA3569 | SKF II: VKBA 3569 | Ubicación: DELANTERO | ABS: C/ABS,VKBA3569 | VKBA 3569,,https://www.dayco.com/la-es/catalog/?search=KWD1004,Rueda,WHEEL BEARING KIT,,EA111 BAH/CFZ,,,DELANTERO,C/ABS,VKBA3569 | VKBA 3569,Versión: 1.6 8V | Motor: EA111 BAH/CFZ | Combustible: NAFTA | Ubicación: DELANTERO | ABS: C/ABS
DAYCO,KWD1005,Rodamiento de rueda,RODAMIENTO,VOLKSWAGEN,TIGUAN,10-2008 -> 1-2017,Versión: 2.0 TSI | Motor: CAWB | Combustible: NAFTA | SKF I: VKBA3644 | SKF II: VKBA 3644 | Ubicación: TRASERO | ABS: C/ABS,VKBA3644 | VKBA 3644,,https://www.dayco.com/la-es/catalog/?search=KWD1005,Rueda,WHEEL BEARING KIT,,CAWB,,,TRASERO,C/ABS,VKBA3644 | VKBA 3644,Versión: 2.0 TSI | Motor: CAWB | Combustible: NAFTA | Ubicación: TRASERO | ABS: C/ABS
DAYCO,KWD1005,Rodamiento de rueda,RODAMIENTO,VOLKSWAGEN,TIGUAN,10-2008 -> 1-2017,Versión: 2.0 TSI | Motor: CCT | Combustible: NAFTA | SKF I: VKBA3644 | SKF II: VKBA 3644 | Ubicación: TRASERO | ABS: C/ABS,VKBA3644 | VKBA 3644,,https://www.dayco.com/la-es/catalog/?search=KWD1005,Rueda,WHEEL BEARING KIT,,CCT,,,TRASERO,C/ABS,VKBA3644 | VKBA 3644,Versión: 2.0 TSI | Motor: CCT | Combustible: NAFTA | Ubicación: TRASERO | ABS: C/ABS
DAYCO,KWD1001,Rodamiento de rueda,RODAMIENTO,VOLKSWAGEN,TIGUAN,2-2009 -> 2-2011,Versión: 2.0 TDI TIPTRONIC | Motor: CBAB | Combustible: DIESEL | SKF I: VKBA3643 | SKF II: VKBA 3643 | Ubicación: DELANTERO | ABS: C/ABS,VKBA3643 | VKBA 3643,,https://www.dayco.com/la-es/catalog/?search=KWD1001,Rueda,WHEEL BEARING KIT,,CBAB,,,DELANTERO,C/ABS,VKBA3643 | VKBA 3643,Versión: 2.0 TDI TIPTRONIC | Motor: CBAB | Combustible: DIESEL | Ubicación: DELANTERO | ABS: C/ABS
DAYCO,KWD1001,Rodamiento de rueda,RODAMIENTO,VOLKSWAGEN,TIGUAN,10-2008 -> 1-2017,Versión: 2.0 TSI | Motor: CAWB | Combustible: NAFTA | SKF I: VKBA3643 | SKF II: VKBA 3643 | Ubicación: DELANTERO | ABS: C/ABS,VKBA3643 | VKBA 3643,,https://www.dayco.com/la-es/catalog/?search=KWD1001,Rueda,WHEEL BEARING KIT,,CAWB,,,DELANTERO,C/ABS,VKBA3643 | VKBA 3643,Versión: 2.0 TSI | Motor: CAWB | Combustible: NAFTA | Ubicación: DELANTERO | ABS: C/ABS
DAYCO,KWD1001,Rodamiento de rueda,RODAMIENTO,VOLKSWAGEN,TIGUAN,2-2011 -> 2-2016,Versión: 2.0 TDI TIPTRONIC | Motor: CLJA | Combustible: DIESEL | SKF I: VKBA3643 | SKF II: VKBA 3643 | Ubicación: DELANTERO | ABS: C/ABS,VKBA3643 | VKBA 3643,,https://www.dayco.com/la-es/catalog/?search=KWD1001,Rueda,WHEEL BEARING KIT,,CLJA,,,DELANTERO,C/ABS,VKBA3643 | VKBA 3643,Versión: 2.0 TDI TIPTRONIC | Motor: CLJA | Combustible: DIESEL | Ubicación: DELANTERO | ABS: C/ABS
DAYCO,KWD1001,Rodamiento de rueda,RODAMIENTO,VOLKSWAGEN,TIGUAN,10-2008 -> 1-2017,Versión: 2.0 TSI | Motor: CCT | Combustible: NAFTA | SKF I: VKBA3643 | SKF II: VKBA 3643 | Ubicación: DELANTERO | ABS: C/ABS,VKBA3643 | VKBA 3643,,https://www.dayco.com/la-es/catalog/?search=KWD1001,Rueda,WHEEL BEARING KIT,,CCT,,,DELANTERO,C/ABS,VKBA3643 | VKBA 3643,Versión: 2.0 TSI | Motor: CCT | Combustible: NAFTA | Ubicación: DELANTERO | ABS: C/ABS
DAYCO,KWD1630,Rodamiento de rueda,RODAMIENTO,VOLKSWAGEN,UP!,2014 ->,Versión: 1.0 12V | Motor: EA111 CWRA | Combustible: NAFTA | SKF I: VKBC 6767 | SKF II: TRASERO | Ubicación: C/ABS | ABS: C/ABS,VKBC 6767 | TRASERO,,https://www.dayco.com/la-es/catalog/?search=KWD1630,Rueda,WHEEL BEARING KIT,,EA111 CWRA,,,C/ABS,C/ABS,VKBC 6767 | TRASERO,Versión: 1.0 12V | Motor: EA111 CWRA | Combustible: NAFTA | Ubicación: C/ABS | ABS: C/ABS
DAYCO,KWD1630,Rodamiento de rueda,RODAMIENTO,VOLKSWAGEN,UP!,2015 -> 2022,Versión: 1.0 12V IMOTION | Motor: EA111 CWRA | Combustible: NAFTA | SKF I: VKBC 6767 | SKF II: TRASERO | Ubicación: C/ABS | ABS: C/ABS,VKBC 6767 | TRASERO,,https://www.dayco.com/la-es/catalog/?search=KWD1630,Rueda,WHEEL BEARING KIT,,EA111 CWRA,,,C/ABS,C/ABS,VKBC 6767 | TRASERO,Versión: 1.0 12V IMOTION | Motor: EA111 CWRA | Combustible: NAFTA | Ubicación: C/ABS | ABS: C/ABS
DAYCO,KWD1630,Rodamiento de rueda,RODAMIENTO,VOLKSWAGEN,UP!,2019 -> 2021,Versión: 1.0 12V 3P | Motor: EA111 CWRA | Combustible: NAFTA | SKF I: VKBC 6767 | SKF II: TRASERO | Ubicación: C/ABS | ABS: C/ABS,VKBC 6767 | TRASERO,,https://www.dayco.com/la-es/catalog/?search=KWD1630,Rueda,WHEEL BEARING KIT,,EA111 CWRA,,,C/ABS,C/ABS,VKBC 6767 | TRASERO,Versión: 1.0 12V 3P | Motor: EA111 CWRA | Combustible: NAFTA | Ubicación: C/ABS | ABS: C/ABS
DAYCO,KWD1630,Rodamiento de rueda,RODAMIENTO,VOLKSWAGEN,UP!,2019 -> 2021,Versión: 1.0 12V 5P | Motor: EA111 CWRA | Combustible: NAFTA | SKF I: VKBC 6767 | SKF II: TRASERO | Ubicación: C/ABS | ABS: C/ABS,VKBC 6767 | TRASERO,,https://www.dayco.com/la-es/catalog/?search=KWD1630,Rueda,WHEEL BEARING KIT,,EA111 CWRA,,,C/ABS,C/ABS,VKBC 6767 | TRASERO,Versión: 1.0 12V 5P | Motor: EA111 CWRA | Combustible: NAFTA | Ubicación: C/ABS | ABS: C/ABS
DAYCO,KWD1005,Rodamiento de rueda,RODAMIENTO,VOLKSWAGEN,VENTO,5-2015 -> 10-2021,Versión: 2.0 8V | Motor: CBPA | Combustible: NAFTA | SKF I: VKBA3644 | SKF II: VKBA 3644 | Ubicación: TRASERO | ABS: C/ABS,VKBA3644 | VKBA 3644,,https://www.dayco.com/la-es/catalog/?search=KWD1005,Rueda,WHEEL BEARING KIT,,CBPA,,,TRASERO,C/ABS,VKBA3644 | VKBA 3644,Versión: 2.0 8V | Motor: CBPA | Combustible: NAFTA | Ubicación: TRASERO | ABS: C/ABS
DAYCO,KWD1005,Rodamiento de rueda,RODAMIENTO,VOLKSWAGEN,VENTO,5-2015 -> 1-2022,Versión: 2.5 | Motor: CBTA | Combustible: NAFTA | SKF I: VKBA3644 | SKF II: VKBA 3644 | Ubicación: TRASERO | ABS: C/ABS,VKBA3644 | VKBA 3644,,https://www.dayco.com/la-es/catalog/?search=KWD1005,Rueda,WHEEL BEARING KIT,,CBTA,,,TRASERO,C/ABS,VKBA3644 | VKBA 3644,Versión: 2.5 | Motor: CBTA | Combustible: NAFTA | Ubicación: TRASERO | ABS: C/ABS
DAYCO,KWD1005,Rodamiento de rueda,RODAMIENTO,VOLKSWAGEN,VENTO,10-2015 -> 9-2018,Versión: 2.0 TSI | Motor: EA888 CCZA | Combustible: NAFTA | SKF I: VKBA3644 | SKF II: VKBA 3644 | Ubicación: TRASERO | ABS: C/ABS,VKBA3644 | VKBA 3644,,https://www.dayco.com/la-es/catalog/?search=KWD1005,Rueda,WHEEL BEARING KIT,,EA888 CCZA,,,TRASERO,C/ABS,VKBA3644 | VKBA 3644,Versión: 2.0 TSI | Motor: EA888 CCZA | Combustible: NAFTA | Ubicación: TRASERO | ABS: C/ABS
DAYCO,KWD1005,Rodamiento de rueda,RODAMIENTO,VOLKSWAGEN,VENTO,10-2015 -> 9-2018,Versión: 2.5 | Motor: CBT | Combustible: NAFTA | SKF I: VKBA3644 | SKF II: VKBA 3644 | Ubicación: TRASERO | ABS: C/ABS,VKBA3644 | VKBA 3644,,https://www.dayco.com/la-es/catalog/?search=KWD1005,Rueda,WHEEL BEARING KIT,,CBT,,,TRASERO,C/ABS,VKBA3644 | VKBA 3644,Versión: 2.5 | Motor: CBT | Combustible: NAFTA | Ubicación: TRASERO | ABS: C/ABS
DAYCO,KWD1005,Rodamiento de rueda,RODAMIENTO,VOLKSWAGEN,VENTO,10-2015 -> 7-2017,Versión: 2.0 TDI 110CV | Motor: CLCB | Combustible: DIESEL | SKF I: VKBA3644 | SKF II: VKBA 3644 | Ubicación: TRASERO | ABS: C/ABS,VKBA3644 | VKBA 3644,,https://www.dayco.com/la-es/catalog/?search=KWD1005,Rueda,WHEEL BEARING KIT,,CLCB,,,TRASERO,C/ABS,VKBA3644 | VKBA 3644,Versión: 2.0 TDI 110CV | Motor: CLCB | Combustible: DIESEL | Ubicación: TRASERO | ABS: C/ABS
DAYCO,KWD1005,Rodamiento de rueda,RODAMIENTO,VOLKSWAGEN,VENTO,7-2016 -> 10-2022,Versión: 2.0 8V GLI | Motor: CPL | Combustible: NAFTA | SKF I: VKBA3644 | SKF II: VKBA 3644 | Ubicación: TRASERO | ABS: C/ABS,VKBA3644 | VKBA 3644,,https://www.dayco.com/la-es/catalog/?search=KWD1005,Rueda,WHEEL BEARING KIT,,CPL,,,TRASERO,C/ABS,VKBA3644 | VKBA 3644,Versión: 2.0 8V GLI | Motor: CPL | Combustible: NAFTA | Ubicación: TRASERO | ABS: C/ABS
DAYCO,KWD1005,Rodamiento de rueda,RODAMIENTO,VOLKSWAGEN,VENTO,12-2016 -> 12-2023,Versión: 1.4 TSI MT | Motor: EA211 CZDA | Combustible: NAFTA | SKF I: VKBA3644 | SKF II: VKBA 3644 | Ubicación: TRASERO | ABS: C/ABS,VKBA3644 | VKBA 3644,,https://www.dayco.com/la-es/catalog/?search=KWD1005,Rueda,WHEEL BEARING KIT,,EA211 CZDA,,,TRASERO,C/ABS,VKBA3644 | VKBA 3644,Versión: 1.4 TSI MT | Motor: EA211 CZDA | Combustible: NAFTA | Ubicación: TRASERO | ABS: C/ABS
DAYCO,KWD1005,Rodamiento de rueda,RODAMIENTO,VOLKSWAGEN,VENTO,12-2016 -> 12-2023,Versión: 1.4 TSI AT | Motor: EA211 CZDA | Combustible: NAFTA | SKF I: VKBA3644 | SKF II: VKBA 3644 | Ubicación: TRASERO | ABS: C/ABS,VKBA3644 | VKBA 3644,,https://www.dayco.com/la-es/catalog/?search=KWD1005,Rueda,WHEEL BEARING KIT,,EA211 CZDA,,,TRASERO,C/ABS,VKBA3644 | VKBA 3644,Versión: 1.4 TSI AT | Motor: EA211 CZDA | Combustible: NAFTA | Ubicación: TRASERO | ABS: C/ABS
DAYCO,KWD1001,Rodamiento de rueda,RODAMIENTO,VOLKSWAGEN,VENTO,11-2006 -> 4-2011,Versión: 2.0 TDI | Motor: BKD | Combustible: DIESEL | SKF I: VKBA3643 | SKF II: VKBA 3643 | Ubicación: DELANTERO | ABS: C/ABS,VKBA3643 | VKBA 3643,,https://www.dayco.com/la-es/catalog/?search=KWD1001,Rueda,WHEEL BEARING KIT,,BKD,,,DELANTERO,C/ABS,VKBA3643 | VKBA 3643,Versión: 2.0 TDI | Motor: BKD | Combustible: DIESEL | Ubicación: DELANTERO | ABS: C/ABS
DAYCO,KWD1001,Rodamiento de rueda,RODAMIENTO,VOLKSWAGEN,VENTO,2-2007 -> 4-2011,Versión: 2.0 TFSI | Motor: BWA/CAW | Combustible: NAFTA | SKF I: VKBA3643 | SKF II: VKBA 3643 | Ubicación: DELANTERO | ABS: C/ABS,VKBA3643 | VKBA 3643,,https://www.dayco.com/la-es/catalog/?search=KWD1001,Rueda,WHEEL BEARING KIT,,BWA/CAW,,,DELANTERO,C/ABS,VKBA3643 | VKBA 3643,Versión: 2.0 TFSI | Motor: BWA/CAW | Combustible: NAFTA | Ubicación: DELANTERO | ABS: C/ABS
DAYCO,KWD1001,Rodamiento de rueda,RODAMIENTO,VOLKSWAGEN,VENTO,4-2011 -> 3-2015,Versión: 2.0 TSI | Motor: EA888 CCZA | Combustible: NAFTA | SKF I: VKBA3643 | SKF II: VKBA 3643 | Ubicación: DELANTERO | ABS: C/ABS,VKBA3643 | VKBA 3643,,https://www.dayco.com/la-es/catalog/?search=KWD1001,Rueda,WHEEL BEARING KIT,,EA888 CCZA,,,DELANTERO,C/ABS,VKBA3643 | VKBA 3643,Versión: 2.0 TSI | Motor: EA888 CCZA | Combustible: NAFTA | Ubicación: DELANTERO | ABS: C/ABS
DAYCO,KWD1001,Rodamiento de rueda,RODAMIENTO,VOLKSWAGEN,VENTO,4-2011 -> 3-2015,Versión: 2.0 TDI 140CV | Motor: CLCA | Combustible: DIESEL | SKF I: VKBA3643 | SKF II: VKBA 3643 | Ubicación: DELANTERO | ABS: C/ABS,VKBA3643 | VKBA 3643,,https://www.dayco.com/la-es/catalog/?search=KWD1001,Rueda,WHEEL BEARING KIT,,CLCA,,,DELANTERO,C/ABS,VKBA3643 | VKBA 3643,Versión: 2.0 TDI 140CV | Motor: CLCA | Combustible: DIESEL | Ubicación: DELANTERO | ABS: C/ABS
DAYCO,KWD1001,Rodamiento de rueda,RODAMIENTO,VOLKSWAGEN,VENTO,4-2011 -> 3-2015,Versión: 2.5 | Motor: CBUA | Combustible: NAFTA | SKF I: VKBA3643 | SKF II: VKBA 3643 | Ubicación: DELANTERO | ABS: C/ABS,VKBA3643 | VKBA 3643,,https://www.dayco.com/la-es/catalog/?search=KWD1001,Rueda,WHEEL BEARING KIT,,CBUA,,,DELANTERO,C/ABS,VKBA3643 | VKBA 3643,Versión: 2.5 | Motor: CBUA | Combustible: NAFTA | Ubicación: DELANTERO | ABS: C/ABS
DAYCO,KWD1001,Rodamiento de rueda,RODAMIENTO,VOLKSWAGEN,VENTO,9-2011 -> 5-2012,Versión: 2.0 8V | Motor: CBPA | Combustible: NAFTA | SKF I: VKBA3643 | SKF II: VKBA 3643 | Ubicación: DELANTERO | ABS: C/ABS,VKBA3643 | VKBA 3643,,https://www.dayco.com/la-es/catalog/?search=KWD1001,Rueda,WHEEL BEARING KIT,,CBPA,,,DELANTERO,C/ABS,VKBA3643 | VKBA 3643,Versión: 2.0 8V | Motor: CBPA | Combustible: NAFTA | Ubicación: DELANTERO | ABS: C/ABS
DAYCO,KWD1001,Rodamiento de rueda,RODAMIENTO,VOLKSWAGEN,VENTO,4-2011 -> 4-2016,Versión: 2.0 TDI 110CV | Motor: CLCB | Combustible: DIESEL | SKF I: VKBA3643 | SKF II: VKBA 3643 | Ubicación: DELANTERO | ABS: C/ABS,VKBA3643 | VKBA 3643,,https://www.dayco.com/la-es/catalog/?search=KWD1001,Rueda,WHEEL BEARING KIT,,CLCB,,,DELANTERO,C/ABS,VKBA3643 | VKBA 3643,Versión: 2.0 TDI 110CV | Motor: CLCB | Combustible: DIESEL | Ubicación: DELANTERO | ABS: C/ABS
DAYCO,KWD1399,Rodamiento de rueda,RODAMIENTO,VOLKSWAGEN,VOYAGE,2008 -> 2019,Versión: 1.6 8V | Motor: EA111 CFZA | Combustible: NAFTA | SKF I: VKBA 4500 | SKF II: VKBC 20070/ BAHB 311315 | Ubicación: DELANTERO,VKBA 4500 | VKBC 20070/ BAHB 311315,,https://www.dayco.com/la-es/catalog/?search=KWD1399,Rueda,WHEEL BEARING KIT,,EA111 CFZA,,,DELANTERO,,VKBA 4500 | VKBC 20070/ BAHB 311315,Versión: 1.6 8V | Motor: EA111 CFZA | Combustible: NAFTA | Ubicación: DELANTERO
DAYCO,KWD1064,Rodamiento de rueda,RODAMIENTO,VOLKSWAGEN,VOYAGE,2008 -> 2019,Versión: 1.6 8V | Motor: EA111 CFZA | Combustible: NAFTA | SKF I: VKBA 4501 | SKF II: VKBA 4501 | Ubicación: DELANTERO | ABS: C/ABS,VKBA 4501 | VKBA 4501,,https://www.dayco.com/la-es/catalog/?search=KWD1064,Rueda,WHEEL BEARING KIT,,EA111 CFZA,,,DELANTERO,C/ABS,VKBA 4501 | VKBA 4501,Versión: 1.6 8V | Motor: EA111 CFZA | Combustible: NAFTA | Ubicación: DELANTERO | ABS: C/ABS
DAYCO,KWD1064,Rodamiento de rueda,RODAMIENTO,VOLKSWAGEN,VOYAGE,11-2008 -> 7-2019,Versión: 1.6 8V | Motor: EA111 CFZA | Combustible: NAFTA | SKF I: BAH-0036 | SKF II: BAH-0036/VK210 | Ubicación: DELANTERO | ABS: C/ABS,BAH-0036 | BAH-0036/VK210,,https://www.dayco.com/la-es/catalog/?search=KWD1064,Rueda,WHEEL BEARING KIT,,EA111 CFZA,,,DELANTERO,C/ABS,BAH-0036 | BAH-0036/VK210,Versión: 1.6 8V | Motor: EA111 CFZA | Combustible: NAFTA | Ubicación: DELANTERO | ABS: C/ABS
DAYCO,KWD1629,Rodamiento de rueda,RODAMIENTO,VOLKSWAGEN,VOYAGE,2008 -> 2019,Versión: 1.6 8V | Motor: EA111 CFZA | Combustible: NAFTA | SKF I: VKBC 6768 | SKF II: TRASERO | Ubicación: S/ABS | ABS: S/ABS,VKBC 6768 | TRASERO,,https://www.dayco.com/la-es/catalog/?search=KWD1629,Rueda,WHEEL BEARING KIT,,EA111 CFZA,,,S/ABS,S/ABS,VKBC 6768 | TRASERO,Versión: 1.6 8V | Motor: EA111 CFZA | Combustible: NAFTA | Ubicación: S/ABS | ABS: S/ABS
DAYCO,KWD1629,Rodamiento de rueda,RODAMIENTO,VOLKSWAGEN,VOYAGE,2016 ->,Versión: 1.6 8V MSI | Motor: EA111 CFZA | Combustible: NAFTA | SKF I: VKBC 6768 | SKF II: TRASERO | Ubicación: S/ABS | ABS: S/ABS,VKBC 6768 | TRASERO,,https://www.dayco.com/la-es/catalog/?search=KWD1629,Rueda,WHEEL BEARING KIT,,EA111 CFZA,,,S/ABS,S/ABS,VKBC 6768 | TRASERO,Versión: 1.6 8V MSI | Motor: EA111 CFZA | Combustible: NAFTA | Ubicación: S/ABS | ABS: S/ABS
DAYCO,KWD1630,Rodamiento de rueda,RODAMIENTO,VOLKSWAGEN,VOYAGE,2008 -> 2019,Versión: 1.6 8V | Motor: EA111 CFZA | Combustible: NAFTA | SKF I: VKBC 6767 | SKF II: TRASERO | Ubicación: C/ABS | ABS: C/ABS,VKBC 6767 | TRASERO,,https://www.dayco.com/la-es/catalog/?search=KWD1630,Rueda,WHEEL BEARING KIT,,EA111 CFZA,,,C/ABS,C/ABS,VKBC 6767 | TRASERO,Versión: 1.6 8V | Motor: EA111 CFZA | Combustible: NAFTA | Ubicación: C/ABS | ABS: C/ABS
