fuente,codigo,producto,familia,ficha_anio,ficha_info,ficha_oem,ficha_medidas,imagen_producto,url_ficha,aplicacion_dayco,tipo_dayco,dimension,posicion,abs
DAYCO,7718,Tensor genérico,TENSOR,,,,,https://webcateu.dayco.ws/img/products/7718.jpg,https://www.dayco.com/la-es/catalog/?search=7718,Auxiliar,TENSIONER&PULLEY,,,
DAYCO,APV2882,Tensor auxiliar,TENSOR,,,2RP903157 (FORD),,https://webcateu.dayco.ws/img/products/APV2882.jpg,https://www.dayco.com/la-es/catalog/?search=APV2882,Auxiliar,TENSIONER&PULLEY,,,
DAYCO,900072,Manguera,MANGUERA,,,,,https://webcateu.dayco.ws/img/products/900072.jpg,https://www.dayco.com/la-es/catalog/?search=900072,Refrigeración,HOSE,,,
DAYCO,10A1240HD,Correa de transmisión,CORREA DE TRANSMISIÓN,,,,,https://webcateu.dayco.ws/img/products/VEE.jpg,https://www.dayco.com/la-es/catalog/?search=10A1240HD,Transmisión,RAW-EDGE(V),,,
DAYCO,8PK1443HD,Correa Poly-V,CORREA POLY-V,,,,,https://webcateu.dayco.ws/img/products/8PK.jpg,https://www.dayco.com/la-es/catalog/?search=8PK1443HD,Auxiliar,POLY-V,,,
DAYCO,71221,Manguera,MANGUERA,,,026121053A (VOLKSWAGEN),,https://webcateu.dayco.ws/img/products/71221.jpg,https://www.dayco.com/la-es/catalog/?search=71221,Refrigeración,COOLING HOSE,,,
DAYCO,11A1180C,Correa de transmisión,CORREA DE TRANSMISIÓN,,,,,https://webcateu.dayco.ws/img/products/VEE.jpg,https://www.dayco.com/la-es/catalog/?search=11A1180C,Transmisión,RAW-EDGE(V),,,
DAYCO,13A1020C,Correa de transmisión,CORREA DE TRANSMISIÓN,,,,,https://webcateu.dayco.ws/img/products/VEE.jpg,https://www.dayco.com/la-es/catalog/?search=13A1020C,Transmisión,RAW-EDGE(V),,,
DAYCO,10A1175C,Correa de transmisión,CORREA DE TRANSMISIÓN,,,0029975092 (MERCEDES-BENZ) | 0029978092 (MERCEDES-BENZ) | 0039979592 (MERCEDES-BENZ) | 007753009514 (MERCEDES-BENZ) | 070903137 (VOLKSWAGEN) | 1238517 (DODGE) | 13H7104 (ROVER) | 1502949 (FORD) | 1629875 (FORD) | 1737925 (BMW) | 5029455 (FORD) | 5136711270 (ISUZU) | 5136711280 (ISUZU) | 5414629 (PEUGEOT) | 5414629N (PEUGEOT) | 574934 (PEUGEOT) | 575004 (PEUGEOT) | 575019 (PEUGEOT) | 575054 (PEUGEOT) | 6000583845 (DACIA) | 70TN6620AA (FORD) | 70TN8620AA (FORD) | 715F8620AEA (FORD) | 723F8620AEA (FORD) | 723F8820AEA (FORD) | 7700697947 (RENAULT) | 7700697974 (RENAULT) | 7700731789 (RENAULT) | 7701010887 (RENAULT) | 7701029702 (RENAULT) | 7701029708 (RENAULT) | 800722 (FORD) | 82310543 (FIAT) | 85HF6G301BB (FORD) | 9091602152 (TOYOTA) | 9091602334 (TOYOTA) | 9091602408 (TOYOTA) | 9091602497 (TOYOTA) | 930X8620DA (FORD) | 9361791 (SAAB) | 958317 (VOLVO) | 95X1175LA (FORD) | 966383 (VOLVO) | 968326 (VOLVO) | 976488 (VOLVO) | 976489 (VOLVO) | 976532 (VOLVO) | A0029978092 (MERCEDES-BENZ) | A007753009514 (MERCEDES-BENZ),,https://webcateu.dayco.ws/img/products/VEE.jpg,https://www.dayco.com/la-es/catalog/?search=10A1175C,Transmisión,RAW-EDGE(V),,,
DAYCO,KTC1604,Kit cadena de distribución,KIT DISTRIBUCION,,,,,https://webcateu.dayco.ws/img/products/KTC1604.jpg,https://www.dayco.com/la-es/catalog/?search=KTC1604,Principal,CHAIN KIT,,,
DAYCO,10A1075C,Correa de transmisión,CORREA DE TRANSMISIÓN,,,0029978992 (MERCEDES-BENZ) | 007753009560 (MERCEDES-BENZ) | 07119990181 (BMW) | 11464038 (FORD) | 1268687 (BMW) | 1340673 (GENERAL MOTORS) | 1477934 (FORD) | 1612266 (FORD) | 19111551010 (HONDA) | 19511551010 (HONDA) | 19511568040 (HONDA) | 2107171 (LANCIA) | 24445099 (OPEL) | 260292A (FERRARI) | 38763657810 (HONDA) | 38763689003 (HONDA) | 38763PB3003 (HONDA) | 38763PB3004 (HONDA) | 4170927 (FIAT) | 4206718 (FIAT) | 4440806 (FIAT) | 4649011 (FIAT) | 4654911 (FIAT) | 4654911 (IVECO) | 4949011 (FIAT) | 5006416 (FORD) | 5013524 (FORD) | 5136710040 (ISUZU) | 527288 (ROVER) | 56992-PL2-6610 (HONDA) | 56992PL2003 (HONDA) | 56992PL20030 (ROVER) | 56992PL2661 (HONDA) | 56992PL2A21 (HONDA) | 575011 (PEUGEOT) | 5931889 (FIAT) | 5947596 (FIAT) | 5948451 (FIAT) | 6121708701 (AUDI) | 6121780002 (AUDI) | 6122575 (FORD) | 70TF6620AA (FORD) | 70TF8620AA (FORD) | 7169559 (BEDFORD) | 7700579245 (RENAULT) | 7700627459 (RENAULT) | 7700647366 (RENAULT) | 7701348508 (RENAULT) | 83EF8620CA (FORD) | 85EF8620CA (FORD) | 90076999 (GENERAL MOTORS) | 9086010700 (TOYOTA) | 950357 (GENERAL MOTORS) | 950359 (VOLVO) | 950814 (VOLVO) | 958313 (VOLVO) | 958358 (VOLVO) | 966694 (VOLVO) | 966976 (VOLVO) | 968933 (VOLVO) | 968934 (VOLVO) | A0029978992 (MERCEDES-BENZ) | A007753009560 (MERCEDES-BENZ) | EDU1357EVA (ROVER) | GFB369 (ROVER) | GFB370 (ROVER) | MD303478 (MITSUBISHI) | MD303972 (MITSUBISHI) | MD313663 (MITSUBISHI) | MD313664 (MITSUBISHI) | MD340660 (MITSUBISHI) | MD340661 (MITSUBISHI),,https://webcateu.dayco.ws/img/products/VEE.jpg,https://www.dayco.com/la-es/catalog/?search=10A1075C,Transmisión,RAW-EDGE(V),,,
DAYCO,4PK1370S,Correa Poly-V,CORREA POLY-V,,,,,https://webcateu.dayco.ws/img/products/4PK.jpg,https://www.dayco.com/la-es/catalog/?search=4PK1370S,Auxiliar,POLY-V,,,
DAYCO,4PK914EE,Correa Poly-V,CORREA POLY-V,,,,,https://webcateu.dayco.ws/img/products/4PK.jpg,https://www.dayco.com/la-es/catalog/?search=4PK914EE,Auxiliar,POLY-V,,,
DAYCO,APV2742,Tensor auxiliar,TENSOR,,,3910707 (CUMMINS) | 3914854 (CUMMINS) | 3934822 (CUMMINS) | 3936210 (CUMMINS) | 3973827 (CUMMINS) | 3978200 (CUMMINS) | 5333480 (CUMMINS) | CBU1688 (DAF) | CBU2548 (DAF) | CBU2622 (DAF) | D1186-2523 (DYNACRAFT),,https://webcateu.dayco.ws/img/products/APV2742.jpg,https://www.dayco.com/la-es/catalog/?search=APV2742,Auxiliar,TENSIONER&PULLEY,,,
DAYCO,8PK1420HD,Correa Poly-V,CORREA POLY-V,,,2791517317 (CUMMINS) | 3027697 (CUMMINS) | 3288746 (CUMMINS) | 3288757 (CUMMINS) | 3288768 (CUMMINS) | 3903091 (CUMMINS) | 3908037 (CUMMINS) | 3910912 (CUMMINS) | 3911588 (CUMMINS) | 9069937196 (MERCEDES-BENZ) | 9069972492 (MERCEDES-BENZ) | 938766X (NEW HOLLAND) | A9069972492 (MERCEDES-BENZ),,https://webcateu.dayco.ws/img/products/8PK.jpg,https://www.dayco.com/la-es/catalog/?search=8PK1420HD,Auxiliar,POLY-V,,,
DAYCO,8PK1600HD,Correa Poly-V,CORREA POLY-V,,,0107-767-010 (SOLARIS) | 11128923 (VOLVO) | 129972392 (MERCEDES-BENZ) | 20545619 (VOLVO) | 20582552 (VOLVO) | 21556637 (MACK) | 21556637 (VOLVO) | 328898 (CUMMINS) | 328899 (CUMMINS) | 3911575 (CUMMINS) | 3924020 (CUMMINS) | 76193355 (FIAT) | F3HT-8620-KA (FORD),,https://webcateu.dayco.ws/img/products/8PK.jpg,https://www.dayco.com/la-es/catalog/?search=8PK1600HD,Auxiliar,POLY-V,,,
DAYCO,700041,Manguera,MANGUERA,,,,,https://webcateu.dayco.ws/img/products/700041.jpg,https://www.dayco.com/la-es/catalog/?search=700041,Refrigeración,COOLING HOSE,,,
DAYCO,13A1020HD,Correa de transmisión,CORREA DE TRANSMISIÓN,,,,,https://webcateu.dayco.ws/img/products/VEE.jpg,https://www.dayco.com/la-es/catalog/?search=13A1020HD,Transmisión,RAW-EDGE(V),,,
DAYCO,8PK1850HD,Correa Poly-V,CORREA POLY-V,,,1800528 (SCANIA) | 3195992 (VOLVO) | 70302957 (VOLVO) | 9069937096 (MERCEDES-BENZ) | 9069973192 (MERCEDES-BENZ),,https://webcateu.dayco.ws/img/products/8PK.jpg,https://www.dayco.com/la-es/catalog/?search=8PK1850HD,Auxiliar,POLY-V,,,
DAYCO,13A1450HD,Correa de transmisión,CORREA DE TRANSMISIÓN,,,0009978992 (MERCEDES-BENZ) | 0069979392 (MERCEDES-BENZ) | 007753012520 (MERCEDES-BENZ) | 0079971092 (MERCEDES-BENZ) | 0109973792 (MERCEDES-BENZ) | 06580722392 (DAF) | 109973792 (MERCEDES-BENZ) | 1599251 (IVECO) | 23223064 (RENAULT) | 23223141 (RENAULT) | 23223154 (RENAULT) | 23255185 (RENAULT) | 23255644 (RENAULT) | 236636 (DAF) | 237785 (DAF) | 283164 (DAF) | 323560 (RENAULT) | 323586 (RENAULT) | 323786 (RENAULT) | 323889 (RENAULT) | 417550 (VOLVO) | 45913 (IVECO) | 4759595 (IVECO) | 4759597 (IVECO) | 4813541 (IVECO) | 5000250769 (RENAULT) | 5000280844 (RENAULT) | 5000566547 (RENAULT) | 5000666286 (RENAULT) | 5000666828 (RENAULT) | 5000666883 (RENAULT) | 5000666884 (RENAULT) | 5000686286 (RENAULT) | 5000686828 (RENAULT) | 5000786244 (RENAULT) | 51968206115 (DAF) | 6580722392 (DAF) | 69979392 (MERCEDES-BENZ) | 7753012520 (MERCEDES-BENZ) | 79028862 (NEW HOLLAND) | 79971092 (MERCEDES-BENZ) | 85804035 (FIAT) | 967199 (VOLVO) | 977322 (VOLVO) | 99439810 (IVECO) | 99439810 (NEW HOLLAND) | 99439812 (IVECO) | 99439812 (NEW HOLLAND) | 9978992 (MERCEDES-BENZ),,https://webcateu.dayco.ws/img/products/VEE.jpg,https://www.dayco.com/la-es/catalog/?search=13A1450HD,Transmisión,RAW-EDGE(V),,,
DAYCO,13A1610HD,Correa de transmisión,CORREA DE TRANSMISIÓN,,,,,https://webcateu.dayco.ws/img/products/VEE.jpg,https://www.dayco.com/la-es/catalog/?search=13A1610HD,Transmisión,RAW-EDGE(V),,,
DAYCO,700165,Manguera,MANGUERA,,,,,https://webcateu.dayco.ws/img/products/700165.jpg,https://www.dayco.com/la-es/catalog/?search=700165,Refrigeración,COOLING HOSE,,,
DAYCO,APV2884,Tensor auxiliar,TENSOR,,,T12145275 (FORD),,https://webcateu.dayco.ws/img/products/APV2884.jpg,https://www.dayco.com/la-es/catalog/?search=APV2884,Auxiliar,TENSIONER&PULLEY,,,
DAYCO,700101,Manguera,MANGUERA,,,,,https://webcateu.dayco.ws/img/products/700101.jpg,https://www.dayco.com/la-es/catalog/?search=700101,Refrigeración,COOLING HOSE,,,
DAYCO,8PK2055HD,Correa Poly-V,CORREA POLY-V,,,1389025 (SCANIA) | 1389047 (SCANIA) | 1530982 (SCANIA) | 1856805 (DAF) | 1943454 (DAF) | 20459724 (VOLVO) | 3341623 (CATERPILLAR) | 4C4519D621AB (FORD) | 5010512587 (RENAULT) | 9069971092 (MERCEDES-BENZ),,https://webcateu.dayco.ws/img/products/8PK.jpg,https://www.dayco.com/la-es/catalog/?search=8PK2055HD,Auxiliar,POLY-V,,,
DAYCO,8PK1510HD,Correa Poly-V,CORREA POLY-V,,,,,https://webcateu.dayco.ws/img/products/8PK.jpg,https://www.dayco.com/la-es/catalog/?search=8PK1510HD,Auxiliar,POLY-V,,,
DAYCO,900073,Manguera,MANGUERA,,,,,https://webcateu.dayco.ws/img/products/900073.jpg,https://www.dayco.com/la-es/catalog/?search=900073,Refrigeración,HOSE,,,
DAYCO,701737,Manguera,MANGUERA,,,,,https://webcateu.dayco.ws/img/products/701737.jpg,https://www.dayco.com/la-es/catalog/?search=701737,Refrigeración,HOSE,,,
DAYCO,700178,Manguera,MANGUERA,,,,,https://webcateu.dayco.ws/img/products/700178.jpg,https://www.dayco.com/la-es/catalog/?search=700178,Refrigeración,COOLING HOSE,,,
DAYCO,700102,Manguera,MANGUERA,,,,,https://webcateu.dayco.ws/img/products/700102.jpg,https://www.dayco.com/la-es/catalog/?search=700102,Refrigeración,COOLING HOSE,,,
DAYCO,701738,Manguera,MANGUERA,,,,,https://webcateu.dayco.ws/img/products/701738.jpg,https://www.dayco.com/la-es/catalog/?search=701738,Refrigeración,HOSE,,,
DAYCO,8PK2135HD,Correa Poly-V,CORREA POLY-V,,,,,https://webcateu.dayco.ws/img/products/8PK.jpg,https://www.dayco.com/la-es/catalog/?search=8PK2135HD,Auxiliar,POLY-V,,,
DAYCO,700043,Manguera,MANGUERA,,,,,https://webcateu.dayco.ws/img/products/700043.jpg,https://www.dayco.com/la-es/catalog/?search=700043,Refrigeración,COOLING HOSE,,,
DAYCO,700100,Manguera,MANGUERA,,,,,https://webcateu.dayco.ws/img/products/700100.jpg,https://www.dayco.com/la-es/catalog/?search=700100,Refrigeración,COOLING HOSE,,,
DAYCO,12PK1814HD,Correa Poly-V,CORREA POLY-V,,,,,https://webcateu.dayco.ws/img/products/12PK.jpg,https://www.dayco.com/la-es/catalog/?search=12PK1814HD,Auxiliar,POLY-V,,,
DAYCO,4PK1041EEHD,Correa Poly-V,CORREA POLY-V,,,,,https://webcateu.dayco.ws/img/products/4PK.jpg,https://www.dayco.com/la-es/catalog/?search=4PK1041EEHD,Auxiliar,POLY-V,,,
DAYCO,700141,Manguera,MANGUERA,,,,,https://webcateu.dayco.ws/img/products/700141.jpg,https://www.dayco.com/la-es/catalog/?search=700141,Refrigeración,COOLING HOSE,,,
DAYCO,1273,Tensor genérico,TENSOR,,,,,https://webcateu.dayco.ws/img/products/1273.jpg,https://www.dayco.com/la-es/catalog/?search=1273,Auxiliar,TENSIONER&PULLEY,,,
DAYCO,701153,Manguera,MANGUERA,,,,,https://webcateu.dayco.ws/img/products/701153.jpg,https://www.dayco.com/la-es/catalog/?search=701153,Refrigeración,HOSE,,,
DAYCO,KTB286,Kit de distribución,KIT DISTRIBUCION,,,1672143 (FORD) | 31368072 (VOLVO),,https://webcateu.dayco.ws/img/products/KTB286.jpg,https://www.dayco.com/la-es/catalog/?search=KTB286,Principal,TIMING BELT KIT,,,
DAYCO,KTB286/4,Kit de distribución,KIT DISTRIBUCION,,,,,https://webcateu.dayco.ws/img/products/KTB286/4.jpg,https://www.dayco.com/la-es/catalog/?search=KTB286/4,Principal,TIMING BELT KIT,,,
DAYCO,1169,Tensor genérico,TENSOR,,,,,https://webcateu.dayco.ws/img/products/1169.jpg,https://www.dayco.com/la-es/catalog/?search=1169,Auxiliar,TENSIONER&PULLEY,,,
DAYCO,1177,Tensor genérico,TENSOR,,,,,https://webcateu.dayco.ws/img/products/1177.jpg,https://www.dayco.com/la-es/catalog/?search=1177,Auxiliar,TENSIONER&PULLEY,,,
DAYCO,117SP+220H,Correa de distribución,CORREA DE DISTRIBUCIÓN,,,1004297 (FORD) | 1004299 (FORD) | 1823388 (FORD) | 1E0512205 (MAZDA) | 1E0612205 (MAZDA) | 274562 (VOLVO) | 30711607 (VOLVO) | 30750903 (VOLVO) | 31330351 (VOLVO) | 96MM6K288A1A (FORD) | 96MM6K288A1A (MAZDA) | 96MM6K288A2A (FORD) | C20112201 (MAZDA) | C20112201A (MAZDA),,https://webcateu.dayco.ws/img/products/TB.jpg,https://www.dayco.com/la-es/catalog/?search=117SP+220H,Principal,TIMING BELT,,,
DAYCO,6PK1180,Correa Poly-V,CORREA POLY-V,,,0099974092 (MERCEDES-BENZ) | 028260849A (AUDI) | 028260849F (AUDI) | 028260849F (VOLKSWAGEN) | 038903137AA (AUDI) | 038903137AA (SEAT) | 038903137AA (SKODA) | 038903137AA (VOLKSWAGEN) | 038903137L (AUDI) | 038903137L (SEAT) | 038903137L (SKODA) | 038903137L (VOLKSWAGEN) | 03890313AA (SKODA) | 1004484 (FORD) | 11281470027 (BMW) | 11281747277 (BMW) | 11287636368 (BMW) | 12578000 (CADILLAC) | 12578002 (CADILLAC) | 1539603 (FORD) | 17521-85E00 (SUBARU) | 1752185E00 (SUZUKI) | 1E0518381 (MAZDA) | 3101314 (CUMMINS) | 31430015 (VOLVO) | 3470280 (VOLVO) | 4206K1173P4 (RENAULT) | 46820062 (FIAT) | 46820062 (LANCIA) | 55185077 (ALFA ROMEO) | 55185077 (FIAT) | 55185077 (GENERAL MOTORS) | 55185077 (OPEL) | 55185077 (VAUXHALL) | 55205286 (FIAT) | 5750.VR (PEUGEOT) | 5750GG (PEUGEOT) | 5750GH (CITROEN) | 5750GH (PEUGEOT) | 5750VR (CITROEN) | 6340615 (GENERAL MOTORS) | 6340615 (OPEL) | 6340615 (VAUXHALL) | 6H903137J (VOLKSWAGEN) | 7700729751 (RENAULT) | 7700743549 (RENAULT) | 90048-31088 (DAIHATSU) | 9004831070 (DAIHATSU) | 9642430680 (FIAT) | 9642430680 (PEUGEOT) | 9642430780 (PEUGEOT) | 9652746480 (FIAT) | 98MF6C301AC (FORD) | 9S518620CA (FORD) | A0099974092 (MERCEDES-BENZ) | GMB61180 (ROVER) | GMB61185 (LAND ROVER) | GMB61185 (ROVER),,https://webcateu.dayco.ws/img/products/6PK.jpg,https://www.dayco.com/la-es/catalog/?search=6PK1180,Auxiliar,POLY-V,,,
DAYCO,6PK1755,Correa Poly-V,CORREA POLY-V,,,7310606 (FIAT) | 7310608 (FORD) | 91829229 (VOLVO) | 9458411 (VOLVO) | 95WF6C301BA (FORD),,https://webcateu.dayco.ws/img/products/6PK.jpg,https://www.dayco.com/la-es/catalog/?search=6PK1755,Auxiliar,POLY-V,,,
DAYCO,6PK1930,Correa Poly-V,CORREA POLY-V,,,0089976492 (MERCEDES-BENZ) | 06C903137C (AUDI) | 1004486 (FORD) | 1036916 (FORD) | 1041194 (FORD) | 1094675 (FORD) | 1E0515909 (MAZDA) | 4892520AA (JEEP) | 4892520AB (JEEP) | 5340948 (SAAB) | 7064727 (FORD) | 9008091168 (TOYOTA) | 9091602412 (LEXUS) | 9091602412 (TOYOTA) | 9091602548 (TOYOTA) | 94WF6C301D1B (FORD) | 96MF6C301CC (FORD) | 96MF6C301CC (MAZDA) | 99366D1930 (LEXUS) | 99366D1930 (TOYOTA) | 99610215165 (PORSCHE) | A0089976492 (MERCEDES-BENZ) | GX73-8620 (LAND ROVER) | LR079263 (LAND ROVER) | V97MF6C301BA (FORD),,https://webcateu.dayco.ws/img/products/6PK.jpg,https://www.dayco.com/la-es/catalog/?search=6PK1930,Auxiliar,POLY-V,,,
DAYCO,7725,Tensor genérico,TENSOR,,,,,https://webcateu.dayco.ws/img/products/7725.jpg,https://www.dayco.com/la-es/catalog/?search=7725,Auxiliar,TENSIONER&PULLEY,,,
DAYCO,7827,Tensor genérico,TENSOR,,,,,https://webcateu.dayco.ws/img/products/7827.jpg,https://www.dayco.com/la-es/catalog/?search=7827,Auxiliar,TENSIONER&PULLEY,,,
DAYCO,7830,Tensor genérico,TENSOR,,,,,https://webcateu.dayco.ws/img/products/7830.jpg,https://www.dayco.com/la-es/catalog/?search=7830,Auxiliar,TENSIONER&PULLEY,,,
DAYCO,APV2070,Tensor auxiliar,TENSOR,,,1004475 (FORD) | 1077689 (FORD) | 1E0515980 (MAZDA) | 1E0515980A (MAZDA) | 96M6FA228AC (FORD) | 96MF-6A228-AD (FORD) | 96MF6A228AC (FORD) | 96MF6A228AD (FORD),,https://webcateu.dayco.ws/img/products/APV2070.jpg,https://www.dayco.com/la-es/catalog/?search=APV2070,Auxiliar,TENSIONER&PULLEY,,,
DAYCO,APV2815,Tensor auxiliar,TENSOR,,,1072321 (FORD) | 1112807 (FORD) | 1139951 (FORD) | 1763647 (FORD) | 1E03-15-930A (MAZDA) | 7109163 (FORD) | 95WF19A216AC (FORD) | 95WF19A216AD (FORD) | GTA0110 (GMB) | YS4E-19A216-AB (FORD) | YS4E19A216AA (FORD) | YS4E19A216AB (FORD),,https://webcateu.dayco.ws/img/products/APV2815.jpg,https://www.dayco.com/la-es/catalog/?search=APV2815,Auxiliar,TENSIONER&PULLEY,,,
DAYCO,ATB2163,Tensor de distribución,TENSOR,,,1004296 (FORD) | 1004409 (FORD) | 1994409 (FORD) | 1E0512730 (MAZDA) | 96MM-6K254-D2A (FORD) | 96MM-6M250-AC (FORD) | 96MM6M250AC (FORD),,https://webcateu.dayco.ws/img/products/ATB2163.jpg,https://www.dayco.com/la-es/catalog/?search=ATB2163,Principal,TENSIONER&PULLEY,,,
DAYCO,ATB2627,Tensor de distribución,TENSOR,,,,,https://webcateu.dayco.ws/img/products/ATB2627.jpg,https://www.dayco.com/la-es/catalog/?search=ATB2627,Principal,TENSIONER&PULLEY,,,
DAYCO,10A0790C,Correa de transmisión,CORREA DE TRANSMISIÓN,,,,,https://webcateu.dayco.ws/img/products/VEE.jpg,https://www.dayco.com/la-es/catalog/?search=10A0790C,Transmisión,RAW-EDGE(V),,,
DAYCO,10A0800C,Correa de transmisión,CORREA DE TRANSMISIÓN,,,0019972892 (MERCEDES-BENZ) | 007753009539 (MERCEDES-BENZ) | 035903137D (VOLKSWAGEN) | 046145271 (AUDI) | 060145271 (VOLKSWAGEN) | 075903137 (VOLKSWAGEN) | 11063969 (OPEL) | 130493 (FERRARI) | 1757-18-381 (MAZDA) | 2735E8620A (FORD) | 2735E8620C (FORD) | 2N39118 (PEUGEOT) | 32421717953 (BMW) | 32421719953 (BMW) | 400365 (PEUGEOT) | 400366 (PEUGEOT) | 4037771 (FIAT) | 4156392 (FIAT) | 4156931 (FIAT) | 4156931 (IVECO) | 46145271 (FIAT) | 4616931 (FIAT) | 5440191 (PEUGEOT) | 545481 (OPEL) | 545482 (OPEL) | 56992-PM7-003 (HONDA) | 56992-PM7-004 (HONDA) | 574913 (PEUGEOT) | 574914 (PEUGEOT) | 5750F9 (CITROEN) | 5750SC (CITROEN) | 5949504 (FIAT) | 6044423 (FORD) | 6044995 (FORD) | 6554021705 (FIAT) | 6792801 (FORD) | 761F8620AA (FORD) | 7644928 (FIAT) | 7700682388 (RENAULT) | 7701349245 (RENAULT) | 77BF6C301AC (FORD) | 887118381 (MAZDA) | 90048-32044 (DAIHATSU) | 90048-32049 (DAIHATSU) | 90048-32050 (DAIHATSU) | 9004832050 (FIAT) | 9004832077 (DAIHATSU) | 90260872 (OPEL) | 90260872 (VAUXHALL) | 90280872 (GENERAL MOTORS) | 90880972 (OPEL) | 9089407960 (DAIHATSU) | 91536303 (PEUGEOT) | 950365 (OPEL) | 95496836 (PEUGEOT) | 958302 (VOLVO) | 958347 (VOLVO) | 96015521 (CITROEN) | 96144846 (DAEWOO) | 966898 (VOLVO) | 973534 (VOLVO) | 99321-00791 (TOYOTA) | 99321-00805 (TOYOTA) | 99321-00810 (TOYOTA) | 99321-50791 (TOYOTA) | 9932100791 (DAIHATSU) | 9932150791 (DAIHATSU) | 99521-10808 (TOYOTA) | A0019972892 (MERCEDES-BENZ) | A0019974292 (MERCEDES-BENZ) | A007753009539 (MERCEDES-BENZ) | DD39118 (CITROEN) | GCB10800 (ROVER) | N350-18-381 (MAZDA) | V701M8620AA (FORD) | XE020032310A (SEAT),,https://webcateu.dayco.ws/img/products/VEE.jpg,https://www.dayco.com/la-es/catalog/?search=10A0800C,Transmisión,RAW-EDGE(V),,,
DAYCO,4PK825,Correa Poly-V,CORREA POLY-V,,,11720-70J01 (NISSAN) | 49180-63B20 (SUZUKI),,https://webcateu.dayco.ws/img/products/4PK.jpg,https://www.dayco.com/la-es/catalog/?search=4PK825,Auxiliar,POLY-V,,,
DAYCO,4PK862,Correa Poly-V,CORREA POLY-V,,,11287512762 (BMW) | 11720-V7300 (NISSAN) | 11720-V7301 (NISSAN) | 11720-V7310 (NISSAN) | 119201E400 (NISSAN) | 11950-5J010 (NISSAN) | 1280.59 (CITROEN) | 128025 (PEUGEOT) | 128059 (PEUGEOT) | 2521121200 (HYUNDAI) | 9091602364 (TOYOTA) | 9514184CA0 (SUZUKI) | GMB108 (ROVER) | PS610279 (SUZUKI),,https://webcateu.dayco.ws/img/products/4PK.jpg,https://www.dayco.com/la-es/catalog/?search=4PK862,Auxiliar,POLY-V,,,
DAYCO,6PK1460,Correa Poly-V,CORREA POLY-V,,,1308228 (FORD) | 19348248 (GENERAL MOTORS) | 1E031508A (MAZDA) | 2T1Q6C301AA (FORD) | 9069970592 (MERCEDES-BENZ) | 9129100 (OPEL) | 9129463 (OPEL) | 9226257 (OPEL),,https://webcateu.dayco.ws/img/products/6PK.jpg,https://www.dayco.com/la-es/catalog/?search=6PK1460,Auxiliar,POLY-V,,,
DAYCO,6PK1740,Correa Poly-V,CORREA POLY-V,,,03D145933A (SKODA) | 078903137BH (AUDI) | 1072316 (FORD) | 1606353880 (CITROEN) | 208115 (CUMMINS) | 3681816 (CUMMINS) | 3733029101 (HYUNDAI) | 3733029102 (HYUNDAI) | 4451A060 (MITSUBISHI) | 46444537 (ALFA ROMEO) | 46444537 (FIAT) | 46444537 (LANCIA) | 4918065G10 (SUZUKI) | 4918066G10 (SUZUKI) | 5750GK (CITROEN) | 5750GK (PEUGEOT) | 5750GL (PEUGEOT) | 5750VS (CITROEN) | 5750VS (PEUGEOT) | 5750XS (PEUGEOT) | 608113720 (ALFA ROMEO) | 71739923 (FIAT) | 71739924 (FIAT) | 71739924 (LANCIA) | 9622521380 (FIAT) | 9629054080 (FIAT) | 9632410380 (FIAT) | 9632410380 (LANCIA) | 96448466 (PEUGEOT) | 9644846680 (FIAT) | 9644846680 (LANCIA) | 9652746880 (PEUGEOT) | E117741 (PEUGEOT),,https://webcateu.dayco.ws/img/products/6PK.jpg,https://www.dayco.com/la-es/catalog/?search=6PK1740,Auxiliar,POLY-V,,,
DAYCO,6PK1905,Correa Poly-V,CORREA POLY-V,,,,,https://webcateu.dayco.ws/img/products/6PK.jpg,https://www.dayco.com/la-es/catalog/?search=6PK1905,Auxiliar,POLY-V,,,
DAYCO,6PK860,Correa Poly-V,CORREA POLY-V,,,,,https://webcateu.dayco.ws/img/products/6PK.jpg,https://www.dayco.com/la-es/catalog/?search=6PK860,Auxiliar,POLY-V,,,
DAYCO,KTC1629,Kit cadena de distribución,KIT DISTRIBUCION,,,,,https://webcateu.dayco.ws/img/products/KTC1629.jpg,https://www.dayco.com/la-es/catalog/?search=KTC1629,Principal,CHAIN KIT,,,
DAYCO,1160,Tensor genérico,TENSOR,,,,,https://webcateu.dayco.ws/img/products/1160.jpg,https://www.dayco.com/la-es/catalog/?search=1160,Auxiliar,TENSIONER&PULLEY,,,
DAYCO,APV3081,Tensor auxiliar,TENSOR,,,,,https://webcateu.dayco.ws/img/products/APV3081.jpg,https://www.dayco.com/la-es/catalog/?search=APV3081,Auxiliar,TENSIONER&PULLEY,,,
DAYCO,73200,Manguera,MANGUERA,,,"96FB8B274BE , 96FB8B274BD (FORD)",,https://webcateu.dayco.ws/img/products/73200.jpg,https://www.dayco.com/la-es/catalog/?search=73200,Refrigeración,COOLING HOSE,,,
DAYCO,7826,Tensor genérico,TENSOR,,,,,https://webcateu.dayco.ws/img/products/7826.jpg,https://www.dayco.com/la-es/catalog/?search=7826,Auxiliar,TENSIONER&PULLEY,,,
DAYCO,APV2308,Tensor auxiliar,TENSOR,,,1004549 (FORD) | 1E0315980 (MAZDA) | 96BF-6A228-AB (FORD) | 96BF6A228AB (FORD),,https://webcateu.dayco.ws/img/products/APV2308.jpg,https://www.dayco.com/la-es/catalog/?search=APV2308,Auxiliar,TENSIONER&PULLEY,,,
DAYCO,6PK1050,Correa Poly-V,CORREA POLY-V,,,46801955 (FIAT) | 500324346 (IVECO) | 500368902 (IVECO) | 5010284906 (RENAULT) | 552002550 (FIAT) | 55227436 (FIAT) | 55249522 (FIAT) | 5750PL (PEUGEOT) | 5750WY (CITROEN) | 5750WY (PEUGEOT) | 6340619 (OPEL) | 9091602373 (LEXUS) | 9091602373 (TOYOTA) | 9091602374 (TOYOTA) | 93179102 (OPEL) | 93181138 (GENERAL MOTORS) | 93181138 (OPEL) | 99366-71050 (LEXUS) | 99366-81050 (TOYOTA) | 9936601050 (TOYOTA) | 9936621050 (TOYOTA) | 9936671050 (TOYOTA),,https://webcateu.dayco.ws/img/products/6PK.jpg,https://www.dayco.com/la-es/catalog/?search=6PK1050,Auxiliar,POLY-V,,,
DAYCO,6PK1700,Correa Poly-V,CORREA POLY-V,,,0029931296 (MERCEDES-BENZ) | 030145933AC (VOLKSWAGEN) | 030145933AQ (VOLKSWAGEN) | 046903137B (AUDI) | 1089877 (FORD) | 2521237151 (HYUNDAI) | 2521237160 (HYUNDAI) | 2521237160 (KIA) | 2521237161 (HYUNDAI) | 2521237161 (KIA) | 3681239 (CUMMINS) | 49930796 (MERCEDES-BENZ) | 51775946 (FIAT) | 55565237 (CHEVROLET) | 55565238 (CHEVROLET) | 55565239 (CHEVROLET) | 55566741 (CHEVROLET) | 55566742 (CHEVROLET) | 5750.J8 (CITROEN) | 5750.VY (CITROEN) | 5750F0 (CITROEN) | 5750F0 (PEUGEOT) | 5750J8 (PEUGEOT) | 5750P2 (CITROEN) | 5750RH (CITROEN) | 5750RH (PEUGEOT) | 5750VY (PEUGEOT) | 5750ZH (CITROEN) | 5750ZH (PEUGEOT) | 9091602574 (TOYOTA) | 99366H1690 (TOYOTA) | A0029931296 (MERCEDES-BENZ),,https://webcateu.dayco.ws/img/products/6PK.jpg,https://www.dayco.com/la-es/catalog/?search=6PK1700,Auxiliar,POLY-V,,,
DAYCO,6PK2050,Correa Poly-V,CORREA POLY-V,,,0079970292 (MERCEDES-BENZ) | 0089979292 (MERCEDES-BENZ) | 0089979392 (MERCEDES-BENZ) | 0109976292 (MERCEDES-BENZ) | 0109977092 (MERCEDES-BENZ) | 0119971892 (MERCEDES-BENZ) | 0119971892 (SSANGYONG) | 0129971592 (MERCEDES-BENZ) | 05015593AA (CHRYSLER) | 1752178K00 (SUZUKI) | 1855750 (OPEL) | 1855750 (VAUXHALL) | 5015593AA (CHRYSLER) | 89973392 (MERCEDES-BENZ) | 9091602632 (LEXUS) | 9091602632 (TOYOTA) | 92061745 (OPEL) | 92061745 (VAUXHALL) | A0079970292 (MERCEDES-BENZ) | A0089973392 (MERCEDES-BENZ) | A0089979292 (MERCEDES-BENZ) | A0089979392 (MERCEDES-BENZ) | A0109976292 (MERCEDES-BENZ) | A0109977092 (MERCEDES-BENZ) | A0119971892 (MERCEDES-BENZ) | A0129971592 (MERCEDES-BENZ),,https://webcateu.dayco.ws/img/products/6PK.jpg,https://www.dayco.com/la-es/catalog/?search=6PK2050,Auxiliar,POLY-V,,,
DAYCO,6PK2240,Correa Poly-V,CORREA POLY-V,,,0109978792 (MERCEDES-BENZ) | 0129970892 (MERCEDES-BENZ) | 0149971792 (MERCEDES-BENZ) | 04854033 (JEEP) | 04854033AB (JEEP) | 074260843 (VOLKSWAGEN) | 074260849AB (AUDI) | 074260849AB (VOLKSWAGEN) | 074260849L (VOLKSWAGEN) | 25212-3C120 (HYUNDAI) | 2S6G6C301AA (FORD) | 4854033 (JEEP) | 4854033AB (JEEP) | 5135746AA (JEEP) | 53032125AB (DODGE) | 53032380AD (CHRYSLER) | 53032380AE (CHRYSLER) | 5X0260849A (VOLKSWAGEN) | 68045801AA (JEEP) | 7G916C301GA (FORD) | 90916-02583 (LEXUS) | 9091602583 (TOYOTA) | 9091602585 (LEXUS) | 9091602585 (TOYOTA) | 9091602586 (TOYOTA) | 9S456C301AA (FORD) | A0129970892 (MERCEDES-BENZ) | A0149971092 (MERCEDES-BENZ) | LF4J15909A (MAZDA) | LF4J15909B (MAZDA) | LF4J15909C (MAZDA) | LFA1159099F (MAZDA),,https://webcateu.dayco.ws/img/products/6PK.jpg,https://www.dayco.com/la-es/catalog/?search=6PK2240,Auxiliar,POLY-V,,,
DAYCO,73281,Manguera,MANGUERA,,,,,https://webcateu.dayco.ws/img/products/73281.jpg,https://www.dayco.com/la-es/catalog/?search=73281,Refrigeración,COOLING HOSE,,,
DAYCO,7775,Tensor genérico,TENSOR,,,,,https://webcateu.dayco.ws/img/products/7775.jpg,https://www.dayco.com/la-es/catalog/?search=7775,Auxiliar,TENSIONER&PULLEY,,,
DAYCO,7776,Tensor genérico,TENSOR,,,,,https://webcateu.dayco.ws/img/products/7776.jpg,https://www.dayco.com/la-es/catalog/?search=7776,Auxiliar,TENSIONER&PULLEY,,,
DAYCO,900044,Manguera,MANGUERA,,,,,https://webcateu.dayco.ws/img/products/900044.jpg,https://www.dayco.com/la-es/catalog/?search=900044,Refrigeración,HOSE,,,
DAYCO,APV2875,Tensor auxiliar,TENSOR,,,XS6E19A216CB (FORD) | XS6E19A216CC (FORD),,https://webcateu.dayco.ws/img/products/APV2875.jpg,https://www.dayco.com/la-es/catalog/?search=APV2875,Auxiliar,TENSIONER&PULLEY,,,
DAYCO,APV2877,Tensor auxiliar,TENSOR,,,XS6E19A216BB (FORD) | XS6E19A216BC (FORD),,https://webcateu.dayco.ws/img/products/APV2877.jpg,https://www.dayco.com/la-es/catalog/?search=APV2877,Auxiliar,TENSIONER&PULLEY,,,
DAYCO,KTC1075,Kit cadena de distribución,KIT DISTRIBUCION,,,,,https://webcateu.dayco.ws/img/products/KTC1075.jpg,https://www.dayco.com/la-es/catalog/?search=KTC1075,Principal,CHAIN KIT,,,
DAYCO,KTC1599,Kit cadena de distribución,KIT DISTRIBUCION,,,,,https://webcateu.dayco.ws/img/products/KTC1599.jpg,https://www.dayco.com/la-es/catalog/?search=KTC1599,Principal,CHAIN KIT,,,
DAYCO,73199,Manguera,MANGUERA,,,IS658B274AA (FORD),,https://webcateu.dayco.ws/img/products/73199.jpg,https://www.dayco.com/la-es/catalog/?search=73199,Refrigeración,COOLING HOSE,,,
DAYCO,6PK2170,Correa Poly-V,CORREA POLY-V,,,,,https://webcateu.dayco.ws/img/products/6PK.jpg,https://www.dayco.com/la-es/catalog/?search=6PK2170,Auxiliar,POLY-V,,,
DAYCO,1160CP,Tensor genérico,TENSOR,,,,,https://webcateu.dayco.ws/img/products/1160CP.jpg,https://www.dayco.com/la-es/catalog/?search=1160CP,Auxiliar,TENSIONER&PULLEY,,,
DAYCO,1225,Tensor genérico,TENSOR,,,,,https://webcateu.dayco.ws/img/products/1225.jpg,https://www.dayco.com/la-es/catalog/?search=1225,Auxiliar,TENSIONER&PULLEY,,,
DAYCO,APV2885,Tensor auxiliar,TENSOR,,,,,https://webcateu.dayco.ws/img/products/APV2885.jpg,https://www.dayco.com/la-es/catalog/?search=APV2885,Auxiliar,TENSIONER&PULLEY,,,
DAYCO,1225CP,Tensor genérico,TENSOR,,,,,https://webcateu.dayco.ws/img/products/1225CP.jpg,https://www.dayco.com/la-es/catalog/?search=1225CP,Auxiliar,TENSIONER&PULLEY,,,
DAYCO,7870,Tensor genérico,TENSOR,,,,,https://webcateu.dayco.ws/img/products/7870.jpg,https://www.dayco.com/la-es/catalog/?search=7870,Auxiliar,TENSIONER&PULLEY,,,
DAYCO,10A1210C,Correa de transmisión,CORREA DE TRANSMISIÓN,,,11436933 (FORD) | 400721 (PEUGEOT) | 4343524 (FIAT) | 575015 (PEUGEOT) | 61665452 (IVECO) | UE5654 (ROVER),,https://webcateu.dayco.ws/img/products/VEE.jpg,https://www.dayco.com/la-es/catalog/?search=10A1210C,Transmisión,RAW-EDGE(V),,,
DAYCO,10A0765C,Correa de transmisión,CORREA DE TRANSMISIÓN,,,,,https://webcateu.dayco.ws/img/products/VEE.jpg,https://www.dayco.com/la-es/catalog/?search=10A0765C,Transmisión,RAW-EDGE(V),,,
DAYCO,10A0940C,Correa de transmisión,CORREA DE TRANSMISIÓN,,,0009970892 (MERCEDES-BENZ) | 0029970892 (MERCEDES-BENZ) | 0029970992 (MERCEDES-BENZ) | 0039973492 (MERCEDES-BENZ) | 0049977792 (MERCEDES-BENZ) | 0049978792 (MERCEDES-BENZ) | 0069973292 (MERCEDES-BENZ) | 11720-06E06 (NISSAN) | 11720-08E07 (NISSAN) | 11720-80W00 (NISSAN) | 11720-80W10 (NISSAN) | 1172008E97JP (NISSAN) | 1172008E97KE (NISSAN) | 11950-08E05 (NISSAN) | 11950-08E15 (NISSAN) | 1218309 (TALBOT) | 12311278250 (BMW) | 12311284740 (BMW) | 1238562 (TALBOT) | 1340730 (GENERAL MOTORS) | 1340734 (GENERAL MOTORS) | 13H924 (ROVER) | 21011308020 (LADA) | 21070130802001 (LADA) | 21071308020 (LADA) | 3244272 (SUZUKI) | 4229143 (FIAT) | 56992-692-004 (HONDA) | 56992-692-013 (HONDA) | 56992-PP5-E01 (HONDA) | 56992-PP5-E02 (HONDA) | 574924 (PEUGEOT) | 575012 (PEUGEOT) | 575058 (PEUGEOT) | 5953873 (FIAT) | 6315516 (VAUXHALL) | 6376167 (BEDFORD) | 7180681 (BEDFORD) | 7617420 (FIAT) | 90352928 (GENERAL MOTORS) | 90409800 (GENERAL MOTORS) | 91039703 (GENERAL MOTORS) | 91056226 (GENERAL MOTORS) | 960284 (VOLVO) | 966909 (VOLVO) | 973538 (VOLVO) | GCB10937 (ROVER) | GFB272 (ROVER) | GFB60937 (ROVER) | GFB701 (ROVER) | MD007528 (MITSUBISHI) | MD007628 (MITSUBISHI) | MD009060 (MITSUBISHI) | MD021663 (MITSUBISHI) | MD025826 (MITSUBISHI) | MD026572 (MITSUBISHI) | MD027458 (MITSUBISHI) | MD087992 (MITSUBISHI) | TKC2802 (ROVER),,https://webcateu.dayco.ws/img/products/VEE.jpg,https://www.dayco.com/la-es/catalog/?search=10A0940C,Transmisión,RAW-EDGE(V),,,
DAYCO,10A0950C,Correa de transmisión,CORREA DE TRANSMISIÓN,,,0009976892 (MERCEDES-BENZ) | 0029971092 (MERCEDES-BENZ) | 02117-94513 (NISSAN) | 02117-95013 (NISSAN) | 0211794153 (NISSAN) | 0499031372 (VOLKSWAGEN) | 050903137 (AUDI) | 050903137 (SEAT) | 050903137 (VOLKSWAGEN) | 056903137 (AUDI) | 0586236 (BMW) | 11064889 (OPEL) | 11231266125 (BMW) | 11425146 (FORD) | 11446026 (FORD) | 11720-69200 (NISSAN) | 11720-73600 (NISSAN) | 11720-78221 (NISSAN) | 11720-N8503 (NISSAN) | 11720-N9515 (NISSAN) | 11950-06E01 (NISSAN) | 11950-08E00 (NISSAN) | 11950-08E01 (NISSAN) | 1214758 (TALBOT) | 1214785 (TALBOT) | 12311284317 (BMW) | 1235180 (TALBOT) | 1340705 (GENERAL MOTORS) | 1340707 (GENERAL MOTORS) | 1340710 (GENERAL MOTORS) | 13H9620 (DAF) | 1612264 (FORD) | 17841500 (TALBOT) | 217607 (ROVER) | 247939 (DAF) | 260297A (FERRARI) | 2N2316 (PEUGEOT) | 3013008 (OPEL) | 31110-PA1-342 (HONDA) | 31110-PA1-741 (HONDA) | 31110-PA1-742 (HONDA) | 31110-PA6-003 (HONDA) | 31110-PA6-004 (HONDA) | 31110PA13420 (ROVER) | 31110PA17410 (HONDA) | 31110PA17420 (HONDA) | 31110PA60030 (HONDA) | 31110PA60040 (HONDA) | 4042901 (FIAT) | 4049101 (FIAT) | 4060336 (FIAT) | 4153752 (FIAT) | 4612461 (DODGE) | 5000612766 (RENAULT) | 5000612768 (RENAULT) | 5013543 (FORD) | 50211318004 (BMW) | 511963 (ROVER) | 554021602 (INNOCENTI) | 575017 (PEUGEOT) | 6147689 (FORD) | 6158758 (FORD) | 6340648 (GENERAL MOTORS) | 7119990161 (BMW) | 7180685 (BEDFORD) | 7671401 (FIAT) | 7701349590 (RENAULT) | 79226572 (DODGE) | 8-94333-0980 (ISUZU) | 8-94333-0981 (ISUZU) | 83EF8620AA (FORD) | 83EF8A615AA (FORD) | 8556014 (RENAULT) | 85EF8A615AA (FORD) | 8825657 (BEDFORD) | 8835203 (BEDFORD) | 8851716 (BEDFORD) | 8943330980 (BEDFORD) | 90091612 (BEDFORD) | 90096480 (GENERAL MOTORS) | 90169083 (GENERAL MOTORS) | 9091602109 (TOYOTA) | 93182251 (VAUXHALL) | 93182257 (GENERAL MOTORS) | 943095009 (SKODA) | 94333098 (GENERAL MOTORS) | 950380 (VOLVO) | 95X950N275 (MERCEDES-BENZ) | 973539 (VOLVO) | 99521-10959 (TOYOTA) | 99919223650 (PORSCHE) | CAM7910 (ROVER) | DM2316 (CITROEN) | GCB10950 (ROVER) | GFB10950 (ROVER) | GFB205 (ROVER) | GFB206 (ROVER) | GFB212 (ROVER) | GFB249 (ROVER) | GFB250 (ROVER) | GFB255 (ROVER) | GFB50949 (ROVER) | P103652 (TALBOT),,https://webcateu.dayco.ws/img/products/VEE.jpg,https://www.dayco.com/la-es/catalog/?search=10A0950C,Transmisión,RAW-EDGE(V),,,
DAYCO,11A0970C,Correa de transmisión,CORREA DE TRANSMISIÓN,,,,,https://webcateu.dayco.ws/img/products/VEE.jpg,https://www.dayco.com/la-es/catalog/?search=11A0970C,Transmisión,RAW-EDGE(V),,,
DAYCO,121SX180,Correa de distribución,CORREA DE DISTRIBUCIÓN,,,037109119B (AUDI) | 037109119B (VOLKSWAGEN) | 056109119A (AUDI) | 056109119A (PORSCHE) | 056109119A (SEAT) | 056109119A (VOLKSWAGEN) | X056109119A (SEAT),,https://webcateu.dayco.ws/img/products/TB.jpg,https://www.dayco.com/la-es/catalog/?search=121SX180,Principal,TIMING BELT,,,
DAYCO,13A1175C,Correa de transmisión,CORREA DE TRANSMISIÓN,,,0K01618381D (KIA) | 0K01618381E (KIA) | 11950-10G01 (NISSAN) | 11950-80W10 (NISSAN) | 1494726 (FORD) | 6144787 (FORD) | 6158131 (FORD) | 6158132 (FORD) | 72TF8620BA (FORD) | 85TF6C301GA (FORD) | 85TF8A615D1A (FORD) | 85TF8A615D2A (FORD) | 85TF8A615DA (FORD) | 90916-02400 (TOYOTA) | 978397 (VOLVO) | 99322-01155 (TOYOTA) | 9932201155 (DAIHATSU) | 99332-11180 (TOYOTA) | 99522-11180 (TOYOTA) | 9952211159 (TOYOTA) | ETC9019 (LAND ROVER) | G60115908 (MAZDA) | GFB147 (ROVER) | GFB215 (ROVER) | GFB227 (ROVER) | RTC9019 (ROVER),,https://webcateu.dayco.ws/img/products/VEE.jpg,https://www.dayco.com/la-es/catalog/?search=13A1175C,Transmisión,RAW-EDGE(V),,,
DAYCO,7782,Tensor genérico,TENSOR,,,,,https://webcateu.dayco.ws/img/products/7782.jpg,https://www.dayco.com/la-es/catalog/?search=7782,Auxiliar,TENSIONER&PULLEY,,,
DAYCO,ATB2178,Tensor de distribución,TENSOR,,,026109243 (AUDI) | 026109243 (PORSCHE) | 026109243 (SEAT) | 026109243A (AUDI) | 026109243A (PORSCHE) | 026109243A (SEAT) | 026109243A (VOLKSWAGEN) | 026109243C (AUDI) | 026109243C (PORSCHE) | 026109243C (SEAT) | 026109243C (VOLKSWAGEN) | 026109243E (AUDI) | 026109243E (PORSCHE) | 026109243E (SEAT) | 026109243E (VOLKSWAGEN) | 026109243F (AUDI) | 026109243F (SEAT) | 026109243F (VOLKSWAGEN) | 026109243G (AUDI) | 026109243L (AUDI) | 026109243L (SEAT) | 026109243L (VOLKSWAGEN) | 026109246E (FORD) | 26109243 (VOLKSWAGEN) | GT80070 (GMB),,https://webcateu.dayco.ws/img/products/ATB2178.jpg,https://www.dayco.com/la-es/catalog/?search=ATB2178,Principal,TENSIONER&PULLEY,,,
DAYCO,1115,Tensor genérico,TENSOR,,,,,https://webcateu.dayco.ws/img/products/1115.jpg,https://www.dayco.com/la-es/catalog/?search=1115,Auxiliar,TENSIONER&PULLEY,,,
DAYCO,1116,Tensor genérico,TENSOR,,,,,https://webcateu.dayco.ws/img/products/1116.jpg,https://www.dayco.com/la-es/catalog/?search=1116,Auxiliar,TENSIONER&PULLEY,,,
DAYCO,APV2867,Tensor auxiliar,TENSOR,,,31170RB0J01 (HONDA) | 38942PHM004 (HONDA) | 38942PWA004 (HONDA) | ZN1U10K018BA (FORD),,https://webcateu.dayco.ws/img/products/APV2867.jpg,https://www.dayco.com/la-es/catalog/?search=APV2867,Auxiliar,TENSIONER&PULLEY,,,
DAYCO,APV2880,Tensor auxiliar,TENSOR,,,256519A216AB (FORD),,https://webcateu.dayco.ws/img/products/APV2880.jpg,https://www.dayco.com/la-es/catalog/?search=APV2880,Auxiliar,TENSIONER&PULLEY,,,
DAYCO,1179,Tensor genérico,TENSOR,,,,,https://webcateu.dayco.ws/img/products/1179.jpg,https://www.dayco.com/la-es/catalog/?search=1179,Auxiliar,TENSIONER&PULLEY,,,
DAYCO,1220,Tensor genérico,TENSOR,,,,,https://webcateu.dayco.ws/img/products/1220.jpg,https://www.dayco.com/la-es/catalog/?search=1220,Auxiliar,TENSIONER&PULLEY,,,
DAYCO,4PK1300,Correa Poly-V,CORREA POLY-V,,,,,https://webcateu.dayco.ws/img/products/4PK.jpg,https://www.dayco.com/la-es/catalog/?search=4PK1300,Auxiliar,POLY-V,,,
DAYCO,APV2874,Tensor auxiliar,TENSOR,,,1119938 (FORD) | 1135627 (FORD) | 1374385 (FORD) | 1S7Q-19A216-AD (FORD) | 1S7Q19A216AB (FORD) | 1S7Q19A216AC (FORD),,https://webcateu.dayco.ws/img/products/APV2874.jpg,https://www.dayco.com/la-es/catalog/?search=APV2874,Auxiliar,TENSIONER&PULLEY,,,
DAYCO,APV2878,Tensor auxiliar,TENSOR,,,2N1Q19A216BB (FORD),,https://webcateu.dayco.ws/img/products/APV2878.jpg,https://www.dayco.com/la-es/catalog/?search=APV2878,Auxiliar,TENSIONER&PULLEY,,,
DAYCO,KTC1630,Kit cadena de distribución,KIT DISTRIBUCION,,,,,https://webcateu.dayco.ws/img/products/KTC1630.jpg,https://www.dayco.com/la-es/catalog/?search=KTC1630,Principal,CHAIN KIT,,,
DAYCO,6PK1625,Correa Poly-V,CORREA POLY-V,,,01-32162-619 (FREIGHTLINER) | 057903137H (AUDI) | 057903137H (MERCEDES-BENZ) | 057903137K (AUDI) | 20457273 (VOLVO) | 3547573 (VOLVO) | 3547607 (VOLVO) | 5750.T0 (CITROEN) | 5750Q6 (CITROEN) | 5750Q6 (PEUGEOT) | 5750R8 (CITROEN) | 5750R8 (PEUGEOT) | 5750T0 (PEUGEOT) | 6340625 (OPEL) | 6340625 (VAUXHALL) | 6340669 (OPEL) | 6340669 (VAUXHALL) | 6849008 (VOLVO) | 809221090 (SUBARU) | 85523606 (CHERY) | 8980100460 (OPEL) | 9146557 (VOLVO) | 9207920 (VOLVO) | 96294081 (CITROEN) | 96300343 (CITROEN) | 97232826 (OPEL) | 97232826 (VAUXHALL) | A11-3701315DA (CHERY),,https://webcateu.dayco.ws/img/products/6PK.jpg,https://www.dayco.com/la-es/catalog/?search=6PK1625,Auxiliar,POLY-V,,,
DAYCO,73269,Manguera,MANGUERA,,,2S658B274AD (FORD),,https://webcateu.dayco.ws/img/products/73269.jpg,https://www.dayco.com/la-es/catalog/?search=73269,Refrigeración,COOLING HOSE,,,
DAYCO,701154,Manguera,MANGUERA,,,,,https://webcateu.dayco.ws/img/products/701154.jpg,https://www.dayco.com/la-es/catalog/?search=701154,Refrigeración,HOSE,,,
DAYCO,701155,Manguera,MANGUERA,,,,,https://webcateu.dayco.ws/img/products/701155.jpg,https://www.dayco.com/la-es/catalog/?search=701155,Refrigeración,HOSE,,,
DAYCO,73198,Manguera,MANGUERA,,,5N 158 B274 AA (FORD),,https://webcateu.dayco.ws/img/products/73198.jpg,https://www.dayco.com/la-es/catalog/?search=73198,Refrigeración,COOLING HOSE,,,
DAYCO,73242,Manguera,MANGUERA,,,2S6588081FA (FORD),,https://webcateu.dayco.ws/img/products/73242.jpg,https://www.dayco.com/la-es/catalog/?search=73242,Refrigeración,COOLING HOSE,,,
DAYCO,900047,Manguera,MANGUERA,,,,,https://webcateu.dayco.ws/img/products/900047.jpg,https://www.dayco.com/la-es/catalog/?search=900047,Refrigeración,HOSE,,,
DAYCO,73254,Manguera,MANGUERA,,,2S658B081DD (FORD),,https://webcateu.dayco.ws/img/products/73254.jpg,https://www.dayco.com/la-es/catalog/?search=73254,Refrigeración,COOLING HOSE,,,
DAYCO,7807,Tensor genérico,TENSOR,,,,,https://webcateu.dayco.ws/img/products/7807.jpg,https://www.dayco.com/la-es/catalog/?search=7807,Auxiliar,TENSIONER&PULLEY,,,
DAYCO,73275,Manguera,MANGUERA,,,5N158B274AC (FORD),,https://webcateu.dayco.ws/img/products/73275.jpg,https://www.dayco.com/la-es/catalog/?search=73275,Refrigeración,COOLING HOSE,,,
DAYCO,6PK1030EE,Correa Poly-V,CORREA POLY-V,,,1692105 (FORD) | AM5Q-6C301-EA (FORD),,https://webcateu.dayco.ws/img/products/6PK.jpg,https://www.dayco.com/la-es/catalog/?search=6PK1030EE,Auxiliar,POLY-V,,,
DAYCO,KTBWP7640,Kit de bomba de agua,KIT BOMBA DE AGUA,,,,,https://webcateu.dayco.ws/img/products/KTBWP7640.jpg,https://www.dayco.com/la-es/catalog/?search=KTBWP7640,Principal,KIT WATER PUMP,,,
DAYCO,050P8.65M10HT,Correa de distribución,CORREA DE DISTRIBUCIÓN,,,,,https://webcateu.dayco.ws/img/products/TBBIO.jpg,https://www.dayco.com/la-es/catalog/?search=050P8.65M10HT,Principal,BIO (BELT-IN-OIL),,,
DAYCO,129P8.65M18HT,Correa de distribución,CORREA DE DISTRIBUCIÓN,,,GN1G6K228CA (FORD) | GN1Z/6268/D (FORD),,https://webcateu.dayco.ws/img/products/TBBIO.jpg,https://www.dayco.com/la-es/catalog/?search=129P8.65M18HT,Principal,BIO (BELT-IN-OIL),,,
DAYCO,KBIO11,Kit de distribución,KIT DISTRIBUCION,,,GN1G6K228CA (FORD) | GN1Z/6268/D (FORD),,https://webcateu.dayco.ws/img/products/KBIO11.jpg,https://www.dayco.com/la-es/catalog/?search=KBIO11,Principal,TIMING BELT KIT,,,
DAYCO,KBIO21,Kit de distribución,KIT DISTRIBUCION,,,,,https://webcateu.dayco.ws/img/products/KBIO21.jpg,https://www.dayco.com/la-es/catalog/?search=KBIO21,Principal,TIMING BELT KIT,,,
DAYCO,4PK915,Correa Poly-V,CORREA POLY-V,,,11287803527 (BMW) | 1172071J05 (NISSAN) | 1172077A10 (NISSAN) | 11720VJ200 (NISSAN) | 1192016V00 (NISSAN) | 1192016V10 (NISSAN) | 2312728100 (HYUNDAI) | 3056000 (CUMMINS) | 38920PH4661 (HONDA) | 38920PH4662 (HONDA) | 38920PH46620 (HONDA) | 38920PL2013 (HONDA) | 38920PL2505 (HONDA) | 4861401 (CHRYSLER) | 4918063G10 (SUZUKI) | 64557803527 (BMW) | 71719174 (FIAT) | 71749424 (FIAT) | 7651197 (FIAT) | 7651197 (LANCIA) | 7651198 (FIAT) | 7754142 (FIAT) | 77541420 (FIAT) | 7765716 (FIAT) | 7803527 (BMW) | 9091602349 (TOYOTA) | 9091602661 (LEXUS) | 9091602661 (TOYOTA) | FS59-18-381A (MAZDA) | GFB358 (ROVER) | GMB40910 (ROVER) | MB439714 (MITSUBISHI),,https://webcateu.dayco.ws/img/products/4PK.jpg,https://www.dayco.com/la-es/catalog/?search=4PK915,Auxiliar,POLY-V,,,
DAYCO,6PK1137,Correa Poly-V,CORREA POLY-V,,,038903137R (AUDI) | 038903137R (SEAT) | 038903137R (SKODA) | 038903137R (VOLKSWAGEN) | 108589 (RENAULT) | 30809320 (VOLVO) | 30889794 (VOLVO) | 31110PCX505 (HONDA) | 31110PCXG01 (HONDA) | 38920PWA004 (HONDA) | 38920PWA505 (HONDA) | 4401649 (OPEL) | 4401649 (VAUXHALL) | 4402116 (OPEL) | 4402116 (VAUXHALL) | 46547562 (FIAT) | 46751071 (FIAT) | 46751071 (LANCIA) | 46775098 (FIAT) | 46775098 (LANCIA) | 71719400 (FIAT) | 71719400 (LANCIA) | 71753873 (FIAT) | 7700108589 (RENAULT) | 7700853230 (RENAULT) | 7700865429 (MITSUBISHI) | 7700865429 (OPEL) | 7700865429 (RENAULT) | 7700865429 (VOLVO) | 7766106 (FIAT) | 7766106 (LANCIA) | 8200059395 (RENAULT) | 8200059395 (SUZUKI) | 8642479 (VOLVO) | 90916 W2024 (TOYOTA) | 9091602392 (TOYOTA) | 9091602675 (TOYOTA) | 90916W2024 (DAIHATSU) | 9109649 (OPEL) | 9109649 (VAUXHALL) | 9110116 (OPEL) | 9110116 (VAUXHALL) | 9656444980 (CITROEN) | BT4Z8620A (FORD) | CY01-15-908B (MAZDA) | CY01-15-908C (MAZDA) | CY0115908D (MAZDA) | M809320 (MITSUBISHI) | M889794 (MITSUBISHI) | MW8642479 (MITSUBISHI),,https://webcateu.dayco.ws/img/products/6PK.jpg,https://www.dayco.com/la-es/catalog/?search=6PK1137,Auxiliar,POLY-V,,,
DAYCO,10A1010C,Correa de transmisión,CORREA DE TRANSMISIÓN,,,11231717952 (BMW) | 7700647521 (RENAULT) | 7700663010 (RENAULT) | 7700667399 (RENAULT) | 7700680399 (RENAULT) | 7701068440 (RENAULT) | 7701348507 (RENAULT) | 7701349620 (RENAULT) | 78HF8620BB (FORD) | 82308185 (FIAT) | 8806937 (SAAB) | 960287 (VOLVO) | 966915 (VOLVO) | 973543 (VOLVO),,https://webcateu.dayco.ws/img/products/VEE.jpg,https://www.dayco.com/la-es/catalog/?search=10A1010C,Transmisión,RAW-EDGE(V),,,
DAYCO,10A1035C,Correa de transmisión,CORREA DE TRANSMISIÓN,,,,,https://webcateu.dayco.ws/img/products/VEE.jpg,https://www.dayco.com/la-es/catalog/?search=10A1035C,Transmisión,RAW-EDGE(V),,,
DAYCO,10A1030C,Correa de transmisión,CORREA DE TRANSMISIÓN,,,,,https://webcateu.dayco.ws/img/products/VEE.jpg,https://www.dayco.com/la-es/catalog/?search=10A1030C,Transmisión,RAW-EDGE(V),,,
DAYCO,700002,Manguera,MANGUERA,,,,,https://webcateu.dayco.ws/img/products/700002.jpg,https://www.dayco.com/la-es/catalog/?search=700002,Refrigeración,COOLING HOSE,,,
DAYCO,700023,Manguera,MANGUERA,,,,,https://webcateu.dayco.ws/img/products/700023.jpg,https://www.dayco.com/la-es/catalog/?search=700023,Refrigeración,COOLING HOSE,,,
DAYCO,10A0740C,Correa de transmisión,CORREA DE TRANSMISIÓN,,,456907 (PEUGEOT) | 575046 (PEUGEOT) | 5980075 (FIAT) | 7614957 (FIAT) | 7633335 (FIAT) | 7638224 (FIAT) | 7638225 (FIAT) | 7768335 (FIAT) | 9004832095 (DAIHATSU) | PQS10037 (ROVER),,https://webcateu.dayco.ws/img/products/VEE.jpg,https://www.dayco.com/la-es/catalog/?search=10A0740C,Transmisión,RAW-EDGE(V),,,
DAYCO,10A0850C,Correa de transmisión,CORREA DE TRANSMISIÓN,,,0009972492 (MERCEDES-BENZ) | 0009973592 (MERCEDES-BENZ) | 0023223083 (RENAULT) | 007753009504 (MERCEDES-BENZ) | 055903127G (AUDI) | 055903127G (VOLKSWAGEN) | 07119990150 (BMW) | 0855505800 (RENAULT) | 0855676100 (RENAULT) | 110259 (ALFA ROMEO) | 110259A (ALFA ROMEO) | 113150210300 (ALFA ROMEO) | 11526149 (FORD) | 116680210300 (ALFA ROMEO) | 11720-E4600 (NISSAN) | 11720-E4615 (NISSAN) | 11720-R7400 (NISSAN) | 1172025604 (NISSAN) | 11720H1000 (NISSAN) | 11720N9400 (NISSAN) | 11720N9810 (NISSAN) | 11720W9400 (NISSAN) | 12311254122 (BMW) | 12311268678 (BMW) | 12318602026 (BMW) | 123188602026 (BMW) | 12686794 (BMW) | 134456 (SAAB) | 134458 (ALFA ROMEO) | 13H4706 (ROVER) | 13H706 (AUSTIN) | 1514851 (FORD) | 1717599 (FORD) | 2001251100000 (DAIHATSU) | 2001251120000 (DAIHATSU) | 204E8620B (FORD) | 204E8620C (FORD) | 278546 (ROVER) | 32421720644 (BMW) | 400398 (PEUGEOT) | 4158457 (FIAT) | 4158857 (FIAT) | 4158857 (LANCIA) | 4161189 (LANCIA) | 4165189 (AUTOBIANCHI) | 4225393 (AUTOBIANCHI) | 4225393 (FIAT) | 4225393 (LANCIA) | 4448400 (FIAT) | 4448400 (LANCIA) | 4466209 (FIAT) | 4520320 (FIAT) | 4520320 (LANCIA) | 4827116 (IVECO) | 526149 (FORD) | 5490500 (CITROEN) | 5490500 (PEUGEOT) | 5491218 (CITROEN) | 5491218 (PEUGEOT) | 574918 (PEUGEOT) | 575061 (PEUGEOT) | 60504835 (FIAT) | 6160185 (FORD) | 7026196 (FIAT) | 711F8620AA (FORD) | 75491898 (CITROEN) | 7631670 (FIAT) | 7631671 (FIAT) | 7650608 (FIAT) | 7700503052 (RENAULT) | 7700557552 (RENAULT) | 7700580482 (RENAULT) | 7700624262 (RENAULT) | 7700648156 (RENAULT) | 7701348229 (RENAULT) | 7716875 (FIAT) | 7771742 (FIAT) | 84FF8620AC (FORD) | 84FF8620AE (FORD) | 84FF8620AF (FORD) | 8555058 (RENAULT) | 8556761 (RENAULT) | 90169084 (GENERAL MOTORS) | 9091602040 (TOYOTA) | 9497000180 (SUZUKI) | 950361 (OPEL) | 951684 (VOLVO) | 966902 (VOLVO) | 973535 (VOLVO) | 99321-00860 (TOYOTA) | 9932100840 (TOYOTA) | 9932100845 (TOYOTA) | 9932100850 (TOYOTA) | 9932110850 (TOYOTA) | 9932150850 (TOYOTA) | 9933150640000 (DAIHATSU) | 99521-10853 (TOYOTA) | 99521-10860 (TOYOTA) | 9952100843000 (DAIHATSU) | 9952110843 (TOYOTA) | 9952110843000 (DAIHATSU) | 9952110851 (TOYOTA) | 9990150 (AUTOBIANCHI) | 9990150 (FIAT) | 9990150 (LANCIA) | C29608 (JAGUAR) | EAC1616 (JAGUAR) | FC03231001 (SEAT) | GFB121 (ROVER) | K465036-1 (MITSUBISHI) | K565036-0 (MITSUBISHI) | MD011350 (MITSUBISHI) | MD011353 (MITSUBISHI) | MD011530 (MITSUBISHI) | MD017303 (MITSUBISHI),,https://webcateu.dayco.ws/img/products/VEE.jpg,https://www.dayco.com/la-es/catalog/?search=10A0850C,Transmisión,RAW-EDGE(V),,,
DAYCO,11A0760C,Correa de transmisión,CORREA DE TRANSMISIÓN,,,7700268296 (RENAULT) | 7700638898 (RENAULT) | 7700649825 (RENAULT) | 7700749115 (RENAULT) | 7700749117 (RENAULT) | 7700749118 (RENAULT) | 7700854327 (RENAULT) | 7701348230 (RENAULT) | 86AB6C301BA (FORD),,https://webcateu.dayco.ws/img/products/VEE.jpg,https://www.dayco.com/la-es/catalog/?search=11A0760C,Transmisión,RAW-EDGE(V),,,
DAYCO,13A0990C,Correa de transmisión,CORREA DE TRANSMISIÓN,,,0009930595 (MERCEDES-BENZ) | 9930595 (MERCEDES-BENZ),,https://webcateu.dayco.ws/img/products/VEE.jpg,https://www.dayco.com/la-es/catalog/?search=13A0990C,Transmisión,RAW-EDGE(V),,,
DAYCO,1129,Tensor genérico,TENSOR,,,,,https://webcateu.dayco.ws/img/products/1129.jpg,https://www.dayco.com/la-es/catalog/?search=1129,Auxiliar,TENSIONER&PULLEY,,,
DAYCO,1129CP,Tensor genérico,TENSOR,,,,,https://webcateu.dayco.ws/img/products/1129CP.jpg,https://www.dayco.com/la-es/catalog/?search=1129CP,Auxiliar,TENSIONER&PULLEY,,,
DAYCO,1258,Tensor genérico,TENSOR,,,,,https://webcateu.dayco.ws/img/products/1258.jpg,https://www.dayco.com/la-es/catalog/?search=1258,Auxiliar,TENSIONER&PULLEY,,,
DAYCO,1259,Tensor genérico,TENSOR,,,,,https://webcateu.dayco.ws/img/products/1259.jpg,https://www.dayco.com/la-es/catalog/?search=1259,Auxiliar,TENSIONER&PULLEY,,,
DAYCO,1260,Tensor genérico,TENSOR,,,,,https://webcateu.dayco.ws/img/products/1260.jpg,https://www.dayco.com/la-es/catalog/?search=1260,Auxiliar,TENSIONER&PULLEY,,,
DAYCO,7721,Tensor genérico,TENSOR,,,,,https://webcateu.dayco.ws/img/products/7721.jpg,https://www.dayco.com/la-es/catalog/?search=7721,Auxiliar,TENSIONER&PULLEY,,,
DAYCO,ATB2269,Tensor de distribución,TENSOR,,,6635 941 (FORD) | 928M6K254AC (FORD) | GT90000 (GMB),,https://webcateu.dayco.ws/img/products/ATB2269.jpg,https://www.dayco.com/la-es/catalog/?search=ATB2269,Principal,TENSIONER&PULLEY,,,
DAYCO,ATB2278,Tensor de distribución,TENSOR,,,6635942 (FORD) | 928M-6M250-BC (FORD) | 928M6M250BC (FORD) | 93012621600 (PORSCHE) | F5RZ6M250A (FORD) | GT90360 (GMB),,https://webcateu.dayco.ws/img/products/ATB2278.jpg,https://www.dayco.com/la-es/catalog/?search=ATB2278,Principal,TENSIONER&PULLEY,,,
DAYCO,ATB2289,Tensor de distribución,TENSOR,,,6744307 (FORD) | 928M-6M250-DC (FORD) | 928M6M250DC (FORD) | GT90350 (GMB),,https://webcateu.dayco.ws/img/products/ATB2289.jpg,https://www.dayco.com/la-es/catalog/?search=ATB2289,Principal,TENSIONER&PULLEY,,,
DAYCO,KTB262,Kit de distribución,KIT DISTRIBUCION,,,1108759 (FORD) | 1112530 (FORD) | YS7J6268AB (FORD),,https://webcateu.dayco.ws/img/products/KTB262.jpg,https://www.dayco.com/la-es/catalog/?search=KTB262,Principal,TIMING BELT KIT,,,
DAYCO,73266,Manguera,MANGUERA,,,91AG18D359TA (FORD),,https://webcateu.dayco.ws/img/products/73266.jpg,https://www.dayco.com/la-es/catalog/?search=73266,Refrigeración,COOLING HOSE,,,
DAYCO,73201,Manguera,MANGUERA,,,97AB8B274FB (FORD),,https://webcateu.dayco.ws/img/products/73201.jpg,https://www.dayco.com/la-es/catalog/?search=73201,Refrigeración,COOLING HOSE,,,
DAYCO,73202,Manguera,MANGUERA,,,97AB8B273AA (FORD),,https://webcateu.dayco.ws/img/products/73202.jpg,https://www.dayco.com/la-es/catalog/?search=73202,Refrigeración,COOLING HOSE,,,
DAYCO,700025,Manguera,MANGUERA,,,,,https://webcateu.dayco.ws/img/products/700025.jpg,https://www.dayco.com/la-es/catalog/?search=700025,Refrigeración,COOLING HOSE,,,
DAYCO,10A0650C,Correa de transmisión,CORREA DE TRANSMISIÓN,,,400922 (PEUGEOT) | 456904 (PEUGEOT) | 456908 (PEUGEOT) | 574904 (PEUGEOT) | 574905 (PEUGEOT) | 7700547324 (RENAULT) | 7700567695 (RENAULT) | 7701348323 (RENAULT) | 7932563795 (TALBOT) | 7932585109 (TALBOT) | 8546491 (RENAULT) | 854649100 (RENAULT) | 95498894 (PEUGEOT),,https://webcateu.dayco.ws/img/products/VEE.jpg,https://www.dayco.com/la-es/catalog/?search=10A0650C,Transmisión,RAW-EDGE(V),,,
DAYCO,700014,Manguera,MANGUERA,,,,,https://webcateu.dayco.ws/img/products/700014.jpg,https://www.dayco.com/la-es/catalog/?search=700014,Refrigeración,COOLING HOSE,,,
DAYCO,131SP+254H,Correa de distribución,CORREA DE DISTRIBUCIÓN,,,1112531 (FORD) | 1663391 (FORD) | 1663392 (FORD) | 6764161 (FORD) | 6764162 (FORD) | 928M6268A1A (FORD) | 928M6268A1B (FORD) | 928M6268A2C (FORD) | 928M6268A2D (FORD) | 928M8268A1B (FORD) | YS7J6268BA (FORD),,https://webcateu.dayco.ws/img/products/TB.jpg,https://www.dayco.com/la-es/catalog/?search=131SP+254H,Principal,TIMING BELT,,,
DAYCO,6PK1545,Correa Poly-V,CORREA POLY-V,,,032145933AA (SKODA) | 032145933AA (VOLKSWAGEN) | 032145933R (VOLKSWAGEN) | 036145933H (AUDI) | 036145933H (SEAT) | 036145933H (SKODA) | 036145933H (VOLKSWAGEN) | 06D903137F (AUDI) | 1011691 (FORD) | 11287506734 (BMW) | 11287512564 (BMW) | 11287525418 (BMW) | 11287529741 (BMW) | 11287539831 (ALPINE) | 11287539831 (BMW) | 11287542864 (BMW) | 11287631817 (BMW) | 1686231 (FORD) | 55563927 (CHEVROLET) | 55564673 (CHEVROLET) | 7700271648 (RENAULT) | 7700272741 (RENAULT) | 7700851954 (RENAULT) | 7701064329 (RENAULT) | BM5Q6C301AA (FORD),,https://webcateu.dayco.ws/img/products/6PK.jpg,https://www.dayco.com/la-es/catalog/?search=6PK1545,Auxiliar,POLY-V,,,
DAYCO,6PK1675,Correa Poly-V,CORREA POLY-V,,,005435174 (SKODA) | 047145933 (SKODA) | 047145933E (AUDI) | 047145933E (SEAT) | 047145933E (SKODA) | 047145933E (VOLKSWAGEN) | 078903137 (AUDI) | 078903137 (SEAT) | 078903137 (SKODA) | 078903137 (VOLKSWAGEN) | 1084993 (FORD) | 1275726 (VOLVO) | 1320286 (FORD) | 1340A158 (MITSUBISHI) | 1340A193 (MITSUBISHI) | 47145933 (SKODA) | 5435174 (SKODA) | 6PK1675 (TOYOTA) | 7143870 (FORD) | 7700870961 (RENAULT) | 78903137 (AUDI) | 78903137 (SEAT) | 78903137 (SKODA) | 78903137 (VOLKSWAGEN) | 94AB6C301AA (FORD) | 94AB8C301AA (FORD) | 95141-86CA0 (SUZUKI) | 9514186CB0 (SUZUKI) | 97AB6C301AA (FORD),,https://webcateu.dayco.ws/img/products/6PK.jpg,https://www.dayco.com/la-es/catalog/?search=6PK1675,Auxiliar,POLY-V,,,
DAYCO,6PK1920,Correa Poly-V,CORREA POLY-V,,,06C903137D (AUDI) | 1084994 (FORD) | 1320289 (FORD) | 3U7J6C301BA (FORD) | 53430443 (SAAB) | 6340611 (GENERAL MOTORS) | 6340611 (OPEL) | 6340611 (VAUXHALL) | 7286575 (FORD) | 7701052770 (RENAULT) | 7701055086 (RENAULT) | 8973331030 (RENAULT) | 8973509790 (GENERAL MOTORS) | 8973509790 (ISUZU) | 8973509790 (OPEL) | 9091602514 (TOYOTA) | 9091602630 (TOYOTA) | 948F6C301CB (FORD) | 95WF6C301D1B (FORD) | 97350979 (GENERAL MOTORS) | 97350979 (OPEL) | 97350979 (VAUXHALL) | 97AB6C301BA (FORD),,https://webcateu.dayco.ws/img/products/6PK.jpg,https://www.dayco.com/la-es/catalog/?search=6PK1920,Auxiliar,POLY-V,,,
DAYCO,6PK2100,Correa Poly-V,CORREA POLY-V,,,0089970992 (MERCEDES-BENZ) | 0089972692 (MERCEDES-BENZ) | 0089973692 (SSANGYONG) | 0119971592 (MERCEDES-BENZ) | 0119971592 (SSANGYONG) | 0119972092 (MERCEDES-BENZ) | 1013197 (FORD) | 1049613 (FORD) | 112-64013-01 (DAEWOO) | 119971592 (MERCEDES-BENZ) | 119971592 (SSANGYONG) | 119972092 (MERCEDES-BENZ) | 4593684AA (CHRYSLER) | 4593684AA (DODGE) | 4593684AA (JEEP) | 4627167AA (CHRYSLER) | 4892840AA (CHRYSLER) | 6619974692 (DAEWOO) | 6619974692 (MERCEDES-BENZ) | 6619974692 (SSANGYONG) | 89970992 (MERCEDES-BENZ) | 89972692 (MERCEDES-BENZ) | 89973692 (MERCEDES-BENZ) | 89973692 (SSANGYONG) | 9091602637 (LEXUS) | 9091602658 (LEXUS) | 95BB6C301AA (FORD) | A0008973692 (MERCEDES-BENZ) | A0089970992 (MERCEDES-BENZ) | A0089972692 (MERCEDES-BENZ) | A0089973692 (MERCEDES-BENZ) | A0089973692 (SSANGYONG) | A0119971592 (MERCEDES-BENZ) | A0119972092 (MERCEDES-BENZ) | AH226C301BA (LAND ROVER) | GY0215908 (MAZDA) | YF0915908 (MAZDA),,https://webcateu.dayco.ws/img/products/6PK.jpg,https://www.dayco.com/la-es/catalog/?search=6PK2100,Auxiliar,POLY-V,,,
DAYCO,6PK2210,Correa Poly-V,CORREA POLY-V,,,0029935496 (MERCEDES-BENZ) | 0119974892 (MERCEDES-BENZ) | 0119974992 (MERCEDES-BENZ) | 074260849AD (VOLKSWAGEN) | 074260849AE (VOLKSWAGEN) | 119974892 (MERCEDES-BENZ) | 119974992 (MERCEDES-BENZ) | 12569349 (GENERAL MOTORS) | 1387693 (FORD) | 19172682 (GENERAL MOTORS) | 19172683CJY (GENERAL MOTORS) | 24507814 (GENERAL MOTORS) | 29933296 (MERCEDES-BENZ) | 29935496 (MERCEDES-BENZ) | 2D0260849 (VOLKSWAGEN) | 31251305 (VOLVO) | 53032037AK (JEEP) | 5S6G6006AA (FORD) | 5S6G6006AC (FORD) | 5S6G600A6C (FORD) | 5S6Q6C301BA (FORD) | 88986815 (CHEVROLET) | 9091602440 (TOYOTA) | 9091602441 (TOYOTA) | A0029933296 (MERCEDES-BENZ) | A0029935496 (MERCEDES-BENZ) | A0119974992 (MERCEDES-BENZ) | L32715909 (MAZDA) | L32715909A (MAZDA) | L32715909B (MAZDA),,https://webcateu.dayco.ws/img/products/6PK.jpg,https://www.dayco.com/la-es/catalog/?search=6PK2210,Auxiliar,POLY-V,,,
DAYCO,7818,Tensor genérico,TENSOR,,,,,https://webcateu.dayco.ws/img/products/7818.jpg,https://www.dayco.com/la-es/catalog/?search=7818,Auxiliar,TENSIONER&PULLEY,,,
DAYCO,APV2869,Tensor auxiliar,TENSOR,,,F37Z6B209A (FORD) | F77Z6B209AA (FORD),,https://webcateu.dayco.ws/img/products/APV2869.jpg,https://www.dayco.com/la-es/catalog/?search=APV2869,Auxiliar,TENSIONER&PULLEY,,,
DAYCO,6PK2390,Correa Poly-V,CORREA POLY-V,,,,,https://webcateu.dayco.ws/img/products/6PK.jpg,https://www.dayco.com/la-es/catalog/?search=6PK2390,Auxiliar,POLY-V,,,
DAYCO,129S220,Correa de distribución,CORREA DE DISTRIBUCIÓN,,,,,https://webcateu.dayco.ws/img/products/TB.jpg,https://www.dayco.com/la-es/catalog/?search=129S220,Principal,TIMING BELT,,,
DAYCO,7754,Tensor genérico,TENSOR,,,,,https://webcateu.dayco.ws/img/products/7754.jpg,https://www.dayco.com/la-es/catalog/?search=7754,Auxiliar,TENSIONER&PULLEY,,,
DAYCO,ATB2580,Tensor de distribución,TENSOR,,,F57Z6K254A (FORD),,https://webcateu.dayco.ws/img/products/ATB2580.jpg,https://www.dayco.com/la-es/catalog/?search=ATB2580,Principal,TENSIONER&PULLEY,,,
DAYCO,10A0980C,Correa de transmisión,CORREA DE TRANSMISIÓN,,,,,https://webcateu.dayco.ws/img/products/VEE.jpg,https://www.dayco.com/la-es/catalog/?search=10A0980C,Transmisión,RAW-EDGE(V),,,
DAYCO,1175,Tensor genérico,TENSOR,,,,,https://webcateu.dayco.ws/img/products/1175.jpg,https://www.dayco.com/la-es/catalog/?search=1175,Auxiliar,TENSIONER&PULLEY,,,
DAYCO,APV2866,Tensor auxiliar,TENSOR,,,BF5T10B300A (FORD),,https://webcateu.dayco.ws/img/products/APV2866.jpg,https://www.dayco.com/la-es/catalog/?search=APV2866,Auxiliar,TENSIONER&PULLEY,,,
DAYCO,700140,Manguera,MANGUERA,,,,,https://webcateu.dayco.ws/img/products/700140.jpg,https://www.dayco.com/la-es/catalog/?search=700140,Refrigeración,COOLING HOSE,,,
DAYCO,700185,Manguera,MANGUERA,,,,,https://webcateu.dayco.ws/img/products/700185.jpg,https://www.dayco.com/la-es/catalog/?search=700185,Refrigeración,COOLING HOSE,,,
DAYCO,700187,Manguera,MANGUERA,,,,,https://webcateu.dayco.ws/img/products/700187.jpg,https://www.dayco.com/la-es/catalog/?search=700187,Refrigeración,COOLING HOSE,,,
DAYCO,KTB798,Kit de distribución,KIT DISTRIBUCION,,,,,https://webcateu.dayco.ws/img/products/KTB798.jpg,https://www.dayco.com/la-es/catalog/?search=KTB798,Principal,TIMING BELT KIT,,,
DAYCO,10A1240C,Correa de transmisión,CORREA DE TRANSMISIÓN,,,,,https://webcateu.dayco.ws/img/products/VEE.jpg,https://www.dayco.com/la-es/catalog/?search=10A1240C,Transmisión,RAW-EDGE(V),,,
DAYCO,13A0895C,Correa de transmisión,CORREA DE TRANSMISIÓN,,,,,https://webcateu.dayco.ws/img/products/VEE.jpg,https://www.dayco.com/la-es/catalog/?search=13A0895C,Transmisión,RAW-EDGE(V),,,
DAYCO,13A0940C,Correa de transmisión,CORREA DE TRANSMISIÓN,,,,,https://webcateu.dayco.ws/img/products/VEE.jpg,https://www.dayco.com/la-es/catalog/?search=13A0940C,Transmisión,RAW-EDGE(V),,,
DAYCO,8PK1385,Correa Poly-V,CORREA POLY-V,,,,,https://webcateu.dayco.ws/img/products/8PK.jpg,https://www.dayco.com/la-es/catalog/?search=8PK1385,Auxiliar,POLY-V,,,
DAYCO,8PK1980,Correa Poly-V,CORREA POLY-V,,,,,https://webcateu.dayco.ws/img/products/8PK.jpg,https://www.dayco.com/la-es/catalog/?search=8PK1980,Auxiliar,POLY-V,,,
DAYCO,10A0895C,Correa de transmisión,CORREA DE TRANSMISIÓN,,,,,https://webcateu.dayco.ws/img/products/VEE.jpg,https://www.dayco.com/la-es/catalog/?search=10A0895C,Transmisión,RAW-EDGE(V),,,
DAYCO,APV2876,Tensor auxiliar,TENSOR,,,T111452275A (FORD) | WD8T10145B (FORD),,https://webcateu.dayco.ws/img/products/APV2876.jpg,https://www.dayco.com/la-es/catalog/?search=APV2876,Auxiliar,TENSIONER&PULLEY,,,
DAYCO,7728,Tensor genérico,TENSOR,,,,,https://webcateu.dayco.ws/img/products/7728.jpg,https://www.dayco.com/la-es/catalog/?search=7728,Auxiliar,TENSIONER&PULLEY,,,
DAYCO,2072,Tensor genérico,TENSOR,,,,,https://webcateu.dayco.ws/img/products/2072.jpg,https://www.dayco.com/la-es/catalog/?search=2072,Auxiliar,TENSIONER&PULLEY,,,
DAYCO,7739,Tensor genérico,TENSOR,,,,,https://webcateu.dayco.ws/img/products/7739.jpg,https://www.dayco.com/la-es/catalog/?search=7739,Auxiliar,TENSIONER&PULLEY,,,
DAYCO,7784,Tensor genérico,TENSOR,,,,,https://webcateu.dayco.ws/img/products/7784.jpg,https://www.dayco.com/la-es/catalog/?search=7784,Auxiliar,TENSIONER&PULLEY,,,
DAYCO,APV2886,Tensor auxiliar,TENSOR,,,BF5T19W629A (FORD) | F87A6A228AA (FORD),,https://webcateu.dayco.ws/img/products/APV2886.jpg,https://www.dayco.com/la-es/catalog/?search=APV2886,Auxiliar,TENSIONER&PULLEY,,,
DAYCO,ATB2591,Tensor de distribución,TENSOR,,,BF5T6B209A (FORD) | BF7T6B209A (FORD),,https://webcateu.dayco.ws/img/products/ATB2591.jpg,https://www.dayco.com/la-es/catalog/?search=ATB2591,Principal,TENSIONER&PULLEY,,,
DAYCO,1162,Tensor genérico,TENSOR,,,,,https://webcateu.dayco.ws/img/products/1162.jpg,https://www.dayco.com/la-es/catalog/?search=1162,Auxiliar,TENSIONER&PULLEY,,,
DAYCO,APV3083,Tensor auxiliar,TENSOR,,,,,https://webcateu.dayco.ws/img/products/APV3083.jpg,https://www.dayco.com/la-es/catalog/?search=APV3083,Auxiliar,TENSIONER&PULLEY,,,
DAYCO,APV3084,Tensor auxiliar,TENSOR,,,,,https://webcateu.dayco.ws/img/products/APV3084.jpg,https://www.dayco.com/la-es/catalog/?search=APV3084,Auxiliar,TENSIONER&PULLEY,,,
DAYCO,6PK2070,Correa Poly-V,CORREA POLY-V,,,12555239 (GENERAL MOTORS),,https://webcateu.dayco.ws/img/products/6PK.jpg,https://www.dayco.com/la-es/catalog/?search=6PK2070,Auxiliar,POLY-V,,,
DAYCO,1272,Tensor genérico,TENSOR,,,,,https://webcateu.dayco.ws/img/products/1272.jpg,https://www.dayco.com/la-es/catalog/?search=1272,Auxiliar,TENSIONER&PULLEY,,,
DAYCO,1261,Tensor genérico,TENSOR,,,,,https://webcateu.dayco.ws/img/products/1261.jpg,https://www.dayco.com/la-es/catalog/?search=1261,Auxiliar,TENSIONER&PULLEY,,,
DAYCO,7773,Tensor genérico,TENSOR,,,,,https://webcateu.dayco.ws/img/products/7773.jpg,https://www.dayco.com/la-es/catalog/?search=7773,Auxiliar,TENSIONER&PULLEY,,,
DAYCO,APV2871,Tensor auxiliar,TENSOR,,,BF6T2884AA (FORD),,https://webcateu.dayco.ws/img/products/APV2871.jpg,https://www.dayco.com/la-es/catalog/?search=APV2871,Auxiliar,TENSIONER&PULLEY,,,
DAYCO,APV2883,Tensor auxiliar,TENSOR,,,3L556A228AA (FORD) | BF6T19W629A (FORD),,https://webcateu.dayco.ws/img/products/APV2883.jpg,https://www.dayco.com/la-es/catalog/?search=APV2883,Auxiliar,TENSIONER&PULLEY,,,
DAYCO,118SP+300H,Correa de distribución,CORREA DE DISTRIBUCIÓN,,,ERR1092 (AUSTIN) | ERR1092 (LAND ROVER) | ERR1092 (MG) | ERR1092 (ROVER) | ERR1092 (TRIUMPH) | ERS0815 (ROVER),,https://webcateu.dayco.ws/img/products/TB.jpg,https://www.dayco.com/la-es/catalog/?search=118SP+300H,Principal,TIMING BELT,,,
DAYCO,4PK1000,Correa Poly-V,CORREA POLY-V,,,1U4815904 (MAZDA) | 1U4915904 (MAZDA) | B36615909 (MAZDA) | B366159098C (MAZDA) | B366159099C (MAZDA) | B36615909X (MAZDA) | B59515909 (MAZDA) | B59615909 (MAZDA) | BPD4-15-909 (MAZDA) | BPE6-15-909 (MAZDA) | BPH7-15-909 (MAZDA) | BPH7159099A (MAZDA) | BPH715909A9A (MAZDA) | MD363023 (MITSUBISHI) | S12-8104051 (CHERY),,https://webcateu.dayco.ws/img/products/4PK.jpg,https://www.dayco.com/la-es/catalog/?search=4PK1000,Auxiliar,POLY-V,,,
DAYCO,7PK1530,Correa Poly-V,CORREA POLY-V,,,,,https://webcateu.dayco.ws/img/products/7PK.jpg,https://www.dayco.com/la-es/catalog/?search=7PK1530,Auxiliar,POLY-V,,,
DAYCO,KIT-9040,Kit de distribución,KIT DISTRIBUCION,,,,,https://webcateu.dayco.ws/img/products/KIT-9040.jpg,https://www.dayco.com/la-es/catalog/?search=KIT-9040,Principal,TIMING BELT KIT,,,
DAYCO,KTB803,Kit de distribución,KIT DISTRIBUCION,,,,,https://webcateu.dayco.ws/img/products/KTB803.jpg,https://www.dayco.com/la-es/catalog/?search=KTB803,Principal,TIMING BELT KIT,,,
DAYCO,ATB2338,Tensor de distribución,TENSOR,,,LHV100150 (LAND ROVER),,https://webcateu.dayco.ws/img/products/ATB2338.jpg,https://www.dayco.com/la-es/catalog/?search=ATB2338,Principal,TENSIONER&PULLEY,,,
DAYCO,13A0895HD,Correa de transmisión,CORREA DE TRANSMISIÓN,,,,,https://webcateu.dayco.ws/img/products/VEE.jpg,https://www.dayco.com/la-es/catalog/?search=13A0895HD,Transmisión,RAW-EDGE(V),,,
DAYCO,13A1300HD,Correa de transmisión,CORREA DE TRANSMISIÓN,,,0555461 (DAF) | 2612426 (DENNIS) | 26148059 (MASSEY FERGUSON) | 3055715R1 (CASE IH) | 4650438 (IVECO) | 4736962 (IVECO) | 49970192 (MERCEDES-BENZ) | 504015725 (IVECO) | 67670 (DAF) | 98410100 (IVECO) | 98420264 (NEW HOLLAND) | 98420271 (NEW HOLLAND) | 98429196 (IVECO) | 98435429 (IVECO),,https://webcateu.dayco.ws/img/products/VEE.jpg,https://www.dayco.com/la-es/catalog/?search=13A1300HD,Transmisión,RAW-EDGE(V),,,
DAYCO,7837,Tensor genérico,TENSOR,,,,,https://webcateu.dayco.ws/img/products/7837.jpg,https://www.dayco.com/la-es/catalog/?search=7837,Auxiliar,TENSIONER&PULLEY,,,
DAYCO,13A1262HD,Correa de transmisión,CORREA DE TRANSMISIÓN,,,,,https://webcateu.dayco.ws/img/products/VEE.jpg,https://www.dayco.com/la-es/catalog/?search=13A1262HD,Transmisión,RAW-EDGE(V),,,
DAYCO,13A1350HD,Correa de transmisión,CORREA DE TRANSMISIÓN,,,0009932095 (MERCEDES-BENZ) | 0059972092 (MERCEDES-BENZ) | 0107561 (DAF) | 0289842 (DAF) | 215177 (DAF) | 4821570 (IVECO) | 5000686864 (RENAULT) | 500344477 (IVECO) | 683F8620GAA (FORD) | 703F8620AC (FORD) | 71802793 (DODGE) | 71802899 (DODGE) | 814200 (SCANIA) | 950859 (VOLVO) | 952261 (VOLVO) | 958504 (VOLVO) | 958549 (VOLVO) | 966399 (VOLVO) | 967133 (VOLVO) | 977221 (VOLVO) | 98429205 (IVECO) | 98434555 (IVECO) | 98435430 (IVECO) | 99449383 (IVECO) | 99976292 (MERCEDES-BENZ) | A0139978192 (MERCEDES-BENZ),,https://webcateu.dayco.ws/img/products/VEE.jpg,https://www.dayco.com/la-es/catalog/?search=13A1350HD,Transmisión,RAW-EDGE(V),,,
DAYCO,13A1200HD,Correa de transmisión,CORREA DE TRANSMISIÓN,,,0019970392 (MERCEDES-BENZ) | 0019977692 (MERCEDES-BENZ) | 0029978792 (MERCEDES-BENZ) | 0039975992 (MERCEDES-BENZ) | 0039977492 (MERCEDES-BENZ) | 0039978692 (MERCEDES-BENZ) | 007753012511 (MERCEDES-BENZ) | 129979392 (MERCEDES-BENZ) | 19971692 (MERCEDES-BENZ) | 23255166 (RENAULT) | 293064 (SCANIA) | 3040306 (CUMMINS) | 39972692 (MERCEDES-BENZ) | 39975792 (MERCEDES-BENZ) | 422602 (VOLVO) | 4726466 (IVECO) | 4816716 (FIAT) | 4816716 (IVECO) | 4816716 (NEW HOLLAND) | 4854694 (IVECO) | 5000035610 (RENAULT) | 5000049619 (RENAULT) | 5000666711 (RENAULT) | 5000686548 (RENAULT) | 5000785325 (RENAULT) | 500370647 (IVECO) | 5010553922 (RENAULT) | 61586190 (IVECO) | 814194 (SCANIA) | 921151185 (RENAULT) | 950853 (VOLVO) | 952255 (VOLVO) | 958498 (VOLVO) | 958543 (VOLVO) | 966393 (VOLVO) | 966394 (VOLVO) | 969991 (VOLVO) | 978751 (VOLVO) | 98435377 (IVECO) | 98474996 (IVECO) | 9847998 (IVECO) | A0019970392 (MERCEDES-BENZ) | A0019977692 (MERCEDES-BENZ) | A0029978792 (MERCEDES-BENZ) | A0039972692 (MERCEDES-BENZ) | A0039975792 (MERCEDES-BENZ) | A0039975992 (MERCEDES-BENZ) | A0039977492 (MERCEDES-BENZ) | A0039978692 (MERCEDES-BENZ) | A007753012511 (MERCEDES-BENZ),,https://webcateu.dayco.ws/img/products/VEE.jpg,https://www.dayco.com/la-es/catalog/?search=13A1200HD,Transmisión,RAW-EDGE(V),,,
DAYCO,1195,Tensor genérico,TENSOR,,,,,https://webcateu.dayco.ws/img/products/1195.jpg,https://www.dayco.com/la-es/catalog/?search=1195,Auxiliar,TENSIONER&PULLEY,,,
DAYCO,APV2970,Tensor auxiliar,TENSOR,,,3912246 (CUMMINS) | 3934818 (CUMMINS) | 3936202 (CUMMINS) | 3937553 (CUMMINS) | 3978022 (CUMMINS) | 47683084 (CNH) | 4929688 (CUMMINS) | 5333477 (CUMMINS) | BG1T10B300AA (FORD),,https://webcateu.dayco.ws/img/products/APV2970.jpg,https://www.dayco.com/la-es/catalog/?search=APV2970,Auxiliar,TENSIONER&PULLEY,,,
DAYCO,10A1175HD,Correa de transmisión,CORREA DE TRANSMISIÓN,,,1168306 (IVECO) | 2235181 (IVECO) | 3040502 (CUMMINS) | 323783 (RENAULT) | 5000297766 (RENAULT) | 5000686006 (RENAULT) | 5000686857 (RENAULT) | 5000831565 (RENAULT) | 5001865906 (RENAULT) | 554707 (CUMMINS) | 68073 (CASE IH) | 976489 (VOLVO) | 976533 (VOLVO) | K68073 (CASE IH),,https://webcateu.dayco.ws/img/products/VEE.jpg,https://www.dayco.com/la-es/catalog/?search=10A1175HD,Transmisión,RAW-EDGE(V),,,
DAYCO,13A0940HD,Correa de transmisión,CORREA DE TRANSMISIÓN,,,,,https://webcateu.dayco.ws/img/products/VEE.jpg,https://www.dayco.com/la-es/catalog/?search=13A0940HD,Transmisión,RAW-EDGE(V),,,
DAYCO,8PK1385HD,Correa Poly-V,CORREA POLY-V,,,20580937 (VOLVO) | 3288713 (CUMMINS) | 7420727693 (RENAULT) | 9369931396 (MERCEDES-BENZ) | A9369931396 (MERCEDES-BENZ) | V1090931 (VOLVO) | V8058668 (VOLVO),,https://webcateu.dayco.ws/img/products/8PK.jpg,https://www.dayco.com/la-es/catalog/?search=8PK1385HD,Auxiliar,POLY-V,,,
DAYCO,8PK1980HD,Correa Poly-V,CORREA POLY-V,,,0123415058 (FREIGHTLINER),,https://webcateu.dayco.ws/img/products/8PK.jpg,https://www.dayco.com/la-es/catalog/?search=8PK1980HD,Auxiliar,POLY-V,,,
DAYCO,6PK2050HD,Correa Poly-V,CORREA POLY-V,,,0089979392 (MERCEDES-BENZ) | JK6-812A (FORD),,https://webcateu.dayco.ws/img/products/6PK.jpg,https://www.dayco.com/la-es/catalog/?search=6PK2050HD,Auxiliar,POLY-V,,,
DAYCO,6PK2070HD,Correa Poly-V,CORREA POLY-V,,,,,https://webcateu.dayco.ws/img/products/6PK.jpg,https://www.dayco.com/la-es/catalog/?search=6PK2070HD,Auxiliar,POLY-V,,,
DAYCO,4PK1000HD,Correa Poly-V,CORREA POLY-V,,,,,https://webcateu.dayco.ws/img/products/4PK.jpg,https://www.dayco.com/la-es/catalog/?search=4PK1000HD,Auxiliar,POLY-V,,,
DAYCO,7PK1530HD,Correa Poly-V,CORREA POLY-V,,,,,https://webcateu.dayco.ws/img/products/7PK.jpg,https://www.dayco.com/la-es/catalog/?search=7PK1530HD,Auxiliar,POLY-V,,,
DAYCO,700097,Manguera,MANGUERA,,,,,https://webcateu.dayco.ws/img/products/700097.jpg,https://www.dayco.com/la-es/catalog/?search=700097,Refrigeración,COOLING HOSE,,,
DAYCO,700098,Manguera,MANGUERA,,,,,https://webcateu.dayco.ws/img/products/700098.jpg,https://www.dayco.com/la-es/catalog/?search=700098,Refrigeración,COOLING HOSE,,,
DAYCO,1122,Tensor genérico,TENSOR,,,,,https://webcateu.dayco.ws/img/products/1122.jpg,https://www.dayco.com/la-es/catalog/?search=1122,Auxiliar,TENSIONER&PULLEY,,,
DAYCO,APV2856,Tensor auxiliar,TENSOR,,,,,https://webcateu.dayco.ws/img/products/APV2856.jpg,https://www.dayco.com/la-es/catalog/?search=APV2856,Auxiliar,TENSIONER&PULLEY,,,
DAYCO,6PK2500,Correa Poly-V,CORREA POLY-V,,,,,https://webcateu.dayco.ws/img/products/6PK.jpg,https://www.dayco.com/la-es/catalog/?search=6PK2500,Auxiliar,POLY-V,,,
DAYCO,6PK2460,Correa Poly-V,CORREA POLY-V,,,0089971092 (MERCEDES-BENZ) | 0099977992 (MERCEDES-BENZ) | 0109978492 (MERCEDES-BENZ) | 059903137AB (AUDI) | 059903137AB (VOLKSWAGEN) | 059903137AS (AUDI) | 059903137P (AUDI) | 059903137P (VOLKSWAGEN) | 06E903137C (AUDI) | 06E903137N (AUDI) | 077903137B (AUDI) | 077903137D (AUDI) | 077903137E (AUDI) | 10085747 (GENERAL MOTORS) | 109978492 (MERCEDES-BENZ) | 1139970092 (MERCEDES-BENZ) | 1139970192 (MERCEDES-BENZ) | 119973092 (MERCEDES-BENZ) | 4861322 (CHRYSLER) | 4861322 (DODGE) | 4861322AB (CHRYSLER) | 4861322AB (DODGE) | 5281276 (CHRYSLER) | 53007539 (JEEP) | 53010276 (JEEP) | 89971092 (MERCEDES-BENZ) | 99975892 (MERCEDES-BENZ) | 99977992 (MERCEDES-BENZ) | A0089971092 (MERCEDES-BENZ) | A0089971992 (MERCEDES-BENZ) | A0099975892 (MERCEDES-BENZ) | A0099977992 (MERCEDES-BENZ) | A0109978492 (MERCEDES-BENZ) | A0119973092 (MERCEDES-BENZ) | A1139970092 (MERCEDES-BENZ) | A1139970192 (MERCEDES-BENZ) | JK6-973 (FORD) | LR011345 (LAND ROVER),,https://webcateu.dayco.ws/img/products/6PK.jpg,https://www.dayco.com/la-es/catalog/?search=6PK2460,Auxiliar,POLY-V,,,
DAYCO,1226,Tensor genérico,TENSOR,,,,,https://webcateu.dayco.ws/img/products/1226.jpg,https://www.dayco.com/la-es/catalog/?search=1226,Auxiliar,TENSIONER&PULLEY,,,
DAYCO,APV2086,Tensor auxiliar,TENSOR,,,6012000970 (MERCEDES-BENZ) | 6012001970 (MERCEDES-BENZ) | 6612003070 (DAEWOO) | 6612003070 (SSANGYONG) | 94073800014 (AGRALE) | A6012000970 (MERCEDES-BENZ) | A6612003070 (MERCEDES-BENZ) | MSB38001 (AGRALE),,https://webcateu.dayco.ws/img/products/APV2086.jpg,https://www.dayco.com/la-es/catalog/?search=APV2086,Auxiliar,TENSIONER&PULLEY,,,
DAYCO,8PK1420,Correa Poly-V,CORREA POLY-V,,,,,https://webcateu.dayco.ws/img/products/8PK.jpg,https://www.dayco.com/la-es/catalog/?search=8PK1420,Auxiliar,POLY-V,,,
DAYCO,8PK2205,Correa Poly-V,CORREA POLY-V,,,,,https://webcateu.dayco.ws/img/products/8PK.jpg,https://www.dayco.com/la-es/catalog/?search=8PK2205,Auxiliar,POLY-V,,,
DAYCO,1222,Tensor genérico,TENSOR,,,,,https://webcateu.dayco.ws/img/products/1222.jpg,https://www.dayco.com/la-es/catalog/?search=1222,Auxiliar,TENSIONER&PULLEY,,,
DAYCO,APV2854,Tensor auxiliar,TENSOR,,,940703810094 (AGRALE),,https://webcateu.dayco.ws/img/products/APV2854.jpg,https://www.dayco.com/la-es/catalog/?search=APV2854,Auxiliar,TENSIONER&PULLEY,,,
DAYCO,7819,Tensor genérico,TENSOR,,,,,https://webcateu.dayco.ws/img/products/7819.jpg,https://www.dayco.com/la-es/catalog/?search=7819,Auxiliar,TENSIONER&PULLEY,,,
DAYCO,APV2855,Tensor auxiliar,TENSOR,,,94070341007 (AGRALE),,https://webcateu.dayco.ws/img/products/APV2855.jpg,https://www.dayco.com/la-es/catalog/?search=APV2855,Auxiliar,TENSIONER&PULLEY,,,
DAYCO,1128,Tensor genérico,TENSOR,,,,,https://webcateu.dayco.ws/img/products/1128.jpg,https://www.dayco.com/la-es/catalog/?search=1128,Auxiliar,TENSIONER&PULLEY,,,
DAYCO,APV2868,Tensor auxiliar,TENSOR,,,BF9T19A216BA (FORD),,https://webcateu.dayco.ws/img/products/APV2868.jpg,https://www.dayco.com/la-es/catalog/?search=APV2868,Auxiliar,TENSIONER&PULLEY,,,
DAYCO,8PK2205HD,Correa Poly-V,CORREA POLY-V,,,,,https://webcateu.dayco.ws/img/products/8PK.jpg,https://www.dayco.com/la-es/catalog/?search=8PK2205HD,Auxiliar,POLY-V,,,
DAYCO,8PK1345HD,Correa Poly-V,CORREA POLY-V,,,1066823 (VOLVO) | 2414981 (CATERPILLAR) | 681 997 14 93 (FREIGHTLINER) | 6819971493 (FREIGHTLINER) | F0HT-8620-DA (FORD),,https://webcateu.dayco.ws/img/products/8PK.jpg,https://www.dayco.com/la-es/catalog/?search=8PK1345HD,Auxiliar,POLY-V,,,
DAYCO,APV3087,Tensor auxiliar,TENSOR,,,3911621 (CUMMINS) | 3922549 (CUMMINS) | 3922901 (CUMMINS) | 3934823 (CUMMINS) | 3936207 (CUMMINS) | 3937556 (CUMMINS) | 3976832 (CUMMINS) | 4063950 (CUMMINS) | 4063951 (CUMMINS),,https://webcateu.dayco.ws/img/products/APV3087.jpg,https://www.dayco.com/la-es/catalog/?search=APV3087,Auxiliar,TENSIONER&PULLEY,,,
DAYCO,1415,Tensor genérico,TENSOR,,,,,https://webcateu.dayco.ws/img/products/1415.jpg,https://www.dayco.com/la-es/catalog/?search=1415,Auxiliar,TENSIONER&PULLEY,,,
DAYCO,13A1060HD,Correa de transmisión,CORREA DE TRANSMISIÓN,,,,,https://webcateu.dayco.ws/img/products/VEE.jpg,https://www.dayco.com/la-es/catalog/?search=13A1060HD,Transmisión,RAW-EDGE(V),,,
DAYCO,13A1375HD,Correa de transmisión,CORREA DE TRANSMISIÓN,,,0019976792 (MERCEDES-BENZ) | 003.997.02.92 (MERCEDES-BENZ) | 0049974092 (MERCEDES-BENZ) | 007753012550 (MERCEDES-BENZ) | 215402 (DAF) | 236633 (DAF) | 29979992 (MERCEDES-BENZ) | 3038999M1 (MASSEY FERGUSON) | 4802370 (IVECO) | 5000681405 (RENAULT) | 5000878607 (RENAULT) | 500379179 (IVECO) | 8-94218-5750 (ISUZU) | 8003854 (VOLVO) | 814201 (SCANIA) | 950370 (VOLVO) | 967134 (VOLVO) | 967135 (VOLVO) | 98434565 (IVECO) | 98454857 (FIAT) | 98465834 (IVECO) | A0039970292KZ (DAIMLER),,https://webcateu.dayco.ws/img/products/VEE.jpg,https://www.dayco.com/la-es/catalog/?search=13A1375HD,Transmisión,RAW-EDGE(V),,,
DAYCO,900023,Manguera,MANGUERA,,,,,https://webcateu.dayco.ws/img/products/900023.jpg,https://www.dayco.com/la-es/catalog/?search=900023,Refrigeración,HOSE,,,
DAYCO,900031,Manguera,MANGUERA,,,,,https://webcateu.dayco.ws/img/products/900031.jpg,https://www.dayco.com/la-es/catalog/?search=900031,Refrigeración,HOSE,,,
DAYCO,900030,Manguera,MANGUERA,,,,,https://webcateu.dayco.ws/img/products/900030.jpg,https://www.dayco.com/la-es/catalog/?search=900030,Refrigeración,HOSE,,,
DAYCO,KBIO22,Kit de distribución,KIT DISTRIBUCION,,,,,https://webcateu.dayco.ws/img/products/KBIO22.jpg,https://www.dayco.com/la-es/catalog/?search=KBIO22,Principal,TIMING BELT KIT,,,
DAYCO,1164,Tensor genérico,TENSOR,,,,,https://webcateu.dayco.ws/img/products/1164.jpg,https://www.dayco.com/la-es/catalog/?search=1164,Auxiliar,TENSIONER&PULLEY,,,
DAYCO,129SP+254H,Correa de distribución,CORREA DE DISTRIBUCIÓN,,,1000156 (FORD) | 1000158 (FORD) | 1037660 (FORD) | 1037660 (MAZDA) | 1053837 (FORD) | 1217320 (FORD) | 1303771 (FORD) | 3S4G6268A3A (FORD) | 978M6268A1A (FORD) | 978M6268A1B (FORD) | 988M6268A2A (FORD) | 988M6268A2B (FORD) | F8CZ6268AA (FORD) | YF0912205 (MAZDA) | YF71-12-205A (MAZDA) | YF7112205 (MAZDA) | YF7112205A (FORD),,https://webcateu.dayco.ws/img/products/TB.jpg,https://www.dayco.com/la-es/catalog/?search=129SP+254H,Principal,TIMING BELT,,,
DAYCO,6PK1975,Correa Poly-V,CORREA POLY-V,,,1049578 (FORD) | 1049578 (MAZDA) | 117201CA1C (NISSAN) | 12605208 (GENERAL MOTORS) | 24441692 (CADILLAC) | 53010254 (JEEP) | 5340526 (SAAB) | 60630741 (ALFA ROMEO) | 60630741 (FIAT) | 60630741 (LANCIA) | 60815414 (FIAT) | 60815414 (LANCIA) | 7064728 (FORD) | 71753673 (ALFA ROMEO) | 71753673 (FIAT) | 9091602308 (TOYOTA) | 94WF6C301E1A (FORD) | 98BB6C301AA (FORD) | YF0915909 (MAZDA),,https://webcateu.dayco.ws/img/products/6PK.jpg,https://www.dayco.com/la-es/catalog/?search=6PK1975,Auxiliar,POLY-V,,,
DAYCO,7867,Tensor genérico,TENSOR,,,,,https://webcateu.dayco.ws/img/products/7867.jpg,https://www.dayco.com/la-es/catalog/?search=7867,Auxiliar,TENSIONER&PULLEY,,,
DAYCO,ATB2280,Tensor de distribución,TENSOR,,,1095025 (FORD) | 1213852 (FORD) | XS7G-6M250-BA (FORD) | XS7G6M250AA (FORD) | XS7G6M250BA (FORD) | YF0912730 (MAZDA) | YF7112730 (MAZDA),,https://webcateu.dayco.ws/img/products/ATB2280.jpg,https://www.dayco.com/la-es/catalog/?search=ATB2280,Principal,TENSIONER&PULLEY,,,
DAYCO,KTB813,Kit de distribución,KIT DISTRIBUCION,,,,,https://webcateu.dayco.ws/img/products/KTB813.jpg,https://www.dayco.com/la-es/catalog/?search=KTB813,Principal,TIMING BELT KIT,,,
DAYCO,7720,Tensor genérico,TENSOR,,,,,https://webcateu.dayco.ws/img/products/7720.jpg,https://www.dayco.com/la-es/catalog/?search=7720,Auxiliar,TENSIONER&PULLEY,,,
DAYCO,ATB2165,Tensor de distribución,TENSOR,,,1000159 (FORD) | 1072031 (FORD) | 1107573 (FORD) | 1328472 (FORD) | 988M-6K254-AE (FORD) | 988M6K254AB (FORD) | 988M6K254AC (FORD) | 988M6K254AD (FORD) | 988M6K254AE (FORD),,https://webcateu.dayco.ws/img/products/ATB2165.jpg,https://www.dayco.com/la-es/catalog/?search=ATB2165,Principal,TENSIONER&PULLEY,,,
DAYCO,73264,Manguera,MANGUERA,,,3S4H8B274AC (FORD),,https://webcateu.dayco.ws/img/products/73264.jpg,https://www.dayco.com/la-es/catalog/?search=73264,Refrigeración,COOLING HOSE,,,
DAYCO,5PK710,Correa Poly-V,CORREA POLY-V,,,,,https://webcateu.dayco.ws/img/products/5PK.jpg,https://www.dayco.com/la-es/catalog/?search=5PK710,Auxiliar,POLY-V,,,
DAYCO,6PK1500,Correa Poly-V,CORREA POLY-V,,,CM5Z8620F (FORD),,https://webcateu.dayco.ws/img/products/6PK.jpg,https://www.dayco.com/la-es/catalog/?search=6PK1500,Auxiliar,POLY-V,,,
DAYCO,5PK705EE,Correa Poly-V,CORREA POLY-V,,,1346034 (FORD) | 30777417 (VOLVO) | 3M5Q-6C301-CB (FORD) | 3M5Q-6D314-CB (FORD) | 3M5Q6C301CB (VOLVO) | 3M5Q6D314CB (VOLVO) | 8653641 (VOLVO) | CM5E/ 8620/BA (FORD),,https://webcateu.dayco.ws/img/products/5PK.jpg,https://www.dayco.com/la-es/catalog/?search=5PK705EE,Auxiliar,POLY-V,,,
DAYCO,6PK1305,Correa Poly-V,CORREA POLY-V,,,,,https://webcateu.dayco.ws/img/products/6PK.jpg,https://www.dayco.com/la-es/catalog/?search=6PK1305,Auxiliar,POLY-V,,,
DAYCO,6PK2185,Correa Poly-V,CORREA POLY-V,,,5S456C301/AA (FORD) | 5S456C301AAM (FORD),,https://webcateu.dayco.ws/img/products/6PK.jpg,https://www.dayco.com/la-es/catalog/?search=6PK2185,Auxiliar,POLY-V,,,
DAYCO,7842,Tensor genérico,TENSOR,,,,,https://webcateu.dayco.ws/img/products/7842.jpg,https://www.dayco.com/la-es/catalog/?search=7842,Auxiliar,TENSIONER&PULLEY,,,
DAYCO,APV2311,Tensor auxiliar,TENSOR,,,1127103 (FORD) | 1306666 (FORD) | 1371224 (FORD) | 1S7Q-6A228-AE (FORD) | 1S7Q6A228AC (FORD) | 1S7Q6A228AD (FORD) | 1S7Q6A228AE (FORD) | 30731938 (VOLVO) | BS7E 6A228 AA (FORD),,https://webcateu.dayco.ws/img/products/APV2311.jpg,https://www.dayco.com/la-es/catalog/?search=APV2311,Auxiliar,TENSIONER&PULLEY,,,
DAYCO,117SP+220HT,Correa de distribución,CORREA DE DISTRIBUCIÓN,,,1675963 (FORD) | 31330410 (VOLVO),,https://webcateu.dayco.ws/img/products/TB.jpg,https://www.dayco.com/la-es/catalog/?search=117SP+220HT,Principal,TIMING BELT,,,
DAYCO,5PK868EE,Correa Poly-V,CORREA POLY-V,,,1253790 (FORD) | 30650846 (VOLVO) | 4M5Q6C301BB (FORD),,https://webcateu.dayco.ws/img/products/5PK.jpg,https://www.dayco.com/la-es/catalog/?search=5PK868EE,Auxiliar,POLY-V,,,
DAYCO,6PK1059EE,Correa Poly-V,CORREA POLY-V,,,1708274 (FORD) | 30650847 (VOLVO) | 4M5Q6C301HC (FORD) | 4M5Q6C301JA (FORD) | 9M5Q6C301DA (FORD),,https://webcateu.dayco.ws/img/products/6PK.jpg,https://www.dayco.com/la-es/catalog/?search=6PK1059EE,Auxiliar,POLY-V,,,
DAYCO,7699,Tensor genérico,TENSOR,,,,,https://webcateu.dayco.ws/img/products/7699.jpg,https://www.dayco.com/la-es/catalog/?search=7699,Auxiliar,TENSIONER&PULLEY,,,
DAYCO,ATB1017,Tensor de distribución,TENSOR,,,1361983 (FORD) | 1376164 (FORD) | 30750905 (VOLVO) | 5M5G6K254AB (FORD) | C401-12-500 (MAZDA) | C40112500 (FORD),,https://webcateu.dayco.ws/img/products/ATB1017.jpg,https://www.dayco.com/la-es/catalog/?search=ATB1017,Principal,TENSIONER&PULLEY,,,
DAYCO,KIT-9037,Kit de distribución,KIT DISTRIBUCION,,,,,https://webcateu.dayco.ws/img/products/KIT-9037.jpg,https://www.dayco.com/la-es/catalog/?search=KIT-9037,Principal,TIMING BELT KIT,,,
DAYCO,KTB764,Kit de distribución,KIT DISTRIBUCION,,,2045356 (FORD),,https://webcateu.dayco.ws/img/products/KTB764.jpg,https://www.dayco.com/la-es/catalog/?search=KTB764,Principal,TIMING BELT KIT,,,
DAYCO,PVE002,Kit de auxiliares,CORREA POLY-V,,,1322009 (FORD) | 1354254 (FORD) | 1354256 (FORD) | 4M5Q-6D314-BA (FORD) | C20115900 (MAZDA) | C20115907 (MAZDA),,https://webcateu.dayco.ws/img/products/PVE002.jpg,https://www.dayco.com/la-es/catalog/?search=PVE002,Auxiliar,POLY-V KIT,,,
DAYCO,7857,Tensor genérico,TENSOR,,,,,https://webcateu.dayco.ws/img/products/7857.jpg,https://www.dayco.com/la-es/catalog/?search=7857,Auxiliar,TENSIONER&PULLEY,,,
DAYCO,APV2540,Tensor auxiliar,TENSOR,,,1251661 (FORD) | 1315781 (FORD) | 30684344 (VOLVO) | 31251845 (VOLVO) | 3M5Q-6A228-AD (FORD) | 3M5Q6A228AB (FORD) | 3M5Q6A228AC (FORD) | 3M5Q6A228AD (FORD) | 5M5Q 6A228 AB (FORD) | 5M5Q6A228AA (FORD) | L372-15-980C (MAZDA) | LF5015980C (MAZDA),,https://webcateu.dayco.ws/img/products/APV2540.jpg,https://www.dayco.com/la-es/catalog/?search=APV2540,Auxiliar,TENSIONER&PULLEY,,,
DAYCO,6PK2263,Correa Poly-V,CORREA POLY-V,,,0149970692 (MERCEDES-BENZ) | 0149970792 (MERCEDES-BENZ) | 04638133 (JEEP) | 078903137K (AUDI) | 078903137P (AUDI) | 078903137P (VOLKSWAGEN) | 1324755 (FORD) | 1340615 (OPEL) | 1340615 (VAUXHALL) | 149970692 (MERCEDES-BENZ) | 149970792 (MERCEDES-BENZ) | 1854723 (OPEL) | 19938696 (MERCEDES-BENZ) | 4623922 (SAAB) | 4623948 (SAAB) | 4638133 (JEEP) | 53013298AB (JEEP) | 6119972292 (MERCEDES-BENZ) | 6119973092 (MERCEDES-BENZ) | 90285678 (OPEL) | 90285678 (VAUXHALL) | 90409781 (GENERAL MOTORS) | 90409781 (OPEL) | 90409781 (VAUXHALL) | 90490781 (GENERAL MOTORS) | 90490781 (OPEL) | 90500354 (OPEL) | 90501385 (GENERAL MOTORS) | 90501385 (OPEL) | 9091602584 (LEXUS) | 99610215193 (PORSCHE) | A0019938696 (MERCEDES-BENZ) | A0129974892 (MERCEDES-BENZ) | A0139972392 (MERCEDES-BENZ) | A0149970692 (MERCEDES-BENZ) | A0149971792 (MERCEDES-BENZ) | LFH115909B (MAZDA) | LFH115909B (SUZUKI) | XA0149972392 (MERCEDES-BENZ) | XW4E8620AD (JAGUAR),,https://webcateu.dayco.ws/img/products/6PK.jpg,https://www.dayco.com/la-es/catalog/?search=6PK2263,Auxiliar,POLY-V,,,
DAYCO,900045,Manguera,MANGUERA,,,,,https://webcateu.dayco.ws/img/products/900045.jpg,https://www.dayco.com/la-es/catalog/?search=900045,Refrigeración,HOSE,,,
DAYCO,6PK1765,Correa Poly-V,CORREA POLY-V,,,074145933AK (AUDI) | 074145933AK (VOLKSWAGEN) | 1070102 (FORD) | 4891875AA (CHRYSLER) | 73501580 (FIAT) | 90916W2015 (TOYOTA) | 90916W2017 (TOYOTA) | 9207919 (VOLVO),,https://webcateu.dayco.ws/img/products/6PK.jpg,https://www.dayco.com/la-es/catalog/?search=6PK1765,Auxiliar,POLY-V,,,
DAYCO,APV3170,Tensor auxiliar,TENSOR,,,1761930 (FORD) | CM5Q 6A228 BA (FORD) | CM5Q-6A2228-BA (FORD),,https://webcateu.dayco.ws/img/products/APV3170.jpg,https://www.dayco.com/la-es/catalog/?search=APV3170,Auxiliar,TENSIONER&PULLEY,,,
DAYCO,7918,Tensor genérico,TENSOR,,,,,https://webcateu.dayco.ws/img/products/7918.jpg,https://www.dayco.com/la-es/catalog/?search=7918,Auxiliar,TENSIONER&PULLEY,,,
DAYCO,046SP+100HT,Correa de distribución,CORREA DE DISTRIBUCIÓN,,,CM5G6B651EA (FORD),,https://webcateu.dayco.ws/img/products/TBBIO.jpg,https://www.dayco.com/la-es/catalog/?search=046SP+100HT,Principal,BIO (BELT-IN-OIL),,,
DAYCO,116SP+160HT,Correa de distribución,CORREA DE DISTRIBUCIÓN,,,CM5Z6268A (FORD) | E3BG6K288AA (FORD),,https://webcateu.dayco.ws/img/products/TBBIO.jpg,https://www.dayco.com/la-es/catalog/?search=116SP+160HT,Principal,BIO (BELT-IN-OIL),,,
DAYCO,APV3174,Tensor auxiliar,TENSOR,,,1761931 (FORD) | CM5Q19A216AB (FORD) | CM5Q19A216BA (FORD),,https://webcateu.dayco.ws/img/products/APV3174.jpg,https://www.dayco.com/la-es/catalog/?search=APV3174,Auxiliar,TENSIONER&PULLEY,,,
DAYCO,ATB2623,Tensor de distribución,TENSOR,,,1765052 (FORD) | CM5G6K245EB (FORD) | CM5Z6K254A (FORD),,https://webcateu.dayco.ws/img/products/ATB2623.jpg,https://www.dayco.com/la-es/catalog/?search=ATB2623,Principal,TENSIONER&PULLEY,,,
DAYCO,KBIO02,Kit de distribución,KIT DISTRIBUCION,,,,,https://webcateu.dayco.ws/img/products/KBIO02.jpg,https://www.dayco.com/la-es/catalog/?search=KBIO02,Principal,TIMING BELT KIT,,,
DAYCO,KIT-BIO02,Kit de distribución,KIT DISTRIBUCION,,,,,https://webcateu.dayco.ws/img/products/KIT-BIO02.jpg,https://www.dayco.com/la-es/catalog/?search=KIT-BIO02,Principal,TIMING BELT KIT,,,
DAYCO,1172,Tensor genérico,TENSOR,,,,,https://webcateu.dayco.ws/img/products/1172.jpg,https://www.dayco.com/la-es/catalog/?search=1172,Auxiliar,TENSIONER&PULLEY,,,
DAYCO,6PK1725,Correa Poly-V,CORREA POLY-V,,,1340621 (OPEL) | 1340621 (VAUXHALL) | 5750.FC (CITROEN) | 5750.M7 (CITROEN) | 5750.VG (CITROEN) | 5750.WS (CITROEN) | 5750FA (PEUGEOT) | 5750FC (PEUGEOT) | 5750M6 (PEUGEOT) | 5750M7 (PEUGEOT) | 5750VG (PEUGEOT) | 5750WS (PEUGEOT) | 91126387 (OPEL) | 91126387 (VAUXHALL) | 91150005 (OPEL) | 91150005 (VAUXHALL) | 9118619 (OPEL) | 9118619 (VAUXHALL) | 93181716 (OPEL) | 93181716 (VAUXHALL) | 93181717 (OPEL) | 93181717 (VAUXHALL) | 96245429 (PEUGEOT) | 96350327 (DAEWOO),,https://webcateu.dayco.ws/img/products/6PK.jpg,https://www.dayco.com/la-es/catalog/?search=6PK1725,Auxiliar,POLY-V,,,
DAYCO,6PK2120,Correa Poly-V,CORREA POLY-V,,,0079978452 (MERCEDES-BENZ) | 0079978492 (MERCEDES-BENZ) | 0089973492 (SSANGYONG) | 074903137BC (VOLKSWAGEN) | 1050417 (FORD) | 1340527 (CADILLAC) | 1340527 (OPEL) | 1340527 (VAUXHALL) | 19172679TT (GENERAL MOTORS) | 62260849 (VOLKSWAGEN) | 6619974992 (SSANGYONG) | 89973492 (MERCEDES-BENZ) | 9091602592 (LEXUS) | 93185756 (CADILLAC) | 93185756 (OPEL) | 93185756 (SAAB) | 93185756 (VAUXHALL) | 9514184A00 (SUZUKI) | 98BB6C301CA (FORD) | A0079978492 (MERCEDES-BENZ) | A0089973492 (MERCEDES-BENZ) | A0089973492 (SSANGYONG) | A0119971692 (MERCEDES-BENZ) | A0119973892 (MERCEDES-BENZ) | A0119978092 (MERCEDES-BENZ) | A0119978592 (MERCEDES-BENZ),,https://webcateu.dayco.ws/img/products/6PK.jpg,https://www.dayco.com/la-es/catalog/?search=6PK2120,Auxiliar,POLY-V,,,
DAYCO,APV2870,Tensor auxiliar,TENSOR,,,6727884 (FORD) | 7158445 (FORD) | 93BB-19A216-AD (FORD) | 93BB19A216AB (FORD) | 93BB19A216AD (FORD),,https://webcateu.dayco.ws/img/products/APV2870.jpg,https://www.dayco.com/la-es/catalog/?search=APV2870,Auxiliar,TENSIONER&PULLEY,,,
DAYCO,2093,Tensor genérico,TENSOR,,,,,https://webcateu.dayco.ws/img/products/2093.jpg,https://www.dayco.com/la-es/catalog/?search=2093,Auxiliar,TENSIONER&PULLEY,,,
DAYCO,6PK1718,Correa Poly-V,CORREA POLY-V,,,,,https://webcateu.dayco.ws/img/products/6PK.jpg,https://www.dayco.com/la-es/catalog/?search=6PK1718,Auxiliar,POLY-V,,,
DAYCO,APV3082,Tensor auxiliar,TENSOR,,,,,https://webcateu.dayco.ws/img/products/APV3082.jpg,https://www.dayco.com/la-es/catalog/?search=APV3082,Auxiliar,TENSIONER&PULLEY,,,
DAYCO,6PK1820,Correa Poly-V,CORREA POLY-V,,,1011692 (FORD) | 4188206 (FORD) | 7204035 (FORD) | 8.200598964E9 (RENAULT) | 8200356268 (DACIA) | 8200356268 (RENAULT) | 8200598964 (RENAULT) | 8200821800 (DACIA) | 8200821800 (RENAULT) | 9004831065 (DAIHATSU) | 9936631820 (TOYOTA),,https://webcateu.dayco.ws/img/products/6PK.jpg,https://www.dayco.com/la-es/catalog/?search=6PK1820,Auxiliar,POLY-V,,,
DAYCO,6PK2345,Correa Poly-V,CORREA POLY-V,,,0129972992 (MERCEDES-BENZ) | 12569347 (GENERAL MOTORS) | 129972992 (MERCEDES-BENZ) | 4961066 (SAAB) | 9128949 (OPEL) | 93185050 (SAAB) | A0129972992 (MERCEDES-BENZ) | PQR 5003 30 (LAND ROVER) | PQS500201 (LAND ROVER),,https://webcateu.dayco.ws/img/products/6PK.jpg,https://www.dayco.com/la-es/catalog/?search=6PK2345,Auxiliar,POLY-V,,,
DAYCO,6PK2225,Correa Poly-V,CORREA POLY-V,,,0029930896 (MERCEDES-BENZ) | 0109978892 (MERCEDES-BENZ) | 0109978892 (SSANGYONG) | 0159970092 (MERCEDES-BENZ) | 074260849AC (VOLKSWAGEN) | 074260849T (VOLKSWAGEN) | 1120198 (FORD) | 1308095 (FORD) | 1387692 (FORD) | 1629973392 (SSANGYONG) | 1854708 (GENERAL MOTORS) | 1854708 (OPEL) | 1854708 (VAUXHALL) | 1S7Q-6C301-AA (FORD) | 4395463 (SAAB) | 5135745AA (JEEP) | 53032037AC (JEEP) | 53032037AI (JEEP) | 53032037AL (CHRYSLER) | 53032037AL (DODGE) | 53032037AM (DODGE) | 53032755AA (DODGE) | 90916-02404 (LEXUS) | 90916-02405 (TOYOTA) | 9091602404 (TOYOTA) | 9091602405 (LEXUS) | 9091602464 (TOYOTA) | 99366C2230 (LEXUS) | 99366D2230 (LEXUS) | 99366H2230 (LEXUS) | A0029930896 (MERCEDES-BENZ) | A0109978892 (MERCEDES-BENZ) | A0159970092 (MERCEDES-BENZ) | A1629973392 (MERCEDES-BENZ),,https://webcateu.dayco.ws/img/products/6PK.jpg,https://www.dayco.com/la-es/catalog/?search=6PK2225,Auxiliar,POLY-V,,,
DAYCO,6PK2270,Correa Poly-V,CORREA POLY-V,,,0009933696 (MERCEDES-BENZ) | 0129970792 (MERCEDES-BENZ) | 1172069T04 (NISSAN) | 1343681 (FORD) | A0009933696 (MERCEDES-BENZ),,https://webcateu.dayco.ws/img/products/6PK.jpg,https://www.dayco.com/la-es/catalog/?search=6PK2270,Auxiliar,POLY-V,,,
DAYCO,131SP+220H,Correa de distribución,CORREA DE DISTRIBUCIÓN,,,,,https://webcateu.dayco.ws/img/products/TB.jpg,https://www.dayco.com/la-es/catalog/?search=131SP+220H,Principal,TIMING BELT,,,
DAYCO,6PK2080,Correa Poly-V,CORREA POLY-V,,,0089973792 (MERCEDES-BENZ) | 0109978092 (MERCEDES-BENZ) | 0119971492 (MERCEDES-BENZ) | 0129974292 (MERCEDES-BENZ) | 0139972592 (MERCEDES-BENZ) | 0149970892 (MERCEDES-BENZ) | 05037542AA (JEEP) | 074903137AP (VOLKSWAGEN) | 074903137AS (VOLKSWAGEN) | 074903137BA (VOLKSWAGEN) | 1013202 (FORD) | 117203HD0A (NISSAN) | 117203VA0B (NISSAN) | 117203VA0C (NISSAN) | 12578553 (CADILLAC) | 2203557/5 (MERCEDES-BENZ) | 2S7E8620AA (FORD) | 3023801 (FORD) | 3707248 (MAZDA) | 3935008 (FORD) | 4160169 (FORD) | 4335876 (FORD) | 4600280 (FORD) | 4612829 (CHRYSLER) | 5037542AA (CHRYSLER) | 5037542AA (DODGE) | 5281140 (CHRYSLER) | 5281140 (DODGE) | 53001120 (JEEP) | 53013676AB (JEEP) | 6811351 (FORD) | 93BB6C301BD (FORD) | 93BB6C301BE (FORD) | A0089973792 (MERCEDES-BENZ) | A0109974892 (MERCEDES-BENZ) | A0109978092 (MERCEDES-BENZ) | A0119971492 (MERCEDES-BENZ) | A0129974292 (MERCEDES-BENZ) | A0139972592 (MERCEDES-BENZ) | A0149970892 (MERCEDES-BENZ) | AJ0315908 (MAZDA) | AJ0315908A (MAZDA) | AJ0315908B (MAZDA) | AJ0315908C (MAZDA) | AJ5215908 (MAZDA) | B918E0069F (LOTUS) | F7PE8620BA (FORD) | F7PE8620BB (FORD) | SU00302202 (TOYOTA) | XS2E8620HA (MAZDA) | XS2E8620HB (FORD) | XS2Z8620HA (MAZDA),,https://webcateu.dayco.ws/img/products/6PK.jpg,https://www.dayco.com/la-es/catalog/?search=6PK2080,Auxiliar,POLY-V,,,
DAYCO,KTB945,Kit de distribución,KIT DISTRIBUCION,,,,,https://webcateu.dayco.ws/img/products/KTB945.jpg,https://www.dayco.com/la-es/catalog/?search=KTB945,Principal,TIMING BELT KIT,,,
DAYCO,7832,Tensor genérico,TENSOR,,,,,https://webcateu.dayco.ws/img/products/7832.jpg,https://www.dayco.com/la-es/catalog/?search=7832,Auxiliar,TENSIONER&PULLEY,,,
DAYCO,APV1004,Tensor auxiliar,TENSOR,,,ERR4708 (LAND ROVER) | ERR4708 (ROVER),,https://webcateu.dayco.ws/img/products/APV1004.jpg,https://www.dayco.com/la-es/catalog/?search=APV1004,Auxiliar,TENSIONER&PULLEY,,,
DAYCO,4PK1065,Correa Poly-V,CORREA POLY-V,,,11920BX000 (NISSAN) | 11920BX005 (NISSAN) | 11920BX00A (NISSAN) | 56992PAA505 (HONDA) | 56992PDAE01 (HONDA) | 9936481070 (TOYOTA) | MD199224 (MITSUBISHI),,https://webcateu.dayco.ws/img/products/4PK.jpg,https://www.dayco.com/la-es/catalog/?search=4PK1065,Auxiliar,POLY-V,,,
DAYCO,KTC1740,Kit cadena de distribución,KIT DISTRIBUCION,,,,,https://webcateu.dayco.ws/img/products/KTC1740.jpg,https://www.dayco.com/la-es/catalog/?search=KTC1740,Principal,CHAIN KIT,,,
DAYCO,6PK1842,Correa Poly-V,CORREA POLY-V,,,0079978892 (MERCEDES-BENZ) | 1471770 (FORD) | 1471770 (VOLVO) | 30777352 (VOLVO) | 46474062 (ALFA ROMEO) | 46474062 (FIAT) | 46474062 (LANCIA) | 46806147 (FIAT) | 60617862 (ALFA ROMEO) | 60617862 (FIAT) | 60617862 (LANCIA) | 60666950 (ALFA ROMEO) | 60666950 (FIAT) | 60666950 (LANCIA) | 60812513 (ALFA ROMEO) | 60812513 (FIAT) | 60813757 (ALFA ROMEO) | 60813757 (FIAT) | 60815887 (ALFA ROMEO) | 60815887 (FIAT) | 71728660 (FIAT) | 71739915 (ALFA ROMEO) | 71739915 (FIAT) | 71739915 (LANCIA) | 71753874 (FIAT) | 71753886 (FIAT) | 79978892 (MERCEDES-BENZ) | 7G9Q6C301CA (FORD) | 9091602470 (TOYOTA) | A0079978892 (MERCEDES-BENZ) | A1199972292 (MERCEDES-BENZ) | ZJ3815909B (MAZDA) | ZJ3815909C (MAZDA),,https://webcateu.dayco.ws/img/products/6PK.jpg,https://www.dayco.com/la-es/catalog/?search=6PK1842,Auxiliar,POLY-V,,,
DAYCO,4PK1040,Correa Poly-V,CORREA POLY-V,,,,,https://webcateu.dayco.ws/img/products/4PK.jpg,https://www.dayco.com/la-es/catalog/?search=4PK1040,Auxiliar,POLY-V,,,
DAYCO,7PK1555,Correa Poly-V,CORREA POLY-V,,,,,https://webcateu.dayco.ws/img/products/7PK.jpg,https://www.dayco.com/la-es/catalog/?search=7PK1555,Auxiliar,POLY-V,,,
DAYCO,118SP+300HK,Correa de distribución,CORREA DE DISTRIBUCIÓN,,,,,https://webcateu.dayco.ws/img/products/TB.jpg,https://www.dayco.com/la-es/catalog/?search=118SP+300HK,Principal,TIMING BELT,,,
DAYCO,KTB937,Kit de distribución,KIT DISTRIBUCION,,,,,https://webcateu.dayco.ws/img/products/KTB937.jpg,https://www.dayco.com/la-es/catalog/?search=KTB937,Principal,TIMING BELT KIT,,,
DAYCO,6PK2335,Correa Poly-V,CORREA POLY-V,,,,,https://webcateu.dayco.ws/img/products/6PK.jpg,https://www.dayco.com/la-es/catalog/?search=6PK2335,Auxiliar,POLY-V,,,
DAYCO,6PK2150,Correa Poly-V,CORREA POLY-V,,,,,https://webcateu.dayco.ws/img/products/6PK.jpg,https://www.dayco.com/la-es/catalog/?search=6PK2150,Auxiliar,POLY-V,,,
DAYCO,1183,Tensor genérico,TENSOR,,,,,https://webcateu.dayco.ws/img/products/1183.jpg,https://www.dayco.com/la-es/catalog/?search=1183,Auxiliar,TENSIONER&PULLEY,,,
DAYCO,APV2881,Tensor auxiliar,TENSOR,,,BG5T10344A (FORD),,https://webcateu.dayco.ws/img/products/APV2881.jpg,https://www.dayco.com/la-es/catalog/?search=APV2881,Auxiliar,TENSIONER&PULLEY,,,
DAYCO,7811,Tensor genérico,TENSOR,,,,,https://webcateu.dayco.ws/img/products/7811.jpg,https://www.dayco.com/la-es/catalog/?search=7811,Auxiliar,TENSIONER&PULLEY,,,
DAYCO,APV2873,Tensor auxiliar,TENSOR,,,BG5T10B300A (FORD),,https://webcateu.dayco.ws/img/products/APV2873.jpg,https://www.dayco.com/la-es/catalog/?search=APV2873,Auxiliar,TENSIONER&PULLEY,,,
DAYCO,KTC1717,Kit cadena de distribución,KIT DISTRIBUCION,,,,,https://webcateu.dayco.ws/img/products/KTC1717.jpg,https://www.dayco.com/la-es/catalog/?search=KTC1717,Principal,CHAIN KIT,,,
DAYCO,KTC1741,Kit cadena de distribución,KIT DISTRIBUCION,,,,,https://webcateu.dayco.ws/img/products/KTC1741.jpg,https://www.dayco.com/la-es/catalog/?search=KTC1741,Principal,CHAIN KIT,,,
DAYCO,KTC1742,Kit cadena de distribución,KIT DISTRIBUCION,,,,,https://webcateu.dayco.ws/img/products/KTC1742.jpg,https://www.dayco.com/la-es/catalog/?search=KTC1742,Principal,CHAIN KIT,,,
DAYCO,7PK3135S,Correa Poly-V,CORREA POLY-V,,,AB39-6C301-AB (FORD),,https://webcateu.dayco.ws/img/products/7PK.jpg,https://www.dayco.com/la-es/catalog/?search=7PK3135S,Auxiliar,POLY-V,,,
DAYCO,7948,Tensor genérico,TENSOR,,,,,https://webcateu.dayco.ws/img/products/7948.jpg,https://www.dayco.com/la-es/catalog/?search=7948,Auxiliar,TENSIONER&PULLEY,,,
DAYCO,APV4076,Tensor auxiliar,TENSOR,,,BB3Q6A228-AD (FORD) | FB3Q6A228BA (FORD),,https://webcateu.dayco.ws/img/products/APV4076.jpg,https://www.dayco.com/la-es/catalog/?search=APV4076,Auxiliar,TENSIONER&PULLEY,,,
DAYCO,1404,Tensor genérico,TENSOR,,,,,https://webcateu.dayco.ws/img/products/1404.jpg,https://www.dayco.com/la-es/catalog/?search=1404,Auxiliar,TENSIONER&PULLEY,,,
DAYCO,7PK3103S,Correa Poly-V,CORREA POLY-V,,,1720653 (FORD) | AB39-6C301-CB (FORD),,https://webcateu.dayco.ws/img/products/7PK.jpg,https://www.dayco.com/la-es/catalog/?search=7PK3103S,Auxiliar,POLY-V,,,
DAYCO,6PK1345,Correa Poly-V,CORREA POLY-V,,,55251324 (ALFA ROMEO) | 55251324 (FIAT) | 55251324 (JEEP),,https://webcateu.dayco.ws/img/products/6PK.jpg,https://www.dayco.com/la-es/catalog/?search=6PK1345,Auxiliar,POLY-V,,,
DAYCO,KBIO17,Kit de distribución,KIT DISTRIBUCION,,,,,https://webcateu.dayco.ws/img/products/KBIO17.jpg,https://www.dayco.com/la-es/catalog/?search=KBIO17,Principal,TIMING BELT KIT,,,
DAYCO,11A0785C,Correa de transmisión,CORREA DE TRANSMISIÓN,,,,,https://webcateu.dayco.ws/img/products/VEE.jpg,https://www.dayco.com/la-es/catalog/?search=11A0785C,Transmisión,RAW-EDGE(V),,,
DAYCO,11A0980C,Correa de transmisión,CORREA DE TRANSMISIÓN,,,,,https://webcateu.dayco.ws/img/products/VEE.jpg,https://www.dayco.com/la-es/catalog/?search=11A0980C,Transmisión,RAW-EDGE(V),,,
DAYCO,13A0825C,Correa de transmisión,CORREA DE TRANSMISIÓN,,,0029975392 (MERCEDES-BENZ) | 0029978692 (MERCEDES-BENZ) | 0059976292 (MERCEDES-BENZ) | 0069976892 (MERCEDES-BENZ) | 0069977592 (MERCEDES-BENZ) | 007753012558 (MERCEDES-BENZ) | 02117-82023 (NISSAN) | 02117-82026 (NISSAN) | 11232242209 (BMW) | 11502325 (GENERAL MOTORS) | 11720-2F610 (NISSAN) | 11720-9C603 (NISSAN) | 11750-V5700 (NISSAN) | 11920-04W00 (NISSAN) | 11920-21M00 (NISSAN) | 11920-30W00 (NISSAN) | 11920-80W00 (NISSAN) | 11920-80W10 (NISSAN) | 11920-G2500 (NISSAN) | 11920-V2100 (NISSAN) | 1268683 (BMW) | 126868302 (BMW) | 12686834 (BMW) | 1717230 (BMW) | 1722390 (BMW) | 29975392 (MERCEDES-BENZ) | 29978692 (MERCEDES-BENZ) | 38920-PE1-701 (HONDA) | 38920PE1711 (HONDA) | 3902990 (SEAT) | 3950922 (FORD) | 408559 (VOLVO) | 4830442 (FIAT) | 4834880 (FIAT) | 49260849 (VOLKSWAGEN) | 5000552494 (RENAULT) | 53001772 (CHRYSLER) | 59976292 (MERCEDES-BENZ) | 64521256239 (BMW) | 64521268683 (BMW) | 64521276096 (BMW) | 64551716960 (BMW) | 64551722990 (BMW) | 64551722991 (BMW) | 69973692 (MERCEDES-BENZ) | 69976892 (MERCEDES-BENZ) | 69977592 (MERCEDES-BENZ) | 7700662157 (RENAULT) | 7700690029 (RENAULT) | 7753012558 (MERCEDES-BENZ) | 795599 (GENERAL MOTORS) | 90916-02080 (TOYOTA) | 90916-02114 (TOYOTA) | 96182007 (DAEWOO) | 96486813 (DAEWOO) | 967164 (VOLVO) | 99322-00805 (TOYOTA) | 99332-00830 (TOYOTA) | 99332-10835 (TOYOTA) | 99332-60835 (TOYOTA) | 9933200825 (TOYOTA) | 9933210820 (TOYOTA) | 99522-10808 (TOYOTA) | A0029975392 (MERCEDES-BENZ) | A0029978692 (MERCEDES-BENZ) | A0069973692 (MERCEDES-BENZ) | A0069977592 (MERCEDES-BENZ) | A007753012558 (MERCEDES-BENZ) | A1920V2100 (NISSAN) | A31.5 (MAZDA) | C21109 (JAGUAR) | D5NN-10C318-A (FORD) | DSNN10C318A (FORD) | ERC1347 (FORD) | ERC1347 (ROVER) | F4321 (FORD) | F874-18-381 (MAZDA) | FE1H-15-907 (MAZDA) | GFB216 (ROVER),,https://webcateu.dayco.ws/img/products/VEE.jpg,https://www.dayco.com/la-es/catalog/?search=13A0825C,Transmisión,RAW-EDGE(V),,,
DAYCO,11A0670C,Correa de transmisión,CORREA DE TRANSMISIÓN,,,6141305 (FORD) | 7M0145271 (SEAT) | 84SF6C301AC (FORD),,https://webcateu.dayco.ws/img/products/VEE.jpg,https://www.dayco.com/la-es/catalog/?search=11A0670C,Transmisión,RAW-EDGE(V),,,
DAYCO,1112,Tensor genérico,TENSOR,,,,,https://webcateu.dayco.ws/img/products/1112.jpg,https://www.dayco.com/la-es/catalog/?search=1112,Auxiliar,TENSIONER&PULLEY,,,
DAYCO,1113,Tensor genérico,TENSOR,,,,,https://webcateu.dayco.ws/img/products/1113.jpg,https://www.dayco.com/la-es/catalog/?search=1113,Auxiliar,TENSIONER&PULLEY,,,
DAYCO,APV2925,Tensor auxiliar,TENSOR,,,,,https://webcateu.dayco.ws/img/products/APV2925.jpg,https://www.dayco.com/la-es/catalog/?search=APV2925,Auxiliar,TENSIONER&PULLEY,,,
DAYCO,APV2926,Tensor auxiliar,TENSOR,,,,,https://webcateu.dayco.ws/img/products/APV2926.jpg,https://www.dayco.com/la-es/catalog/?search=APV2926,Auxiliar,TENSIONER&PULLEY,,,
DAYCO,7801,Tensor genérico,TENSOR,,,,,https://webcateu.dayco.ws/img/products/7801.jpg,https://www.dayco.com/la-es/catalog/?search=7801,Auxiliar,TENSIONER&PULLEY,,,
DAYCO,APV2715,Tensor auxiliar,TENSOR,,,377260299 (VOLKSWAGEN),,https://webcateu.dayco.ws/img/products/APV2715.jpg,https://www.dayco.com/la-es/catalog/?search=APV2715,Auxiliar,TENSIONER&PULLEY,,,
DAYCO,7802,Tensor genérico,TENSOR,,,,,https://webcateu.dayco.ws/img/products/7802.jpg,https://www.dayco.com/la-es/catalog/?search=7802,Auxiliar,TENSIONER&PULLEY,,,
DAYCO,APV2919,Tensor auxiliar,TENSOR,,,377145299 (VOLKSWAGEN),,https://webcateu.dayco.ws/img/products/APV2919.jpg,https://www.dayco.com/la-es/catalog/?search=APV2919,Auxiliar,TENSIONER&PULLEY,,,
DAYCO,700099,Manguera,MANGUERA,,,,,https://webcateu.dayco.ws/img/products/700099.jpg,https://www.dayco.com/la-es/catalog/?search=700099,Refrigeración,COOLING HOSE,,,
DAYCO,7937,Tensor genérico,TENSOR,,,,,https://webcateu.dayco.ws/img/products/7937.jpg,https://www.dayco.com/la-es/catalog/?search=7937,Auxiliar,TENSIONER&PULLEY,,,
DAYCO,APV2677,Tensor auxiliar,TENSOR,,,1420513 (FORD) | 1611424780 (PEUGEOT) | 5751F2 (PEUGEOT) | 6C1Q-6A228-AB (FORD) | 6C1Q6A228AB (FORD) | 9658142780 (FIAT),,https://webcateu.dayco.ws/img/products/APV2677.jpg,https://www.dayco.com/la-es/catalog/?search=APV2677,Auxiliar,TENSIONER&PULLEY,,,
DAYCO,1214,Tensor genérico,TENSOR,,,,,https://webcateu.dayco.ws/img/products/1214.jpg,https://www.dayco.com/la-es/catalog/?search=1214,Auxiliar,TENSIONER&PULLEY,,,
DAYCO,7PK2680,Correa Poly-V,CORREA POLY-V,,,,,https://webcateu.dayco.ws/img/products/7PK.jpg,https://www.dayco.com/la-es/catalog/?search=7PK2680,Auxiliar,POLY-V,,,
DAYCO,7PK2840,Correa Poly-V,CORREA POLY-V,,,,,https://webcateu.dayco.ws/img/products/7PK.jpg,https://www.dayco.com/la-es/catalog/?search=7PK2840,Auxiliar,POLY-V,,,
DAYCO,7935,Tensor genérico,TENSOR,,,,,https://webcateu.dayco.ws/img/products/7935.jpg,https://www.dayco.com/la-es/catalog/?search=7935,Auxiliar,TENSIONER&PULLEY,,,
DAYCO,APV2836,Tensor auxiliar,TENSOR,,,1385379 (FORD) | 1445915 (FORD) | 6C1Q-6A228-BC (FORD) | 6C1Q6A228BC (FORD),,https://webcateu.dayco.ws/img/products/APV2836.jpg,https://www.dayco.com/la-es/catalog/?search=APV2836,Auxiliar,TENSIONER&PULLEY,,,
DAYCO,1213,Tensor genérico,TENSOR,,,,,https://webcateu.dayco.ws/img/products/1213.jpg,https://www.dayco.com/la-es/catalog/?search=1213,Auxiliar,TENSIONER&PULLEY,,,
DAYCO,6PK1355,Correa Poly-V,CORREA POLY-V,,,0129975492 (MERCEDES-BENZ) | 0129975592 (MERCEDES-BENZ) | 071145933L (SEAT) | 071145933L (VOLKSWAGEN) | 5010423320A (RENAULT) | 5750RX (CITROEN) | 5750RX (PEUGEOT) | 9654114280 (FIAT),,https://webcateu.dayco.ws/img/products/6PK.jpg,https://www.dayco.com/la-es/catalog/?search=6PK1355,Auxiliar,POLY-V,,,
DAYCO,7PK2872,Correa Poly-V,CORREA POLY-V,,,,,https://webcateu.dayco.ws/img/products/7PK.jpg,https://www.dayco.com/la-es/catalog/?search=7PK2872,Auxiliar,POLY-V,,,
DAYCO,73252,Manguera,MANGUERA,,,321819371 (VOLKSWAGEN),,https://webcateu.dayco.ws/img/products/73252.jpg,https://www.dayco.com/la-es/catalog/?search=73252,Refrigeración,COOLING HOSE,,,
DAYCO,1110,Tensor genérico,TENSOR,,,,,https://webcateu.dayco.ws/img/products/1110.jpg,https://www.dayco.com/la-es/catalog/?search=1110,Auxiliar,TENSIONER&PULLEY,,,
DAYCO,13A0875HD,Correa de transmisión,CORREA DE TRANSMISIÓN,,,,,https://webcateu.dayco.ws/img/products/VEE.jpg,https://www.dayco.com/la-es/catalog/?search=13A0875HD,Transmisión,RAW-EDGE(V),,,
DAYCO,7PK1790HD,Correa Poly-V,CORREA POLY-V,,,,,https://webcateu.dayco.ws/img/products/7PK.jpg,https://www.dayco.com/la-es/catalog/?search=7PK1790HD,Auxiliar,POLY-V,,,
DAYCO,17A1040HD,Correa de transmisión,CORREA DE TRANSMISIÓN,,,11720D9701 (NISSAN) | 500387663 (IVECO),,https://webcateu.dayco.ws/img/products/VEE.jpg,https://www.dayco.com/la-es/catalog/?search=17A1040HD,Transmisión,RAW-EDGE(V),,,
DAYCO,6PK1885HD,Correa Poly-V,CORREA POLY-V,,,0089979192 (MERCEDES-BENZ) | A0089977292 (MERCEDES-BENZ),,https://webcateu.dayco.ws/img/products/6PK.jpg,https://www.dayco.com/la-es/catalog/?search=6PK1885HD,Auxiliar,POLY-V,,,
DAYCO,10A0685C,Correa de transmisión,CORREA DE TRANSMISIÓN,,,,,https://webcateu.dayco.ws/img/products/VEE.jpg,https://www.dayco.com/la-es/catalog/?search=10A0685C,Transmisión,RAW-EDGE(V),,,
DAYCO,10A0990C,Correa de transmisión,CORREA DE TRANSMISIÓN,,,0069972692 (MERCEDES-BENZ) | 0079972092 (MERCEDES-BENZ) | 0099970292 (MERCEDES-BENZ) | 0099975292 (MERCEDES-BENZ) | 05641010300 (ALFA ROMEO) | 11231717016 (BMW) | 1172069900 (NISSAN) | 1172069901 (NISSAN) | 1172069901TM (NISSAN) | 1172069910 (NISSAN) | 1172069920 (NISSAN) | 1172069991JP (NISSAN) | 1172069991KE (NISSAN) | 1172089910 (NISSAN) | 1340655 (ISUZU) | 1340655 (OPEL) | 1340655 (VAUXHALL) | 195152320301 (ALFA ROMEO) | 2106710800 (NISSAN) | 31110PA6910 (HONDA) | 38763PA0003 (HONDA) | 38763PA0004 (HONDA) | 38763PA00040 (HONDA) | 4048375 (FIAT) | 4483204 (FIAT) | 4660360 (FIAT) | 4660361 (FIAT) | 4688856 (FIAT) | 4688857 (FIAT) | 5897701710 (ISUZU) | 60534343 (FIAT) | 6460679 (FORD) | 6460879 (FORD) | 7135386 (BEDFORD) | 9091602162 (TOYOTA) | 9091602283 (TOYOTA) | 960286 (VOLVO) | 966913 (VOLVO) | 97176245 (OPEL) | 97176245 (VAUXHALL) | 973542 (VOLVO) | 9932100985 (TOYOTA) | 9932150985 (TOYOTA) | 9932150995 (TOYOTA) | 9952150985 (DAIHATSU) | B0015396 (DODGE) | DX2316A (CITROEN) | V90HF6C301BA (FORD),,https://webcateu.dayco.ws/img/products/VEE.jpg,https://www.dayco.com/la-es/catalog/?search=10A0990C,Transmisión,RAW-EDGE(V),,,
DAYCO,700003,Manguera,MANGUERA,,,,,https://webcateu.dayco.ws/img/products/700003.jpg,https://www.dayco.com/la-es/catalog/?search=700003,Refrigeración,COOLING HOSE,,,
DAYCO,700018,Manguera,MANGUERA,,,,,https://webcateu.dayco.ws/img/products/700018.jpg,https://www.dayco.com/la-es/catalog/?search=700018,Refrigeración,COOLING HOSE,,,
DAYCO,10A0675C,Correa de transmisión,CORREA DE TRANSMISIÓN,,,0854249800 (RENAULT) | 4007J2 (CITROEN) | 4007J3 (PEUGEOT) | 575028 (PEUGEOT) | 575082 (PEUGEOT) | 5750SH (CITROEN) | 5750SH (PEUGEOT) | 5750SV (PEUGEOT) | 5889277 (FIAT) | 6000002810 (RENAULT) | 6000003202 (RENAULT) | 6000003312 (RENAULT) | 6126515 (FORD) | 6158691 (FORD) | 7535218 (FIAT) | 7561464 (FIAT) | 7581464 (FIAT) | 7610944 (FIAT) | 7619418 (FIAT) | 7659699 (FIAT) | 7721703 (FIAT) | 7764585 (FIAT) | 80911-0110 (SUBARU) | 8091101100 (SUBARU) | 84SF6C301AB (FORD) | 85SF6C301AA (FORD) | 95493061 (PEUGEOT) | 9933150665 (DAIHATSU) | 9933150666 (DAIHATSU) | ERR2073 (LAND ROVER) | ETC4267 (ROVER) | ETC4705 (ROVER),,https://webcateu.dayco.ws/img/products/VEE.jpg,https://www.dayco.com/la-es/catalog/?search=10A0675C,Transmisión,RAW-EDGE(V),,,
DAYCO,10A0690C,Correa de transmisión,CORREA DE TRANSMISIÓN,,,46540494 (FIAT) | 5013511 (FORD) | 56992-671-000 (HONDA) | 56992-689-004 (HONDA) | 5949332 (FIAT) | 6166104 (FORD) | 7700271121 (RENAULT) | 7700646190 (RENAULT) | 7700742336 (RENAULT) | 7701068435 (RENAULT) | 7771530 (FIAT) | 8091-10460 (SUBARU) | 86EF6C301CA (FORD) | 86SF6C301AA (FORD) | 90299370 (GENERAL MOTORS) | 90444488 (GENERAL MOTORS),,https://webcateu.dayco.ws/img/products/VEE.jpg,https://www.dayco.com/la-es/catalog/?search=10A0690C,Transmisión,RAW-EDGE(V),,,
DAYCO,111SP170H,Correa de distribución,CORREA DE DISTRIBUCIÓN,,,5636356 (GENERAL MOTORS) | 5636356 (OPEL) | 5636356 (VAUXHALL) | 5636364 (GENERAL MOTORS) | 5636364 (OPEL) | 5636364 (VAUXHALL) | 5636560 (GENERAL MOTORS) | 5636560 (OPEL) | 636372 (GENERAL MOTORS) | 636372 (OPEL) | 636372 (VAUXHALL) | 636561 (GENERAL MOTORS) | 636561 (OPEL) | 636561 (VAUXHALL) | 636566 (GENERAL MOTORS) | 636566 (OPEL) | 636566 (VAUXHALL) | 6536364 (GENERAL MOTORS) | 6536364 (OPEL) | 90353179 (GENERAL MOTORS) | 90353179 (OPEL) | 90353179 (VAUXHALL) | 90354782 (GENERAL MOTORS) | 90354782 (OPEL) | 90354782 (VAUXHALL) | 90410223 (GENERAL MOTORS) | 90410223 (OPEL) | 90410223 (VAUXHALL) | 90531677 (GENERAL MOTORS) | 90531677 (OPEL) | 90531677 (VAUXHALL) | 90531678 (GENERAL MOTORS) | 90531678 (OPEL) | 90531678 (VAUXHALL) | 9128723 (GENERAL MOTORS) | 9128723 (OPEL) | 9128723 (VAUXHALL) | 92099037 (GENERAL MOTORS) | 96183353 (DAEWOO) | 96352407 (CHEVROLET) | 96352407 (DAEWOO) | VT200 (IVECO),,https://webcateu.dayco.ws/img/products/TB.jpg,https://www.dayco.com/la-es/catalog/?search=111SP170H,Principal,TIMING BELT,,,
DAYCO,1139,Tensor genérico,TENSOR,,,,,https://webcateu.dayco.ws/img/products/1139.jpg,https://www.dayco.com/la-es/catalog/?search=1139,Auxiliar,TENSIONER&PULLEY,,,
DAYCO,5PK1462,Correa Poly-V,CORREA POLY-V,,,11287529737 (ROLLS ROYCE) | 94716759 (GENERAL MOTORS),,https://webcateu.dayco.ws/img/products/5PK.jpg,https://www.dayco.com/la-es/catalog/?search=5PK1462,Auxiliar,POLY-V,,,
DAYCO,73209,Manguera,MANGUERA,,,90354836 (GENERAL MOTORS),,https://webcateu.dayco.ws/img/products/73209.jpg,https://www.dayco.com/la-es/catalog/?search=73209,Refrigeración,COOLING HOSE,,,
DAYCO,73270,Manguera,MANGUERA,,,93381887 (GENERAL MOTORS),,https://webcateu.dayco.ws/img/products/73270.jpg,https://www.dayco.com/la-es/catalog/?search=73270,Refrigeración,COOLING HOSE,,,
DAYCO,7796,Tensor genérico,TENSOR,,,,,https://webcateu.dayco.ws/img/products/7796.jpg,https://www.dayco.com/la-es/catalog/?search=7796,Auxiliar,TENSIONER&PULLEY,,,
DAYCO,7796CP,Tensor genérico,TENSOR,,,,,https://webcateu.dayco.ws/img/products/7796CP.jpg,https://www.dayco.com/la-es/catalog/?search=7796CP,Auxiliar,TENSIONER&PULLEY,,,
DAYCO,7814,Tensor genérico,TENSOR,,,,,https://webcateu.dayco.ws/img/products/7814.jpg,https://www.dayco.com/la-es/catalog/?search=7814,Auxiliar,TENSIONER&PULLEY,,,
DAYCO,APV2897,Tensor auxiliar,TENSOR,,,93374496 (GENERAL MOTORS),,https://webcateu.dayco.ws/img/products/APV2897.jpg,https://www.dayco.com/la-es/catalog/?search=APV2897,Auxiliar,TENSIONER&PULLEY,,,
DAYCO,ATB2216,Tensor de distribución,TENSOR,,,5636429 (OPEL) | 636727 (OPEL) | 636738 (OPEL) | 636746 (OPEL) | 90411769 (VAUXHALL) | 90528200 (VAUXHALL) | 90530124 (VAUXHALL) | 91580003 (DAEWOO) | 9158003 (DAEWOO) | 9158003 (OPEL) | 9158003 (VAUXHALL) | 93353848 (GENERAL MOTORS),,https://webcateu.dayco.ws/img/products/ATB2216.jpg,https://www.dayco.com/la-es/catalog/?search=ATB2216,Principal,TENSIONER&PULLEY,,,
DAYCO,KIT-9014,Kit de distribución,KIT DISTRIBUCION,,,,,https://webcateu.dayco.ws/img/products/KIT-9014.jpg,https://www.dayco.com/la-es/catalog/?search=KIT-9014,Principal,TIMING BELT KIT,,,
DAYCO,KTB221/3,Kit de distribución,KIT DISTRIBUCION,,,,,https://webcateu.dayco.ws/img/products/KTB221/3.jpg,https://www.dayco.com/la-es/catalog/?search=KTB221/3,Principal,TIMING BELT KIT,,,
DAYCO,7795,Tensor genérico,TENSOR,,,,,https://webcateu.dayco.ws/img/products/7795.jpg,https://www.dayco.com/la-es/catalog/?search=7795,Auxiliar,TENSIONER&PULLEY,,,
DAYCO,APV2864,Tensor auxiliar,TENSOR,,,93302612 (FIAT),,https://webcateu.dayco.ws/img/products/APV2864.jpg,https://www.dayco.com/la-es/catalog/?search=APV2864,Auxiliar,TENSIONER&PULLEY,,,
DAYCO,5PK870EE,Correa Poly-V,CORREA POLY-V,,,,,https://webcateu.dayco.ws/img/products/5PK.jpg,https://www.dayco.com/la-es/catalog/?search=5PK870EE,Auxiliar,POLY-V,,,
DAYCO,5PK1780,Correa Poly-V,CORREA POLY-V,,,,,https://webcateu.dayco.ws/img/products/5PK.jpg,https://www.dayco.com/la-es/catalog/?search=5PK1780,Auxiliar,POLY-V,,,
DAYCO,7817,Tensor genérico,TENSOR,,,,,https://webcateu.dayco.ws/img/products/7817.jpg,https://www.dayco.com/la-es/catalog/?search=7817,Auxiliar,TENSIONER&PULLEY,,,
DAYCO,APV2296,Tensor auxiliar,TENSOR,,,1340533 (GENERAL MOTORS) | 1340533 (OPEL) | 90411025 (GENERAL MOTORS) | 90411025 (OPEL) | 90411025 (VAUXHALL),,https://webcateu.dayco.ws/img/products/APV2296.jpg,https://www.dayco.com/la-es/catalog/?search=APV2296,Auxiliar,TENSIONER&PULLEY,,,
DAYCO,1119,Tensor genérico,TENSOR,,,,,https://webcateu.dayco.ws/img/products/1119.jpg,https://www.dayco.com/la-es/catalog/?search=1119,Auxiliar,TENSIONER&PULLEY,,,
DAYCO,1178,Tensor genérico,TENSOR,,,,,https://webcateu.dayco.ws/img/products/1178.jpg,https://www.dayco.com/la-es/catalog/?search=1178,Auxiliar,TENSIONER&PULLEY,,,
DAYCO,146STP8M200H,Correa de distribución,CORREA DE DISTRIBUCIÓN,,,09128725 (DAEWOO) | 5636351 (GENERAL MOTORS) | 5636351 (OPEL) | 5636351 (VAUXHALL) | 5636361 (OPEL) | 5636361 (VAUXHALL) | 5636374 (OPEL) | 5636374 (VAUXHALL) | 5636562 (OPEL) | 5636562 (VAUXHALL) | 636228 (OPEL) | 636228 (VAUXHALL) | 636568 (OPEL) | 636568 (VAUXHALL) | 90411770 (OPEL) | 90411770 (VAUXHALL) | 90469984 (GENERAL MOTORS) | 90469984 (OPEL) | 90469984 (VAUXHALL) | 90530286 (OPEL) | 90530286 (VAUXHALL) | 90570371 (GENERAL MOTORS) | 90570371 (OPEL) | 90570371 (VAUXHALL) | 9128725 (CHEVROLET) | 9128725 (GENERAL MOTORS) | 9128725 (OPEL) | 9128725 (VAUXHALL) | 9128728 (OPEL) | 92063918 (OPEL) | 92063918 (VAUXHALL) | D92063918 (CHEVROLET) | D92063918 (DAEWOO) | VT260 (IVECO),,https://webcateu.dayco.ws/img/products/TB.jpg,https://www.dayco.com/la-es/catalog/?search=146STP8M200H,Principal,TIMING BELT,,,
DAYCO,6PK1885,Correa Poly-V,CORREA POLY-V,,,1029970092 (MERCEDES-BENZ) | 9091602534 (TOYOTA) | 9091602536 (TOYOTA) | MN183866 (MITSUBISHI),,https://webcateu.dayco.ws/img/products/6PK.jpg,https://www.dayco.com/la-es/catalog/?search=6PK1885,Auxiliar,POLY-V,,,
DAYCO,700024,Manguera,MANGUERA,,,,,https://webcateu.dayco.ws/img/products/700024.jpg,https://www.dayco.com/la-es/catalog/?search=700024,Refrigeración,COOLING HOSE,,,
DAYCO,73206,Manguera,MANGUERA,,,93267024 (GENERAL MOTORS),,https://webcateu.dayco.ws/img/products/73206.jpg,https://www.dayco.com/la-es/catalog/?search=73206,Refrigeración,COOLING HOSE,,,
DAYCO,7815,Tensor genérico,TENSOR,,,,,https://webcateu.dayco.ws/img/products/7815.jpg,https://www.dayco.com/la-es/catalog/?search=7815,Auxiliar,TENSIONER&PULLEY,,,
DAYCO,7858,Tensor genérico,TENSOR,,,,,https://webcateu.dayco.ws/img/products/7858.jpg,https://www.dayco.com/la-es/catalog/?search=7858,Auxiliar,TENSIONER&PULLEY,,,
DAYCO,88518,Manguera,MANGUERA,,,93283709 (GENERAL MOTORS),,https://webcateu.dayco.ws/img/products/88518.jpg,https://www.dayco.com/la-es/catalog/?search=88518,Refrigeración,COOLING HOSE,,,
DAYCO,900001,Manguera,MANGUERA,,,,,https://webcateu.dayco.ws/img/products/900001.jpg,https://www.dayco.com/la-es/catalog/?search=900001,Refrigeración,COOLING HOSE,,,
DAYCO,APV2085,Tensor auxiliar,TENSOR,,,1662020219 (MERCEDES-BENZ) | 1662020519 (MERCEDES-BENZ) | 1662020619 (MERCEDES-BENZ) | 2662550619 (MERCEDES-BENZ) | 6682020219 (MERCEDES-BENZ) | A1662020219 (MERCEDES-BENZ) | A1662020519 (MERCEDES-BENZ) | A1662020619 (MERCEDES-BENZ) | A6682020219 (MERCEDES-BENZ),,https://webcateu.dayco.ws/img/products/APV2085.jpg,https://www.dayco.com/la-es/catalog/?search=APV2085,Auxiliar,TENSIONER&PULLEY,,,
DAYCO,APV2301,Tensor auxiliar,TENSOR,,,1340555 (GENERAL MOTORS) | 1340555 (OPEL) | 73500717 (FIAT) | 90571758 (GENERAL MOTORS) | 90571758 (OPEL) | 90571758 (VAUXHALL),,https://webcateu.dayco.ws/img/products/APV2301.jpg,https://www.dayco.com/la-es/catalog/?search=APV2301,Auxiliar,TENSIONER&PULLEY,,,
DAYCO,APV2303,Tensor auxiliar,TENSOR,,,1340534 (GENERAL MOTORS) | 1340534 (OPEL) | 1340541 (GENERAL MOTORS) | 1340541 (OPEL) | 1340542 (GENERAL MOTORS) | 1340542 (OPEL) | 1340544 (GENERAL MOTORS) | 1340544 (OPEL) | 24412292 (GENERAL MOTORS) | 24412292 (OPEL) | 24412292 (VAUXHALL) | 25190645 (DAEWOO) | 4803350 (OPEL) | 4820740 (OPEL) | 6340532 (GENERAL MOTORS) | 6340532 (OPEL) | 8-90500-229-0 (ISUZU) | 90412430 (GENERAL MOTORS) | 90412430 (OPEL) | 90412430 (VAUXHALL) | 90448220 (GENERAL MOTORS) | 90448220 (OPEL) | 90448220 (VAUXHALL) | 90500229 (GENERAL MOTORS) | 90500229 (OPEL) | 90500229 (VAUXHALL) | 90502129 (GENERAL MOTORS) | 90502129 (OPEL) | 90502129 (VAUXHALL) | 95160-85200 (SUZUKI) | 95160-85Z00 (SUZUKI) | 95160-85Z01 (SUZUKI) | 96184932 (DAEWOO) | 96298799 (DAEWOO) | 96352818 (DAEWOO) | 96352818 (OPEL) | 96435137 (CHEVROLET) | 96435138 (CHEVROLET) | 96435138 (DAEWOO) | 96459042 (DAEWOO),,https://webcateu.dayco.ws/img/products/APV2303.jpg,https://www.dayco.com/la-es/catalog/?search=APV2303,Auxiliar,TENSIONER&PULLEY,,,
DAYCO,KIT-9010,Kit de distribución,KIT DISTRIBUCION,,,,,https://webcateu.dayco.ws/img/products/KIT-9010.jpg,https://www.dayco.com/la-es/catalog/?search=KIT-9010,Principal,TIMING BELT KIT,,,
DAYCO,KTB254,Kit de distribución,KIT DISTRIBUCION,,,1606359 (OPEL) | 1606359 (VAUXHALL) | 1606385 (OPEL) | 1606385 (VAUXHALL) | 1606386 (OPEL) | 5636351S1 (GENERAL MOTORS) | 5636562S1 (GENERAL MOTORS) | 93188132 (OPEL) | 93188132 (VAUXHALL) | 93188133 (GENERAL MOTORS) | 93188133 (OPEL) | 93188133 (VAUXHALL) | 93188134 (GENERAL MOTORS) | 93188134 (OPEL) | 93188134 (VAUXHALL) | GMKD10A (OPEL),,https://webcateu.dayco.ws/img/products/KTB254.jpg,https://www.dayco.com/la-es/catalog/?search=KTB254,Principal,TIMING BELT KIT,,,
DAYCO,KTBWP2540,Kit de bomba de agua,KIT BOMBA DE AGUA,,,,,https://webcateu.dayco.ws/img/products/KTBWP2540.jpg,https://www.dayco.com/la-es/catalog/?search=KTBWP2540,Principal,KIT WATER PUMP,,,
DAYCO,1161,Tensor genérico,TENSOR,,,,,https://webcateu.dayco.ws/img/products/1161.jpg,https://www.dayco.com/la-es/catalog/?search=1161,Auxiliar,TENSIONER&PULLEY,,,
DAYCO,7825,Tensor genérico,TENSOR,,,,,https://webcateu.dayco.ws/img/products/7825.jpg,https://www.dayco.com/la-es/catalog/?search=7825,Auxiliar,TENSIONER&PULLEY,,,
DAYCO,APV2898,Tensor auxiliar,TENSOR,,,90530764 (GENERAL MOTORS),,https://webcateu.dayco.ws/img/products/APV2898.jpg,https://www.dayco.com/la-es/catalog/?search=APV2898,Auxiliar,TENSIONER&PULLEY,,,
DAYCO,APV3080,Tensor auxiliar,TENSOR,,,,,https://webcateu.dayco.ws/img/products/APV3080.jpg,https://www.dayco.com/la-es/catalog/?search=APV3080,Auxiliar,TENSIONER&PULLEY,,,
DAYCO,168STP8M240H,Correa de distribución,CORREA DE DISTRIBUCIÓN,,,55351782 (OPEL) | 55351782 (VAUXHALL) | 5636369 (GENERAL MOTORS) | 5636369 (OPEL) | 5636369 (VAUXHALL) | 5636566 (OPEL) | 5636566 (VAUXHALL) | 636338 (OPEL) | 636338 (VAUXHALL) | 90529801 (GENERAL MOTORS) | 90529809 (GENERAL MOTORS) | 90529809 (OPEL) | 90529809 (VAUXHALL) | 90531857 (GENERAL MOTORS) | 90531857 (OPEL) | 90531857 (VAUXHALL) | 9129061 (GENERAL MOTORS) | 9129061 (OPEL) | 9129061 (VAUXHALL),,https://webcateu.dayco.ws/img/products/TB.jpg,https://www.dayco.com/la-es/catalog/?search=168STP8M240H,Principal,TIMING BELT,,,
DAYCO,2042,Tensor genérico,TENSOR,,,,,https://webcateu.dayco.ws/img/products/2042.jpg,https://www.dayco.com/la-es/catalog/?search=2042,Auxiliar,TENSIONER&PULLEY,,,
DAYCO,2042CP,Tensor genérico,TENSOR,,,,,https://webcateu.dayco.ws/img/products/2042CP.jpg,https://www.dayco.com/la-es/catalog/?search=2042CP,Auxiliar,TENSIONER&PULLEY,,,
DAYCO,6PK1900,Correa Poly-V,CORREA POLY-V,,,101111698 (FORD) | 10111698 (FORD) | 1011698 (FORD) | 1068252 (FORD) | 1340608 (OPEL) | 1340608 (VAUXHALL) | 1340614 (GENERAL MOTORS) | 1340614 (OPEL) | 1340614 (VAUXHALL) | 1340625 (OPEL) | 1340625 (VAUXHALL) | 1340647 (GENERAL MOTORS) | 1340647 (OPEL) | 1340647 (VAUXHALL) | 1340663 (OPEL) | 1340663 (VAUXHALL) | 140315909 (MAZDA) | 1E0315909 (MAZDA) | 1E0315909A (MAZDA) | 1E0315909B (MAZDA) | 1E0315909C (MAZDA) | 1E0315909D (MAZDA) | 24413292 (GENERAL MOTORS) | 24413292 (OPEL) | 24413292 (VAUXHALL) | 24452030 (GENERAL MOTORS) | 24452030 (OPEL) | 24452030 (SAAB) | 4575528 (SAAB) | 53011012 (JEEP) | 5340534 (SAAB) | 55354680 (GENERAL MOTORS) | 55354680 (OPEL) | 55354680 (VAUXHALL) | 6200265 (FORD) | 6340621 (VAUXHALL) | 6340637 (GENERAL MOTORS) | 6340637 (OPEL) | 90500228 (GENERAL MOTORS) | 90500228 (OPEL) | 90500228 (VAUXHALL) | 90571070 (VAUXHALL) | 9091602555 (TOYOTA) | 91126386 (GENERAL MOTORS) | 91126386 (OPEL) | 91126386 (VAUXHALL) | 9118618 (GENERAL MOTORS) | 9118618 (OPEL) | 9118618 (VAUXHALL) | 9129468 (GENERAL MOTORS) | 9129468 (OPEL) | 9129468 (VAUXHALL) | 928X6C301C1B (FORD) | 93181718 (GENERAL MOTORS) | 93181718 (OPEL) | 93181719 (OPEL) | 93181719 (VAUXHALL) | 93390494 (GENERAL MOTORS) | 95WF6C301CA (FORD) | 96350548 (DAEWOO) | 97WF6C301CA (FORD),,https://webcateu.dayco.ws/img/products/6PK.jpg,https://www.dayco.com/la-es/catalog/?search=6PK1900,Auxiliar,POLY-V,,,
DAYCO,73271,Manguera,MANGUERA,,,"90570907 , 94738543 (GENERAL MOTORS)",,https://webcateu.dayco.ws/img/products/73271.jpg,https://www.dayco.com/la-es/catalog/?search=73271,Refrigeración,COOLING HOSE,,,
DAYCO,7797,Tensor genérico,TENSOR,,,,,https://webcateu.dayco.ws/img/products/7797.jpg,https://www.dayco.com/la-es/catalog/?search=7797,Auxiliar,TENSIONER&PULLEY,,,
DAYCO,7797CP,Tensor genérico,TENSOR,,,,,https://webcateu.dayco.ws/img/products/7797CP.jpg,https://www.dayco.com/la-es/catalog/?search=7797CP,Auxiliar,TENSIONER&PULLEY,,,
DAYCO,ATB2199,Tensor de distribución,TENSOR,,,5636423 (OPEL) | 9052910 (OPEL) | 90529810 (VAUXHALL) | GT60590 (GMB),,https://webcateu.dayco.ws/img/products/ATB2199.jpg,https://www.dayco.com/la-es/catalog/?search=ATB2199,Principal,TENSIONER&PULLEY,,,
DAYCO,ATB2204,Tensor de distribución,TENSOR,,,5636738 (OPEL) | 636726 (OPEL) | 636737 (OPEL) | 90411774 (GENERAL MOTORS) | 90411774 (OPEL) | 90411774 (VAUXHALL) | 90530125 (GENERAL MOTORS) | 90530125 (OPEL) | 90530125 (VAUXHALL) | 9157004 (DAEWOO) | 9158004 (GENERAL MOTORS) | 9158004 (OPEL) | 9158004 (VAUXHALL),,https://webcateu.dayco.ws/img/products/ATB2204.jpg,https://www.dayco.com/la-es/catalog/?search=ATB2204,Principal,TENSIONER&PULLEY,,,
DAYCO,KIT-9015,Kit de distribución,KIT DISTRIBUCION,,,,,https://webcateu.dayco.ws/img/products/KIT-9015.jpg,https://www.dayco.com/la-es/catalog/?search=KIT-9015,Principal,TIMING BELT KIT,,,
DAYCO,KTB412,Kit de distribución,KIT DISTRIBUCION,,,1506194 (OPEL) | 1606194 (OPEL) | 1606194 (VAUXHALL) | 93174263 (GENERAL MOTORS) | 93174263 (OPEL) | 93174263 (VAUXHALL),,https://webcateu.dayco.ws/img/products/KTB412.jpg,https://www.dayco.com/la-es/catalog/?search=KTB412,Principal,TIMING BELT KIT,,,
DAYCO,KTBWP4120,Kit de bomba de agua,KIT BOMBA DE AGUA,,,,,https://webcateu.dayco.ws/img/products/KTBWP4120.jpg,https://www.dayco.com/la-es/catalog/?search=KTBWP4120,Principal,KIT WATER PUMP,,,
DAYCO,1171,Tensor genérico,TENSOR,,,,,https://webcateu.dayco.ws/img/products/1171.jpg,https://www.dayco.com/la-es/catalog/?search=1171,Auxiliar,TENSIONER&PULLEY,,,
DAYCO,APV2891,Tensor auxiliar,TENSOR,,,93336184 (GENERAL MOTORS),,https://webcateu.dayco.ws/img/products/APV2891.jpg,https://www.dayco.com/la-es/catalog/?search=APV2891,Auxiliar,TENSIONER&PULLEY,,,
DAYCO,10A0875C,Correa de transmisión,CORREA DE TRANSMISIÓN,,,0009977392 (MERCEDES-BENZ) | 0019974592 (MERCEDES-BENZ) | 0059978392 (MERCEDES-BENZ) | 068903137A (VOLKSWAGEN) | 06893137M (AUDI) | 06893137M (VOLKSWAGEN) | 107037 (ALFA ROMEO) | 107037/B (FIAT) | 107037B (ALFA ROMEO) | 108017 (FIAT) | 11720-69000 (NISSAN) | 11720-D0101 (NISSAN) | 11720-D2000 (NISSAN) | 11720-D2005 (NISSAN) | 11720-D3300 (NISSAN) | 11720-D3301 (NISSAN) | 11720-R7410 (NISSAN) | 11720-V5500 (NISSAN) | 11720-V5501 (NISSAN) | 11720-V5510 (NISSAN) | 11720D2005JP (NISSAN) | 11720D2005KE (NISSAN) | 11720D3310 (NISSAN) | 11720N9800 (NISSAN) | 11720V5591JP (NISSAN) | 11720V5591KE (NISSAN) | 11720W4405 (NISSAN) | 119001020700 (ALFA ROMEO) | 12311254121 (BMW) | 12311268675 (BMW) | 12311268676 (BMW) | 12318602025 (BMW) | 123188602025 (BMW) | 1854712 (GENERAL MOTORS) | 25211-21000 (HYUNDAI) | 3009003 (OPEL) | 31110-679-004 (HONDA) | 31110-679-014 (HONDA) | 31110PE9921 (HONDA) | 430174 (VOLVO) | 56992-PEO-004 (HONDA) | 56992PE0004 (HONDA) | 56992PR3004 (HONDA) | 56992PR4A12 (HONDA) | 575026 (PEUGEOT) | 60517424 (FIAT) | 72HF8620BA (FORD) | 7546910 (FIAT) | 7654167 (FIAT) | 8339939 (SAAB) | 83HF8C301AA (FORD) | 90006259 (GENERAL MOTORS) | 90048-32024 (DAIHATSU) | 90088832 (BEDFORD) | 90169081 (GENERAL MOTORS) | 90183426 (GENERAL MOTORS) | 91142246 (GENERAL MOTORS) | 93182245 (GENERAL MOTORS) | 950350 (VOLVO) | 950355 (VOLVO) | 950356 (GENERAL MOTORS) | 950358 (GENERAL MOTORS) | 950360 (VOLVO) | 950376 (GENERAL MOTORS) | 958305 (VOLVO) | 95X875N275 (MERCEDES-BENZ) | 966904 (VOLVO) | 973547 (VOLVO) | 99321-00870 (TOYOTA) | 99331-00870 (TOYOTA) | 99331-00880 (TOYOTA) | 99331-10870 (TOYOTA) | 9933110880 (TOYOTA) | 99521-00870 (TOYOTA) | 99521-10873 (TOYOTA) | 99521-10880 (TOYOTA) | 9990155 (FIAT) | 99919213550 (PORSCHE) | C36122 (JAGUAR) | GCB10875 (ROVER) | GFB10875 (ROVER) | GFB273 (ROVER) | UE34568 (ROVER),,https://webcateu.dayco.ws/img/products/VEE.jpg,https://www.dayco.com/la-es/catalog/?search=10A0875C,Transmisión,RAW-EDGE(V),,,
DAYCO,700009,Manguera,MANGUERA,,,,,https://webcateu.dayco.ws/img/products/700009.jpg,https://www.dayco.com/la-es/catalog/?search=700009,Refrigeración,COOLING HOSE,,,
DAYCO,1111,Tensor genérico,TENSOR,,,,,https://webcateu.dayco.ws/img/products/1111.jpg,https://www.dayco.com/la-es/catalog/?search=1111,Auxiliar,TENSIONER&PULLEY,,,
DAYCO,13A1200C,Correa de transmisión,CORREA DE TRANSMISIÓN,,,6656187 (FORD),,https://webcateu.dayco.ws/img/products/VEE.jpg,https://www.dayco.com/la-es/catalog/?search=13A1200C,Transmisión,RAW-EDGE(V),,,
DAYCO,149STP8M200H,Correa de distribución,CORREA DE DISTRIBUCIÓN,,,,,https://webcateu.dayco.ws/img/products/TB.jpg,https://www.dayco.com/la-es/catalog/?search=149STP8M200H,Principal,TIMING BELT,,,
DAYCO,5PK1250,Correa Poly-V,CORREA POLY-V,,,09192568 (CHEVROLET) | 1340650 (OPEL) | 1340657 (OPEL) | 24419361 (OPEL) | 24451612 (OPEL) | 2521204000 (HYUNDAI) | 2521204000 (KIA) | 2521204001 (HYUNDAI) | 2521204010 (KIA) | 2521204011 (KIA) | 55350856 (GENERAL MOTORS) | 5750C8 (PEUGEOT) | 5750R0 (CITROEN) | 5750R0 (PEUGEOT) | 5750TT (CITROEN) | 5750TT (PEUGEOT) | 90581627 (OPEL) | 90581641 (OPEL) | 9091602550 (TOYOTA) | 9118721 (OPEL) | 93182270 (GENERAL MOTORS) | 93185569 (OPEL) | 96129654 (CITROEN) | 96129654 (PEUGEOT) | 96129664 (CITROEN) | 9612966480 (CITROEN) | 96144327 (DAEWOO) | 96155379 (CITROEN) | 96155379 (PEUGEOT),,https://webcateu.dayco.ws/img/products/5PK.jpg,https://www.dayco.com/la-es/catalog/?search=5PK1250,Auxiliar,POLY-V,,,
DAYCO,7820,Tensor genérico,TENSOR,,,,,https://webcateu.dayco.ws/img/products/7820.jpg,https://www.dayco.com/la-es/catalog/?search=7820,Auxiliar,TENSIONER&PULLEY,,,
DAYCO,APV2899,Tensor auxiliar,TENSOR,,,93258289 (GENERAL MOTORS),,https://webcateu.dayco.ws/img/products/APV2899.jpg,https://www.dayco.com/la-es/catalog/?search=APV2899,Auxiliar,TENSIONER&PULLEY,,,
DAYCO,APV2900,Tensor auxiliar,TENSOR,,,,,https://webcateu.dayco.ws/img/products/APV2900.jpg,https://www.dayco.com/la-es/catalog/?search=APV2900,Auxiliar,TENSIONER&PULLEY,,,
DAYCO,1274,Tensor genérico,TENSOR,,,,,https://webcateu.dayco.ws/img/products/1274.jpg,https://www.dayco.com/la-es/catalog/?search=1274,Auxiliar,TENSIONER&PULLEY,,,
DAYCO,APV2905,Tensor auxiliar,TENSOR,,,10327366 (GENERAL MOTORS) | 12557819 (GENERAL MOTORS),,https://webcateu.dayco.ws/img/products/APV2905.jpg,https://www.dayco.com/la-es/catalog/?search=APV2905,Auxiliar,TENSIONER&PULLEY,,,
DAYCO,6PK2440,Correa Poly-V,CORREA POLY-V,,,0099971892 (MERCEDES-BENZ) | 0109979292 (MERCEDES-BENZ) | 06E903137Q (AUDI) | 1000034-A01 (CHANGAN) | 109976392 (MERCEDES-BENZ) | 109978392 (MERCEDES-BENZ) | 109979292 (MERCEDES-BENZ) | 1139970292 (MERCEDES-BENZ) | 119970692 (MERCEDES-BENZ) | 12564763 (GENERAL MOTORS) | 99971892 (MERCEDES-BENZ) | A0099971892 (MERCEDES-BENZ) | A0109976392 (MERCEDES-BENZ) | A0109978392 (MERCEDES-BENZ) | A0109979292 (MERCEDES-BENZ) | A0119970692 (MERCEDES-BENZ) | A1139970292 (MERCEDES-BENZ),,https://webcateu.dayco.ws/img/products/6PK.jpg,https://www.dayco.com/la-es/catalog/?search=6PK2440,Auxiliar,POLY-V,,,
DAYCO,4PK955,Correa Poly-V,CORREA POLY-V,,,24100555 (GENERAL MOTORS),,https://webcateu.dayco.ws/img/products/4PK.jpg,https://www.dayco.com/la-es/catalog/?search=4PK955,Auxiliar,POLY-V,,,
DAYCO,7PK1340,Correa Poly-V,CORREA POLY-V,,,,,https://webcateu.dayco.ws/img/products/7PK.jpg,https://www.dayco.com/la-es/catalog/?search=7PK1340,Auxiliar,POLY-V,,,
DAYCO,7808,Tensor genérico,TENSOR,,,,,https://webcateu.dayco.ws/img/products/7808.jpg,https://www.dayco.com/la-es/catalog/?search=7808,Auxiliar,TENSIONER&PULLEY,,,
DAYCO,APV2569,Tensor auxiliar,TENSOR,,,10.239.670 (GENERAL MOTORS) | 10.329.670 (GENERAL MOTORS) | 12.561.094 (GENERAL MOTORS) | 12.580.296 (GENERAL MOTORS) | 12456152 (GENERAL MOTORS) | 89.017.309 (GENERAL MOTORS),,https://webcateu.dayco.ws/img/products/APV2569.jpg,https://www.dayco.com/la-es/catalog/?search=APV2569,Auxiliar,TENSIONER&PULLEY,,,
DAYCO,6PK1270,Correa Poly-V,CORREA POLY-V,,,1011612 (FORD) | 3251034 (CUMMINS) | 3547608 (VOLVO) | 6198309 (FORD) | 6849009 (VOLVO) | 85523057 (CHERY) | 9146973 (VOLVO) | A11-3701315BA (CHERY),,https://webcateu.dayco.ws/img/products/6PK.jpg,https://www.dayco.com/la-es/catalog/?search=6PK1270,Auxiliar,POLY-V,,,
DAYCO,1221,Tensor genérico,TENSOR,,,,,https://webcateu.dayco.ws/img/products/1221.jpg,https://www.dayco.com/la-es/catalog/?search=1221,Auxiliar,TENSIONER&PULLEY,,,
DAYCO,ALP2367,Rueda libre del alternador,TENSOR,,,03D903119A (SKODA) | 03D903119A (VOLKSWAGEN) | 93297735 (GENERAL MOTORS),,https://webcateu.dayco.ws/img/products/ALP2367.jpg,https://www.dayco.com/la-es/catalog/?search=ALP2367,Auxiliar,TENSIONER&PULLEY,,,
DAYCO,1127,Tensor genérico,TENSOR,,,,,https://webcateu.dayco.ws/img/products/1127.jpg,https://www.dayco.com/la-es/catalog/?search=1127,Auxiliar,TENSIONER&PULLEY,,,
DAYCO,APV2901,Tensor auxiliar,TENSOR,,,38001 (GENERAL MOTORS) | 960703800014 (GENERAL MOTORS),,https://webcateu.dayco.ws/img/products/APV2901.jpg,https://www.dayco.com/la-es/catalog/?search=APV2901,Auxiliar,TENSIONER&PULLEY,,,
DAYCO,73279,Manguera,MANGUERA,,,93383277 (GENERAL MOTORS),,https://webcateu.dayco.ws/img/products/73279.jpg,https://www.dayco.com/la-es/catalog/?search=73279,Refrigeración,COOLING HOSE,,,
DAYCO,700017,Manguera,MANGUERA,,,,,https://webcateu.dayco.ws/img/products/700017.jpg,https://www.dayco.com/la-es/catalog/?search=700017,Refrigeración,COOLING HOSE,,,
DAYCO,6PK2870,Correa Poly-V,CORREA POLY-V,,,24581174 (GENERAL MOTORS) | 5072437AA (JEEP) | 5072437AB (JEEP) | 5072437AC (JEEP),,https://webcateu.dayco.ws/img/products/6PK.jpg,https://www.dayco.com/la-es/catalog/?search=6PK2870,Auxiliar,POLY-V,,,
DAYCO,13A1275C,Correa de transmisión,CORREA DE TRANSMISIÓN,,,0059979892 (MERCEDES-BENZ) | 0059979992 (MERCEDES-BENZ) | 01976-11264 (NISSAN) | 0197811264 (NISSAN) | 074903137J (VOLKSWAGEN) | 11950-C8600 (NISSAN) | 11950C8600KE (NISSAN) | 6052763 (FORD) | 6057341 (FORD) | 74TF8620FA (FORD) | 78TF6C301BA (FORD) | 78TF6C301CA (FORD) | 9382383 (SAAB) | 99322-11270 (TOYOTA) | 9932201260 (TOYOTA) | 9932251270 (TOYOTA) | 99332-11260 (TOYOTA) | 99332-11265 (TOYOTA) | 99332-61260 (TOYOTA) | 9933211275 (TOYOTA) | 9933261275 (TOYOTA) | A0059979992 (MERCEDES-BENZ),,https://webcateu.dayco.ws/img/products/VEE.jpg,https://www.dayco.com/la-es/catalog/?search=13A1275C,Transmisión,RAW-EDGE(V),,,
DAYCO,13A1300C,Correa de transmisión,CORREA DE TRANSMISIÓN,,,,,https://webcateu.dayco.ws/img/products/VEE.jpg,https://www.dayco.com/la-es/catalog/?search=13A1300C,Transmisión,RAW-EDGE(V),,,
DAYCO,13A1365C,Correa de transmisión,CORREA DE TRANSMISIÓN,,,,,https://webcateu.dayco.ws/img/products/VEE.jpg,https://www.dayco.com/la-es/catalog/?search=13A1365C,Transmisión,RAW-EDGE(V),,,
DAYCO,13A1350C,Correa de transmisión,CORREA DE TRANSMISIÓN,,,0019975892 (MERCEDES-BENZ) | 0029974492 (MERCEDES-BENZ) | 0039970392 (MERCEDES-BENZ) | 0049977992 (MERCEDES-BENZ) | 107561 (FIAT) | 236634 (DAF) | 236635 (DAF) | 3081853 (RENAULT) | 4325302 (FIAT) | 5000566546 (RENAULT) | 5000676324 (RENAULT) | 5000678324 (RENAULT) | 5000686664 (RENAULT) | 5000785370 (RENAULT) | 663F8620GAA (FORD) | 703F8620ACA (FORD) | ETC9009 (LAND ROVER),,https://webcateu.dayco.ws/img/products/VEE.jpg,https://www.dayco.com/la-es/catalog/?search=13A1350C,Transmisión,RAW-EDGE(V),,,
DAYCO,13A1045C,Correa de transmisión,CORREA DE TRANSMISIÓN,,,,,https://webcateu.dayco.ws/img/products/VEE.jpg,https://www.dayco.com/la-es/catalog/?search=13A1045C,Transmisión,RAW-EDGE(V),,,
DAYCO,700007,Manguera,MANGUERA,,,,,https://webcateu.dayco.ws/img/products/700007.jpg,https://www.dayco.com/la-es/catalog/?search=700007,Refrigeración,COOLING HOSE,,,
DAYCO,1166,Tensor genérico,TENSOR,,,,,https://webcateu.dayco.ws/img/products/1166.jpg,https://www.dayco.com/la-es/catalog/?search=1166,Auxiliar,TENSIONER&PULLEY,,,
DAYCO,7810,Tensor genérico,TENSOR,,,,,https://webcateu.dayco.ws/img/products/7810.jpg,https://www.dayco.com/la-es/catalog/?search=7810,Auxiliar,TENSIONER&PULLEY,,,
DAYCO,APV2895,Tensor auxiliar,TENSOR,,,93214266 (GENERAL MOTORS),,https://webcateu.dayco.ws/img/products/APV2895.jpg,https://www.dayco.com/la-es/catalog/?search=APV2895,Auxiliar,TENSIONER&PULLEY,,,
DAYCO,6PK1960,Correa Poly-V,CORREA POLY-V,,,60676135 (ALFA ROMEO) | 60676135 (LANCIA),,https://webcateu.dayco.ws/img/products/6PK.jpg,https://www.dayco.com/la-es/catalog/?search=6PK1960,Auxiliar,POLY-V,,,
DAYCO,176STP8M240H,Correa de distribución,CORREA DE DISTRIBUCIÓN,,,5636215 (OPEL) | 5636215 (VAUXHALL) | 5636355 (GENERAL MOTORS) | 5636355 (OPEL) | 5636355 (VAUXHALL) | 5636569 (OPEL) | 5636569 (VAUXHALL) | 5636576 (OPEL) | 5636576 (VAUXHALL) | 636569 (GENERAL MOTORS) | 636569 (OPEL) | 636569 (VAUXHALL) | 636576 (OPEL) | 636576 (VAUXHALL) | 90411775 (GENERAL MOTORS) | 90411775 (OPEL) | 90411775 (VAUXHALL) | 90466262 (OPEL) | 90466262 (VAUXHALL) | 90469986 (GENERAL MOTORS) | 90469986 (OPEL) | 90469986 (VAUXHALL) | 90469987 (OPEL) | 90469987 (VAUXHALL) | 90530598 (GENERAL MOTORS) | 90530598 (OPEL) | 90530598 (VAUXHALL) | 90531033 (GENERAL MOTORS) | 90531033 (OPEL),,https://webcateu.dayco.ws/img/products/TB.jpg,https://www.dayco.com/la-es/catalog/?search=176STP8M240H,Principal,TIMING BELT,,,
DAYCO,2038,Tensor genérico,TENSOR,,,,,https://webcateu.dayco.ws/img/products/2038.jpg,https://www.dayco.com/la-es/catalog/?search=2038,Auxiliar,TENSIONER&PULLEY,,,
DAYCO,2041,Tensor genérico,TENSOR,,,,,https://webcateu.dayco.ws/img/products/2041.jpg,https://www.dayco.com/la-es/catalog/?search=2041,Auxiliar,TENSIONER&PULLEY,,,
DAYCO,ATB2207,Tensor de distribución,TENSOR,,,5636425 (OPEL) | 636415 (OPEL) | 90411782 (OPEL) | 90411782 (VAUXHALL) | 9128736 (OPEL) | 9128738 (OPEL) | 93307189 (OPEL) | GT90540 (GMB),,https://webcateu.dayco.ws/img/products/ATB2207.jpg,https://www.dayco.com/la-es/catalog/?search=ATB2207,Principal,TENSIONER&PULLEY,,,
DAYCO,ATB2291,Tensor de distribución,TENSOR,,,636416 (OPEL) | 90411773 (OPEL) | GT60580 (GMB),,https://webcateu.dayco.ws/img/products/ATB2291.jpg,https://www.dayco.com/la-es/catalog/?search=ATB2291,Principal,TENSIONER&PULLEY,,,
DAYCO,KIT-9011,Kit de distribución,KIT DISTRIBUCION,,,,,https://webcateu.dayco.ws/img/products/KIT-9011.jpg,https://www.dayco.com/la-es/catalog/?search=KIT-9011,Principal,TIMING BELT KIT,,,
DAYCO,KTB173,Kit de distribución,KIT DISTRIBUCION,,,1606193 (GENERAL MOTORS) | 1606193 (OPEL) | 1606193 (VAUXHALL) | 93174262 (GENERAL MOTORS) | 93174262 (OPEL) | 93174262 (VAUXHALL),,https://webcateu.dayco.ws/img/products/KTB173.jpg,https://www.dayco.com/la-es/catalog/?search=KTB173,Principal,TIMING BELT KIT,,,
DAYCO,KTC1635,Kit cadena de distribución,KIT DISTRIBUCION,,,,,https://webcateu.dayco.ws/img/products/KTC1635.jpg,https://www.dayco.com/la-es/catalog/?search=KTC1635,Principal,CHAIN KIT,,,
DAYCO,6PK2550,Correa Poly-V,CORREA POLY-V,,,252122G700 (HYUNDAI) | 252122G700 (KIA) | 252122G750 (HYUNDAI) | 252122G750 (KIA) | 4029203 (SAAB) | 4356903 (SAAB) | 4395455 (SAAB) | 4891598AB (DODGE) | 4891598AB (JEEP) | 4904116 (SAAB) | 90490727 (OPEL) | 93185051 (GENERAL MOTORS) | 93185051 (SAAB),,https://webcateu.dayco.ws/img/products/6PK.jpg,https://www.dayco.com/la-es/catalog/?search=6PK2550,Auxiliar,POLY-V,,,
DAYCO,6PK2360,Correa Poly-V,CORREA POLY-V,,,12584310 (GENERAL MOTORS),,https://webcateu.dayco.ws/img/products/6PK.jpg,https://www.dayco.com/la-es/catalog/?search=6PK2360,Auxiliar,POLY-V,,,
DAYCO,13A1525C,Correa de transmisión,CORREA DE TRANSMISIÓN,,,0039972792 (MERCEDES-BENZ) | 0197811524 (HYUNDAI) | 13H2096 (ROVER) | 179648 (SAAB) | 1854716 (GENERAL MOTORS) | 197811524 (HYUNDAI) | 39972792 (MERCEDES-BENZ) | 4176054 (FIAT) | 8-94146-2300 (ISUZU) | 8-94146-4230 (ISUZU) | 8-94146-4240 (ISUZU) | 8-94434-9260 (ISUZU) | 82PF10N003AA (FORD) | 94146423 (GENERAL MOTORS) | 94434926 (GENERAL MOTORS),,https://webcateu.dayco.ws/img/products/VEE.jpg,https://www.dayco.com/la-es/catalog/?search=13A1525C,Transmisión,RAW-EDGE(V),,,
DAYCO,10A1060C,Correa de transmisión,CORREA DE TRANSMISIÓN,,,,,https://webcateu.dayco.ws/img/products/VEE.jpg,https://www.dayco.com/la-es/catalog/?search=10A1060C,Transmisión,RAW-EDGE(V),,,
DAYCO,10A1090C,Correa de transmisión,CORREA DE TRANSMISIÓN,,,4343490 (FIAT) | 5750G5 (PEUGEOT) | MD313660 (MITSUBISHI) | MD313662 (MITSUBISHI),,https://webcateu.dayco.ws/img/products/VEE.jpg,https://www.dayco.com/la-es/catalog/?search=10A1090C,Transmisión,RAW-EDGE(V),,,
DAYCO,13A1325C,Correa de transmisión,CORREA DE TRANSMISIÓN,,,023260849 (VOLKSWAGEN) | 4537928 (FIAT) | 4617480 (FIAT) | 4650438 (FIAT) | 4717332 (FIAT),,https://webcateu.dayco.ws/img/products/VEE.jpg,https://www.dayco.com/la-es/catalog/?search=13A1325C,Transmisión,RAW-EDGE(V),,,
DAYCO,10A0925C,Correa de transmisión,CORREA DE TRANSMISIÓN,,,0009977192 (MERCEDES-BENZ) | 0029978392 (MERCEDES-BENZ) | 0049970892 (MERCEDES-BENZ) | 0059975892 (MERCEDES-BENZ) | 007753009507 (MERCEDES-BENZ) | 028903137 (VOLKSWAGEN) | 10155-5345 (SKODA) | 119000210300 (ALFA ROMEO) | 119280210300 (ALFA ROMEO) | 1340622 (GENERAL MOTORS) | 1340656 (OPEL) | 1340679 (GENERAL MOTORS) | 1340709 (OPEL) | 1340709 (VAUXHALL) | 1340713 (GENERAL MOTORS) | 1340729 (GENERAL MOTORS) | 1340738 (OPEL) | 1340738 (VAUXHALL) | 13H503 (ROVER) | 1502917 (FORD) | 1503619 (FORD) | 1503819 (FORD) | 224810 (PEUGEOT) | 225263 (PEUGEOT) | 260469A (FERRARI) | 2614A026 (AUSTIN) | 2614A026 (MG) | 2614A026 (ROVER) | 2614A026 (TRIUMPH) | 3013010 (OPEL) | 3013010 (VAUXHALL) | 3013021 (OPEL) | 3013021 (VAUXHALL) | 4099600 (TALBOT) | 40996V (TALBOT) | 4619689 (FIAT) | 4619691 (FIAT) | 4758123 (IVECO) | 4765100 (FIAT) | 574922 (PEUGEOT) | 575052 (PEUGEOT) | 575063 (PEUGEOT) | 5750G3 (CITROEN) | 5750SR (PEUGEOT) | 5882989 (FIAT) | 6156360 (FORD) | 6322716 (BEDFORD) | 6322716 (VAUXHALL) | 6355813 (BEDFORD) | 6355813 (VAUXHALL) | 715F2890AA (FORD) | 715F2890AAA (FORD) | 715F2890ABA (FORD) | 7303004 (FIAT) | 8546797 (RENAULT) | 8551364 (RENAULT) | 8555157 (RENAULT) | 85BB6C301AA (FORD) | 8816645 (BEDFORD) | 90006266 (GENERAL MOTORS) | 90048-32035 (DAIHATSU) | 90048-32036 (DAIHATSU) | 90169195 (GENERAL MOTORS) | 90353137 (GENERAL MOTORS) | 90397190 (GENERAL MOTORS) | 90442073 (GENERAL MOTORS) | 90502286 (GENERAL MOTORS) | 9091602076 (TOYOTA) | 91506949 (PEUGEOT) | 9150694980 (FIAT) | 91536700 (PEUGEOT) | 9153670080 (FIAT) | 950354 (VOLVO) | 958307 (VOLVO) | 958352 (VOLVO) | 95X925N275 (MERCEDES-BENZ) | 966965 (VOLVO) | 973537 (VOLVO) | 973982 (VOLVO) | 977260 (VOLVO) | 99521-10929 (TOYOTA) | 9952110929 (DAIHATSU) | C13593 (JAGUAR) | GCB10876 (AUSTIN) | GCB10914 (ROVER) | GFB101 (ROVER) | N23613715C (MAZDA) | RKC5233 (ROVER) | UE34569 (ROVER),,https://webcateu.dayco.ws/img/products/VEE.jpg,https://www.dayco.com/la-es/catalog/?search=10A0925C,Transmisión,RAW-EDGE(V),,,
DAYCO,700027,Manguera,MANGUERA,,,,,https://webcateu.dayco.ws/img/products/700027.jpg,https://www.dayco.com/la-es/catalog/?search=700027,Refrigeración,COOLING HOSE,,,
DAYCO,700031,Manguera,MANGUERA,,,,,https://webcateu.dayco.ws/img/products/700031.jpg,https://www.dayco.com/la-es/catalog/?search=700031,Refrigeración,COOLING HOSE,,,
DAYCO,700033,Manguera,MANGUERA,,,,,https://webcateu.dayco.ws/img/products/700033.jpg,https://www.dayco.com/la-es/catalog/?search=700033,Refrigeración,COOLING HOSE,,,
DAYCO,700036,Manguera,MANGUERA,,,,,https://webcateu.dayco.ws/img/products/700036.jpg,https://www.dayco.com/la-es/catalog/?search=700036,Refrigeración,COOLING HOSE,,,
DAYCO,700037,Manguera,MANGUERA,,,,,https://webcateu.dayco.ws/img/products/700037.jpg,https://www.dayco.com/la-es/catalog/?search=700037,Refrigeración,COOLING HOSE,,,
DAYCO,73203,Manguera,MANGUERA,,,93337572 (GENERAL MOTORS),,https://webcateu.dayco.ws/img/products/73203.jpg,https://www.dayco.com/la-es/catalog/?search=73203,Refrigeración,COOLING HOSE,,,
DAYCO,73217,Manguera,MANGUERA,,,93337573 (GENERAL MOTORS),,https://webcateu.dayco.ws/img/products/73217.jpg,https://www.dayco.com/la-es/catalog/?search=73217,Refrigeración,COOLING HOSE,,,
DAYCO,7792,Tensor genérico,TENSOR,,,,,https://webcateu.dayco.ws/img/products/7792.jpg,https://www.dayco.com/la-es/catalog/?search=7792,Auxiliar,TENSIONER&PULLEY,,,
DAYCO,7792CP,Tensor genérico,TENSOR,,,,,https://webcateu.dayco.ws/img/products/7792CP.jpg,https://www.dayco.com/la-es/catalog/?search=7792CP,Auxiliar,TENSIONER&PULLEY,,,
DAYCO,900048,Manguera,MANGUERA,,,,,https://webcateu.dayco.ws/img/products/900048.jpg,https://www.dayco.com/la-es/catalog/?search=900048,Refrigeración,HOSE,,,
DAYCO,ATB2201,Tensor de distribución,TENSOR,,,09117695 (VAUXHALL) | 5636721 (OPEL) | 5636722 (OPEL) | 5636722 (VAUXHALL) | 636722 (OPEL) | 636734 (OPEL) | 636740 (OPEL) | 636748 (OPEL) | 636749 (OPEL) | 90202478 (VAUXHALL) | 90353176 (DAEWOO) | 90353176 (GENERAL MOTORS) | 90353176 (OPEL) | 90353176 (VAUXHALL) | 90498401 (DAEWOO) | 90499101 (OPEL) | 90499401 (DAEWOO) | 90499401 (GENERAL MOTORS) | 90499401 (OPEL) | 90499401 (VAUXHALL) | 90570525 (GENERAL MOTORS) | 90570525 (OPEL) | 90570525 (VAUXHALL) | 9117695 (OPEL) | 9192178 (OPEL) | 9202478 (DAEWOO) | 9202478 (GENERAL MOTORS) | 9202478 (OPEL) | 9202478 (VAUXHALL),,https://webcateu.dayco.ws/img/products/ATB2201.jpg,https://www.dayco.com/la-es/catalog/?search=ATB2201,Principal,TENSIONER&PULLEY,,,
DAYCO,KIT-9007,Kit de distribución,KIT DISTRIBUCION,,,,,https://webcateu.dayco.ws/img/products/KIT-9007.jpg,https://www.dayco.com/la-es/catalog/?search=KIT-9007,Principal,TIMING BELT KIT,,,
DAYCO,KTB221,Kit de distribución,KIT DISTRIBUCION,,,1606368 (GENERAL MOTORS) | 1606368 (OPEL) | 1606368 (VAUXHALL) | 1606369 (GENERAL MOTORS) | 1606369 (OPEL) | 1606369 (VAUXHALL) | 1629063 (GENERAL MOTORS) | 1629063 (OPEL) | 1629063 (VAUXHALL) | 93188125 (GENERAL MOTORS) | 93188125 (OPEL) | 93188125 (VAUXHALL) | 93188126 (GENERAL MOTORS) | 93188126 (OPEL) | 93188126 (VAUXHALL) | 95516736 (GENERAL MOTORS) | 95516736 (OPEL) | 95516736 (VAUXHALL),,https://webcateu.dayco.ws/img/products/KTB221.jpg,https://www.dayco.com/la-es/catalog/?search=KTB221,Principal,TIMING BELT KIT,,,
DAYCO,700035,Manguera,MANGUERA,,,,,https://webcateu.dayco.ws/img/products/700035.jpg,https://www.dayco.com/la-es/catalog/?search=700035,Refrigeración,COOLING HOSE,,,
DAYCO,700039,Manguera,MANGUERA,,,,,https://webcateu.dayco.ws/img/products/700039.jpg,https://www.dayco.com/la-es/catalog/?search=700039,Refrigeración,COOLING HOSE,,,
DAYCO,700040,Manguera,MANGUERA,,,,,https://webcateu.dayco.ws/img/products/700040.jpg,https://www.dayco.com/la-es/catalog/?search=700040,Refrigeración,COOLING HOSE,,,
DAYCO,KTBWP2214,Kit de bomba de agua,KIT BOMBA DE AGUA,,,,,https://webcateu.dayco.ws/img/products/KTBWP2214.jpg,https://www.dayco.com/la-es/catalog/?search=KTBWP2214,Principal,KIT WATER PUMP,,,
DAYCO,5PK1215,Correa Poly-V,CORREA POLY-V,,,55240004 (ALFA ROMEO),,https://webcateu.dayco.ws/img/products/5PK.jpg,https://www.dayco.com/la-es/catalog/?search=5PK1215,Auxiliar,POLY-V,,,
DAYCO,5PK1740,Correa Poly-V,CORREA POLY-V,,,,,https://webcateu.dayco.ws/img/products/5PK.jpg,https://www.dayco.com/la-es/catalog/?search=5PK1740,Auxiliar,POLY-V,,,
DAYCO,5PK938,Correa Poly-V,CORREA POLY-V,,,11720-52F10 (NISSAN) | 1172052F01 (NISSAN) | 1340637 (GENERAL MOTORS) | 1340637 (OPEL) | 1340637 (VAUXHALL) | 19230PHM505 (HONDA) | 31110PD6003 (HONDA) | 31110PD6004 (HONDA) | 46403854 (FIAT) | 46403854 (LANCIA) | 46462944 (FIAT) | 46462944 (LANCIA) | 46542138 (FIAT) | 46542138 (LANCIA) | 46738444 (FIAT) | 46738444 (LANCIA) | 55192799 (ALFA ROMEO) | 55192799 (FIAT) | 55192799 (LANCIA) | 60809160 (FIAT) | 60809160 (LANCIA) | 6340656 (GENERAL MOTORS) | 6340656 (OPEL) | 6340656 (VAUXHALL) | 71739905 (ALFA ROMEO) | 71739905 (FIAT) | 71739905 (LANCIA) | 7749145 (ALFA ROMEO) | 7749145 (FIAT) | 7749145 (LANCIA) | 7761147 (FIAT) | 7761147 (LANCIA) | 90571612 (GENERAL MOTORS) | 9117589 (GENERAL MOTORS) | 9117589 (OPEL) | 9117589 (VAUXHALL) | 9117590 (GENERAL MOTORS) | 9117590 (OPEL) | 9117590 (VAUXHALL) | 9224369 (GENERAL MOTORS) | 9224369AA (GENERAL MOTORS) | 93182264 (GENERAL MOTORS) | 93182264 (OPEL) | 93182264 (VAUXHALL) | MD349465 (MITSUBISHI) | MD367429 (DODGE),,https://webcateu.dayco.ws/img/products/5PK.jpg,https://www.dayco.com/la-es/catalog/?search=5PK938,Auxiliar,POLY-V,,,
DAYCO,6PK1795,Correa Poly-V,CORREA POLY-V,,,036145933AS (VOLKSWAGEN) | 11287800485 (BMW) | 11288512247 (BMW) | 11288575057 (BMW) | 1172000Q1M (NISSAN) | 1172000QAK (NISSAN) | 1195000Q0D (NISSAN) | 1195000Q0F (NISSAN) | 1195000QAA (NISSAN) | 1195000QAB (NISSAN) | 1340052 (GENERAL MOTORS) | 1340607 (GENERAL MOTORS) | 1340607 (OPEL) | 1340607 (VAUXHALL) | 1340616 (GENERAL MOTORS) | 1340616 (OPEL) | 1340616 (VAUXHALL) | 1340646 (GENERAL MOTORS) | 1340646 (OPEL) | 1340646 (VAUXHALL) | 1340745 (GENERAL MOTORS) | 1340745 (OPEL) | 1340745 (VAUXHALL) | 1752157L01 (SUZUKI) | 30621318 (VOLVO) | 30883832 (VOLVO) | 31272251 (VOLVO) | 31272339 (VOLVO) | 4410172 (OPEL) | 4410172 (VAUXHALL) | 4418773 (OPEL) | 4418809 (OPEL) | 4418809 (VAUXHALL) | 4431986 (OPEL) | 4506181 (OPEL) | 4506181 (VAUXHALL) | 4575486 (SAAB) | 46555974 (ALFA ROMEO) | 46555974 (FIAT) | 46556131 (FIAT) | 547570 (GENERAL MOTORS) | 55565240 (CHEVROLET) | 55565241 (CHEVROLET) | 55565242 (CHEVROLET) | 55566743 (CHEVROLET) | 55566744 (CHEVROLET) | 55582735 (GENERAL MOTORS) | 60674147 (FIAT) | 60815805 (ALFA ROMEO) | 60815805 (FIAT) | 60816055 (ALFA ROMEO) | 60816055 (FIAT) | 6768619 (FORD) | 6PK1795 (BMW) | 71719395 (ALFA ROMEO) | 71719395 (FIAT) | 71732394 (FIAT) | 71739916 (ALFA ROMEO) | 71739916 (FIAT) | 71753872 (FIAT) | 7700109477 (MITSUBISHI) | 7700109477 (NISSAN) | 7700109477 (OPEL) | 7700109477 (RENAULT) | 8200113203 (NISSAN) | 8200113203 (OPEL) | 8200113203 (RENAULT) | 8200833549 (RENAULT) | 8200833570 (NISSAN) | 8200833570 (RENAULT) | 88WF6C301G1A (FORD) | 90411028 (GENERAL MOTORS) | 90411028 (OPEL) | 90411028 (VAUXHALL) | 90444423 (GENERAL MOTORS) | 90444423 (OPEL) | 90444423 (VAUXHALL) | 90500624 (GENERAL MOTORS) | 90510253 (GENERAL MOTORS) | 90510253 (OPEL) | 90510253 (VAUXHALL) | 90510254 (VAUXHALL) | 9129465 (OPEL) | 9129465 (VAUXHALL) | 9180702 (VOLVO) | 9201850 (GENERAL MOTORS) | 9201850 (OPEL) | 9201850 (VAUXHALL) | 93160191 (GENERAL MOTORS) | 93160191 (OPEL) | 93196186 (GENERAL MOTORS) | 93196186 (OPEL) | 93196393 (OPEL) | 93196393 (VAUXHALL) | 93198391 (VAUXHALL) | AS0315909 (MAZDA) | F02Z8620A (FORD) | M883832 (MITSUBISHI) | MN158794 (MITSUBISHI) | MZ690266 (MITSUBISHI),,https://webcateu.dayco.ws/img/products/6PK.jpg,https://www.dayco.com/la-es/catalog/?search=6PK1795,Auxiliar,POLY-V,,,
DAYCO,KTBWP2210,Kit de bomba de agua,KIT BOMBA DE AGUA,,,,,https://webcateu.dayco.ws/img/products/KTBWP2210.jpg,https://www.dayco.com/la-es/catalog/?search=KTBWP2210,Principal,KIT WATER PUMP,,,
DAYCO,1223,Tensor genérico,TENSOR,,,,,https://webcateu.dayco.ws/img/products/1223.jpg,https://www.dayco.com/la-es/catalog/?search=1223,Auxiliar,TENSIONER&PULLEY,,,
DAYCO,APV2122,Tensor auxiliar,TENSOR,,,1340513 (GENERAL MOTORS) | 1340513 (OPEL) | 1340535 (GENERAL MOTORS) | 1340535 (OPEL) | 1340535 (SAAB) | 90409238 (GENERAL MOTORS) | 90409238 (OPEL) | 90409238 (VAUXHALL),,https://webcateu.dayco.ws/img/products/APV2122.jpg,https://www.dayco.com/la-es/catalog/?search=APV2122,Auxiliar,TENSIONER&PULLEY,,,
DAYCO,6PK1780,Correa Poly-V,CORREA POLY-V,,,,,https://webcateu.dayco.ws/img/products/6PK.jpg,https://www.dayco.com/la-es/catalog/?search=6PK1780,Auxiliar,POLY-V,,,
DAYCO,5PK878EE,Correa Poly-V,CORREA POLY-V,,,,,https://webcateu.dayco.ws/img/products/5PK.jpg,https://www.dayco.com/la-es/catalog/?search=5PK878EE,Auxiliar,POLY-V,,,
DAYCO,73205,Manguera,MANGUERA,,,93319451 (GENERAL MOTORS),,https://webcateu.dayco.ws/img/products/73205.jpg,https://www.dayco.com/la-es/catalog/?search=73205,Refrigeración,COOLING HOSE,,,
DAYCO,5PK1795,Correa Poly-V,CORREA POLY-V,,,24584516 (GENERAL MOTORS) | 94702060 (GENERAL MOTORS),,https://webcateu.dayco.ws/img/products/5PK.jpg,https://www.dayco.com/la-es/catalog/?search=5PK1795,Auxiliar,POLY-V,,,
DAYCO,73204,Manguera,MANGUERA,,,93260410 (GENERAL MOTORS),,https://webcateu.dayco.ws/img/products/73204.jpg,https://www.dayco.com/la-es/catalog/?search=73204,Refrigeración,COOLING HOSE,,,
DAYCO,099S150,Correa de distribución,CORREA DE DISTRIBUCIÓN,,,,,https://webcateu.dayco.ws/img/products/TB.jpg,https://www.dayco.com/la-es/catalog/?search=099S150,Principal,TIMING BELT,,,
DAYCO,10A0910C,Correa de transmisión,CORREA DE TRANSMISIÓN,,,,,https://webcateu.dayco.ws/img/products/VEE.jpg,https://www.dayco.com/la-es/catalog/?search=10A0910C,Transmisión,RAW-EDGE(V),,,
DAYCO,7783,Tensor genérico,TENSOR,,,,,https://webcateu.dayco.ws/img/products/7783.jpg,https://www.dayco.com/la-es/catalog/?search=7783,Auxiliar,TENSIONER&PULLEY,,,
DAYCO,ATB2581,Tensor de distribución,TENSOR,,,08966821 (GENERAL MOTORS) | 09275148 (GENERAL MOTORS),,https://webcateu.dayco.ws/img/products/ATB2581.jpg,https://www.dayco.com/la-es/catalog/?search=ATB2581,Principal,TENSIONER&PULLEY,,,
DAYCO,KIT-9024,Kit de distribución,KIT DISTRIBUCION,,,,,https://webcateu.dayco.ws/img/products/KIT-9024.jpg,https://www.dayco.com/la-es/catalog/?search=KIT-9024,Principal,TIMING BELT KIT,,,
DAYCO,KTB099,Kit de distribución,KIT DISTRIBUCION,,,,,https://webcateu.dayco.ws/img/products/KTB099.jpg,https://www.dayco.com/la-es/catalog/?search=KTB099,Principal,TIMING BELT KIT,,,
DAYCO,5PK1790,Correa Poly-V,CORREA POLY-V,,,0009932996 (MERCEDES-BENZ) | 0009932996 (MITSUBISHI) | 0009932996 (SMART (MCC)) | 0019932896 (MERCEDES-BENZ) | 0019932896 (SMART (MCC)) | 1340A001 (MITSUBISHI) | 1340A035 (MITSUBISHI) | 19932896 (MERCEDES-BENZ) | 19932896 (SMART (MCC)) | 25212-2A840 (HYUNDAI) | 252122A000 (KIA) | 252122A001 (HYUNDAI) | 252122A001 (KIA) | 9932996 (MERCEDES-BENZ) | 9932996 (MITSUBISHI) | 9932996 (SMART (MCC)) | A0009932996 (MERCEDES-BENZ) | A0019932896 (MERCEDES-BENZ) | GFB91790 (ROVER) | GMB51780 (ROVER) | GMB51790 (ROVER) | PQS100950EVA (ROVER) | S1340A001 (MITSUBISHI) | S1340A035 (MITSUBISHI),,https://webcateu.dayco.ws/img/products/5PK.jpg,https://www.dayco.com/la-es/catalog/?search=5PK1790,Auxiliar,POLY-V,,,
DAYCO,5PK1051EE,Correa Poly-V,CORREA POLY-V,,,24586382 (GENERAL MOTORS),,https://webcateu.dayco.ws/img/products/5PK.jpg,https://www.dayco.com/la-es/catalog/?search=5PK1051EE,Auxiliar,POLY-V,,,
DAYCO,5PK1770,Correa Poly-V,CORREA POLY-V,,,12627134 (GENERAL MOTORS),,https://webcateu.dayco.ws/img/products/5PK.jpg,https://www.dayco.com/la-es/catalog/?search=5PK1770,Auxiliar,POLY-V,,,
DAYCO,700030,Manguera,MANGUERA,,,,,https://webcateu.dayco.ws/img/products/700030.jpg,https://www.dayco.com/la-es/catalog/?search=700030,Refrigeración,COOLING HOSE,,,
DAYCO,700032,Manguera,MANGUERA,,,,,https://webcateu.dayco.ws/img/products/700032.jpg,https://www.dayco.com/la-es/catalog/?search=700032,Refrigeración,COOLING HOSE,,,
DAYCO,700034,Manguera,MANGUERA,,,,,https://webcateu.dayco.ws/img/products/700034.jpg,https://www.dayco.com/la-es/catalog/?search=700034,Refrigeración,COOLING HOSE,,,
DAYCO,73278,Manguera,MANGUERA,,,94748535 (GENERAL MOTORS),,https://webcateu.dayco.ws/img/products/73278.jpg,https://www.dayco.com/la-es/catalog/?search=73278,Refrigeración,COOLING HOSE,,,
DAYCO,APV4173,Tensor auxiliar,TENSOR,,,,,https://webcateu.dayco.ws/img/products/APV4173.jpg,https://www.dayco.com/la-es/catalog/?search=APV4173,Auxiliar,TENSIONER&PULLEY,,,
DAYCO,700028,Manguera,MANGUERA,,,,,https://webcateu.dayco.ws/img/products/700028.jpg,https://www.dayco.com/la-es/catalog/?search=700028,Refrigeración,COOLING HOSE,,,
DAYCO,KTBWP2213,Kit de bomba de agua,KIT BOMBA DE AGUA,,,,,https://webcateu.dayco.ws/img/products/KTBWP2213.jpg,https://www.dayco.com/la-es/catalog/?search=KTBWP2213,Principal,KIT WATER PUMP,,,
DAYCO,1163,Tensor genérico,TENSOR,,,,,https://webcateu.dayco.ws/img/products/1163.jpg,https://www.dayco.com/la-es/catalog/?search=1163,Auxiliar,TENSIONER&PULLEY,,,
DAYCO,169STP8M200H,Correa de distribución,CORREA DE DISTRIBUCIÓN,,,24451896 (GENERAL MOTORS) | 24451896 (OPEL) | 24451896 (VAUXHALL) | 5636357 (OPEL) | 5636357 (VAUXHALL) | 5636362 (OPEL) | 5636362 (VAUXHALL) | 5636561 (GENERAL MOTORS) | 5636561 (OPEL) | 5636561 (VAUXHALL) | 5636565 (GENERAL MOTORS) | 5636565 (OPEL) | 5636565 (VAUXHALL) | 636575 (OPEL) | 636575 (VAUXHALL) | 90412711 (GENERAL MOTORS) | 90412711 (OPEL) | 90412711 (VAUXHALL) | 90412993 (OPEL) | 90531679 (GENERAL MOTORS) | 90531679 (OPEL) | 90531679 (VAUXHALL) | 90531680 (GENERAL MOTORS) | 90531680 (OPEL) | 90531680 (VAUXHALL) | 9128724 (GENERAL MOTORS) | 9128724 (OPEL) | 9128724 (VAUXHALL) | VT250 (IVECO),,https://webcateu.dayco.ws/img/products/TB.jpg,https://www.dayco.com/la-es/catalog/?search=169STP8M200H,Principal,TIMING BELT,,,
DAYCO,2039,Tensor genérico,TENSOR,,,,,https://webcateu.dayco.ws/img/products/2039.jpg,https://www.dayco.com/la-es/catalog/?search=2039,Auxiliar,TENSIONER&PULLEY,,,
DAYCO,2039CP,Tensor genérico,TENSOR,,,,,https://webcateu.dayco.ws/img/products/2039CP.jpg,https://www.dayco.com/la-es/catalog/?search=2039CP,Auxiliar,TENSIONER&PULLEY,,,
DAYCO,2040,Tensor genérico,TENSOR,,,,,https://webcateu.dayco.ws/img/products/2040.jpg,https://www.dayco.com/la-es/catalog/?search=2040,Auxiliar,TENSIONER&PULLEY,,,
DAYCO,2040CP,Tensor genérico,TENSOR,,,,,https://webcateu.dayco.ws/img/products/2040CP.jpg,https://www.dayco.com/la-es/catalog/?search=2040CP,Auxiliar,TENSIONER&PULLEY,,,
DAYCO,6PK1525,Correa Poly-V,CORREA POLY-V,,,,,https://webcateu.dayco.ws/img/products/6PK.jpg,https://www.dayco.com/la-es/catalog/?search=6PK1525,Auxiliar,POLY-V,,,
DAYCO,6PK1540,Correa Poly-V,CORREA POLY-V,,,,,https://webcateu.dayco.ws/img/products/6PK.jpg,https://www.dayco.com/la-es/catalog/?search=6PK1540,Auxiliar,POLY-V,,,
DAYCO,6PK1580,Correa Poly-V,CORREA POLY-V,,,,,https://webcateu.dayco.ws/img/products/6PK.jpg,https://www.dayco.com/la-es/catalog/?search=6PK1580,Auxiliar,POLY-V,,,
DAYCO,6PK895,Correa Poly-V,CORREA POLY-V,,,,,https://webcateu.dayco.ws/img/products/6PK.jpg,https://www.dayco.com/la-es/catalog/?search=6PK895,Auxiliar,POLY-V,,,
DAYCO,73244,Manguera,MANGUERA,,,90467442 (GENERAL MOTORS),,https://webcateu.dayco.ws/img/products/73244.jpg,https://www.dayco.com/la-es/catalog/?search=73244,Refrigeración,COOLING HOSE,,,
DAYCO,7793,Tensor genérico,TENSOR,,,,,https://webcateu.dayco.ws/img/products/7793.jpg,https://www.dayco.com/la-es/catalog/?search=7793,Auxiliar,TENSIONER&PULLEY,,,
DAYCO,7793CP,Tensor genérico,TENSOR,,,,,https://webcateu.dayco.ws/img/products/7793CP.jpg,https://www.dayco.com/la-es/catalog/?search=7793CP,Auxiliar,TENSIONER&PULLEY,,,
DAYCO,APV3076,Tensor auxiliar,TENSOR,,,,,https://webcateu.dayco.ws/img/products/APV3076.jpg,https://www.dayco.com/la-es/catalog/?search=APV3076,Auxiliar,TENSIONER&PULLEY,,,
DAYCO,ATB2190,Tensor de distribución,TENSOR,,,5636415 (OPEL) | 5636419 (OPEL) | 5636427 (OPEL) | 90411273 (OPEL) | 904112731 (OPEL) | 90412731 (GENERAL MOTORS) | 90412731 (VAUXHALL) | 90570913 (GENERAL MOTORS) | 90570913 (OPEL) | 90570913 (VAUXHALL) | 91128740 (OPEL) | 9128740 (GENERAL MOTORS) | 9128740 (OPEL) | 9128740 (VAUXHALL) | GT60570 (GMB),,https://webcateu.dayco.ws/img/products/ATB2190.jpg,https://www.dayco.com/la-es/catalog/?search=ATB2190,Principal,TENSIONER&PULLEY,,,
DAYCO,ATB2192,Tensor de distribución,TENSOR,,,09128739 (CHEVROLET) | 55350580 (GENERAL MOTORS) | 55350580 (OPEL) | 5536455 (OPEL) | 5536455 (VAUXHALL) | 56 36 416 (OPEL) | 5636416 (VAUXHALL) | 5636426 (OPEL) | 5636455 (OPEL) | 90412730 (GENERAL MOTORS) | 90412739 (CHEVROLET) | 90412739 (OPEL) | 90412739 (VAUXHALL) | 9128739 (GENERAL MOTORS) | 9128739 (SAAB) | 9128739 (VAUXHALL) | 96413863 (GENERAL MOTORS) | GT60560 (GMB),,https://webcateu.dayco.ws/img/products/ATB2192.jpg,https://www.dayco.com/la-es/catalog/?search=ATB2192,Principal,TENSIONER&PULLEY,,,
DAYCO,ATB2294,Tensor de distribución,TENSOR,,,09128516 (GENERAL MOTORS) | 09128656 (GENERAL MOTORS) | 24426500 (GENERAL MOTORS) | 24426500 (OPEL) | 24426500 (VAUXHALL) | 55567191 (GENERAL MOTORS) | 55567191 (OPEL) | 55567191 (VAUXHALL) | 5636732 (OPEL) | 5636733 (OPEL) | 5636740 (OPEL) | 636654 (OPEL) | 636725 (OPEL) | 636739 (OPEL) | 90412783 (GENERAL MOTORS) | 90412783 (OPEL) | 90412783 (VAUXHALL) | 90530123 (GENERAL MOTORS) | 90530123 (OPEL) | 90530123 (VAUXHALL) | 9128516 (GENERAL MOTORS) | 9128516 (OPEL) | 9128516 (VAUXHALL) | 9128656 (GENERAL MOTORS) | 9128656 (OPEL) | 9128656 (VAUXHALL),,https://webcateu.dayco.ws/img/products/ATB2294.jpg,https://www.dayco.com/la-es/catalog/?search=ATB2294,Principal,TENSIONER&PULLEY,,,
DAYCO,ATB2582,Tensor de distribución,TENSOR,,,,,https://webcateu.dayco.ws/img/products/ATB2582.jpg,https://www.dayco.com/la-es/catalog/?search=ATB2582,Principal,TENSIONER&PULLEY,,,
DAYCO,KIT-9012,Kit de distribución,KIT DISTRIBUCION,,,,,https://webcateu.dayco.ws/img/products/KIT-9012.jpg,https://www.dayco.com/la-es/catalog/?search=KIT-9012,Principal,TIMING BELT KIT,,,
DAYCO,KTB252,Kit de distribución,KIT DISTRIBUCION,,,1606190 (GENERAL MOTORS) | 1606190 (OPEL) | 1606190 (VAUXHALL) | 1606274 (OPEL) | 1606274 (VAUXHALL) | 1629061 (OPEL) | 1629061 (VAUXHALL) | 93174120 (GENERAL MOTORS) | 93174120 (OPEL) | 93174120 (VAUXHALL) | 93180219 (GENERAL MOTORS) | 93180219 (OPEL) | 93180219 (VAUXHALL) | 95516734 (GENERAL MOTORS) | 95516734 (OPEL) | 95516734 (VAUXHALL),,https://webcateu.dayco.ws/img/products/KTB252.jpg,https://www.dayco.com/la-es/catalog/?search=KTB252,Principal,TIMING BELT KIT,,,
DAYCO,10A0900C,Correa de transmisión,CORREA DE TRANSMISIÓN,,,0019973792 (MERCEDES-BENZ) | 0019973792 (SEAT) | 007753009502 (MERCEDES-BENZ) | 02117-90013 (NISSAN) | 02117-90513 (NISSAN) | 046903137 (VOLKSWAGEN) | 053903137 (AUDI) | 062145271A (VOLKSWAGEN) | 11720-0F300 (NISSAN) | 11720-E3001 (NISSAN) | 11720-E3005 (NISSAN) | 11720-N8500 (NISSAN) | 11720-N9700 (NISSAN) | 11720-P0300 (NISSAN) | 125772 (FERRARI) | 1336671 (VOLVO) | 1340697 (GENERAL MOTORS) | 1340703 (GENERAL MOTORS) | 1340739 (GENERAL MOTORS) | 13H8310 (ROVER) | 13H923 (ROVER) | 151515 (ROVER) | 1634741 (FORD) | 1952516 (FORD) | 26169000 (DODGE) | 3013012 (OPEL) | 3013022 (OPEL) | 32411258276 (BMW) | 32411266766 (BMW) | 32411266788 (BMW) | 32421711065 (BMW) | 32421711067 (BMW) | 34402332 (INNOCENTI) | 55421100 (TALBOT) | 56992-PC6-003 (HONDA) | 56992-PG6-003 (HONDA) | 56992-PG6-004 (HONDA) | 56992-PH1-003 (HONDA) | 56992-PH1-004 (HONDA) | 56992PC60030 (HONDA) | 56992PC6004 (HONDA) | 56992PH3004 (HONDA) | 56992PJ7003 (HONDA) | 56992PJ7004 (HONDA) | 575029 (PEUGEOT) | 575032 (PEUGEOT) | 596433 (ROVER) | 6340655 (GENERAL MOTORS) | 7301775 (FIAT) | 7302203 (FIAT) | 80911-0290 (SUBARU) | 80911-0380 (SUBARU) | 90016654 (VAUXHALL) | 90075047246 (DODGE) | 90091743 (BEDFORD) | 90352615 (GENERAL MOTORS) | 90448698 (GENERAL MOTORS) | 90916-02074 (TOYOTA) | 95X900N275 (MERCEDES-BENZ) | 99321-00895 (TOYOTA) | 99321-00898 (TOYOTA) | 99321-50895 (TOYOTA) | 99521-10897 (TOYOTA) | 99521-10902 (TOYOTA) | 9952110987 (TOYOTA) | A17200F300 (NISSAN) | C29607 (JAGUAR) | GFB103 (ROVER) | GFB10900 (ROVER) | GFB176 (ROVER) | IG2716 (ROVER) | IH1001 (ROVER) | N30413715 (MAZDA) | TCK0366 (ROVER) | TKC386 (ROVER) | V86BB6C301AA (FORD),,https://webcateu.dayco.ws/img/products/VEE.jpg,https://www.dayco.com/la-es/catalog/?search=10A0900C,Transmisión,RAW-EDGE(V),,,
DAYCO,5PK902EE,Correa Poly-V,CORREA POLY-V,,,24578037 (CHEVROLET) | 93354836 (CHEVROLET),,https://webcateu.dayco.ws/img/products/5PK.jpg,https://www.dayco.com/la-es/catalog/?search=5PK902EE,Auxiliar,POLY-V,,,
DAYCO,73207,Manguera,MANGUERA,,,90410065 (GENERAL MOTORS),,https://webcateu.dayco.ws/img/products/73207.jpg,https://www.dayco.com/la-es/catalog/?search=73207,Refrigeración,COOLING HOSE,,,
DAYCO,73265,Manguera,MANGUERA,,,93383546 (GENERAL MOTORS),,https://webcateu.dayco.ws/img/products/73265.jpg,https://www.dayco.com/la-es/catalog/?search=73265,Refrigeración,COOLING HOSE,,,
DAYCO,73276,Manguera,MANGUERA,,,93378133 (GENERAL MOTORS),,https://webcateu.dayco.ws/img/products/73276.jpg,https://www.dayco.com/la-es/catalog/?search=73276,Refrigeración,COOLING HOSE,,,
DAYCO,KTBWP2211,Kit de bomba de agua,KIT BOMBA DE AGUA,,,,,https://webcateu.dayco.ws/img/products/KTBWP2211.jpg,https://www.dayco.com/la-es/catalog/?search=KTBWP2211,Principal,KIT WATER PUMP,,,
DAYCO,KTBWP2520,Kit de bomba de agua,KIT BOMBA DE AGUA,,,OPELKDP002 (OPEL) | OPELKDP002 (VAUXHALL) | VAUXKDP002 (VAUXHALL) | VAUXKDP004 (VAUXHALL) | VAUXKDP005 (VAUXHALL),,https://webcateu.dayco.ws/img/products/KTBWP2520.jpg,https://www.dayco.com/la-es/catalog/?search=KTBWP2520,Principal,KIT WATER PUMP,,,
DAYCO,4PK725,Correa Poly-V,CORREA POLY-V,,,"11720-16E02 (NISSAN) | 117201600 (NISSAN) | 1172016000 (NISSAN) | 1172016E03 (NISSAN) | 119500M210 (NISSAN) | 119501F700 (NISSAN) | 1195072B00 (NISSAN) | 1195072B01 (NISSAN) | 279023126306 (ROVER) | 279023126306 (TATA) | 279023126311 (TATA) | 575094 (CITROEN) | 575094 (PEUGEOT) | 8,200987173E+18 (DACIA) | 8,200987173E+18 (RENAULT) | 8,201060429E+18 (DACIA) | 8.200987173E9 (DACIA) | 8.200987173E9 (RENAULT) | 8.201060429E9 (DACIA) | 809214070 (SUBARU) | 809214290 (SUBARU) | 8200987173 (DACIA) | 8200987173 (RENAULT) | 8201060429 (DACIA) | 9936400720 (TOYOTA) | 9936420720 (TOYOTA) | 9936480720 (TOYOTA) | A172016E02 (NISSAN) | A172016E0B (NISSAN) | A195072B00 (NISSAN)",,https://webcateu.dayco.ws/img/products/4PK.jpg,https://www.dayco.com/la-es/catalog/?search=4PK725,Auxiliar,POLY-V,,,
DAYCO,700001,Manguera,MANGUERA,,,,,https://webcateu.dayco.ws/img/products/700001.jpg,https://www.dayco.com/la-es/catalog/?search=700001,Refrigeración,COOLING HOSE,,,
DAYCO,700011,Manguera,MANGUERA,,,,,https://webcateu.dayco.ws/img/products/700011.jpg,https://www.dayco.com/la-es/catalog/?search=700011,Refrigeración,COOLING HOSE,,,
DAYCO,73208,Manguera,MANGUERA,,,90530731 (GENERAL MOTORS),,https://webcateu.dayco.ws/img/products/73208.jpg,https://www.dayco.com/la-es/catalog/?search=73208,Refrigeración,COOLING HOSE,,,
DAYCO,73216,Manguera,MANGUERA,,,90410061 (GENERAL MOTORS),,https://webcateu.dayco.ws/img/products/73216.jpg,https://www.dayco.com/la-es/catalog/?search=73216,Refrigeración,COOLING HOSE,,,
DAYCO,KTB221/2,Kit de distribución,KIT DISTRIBUCION,,,,,https://webcateu.dayco.ws/img/products/KTB221/2.jpg,https://www.dayco.com/la-es/catalog/?search=KTB221/2,Principal,TIMING BELT KIT,,,
DAYCO,111SP170,Correa de distribución,CORREA DE DISTRIBUCIÓN,,,,,https://webcateu.dayco.ws/img/products/TB.jpg,https://www.dayco.com/la-es/catalog/?search=111SP170,Principal,TIMING BELT,,,
DAYCO,73232,Manguera,MANGUERA,,,90410059 (GENERAL MOTORS),,https://webcateu.dayco.ws/img/products/73232.jpg,https://www.dayco.com/la-es/catalog/?search=73232,Refrigeración,COOLING HOSE,,,
DAYCO,7794,Tensor genérico,TENSOR,,,,,https://webcateu.dayco.ws/img/products/7794.jpg,https://www.dayco.com/la-es/catalog/?search=7794,Auxiliar,TENSIONER&PULLEY,,,
DAYCO,APV2890,Tensor auxiliar,TENSOR,,,93304691 (GENERAL MOTORS) | 93397256 (GENERAL MOTORS),,https://webcateu.dayco.ws/img/products/APV2890.jpg,https://www.dayco.com/la-es/catalog/?search=APV2890,Auxiliar,TENSIONER&PULLEY,,,
DAYCO,APV2892,Tensor auxiliar,TENSOR,,,,,https://webcateu.dayco.ws/img/products/APV2892.jpg,https://www.dayco.com/la-es/catalog/?search=APV2892,Auxiliar,TENSIONER&PULLEY,,,
DAYCO,KIT-9013,Kit de distribución,KIT DISTRIBUCION,,,,,https://webcateu.dayco.ws/img/products/KIT-9013.jpg,https://www.dayco.com/la-es/catalog/?search=KIT-9013,Principal,TIMING BELT KIT,,,
DAYCO,KTB221/1,Kit de distribución,KIT DISTRIBUCION,,,,,https://webcateu.dayco.ws/img/products/KTB221/1.jpg,https://www.dayco.com/la-es/catalog/?search=KTB221/1,Principal,TIMING BELT KIT,,,
DAYCO,7723,Tensor genérico,TENSOR,,,,,https://webcateu.dayco.ws/img/products/7723.jpg,https://www.dayco.com/la-es/catalog/?search=7723,Auxiliar,TENSIONER&PULLEY,,,
DAYCO,7723CP,Tensor genérico,TENSOR,,,,,https://webcateu.dayco.ws/img/products/7723CP.jpg,https://www.dayco.com/la-es/catalog/?search=7723CP,Auxiliar,TENSIONER&PULLEY,,,
DAYCO,5PK1815,Correa Poly-V,CORREA POLY-V,,,1128-2245848 (OPEL) | 1128-2245848 (VAUXHALL) | 11282244179 (BMW) | 11282245848 (BMW) | 11287786223 (BMW) | 1340611 (GENERAL MOTORS) | 1340611 (OPEL) | 1340611 (VAUXHALL) | 21231041020 (LADA) | 252122A310 (HYUNDAI) | 252122A310 (KIA) | 4387376 (CHRYSLER) | 4448639 (CHRYSLER) | 4448639 (FIAT) | 90509315 (GENERAL MOTORS) | 90509315 (OPEL) | 90509315 (VAUXHALL) | 93181706 (OPEL) | 93363910 (FIAT) | 93363910 (GENERAL MOTORS) | B4050715 (CHRYSLER) | STC2134 (LAND ROVER) | STC2134 (ROVER) | STC4455 (LAND ROVER),,https://webcateu.dayco.ws/img/products/5PK.jpg,https://www.dayco.com/la-es/catalog/?search=5PK1815,Auxiliar,POLY-V,,,
DAYCO,7809,Tensor genérico,TENSOR,,,,,https://webcateu.dayco.ws/img/products/7809.jpg,https://www.dayco.com/la-es/catalog/?search=7809,Auxiliar,TENSIONER&PULLEY,,,
DAYCO,APV1020,Tensor auxiliar,TENSOR,,,1206990 (GENERAL MOTORS) | 1206990 (OPEL) | 90412884 (GENERAL MOTORS) | 90412884 (OPEL) | 90412884 (VAUXHALL),,https://webcateu.dayco.ws/img/products/APV1020.jpg,https://www.dayco.com/la-es/catalog/?search=APV1020,Auxiliar,TENSIONER&PULLEY,,,
DAYCO,APV2749,Tensor auxiliar,TENSOR,,,24106213 (GENERAL MOTORS) | 25184786 (CHEVROLET) | 5493223 (DAEWOO) | 9024689 (GENERAL MOTORS) | 96349976 (CHEVROLET) | 96349976 (DAEWOO) | 96351533 (CHEVROLET) | 96966707 (CHEVROLET),,https://webcateu.dayco.ws/img/products/APV2749.jpg,https://www.dayco.com/la-es/catalog/?search=APV2749,Auxiliar,TENSIONER&PULLEY,,,
DAYCO,1303,Tensor genérico,TENSOR,,,,,https://webcateu.dayco.ws/img/products/1303.jpg,https://www.dayco.com/la-es/catalog/?search=1303,Auxiliar,TENSIONER&PULLEY,,,
DAYCO,146STP8M240HT,Correa de distribución,CORREA DE DISTRIBUCIÓN,,,24405968 (CHEVROLET) | 24422946 (GENERAL MOTORS) | 24422964 (CHEVROLET) | 24422964 (GENERAL MOTORS) | 24422964 (OPEL) | 24422964 (VAUXHALL) | 55575247 (CHEVROLET) | 5636436 (OPEL) | 5636436 (VAUXHALL) | 5636452 (OPEL) | 5636452 (VAUXHALL) | 71739873 (ALFA ROMEO) | 71739873 (FIAT) | 93180815 (GENERAL MOTORS) | 93180815 (OPEL) | 93180815 (SAAB) | 93180815 (VAUXHALL),,https://webcateu.dayco.ws/img/products/TB.jpg,https://www.dayco.com/la-es/catalog/?search=146STP8M240HT,Principal,TIMING BELT,,,
DAYCO,2035,Tensor genérico,TENSOR,,,,,https://webcateu.dayco.ws/img/products/2035.jpg,https://www.dayco.com/la-es/catalog/?search=2035,Auxiliar,TENSIONER&PULLEY,,,
DAYCO,6PK1560,Correa Poly-V,CORREA POLY-V,,,11281735190 (BMW) | 11281735194 (BMW) | 11287520072 (BMW) | 1735190 (BMW) | 1735194 (BMW) | 1738983 (BMW) | 55563926 (GENERAL MOTORS) | 55580052 (GENERAL MOTORS) | 5750.GZ (CITROEN) | 5750GZ (PEUGEOT) | 5750PH (CITROEN) | 6511601 (FORD) | 6511602 (FORD) | 7008652 (FORD) | 88EF6C301C2B (FORD) | 88WF6C301C1B (FORD) | 88WF6C301C2B (FORD) | 948F6C301DA (FORD) | GFB1122 (ROVER),,https://webcateu.dayco.ws/img/products/6PK.jpg,https://www.dayco.com/la-es/catalog/?search=6PK1560,Auxiliar,POLY-V,,,
DAYCO,7692,Tensor genérico,TENSOR,,,,,https://webcateu.dayco.ws/img/products/7692.jpg,https://www.dayco.com/la-es/catalog/?search=7692,Auxiliar,TENSIONER&PULLEY,,,
DAYCO,APV2500,Tensor auxiliar,TENSOR,,,1340268 (OPEL) | 25185910 (CHEVROLET) | 25189926 (CHEVROLET) | 25191534 (CHEVROLET) | 25191534 (VAUXHALL) | 55350422 (OPEL) | 55556090 (ALFA ROMEO) | 55556090 (FIAT) | 55556090 (OPEL) | 55556090 (VAUXHALL) | 55563512 (OPEL) | 55563512 (VAUXHALL) | 55593512 (FIAT) | 6040558 (OPEL) | 6040558 (VAUXHALL) | 6340552 (OPEL) | 6340552 (VAUXHALL) | 6340558 (OPEL) | 6340558 (VAUXHALL) | 636319 (OPEL) | 636485 (FIAT) | 636485 (OPEL) | 96802494 (CHEVROLET) | 96807494 (CHEVROLET),,https://webcateu.dayco.ws/img/products/APV2500.jpg,https://www.dayco.com/la-es/catalog/?search=APV2500,Auxiliar,TENSIONER&PULLEY,,,
DAYCO,ATB2342,Tensor de distribución,TENSOR,,,24436052 (VAUXHALL) | 5636978 (OPEL) | 71739801 (ALFA ROMEO) | 71739801 (FIAT),,https://webcateu.dayco.ws/img/products/ATB2342.jpg,https://www.dayco.com/la-es/catalog/?search=ATB2342,Principal,TENSIONER&PULLEY,,,
DAYCO,ATB2506,Tensor de distribución,TENSOR,,,24447794 (OPEL) | 24447797 (GENERAL MOTORS) | 55555653 (VAUXHALL) | 55560082 (FIAT) | 55562217 (FIAT) | 55562217 (VAUXHALL) | 55562218 (VAUXHALL) | 55570289 (VAUXHALL) | 55570290 (OPEL) | 55574864 (VAUXHALL) | 5636130 (OPEL) | 5636131 (OPEL) | 5636451 (OPEL) | 5636469 (OPEL) | 5636486 (OPEL) | 5636725 (OPEL) | 636160 (OPEL) | 636929 (OPEL),,https://webcateu.dayco.ws/img/products/ATB2506.jpg,https://www.dayco.com/la-es/catalog/?search=ATB2506,Principal,TENSIONER&PULLEY,,,
DAYCO,KIT-9030,Kit de distribución,KIT DISTRIBUCION,,,,,https://webcateu.dayco.ws/img/products/KIT-9030.jpg,https://www.dayco.com/la-es/catalog/?search=KIT-9030,Principal,TIMING BELT KIT,,,
DAYCO,KTB562,Kit de distribución,KIT DISTRIBUCION,,,1606314 (OPEL) | 1606314 (VAUXHALL) | 1606355 (OPEL) | 1606355 (VAUXHALL) | 1606356 (OPEL) | 1606356 (VAUXHALL) | 1606426 (OPEL) | 1629066 (OPEL) | 1629066 (VAUXHALL) | 1629067 (OPEL) | 1629067 (VAUXHALL) | 71775897 (FIAT) | 93185849 (GENERAL MOTORS) | 93185849 (OPEL) | 93185849 (VAUXHALL) | 93196786 (GENERAL MOTORS) | 93196786 (OPEL) | 93196786 (VAUXHALL) | 93196787 (GENERAL MOTORS) | 93196787 (OPEL) | 93196787 (VAUXHALL) | 95507809 (OPEL) | 95516739 (GENERAL MOTORS) | 95516739 (OPEL) | 95516739 (VAUXHALL) | 95516740 (OPEL) | 95520406 (VAUXHALL),,https://webcateu.dayco.ws/img/products/KTB562.jpg,https://www.dayco.com/la-es/catalog/?search=KTB562,Principal,TIMING BELT KIT,,,
DAYCO,7977,Tensor genérico,TENSOR,,,,,https://webcateu.dayco.ws/img/products/7977.jpg,https://www.dayco.com/la-es/catalog/?search=7977,Auxiliar,TENSIONER&PULLEY,,,
DAYCO,5PK1680S,Correa Poly-V,CORREA POLY-V,,,,,https://webcateu.dayco.ws/img/products/5PK.jpg,https://www.dayco.com/la-es/catalog/?search=5PK1680S,Auxiliar,POLY-V,,,
DAYCO,7949,Tensor genérico,TENSOR,,,,,https://webcateu.dayco.ws/img/products/7949.jpg,https://www.dayco.com/la-es/catalog/?search=7949,Auxiliar,TENSIONER&PULLEY,,,
DAYCO,APV3757,Tensor auxiliar,TENSOR,,,12638689 (GENERAL MOTORS) | 12656315 (GENERAL MOTORS) | 12656327 (GENERAL MOTORS),,https://webcateu.dayco.ws/img/products/APV3757.jpg,https://www.dayco.com/la-es/catalog/?search=APV3757,Auxiliar,TENSIONER&PULLEY,,,
DAYCO,KTC1735,Kit cadena de distribución,KIT DISTRIBUCION,,,,,https://webcateu.dayco.ws/img/products/KTC1735.jpg,https://www.dayco.com/la-es/catalog/?search=KTC1735,Principal,CHAIN KIT,,,
DAYCO,KTC1736,Kit cadena de distribución,KIT DISTRIBUCION,,,,,https://webcateu.dayco.ws/img/products/KTC1736.jpg,https://www.dayco.com/la-es/catalog/?search=KTC1736,Principal,CHAIN KIT,,,
DAYCO,13A1262C,Correa de transmisión,CORREA DE TRANSMISIÓN,,,,,https://webcateu.dayco.ws/img/products/VEE.jpg,https://www.dayco.com/la-es/catalog/?search=13A1262C,Transmisión,RAW-EDGE(V),,,
DAYCO,13A1365HD,Correa de transmisión,CORREA DE TRANSMISIÓN,,,99481768 (IVECO) | 99482690 (IVECO),,https://webcateu.dayco.ws/img/products/VEE.jpg,https://www.dayco.com/la-es/catalog/?search=13A1365HD,Transmisión,RAW-EDGE(V),,,
DAYCO,700010,Manguera,MANGUERA,,,,,https://webcateu.dayco.ws/img/products/700010.jpg,https://www.dayco.com/la-es/catalog/?search=700010,Refrigeración,COOLING HOSE,,,
DAYCO,13A1285HD,Correa de transmisión,CORREA DE TRANSMISIÓN,,,1324648 (DAF) | 503488554 (IVECO) | 8827589 (IVECO) | 98464044 (ASTRA) | 98464044 (IVECO),,https://webcateu.dayco.ws/img/products/VEE.jpg,https://www.dayco.com/la-es/catalog/?search=13A1285HD,Transmisión,RAW-EDGE(V),,,
DAYCO,13A1000HD,Correa de transmisión,CORREA DE TRANSMISIÓN,,,1425709 (DAF) | 4749444 (IVECO) | 4749445 (IVECO) | 98463582 (IVECO),,https://webcateu.dayco.ws/img/products/VEE.jpg,https://www.dayco.com/la-es/catalog/?search=13A1000HD,Transmisión,RAW-EDGE(V),,,
DAYCO,13A1175HD,Correa de transmisión,CORREA DE TRANSMISIÓN,,,4739818 (IVECO) | 5010553920 (RENAULT) | 75243779 (DODGE) | 814193 (SCANIA) | 98408533 (FIAT) | MH014093 (MITSUBISHI),,https://webcateu.dayco.ws/img/products/VEE.jpg,https://www.dayco.com/la-es/catalog/?search=13A1175HD,Transmisión,RAW-EDGE(V),,,
DAYCO,5PK1750,Correa Poly-V,CORREA POLY-V,,,0129977792 (MERCEDES-BENZ) | 0149973392 (MERCEDES-BENZ) | 10184997 (GENERAL MOTORS) | 10224382 (GENERAL MOTORS) | 11920-00QAA (NISSAN) | 1192000Q0B (NISSAN) | 119979292 (MERCEDES-BENZ) | 119979492 (MERCEDES-BENZ) | 12648981 (GENERAL MOTORS) | 12652186 (GENERAL MOTORS) | 12664598 (GENERAL MOTORS) | 139971592 (MERCEDES-BENZ) | 149973392 (MERCEDES-BENZ) | 7700111671 (DACIA) | 7700111671 (RENAULT) | 8200833541 (DACIA) | 8200833541 (RENAULT) | A0119979292 (MERCEDES-BENZ) | A0119979492 (MERCEDES-BENZ) | A0129977792 (MERCEDES-BENZ) | A0139971592 (MERCEDES-BENZ) | A0149973392 (MERCEDES-BENZ),,https://webcateu.dayco.ws/img/products/5PK.jpg,https://www.dayco.com/la-es/catalog/?search=5PK1750,Auxiliar,POLY-V,,,
DAYCO,11A1180HD,Correa de transmisión,CORREA DE TRANSMISIÓN,,,,,https://webcateu.dayco.ws/img/products/VEE.jpg,https://www.dayco.com/la-es/catalog/?search=11A1180HD,Transmisión,RAW-EDGE(V),,,
DAYCO,13A1275HD,Correa de transmisión,CORREA DE TRANSMISIÓN,,,0009978792 (MERCEDES-BENZ) | 0029977392 (MERCEDES-BENZ) | 0067669 (DAF) | 007753012540 (MERCEDES-BENZ) | 0398694 (DAF) | 2612422 (DENNIS) | 4717331 (IVECO) | 4724878 (IVECO) | 4830920 (IVECO) | 49971292 (MERCEDES-BENZ) | 500317024 (IVECO) | 814197 (SCANIA) | 8814832 (IVECO) | 950856 (VOLVO) | 958546 (VOLVO) | 967129 (VOLVO) | 98434556 (IVECO) | 98465821 (IVECO) | A0009978792 (MERCEDES-BENZ) | A0029977392 (MERCEDES-BENZ) | A0049971292 (MERCEDES-BENZ) | A007753012540 (MERCEDES-BENZ),,https://webcateu.dayco.ws/img/products/VEE.jpg,https://www.dayco.com/la-es/catalog/?search=13A1275HD,Transmisión,RAW-EDGE(V),,,
DAYCO,1252,Tensor genérico,TENSOR,,,,,https://webcateu.dayco.ws/img/products/1252.jpg,https://www.dayco.com/la-es/catalog/?search=1252,Auxiliar,TENSIONER&PULLEY,,,
DAYCO,7812,Tensor genérico,TENSOR,,,,,https://webcateu.dayco.ws/img/products/7812.jpg,https://www.dayco.com/la-es/catalog/?search=7812,Auxiliar,TENSIONER&PULLEY,,,
DAYCO,APV2902,Tensor auxiliar,TENSOR,,,34101 (GENERAL MOTORS),,https://webcateu.dayco.ws/img/products/APV2902.jpg,https://www.dayco.com/la-es/catalog/?search=APV2902,Auxiliar,TENSIONER&PULLEY,,,
DAYCO,APV2903,Tensor auxiliar,TENSOR,,,MWM34101 (GENERAL MOTORS),,https://webcateu.dayco.ws/img/products/APV2903.jpg,https://www.dayco.com/la-es/catalog/?search=APV2903,Auxiliar,TENSIONER&PULLEY,,,
DAYCO,APV2893,Tensor auxiliar,TENSOR,,,,,https://webcateu.dayco.ws/img/products/APV2893.jpg,https://www.dayco.com/la-es/catalog/?search=APV2893,Auxiliar,TENSIONER&PULLEY,,,
DAYCO,73236,Manguera,MANGUERA,,,52251237 (GENERAL MOTORS),,https://webcateu.dayco.ws/img/products/73236.jpg,https://www.dayco.com/la-es/catalog/?search=73236,Refrigeración,COOLING HOSE,,,
DAYCO,11A0850C,Correa de transmisión,CORREA DE TRANSMISIÓN,,,500337152 (IVECO) | 9932100855 (TOYOTA),,https://webcateu.dayco.ws/img/products/VEE.jpg,https://www.dayco.com/la-es/catalog/?search=11A0850C,Transmisión,RAW-EDGE(V),,,
DAYCO,11A0920C,Correa de transmisión,CORREA DE TRANSMISIÓN,,,,,https://webcateu.dayco.ws/img/products/VEE.jpg,https://www.dayco.com/la-es/catalog/?search=11A0920C,Transmisión,RAW-EDGE(V),,,
DAYCO,125SP200,Correa de distribución,CORREA DE DISTRIBUCIÓN,,,10068553 (DAEWOO),,https://webcateu.dayco.ws/img/products/TB.jpg,https://www.dayco.com/la-es/catalog/?search=125SP200,Principal,TIMING BELT,,,
DAYCO,KTB430,Kit de distribución,KIT DISTRIBUCION,,,,,https://webcateu.dayco.ws/img/products/KTB430.jpg,https://www.dayco.com/la-es/catalog/?search=KTB430,Principal,TIMING BELT KIT,,,
DAYCO,700008,Manguera,MANGUERA,,,,,https://webcateu.dayco.ws/img/products/700008.jpg,https://www.dayco.com/la-es/catalog/?search=700008,Refrigeración,COOLING HOSE,,,
DAYCO,7790,Tensor genérico,TENSOR,,,,,https://webcateu.dayco.ws/img/products/7790.jpg,https://www.dayco.com/la-es/catalog/?search=7790,Auxiliar,TENSIONER&PULLEY,,,
DAYCO,ATB2247,Tensor de distribución,TENSOR,,,93202400 (CHEVROLET) | 93202400 (DAEWOO),,https://webcateu.dayco.ws/img/products/ATB2247.jpg,https://www.dayco.com/la-es/catalog/?search=ATB2247,Principal,TENSIONER&PULLEY,,,
DAYCO,700016,Manguera,MANGUERA,,,,,https://webcateu.dayco.ws/img/products/700016.jpg,https://www.dayco.com/la-es/catalog/?search=700016,Refrigeración,COOLING HOSE,,,
DAYCO,162STP8M200H,Correa de distribución,CORREA DE DISTRIBUCIÓN,,,24451895 (CHEVROLET) | 24451895 (GENERAL MOTORS) | 24451895 (OPEL) | 24451895 (SAAB) | 24451895 (VAUXHALL) | 5636373 (GENERAL MOTORS) | 5636373 (OPEL) | 5636373 (VAUXHALL) | 5636564 (GENERAL MOTORS) | 5636564 (OPEL) | 5636564 (VAUXHALL) | 90531858 (OPEL) | 90531858 (VAUXHALL) | 9129060 (GENERAL MOTORS) | 9129060 (OPEL) | 9129060 (VAUXHALL) | 95522524 (CHEVROLET) | 95522524 (GENERAL MOTORS) | 95522524 (OPEL) | 95522524 (SAAB) | 95522524 (VAUXHALL) | 96413861 (CHEVROLET) | 96413861 (OPEL),,https://webcateu.dayco.ws/img/products/TB.jpg,https://www.dayco.com/la-es/catalog/?search=162STP8M200H,Principal,TIMING BELT,,,
DAYCO,KTB308,Kit de distribución,KIT DISTRIBUCION,,,1606281 (GENERAL MOTORS) | 1606281 (OPEL) | 1606281 (VAUXHALL) | 93183572 (GENERAL MOTORS) | 93183572 (OPEL) | 93183572 (VAUXHALL),,https://webcateu.dayco.ws/img/products/KTB308.jpg,https://www.dayco.com/la-es/catalog/?search=KTB308,Principal,TIMING BELT KIT,,,
DAYCO,059STP100HT,Correa de distribución,CORREA DE DISTRIBUCIÓN,,,,,https://webcateu.dayco.ws/img/products/TBBIO.jpg,https://www.dayco.com/la-es/catalog/?search=059STP100HT,Principal,BIO (BELT-IN-OIL),,,
DAYCO,141STP200HT,Correa de distribución,CORREA DE DISTRIBUCIÓN,,,,,https://webcateu.dayco.ws/img/products/TBBIO.jpg,https://www.dayco.com/la-es/catalog/?search=141STP200HT,Principal,BIO (BELT-IN-OIL),,,
DAYCO,KBIO20,Kit de distribución,KIT DISTRIBUCION,,,,,https://webcateu.dayco.ws/img/products/KBIO20.jpg,https://www.dayco.com/la-es/catalog/?search=KBIO20,Principal,TIMING BELT KIT,,,
DAYCO,3317,Tensor genérico,TENSOR,,,,,https://webcateu.dayco.ws/img/products/3317.jpg,https://www.dayco.com/la-es/catalog/?search=3317,Auxiliar,TENSIONER&PULLEY,,,
DAYCO,10A0775C,Correa de transmisión,CORREA DE TRANSMISIÓN,,,0009977292 (MERCEDES-BENZ) | 0017943900 (PEUGEOT) | 0017943900 (TALBOT) | 105560216300 (ALFA ROMEO) | 17521-75100 (SUZUKI) | 179439 (TALBOT) | 2068043 (LANCIA) | 268626 (VOLVO) | 32471J (TALBOT) | 347100 (TALBOT) | 4061402 (FIAT) | 414639 (SEAT) | 4146392 (FIAT) | 4434797 (FIAT) | 520006 (PEUGEOT) | 5427290H (PEUGEOT) | 574912 (PEUGEOT) | 575090 (PEUGEOT) | 5985207 (FIAT) | 60574777 (FIAT) | 6104676 (FORD) | 6554002602 (FIAT) | 7303315 (FIAT) | 7533397 (FIAT) | 75490809 (PEUGEOT) | 75492515 (PEUGEOT) | 7552380 (FIAT) | 82398036 (FIAT) | 82EF6C301AA (FORD) | 8370573 (SAAB) | 837573 (SAAB) | 8375735 (SAAB) | 90048-32053 (DAIHATSU) | 90048-32067 (DAIHATSU) | 90048-32069 (DAIHATSU) | 90048-32076 (DAIHATSU) | 9004832076 (FIAT) | 9004832089 (DAIHATSU) | 9086007800 (SUZUKI) | 90916-02154 (TOYOTA) | 90916-02273 (TOYOTA) | 9514178A20 (SUZUKI) | 95495585 (PEUGEOT) | 95496930 (PEUGEOT) | 987107 (VOLVO) | 9932150780 (TOYOTA) | 99521-10780 (TOYOTA) | 99919233850 (PORSCHE) | ERC8852 (JAGUAR) | GCB10775 (ROVER) | GFB10775 (ROVER),,https://webcateu.dayco.ws/img/products/VEE.jpg,https://www.dayco.com/la-es/catalog/?search=10A0775C,Transmisión,RAW-EDGE(V),,,
DAYCO,111SP200,Correa de distribución,CORREA DE DISTRIBUCIÓN,,,636350 (GENERAL MOTORS) | 636350 (OPEL) | 636350 (VAUXHALL) | 636359 (GENERAL MOTORS) | 636359 (OPEL) | 636359 (VAUXHALL) | 636363 (GENERAL MOTORS) | 636363 (OPEL) | 636363 (VAUXHALL) | 636370 (GENERAL MOTORS) | 636370 (OPEL) | 636370 (VAUXHALL) | 636560 (GENERAL MOTORS) | 636560 (OPEL) | 636560 (VAUXHALL) | 636565 (OPEL) | 636565 (VAUXHALL) | 90122429 (GENERAL MOTORS) | 90122429 (OPEL) | 90122429 (VAUXHALL) | 90234902 (GENERAL MOTORS) | 90234902 (OPEL) | 90234902 (VAUXHALL) | 90325578 (GENERAL MOTORS) | 90325578 (OPEL) | 90325578 (VAUXHALL) | 90353211 (GENERAL MOTORS) | 90353211 (OPEL) | 90353211 (VAUXHALL) | 90409900 (GENERAL MOTORS) | 90409900 (OPEL) | 90409900 (VAUXHALL) | 90410014 (GENERAL MOTORS) | 90410014 (OPEL) | 90410014 (VAUXHALL) | VT183 (IVECO),,https://webcateu.dayco.ws/img/products/TB.jpg,https://www.dayco.com/la-es/catalog/?search=111SP200,Principal,TIMING BELT,,,
DAYCO,6PK915,Correa Poly-V,CORREA POLY-V,,,1011697 (FORD) | 101697 (FORD) | 128044 (CITROEN) | 128053 (CITROEN) | 1654387 (FORD) | 31110P5M003 (HONDA) | 31110P5M004 (HONDA) | 31110P5M505 (HONDA) | 500345344 (FIAT) | 500345344 (PEUGEOT) | 5750.J1 (CITROEN) | 5750.TY (CITROEN) | 5750E6 (PEUGEOT) | 5750J1 (PEUGEOT) | 5750TY (PEUGEOT) | 6738365 (FORD) | 6738366 (FORD) | 7003984 (FORD) | 71739928 (FIAT) | 94FB6C30B12A (FORD) | 99366K0910 (TOYOTA) | 99461393 (FIAT),,https://webcateu.dayco.ws/img/products/6PK.jpg,https://www.dayco.com/la-es/catalog/?search=6PK915,Auxiliar,POLY-V,,,
DAYCO,KIT-9019,Kit de distribución,KIT DISTRIBUCION,,,,,https://webcateu.dayco.ws/img/products/KIT-9019.jpg,https://www.dayco.com/la-es/catalog/?search=KIT-9019,Principal,TIMING BELT KIT,,,
DAYCO,10A0810C,Correa de transmisión,CORREA DE TRANSMISIÓN,,,,,https://webcateu.dayco.ws/img/products/VEE.jpg,https://www.dayco.com/la-es/catalog/?search=10A0810C,Transmisión,RAW-EDGE(V),,,
DAYCO,10A0815C,Correa de transmisión,CORREA DE TRANSMISIÓN,,,,,https://webcateu.dayco.ws/img/products/VEE.jpg,https://www.dayco.com/la-es/catalog/?search=10A0815C,Transmisión,RAW-EDGE(V),,,
DAYCO,11A1025C,Correa de transmisión,CORREA DE TRANSMISIÓN,,,,,https://webcateu.dayco.ws/img/products/VEE.jpg,https://www.dayco.com/la-es/catalog/?search=11A1025C,Transmisión,RAW-EDGE(V),,,
DAYCO,6PK1875,Correa Poly-V,CORREA POLY-V,,,,,https://webcateu.dayco.ws/img/products/6PK.jpg,https://www.dayco.com/la-es/catalog/?search=6PK1875,Auxiliar,POLY-V,,,
DAYCO,KTB883,Kit de distribución,KIT DISTRIBUCION,,,,,https://webcateu.dayco.ws/img/products/KTB883.jpg,https://www.dayco.com/la-es/catalog/?search=KTB883,Principal,TIMING BELT KIT,,,
DAYCO,1130,Tensor genérico,TENSOR,,,,,https://webcateu.dayco.ws/img/products/1130.jpg,https://www.dayco.com/la-es/catalog/?search=1130,Auxiliar,TENSIONER&PULLEY,,,
DAYCO,1155,Tensor genérico,TENSOR,,,,,https://webcateu.dayco.ws/img/products/1155.jpg,https://www.dayco.com/la-es/catalog/?search=1155,Auxiliar,TENSIONER&PULLEY,,,
DAYCO,7821,Tensor genérico,TENSOR,,,,,https://webcateu.dayco.ws/img/products/7821.jpg,https://www.dayco.com/la-es/catalog/?search=7821,Auxiliar,TENSIONER&PULLEY,,,
DAYCO,APV2173,Tensor auxiliar,TENSOR,,,1854429 (GENERAL MOTORS) | 1854429 (OPEL) | 4237038 (SAAB) | 71854429 (SAAB) | 90324097 (GENERAL MOTORS) | 90324097 (OPEL) | 90324097 (VAUXHALL),,https://webcateu.dayco.ws/img/products/APV2173.jpg,https://www.dayco.com/la-es/catalog/?search=APV2173,Auxiliar,TENSIONER&PULLEY,,,
DAYCO,APV2894,Tensor auxiliar,TENSOR,,,,,https://webcateu.dayco.ws/img/products/APV2894.jpg,https://www.dayco.com/la-es/catalog/?search=APV2894,Auxiliar,TENSIONER&PULLEY,,,
DAYCO,APV2904,Tensor auxiliar,TENSOR,,,90324036 (GENERAL MOTORS),,https://webcateu.dayco.ws/img/products/APV2904.jpg,https://www.dayco.com/la-es/catalog/?search=APV2904,Auxiliar,TENSIONER&PULLEY,,,
DAYCO,3PK890EE,Correa Poly-V,CORREA POLY-V,,,24579487 (GENERAL MOTORS),,https://webcateu.dayco.ws/img/products/3PK.jpg,https://www.dayco.com/la-es/catalog/?search=3PK890EE,Auxiliar,POLY-V,,,
DAYCO,5PK1030,Correa Poly-V,CORREA POLY-V,,,1340667 (OPEL) | 1340674 (GENERAL MOTORS) | 1340674 (OPEL) | 1340677 (OPEL) | 24466972 (GENERAL MOTORS) | 24579488 (GENERAL MOTORS) | 6340609 (OPEL) | 6453.CZ (PEUGEOT) | 6453TX (CITROEN) | 9201722 (GENERAL MOTORS) | 93182249 (GENERAL MOTORS) | FS05159079F (MAZDA) | FS0515907A9F (MAZDA) | FS1115907 (MAZDA) | FS1115907A (MAZDA),,https://webcateu.dayco.ws/img/products/5PK.jpg,https://www.dayco.com/la-es/catalog/?search=5PK1030,Auxiliar,POLY-V,,,
DAYCO,700029,Manguera,MANGUERA,,,,,https://webcateu.dayco.ws/img/products/700029.jpg,https://www.dayco.com/la-es/catalog/?search=700029,Refrigeración,COOLING HOSE,,,
DAYCO,700038,Manguera,MANGUERA,,,,,https://webcateu.dayco.ws/img/products/700038.jpg,https://www.dayco.com/la-es/catalog/?search=700038,Refrigeración,COOLING HOSE,,,
DAYCO,5PK1070EE,Correa Poly-V,CORREA POLY-V,,,,,https://webcateu.dayco.ws/img/products/5PK.jpg,https://www.dayco.com/la-es/catalog/?search=5PK1070EE,Auxiliar,POLY-V,,,
DAYCO,900024,Manguera,MANGUERA,,,,,https://webcateu.dayco.ws/img/products/900024.jpg,https://www.dayco.com/la-es/catalog/?search=900024,Refrigeración,HOSE,,,
DAYCO,900025,Manguera,MANGUERA,,,,,https://webcateu.dayco.ws/img/products/900025.jpg,https://www.dayco.com/la-es/catalog/?search=900025,Refrigeración,HOSE,,,
DAYCO,5PK790EE,Correa Poly-V,CORREA POLY-V,,,,,https://webcateu.dayco.ws/img/products/5PK.jpg,https://www.dayco.com/la-es/catalog/?search=5PK790EE,Auxiliar,POLY-V,,,
DAYCO,137STP200HT1,Correa de distribución,CORREA DE DISTRIBUCIÓN,,,,,https://webcateu.dayco.ws/img/products/TBBIO.jpg,https://www.dayco.com/la-es/catalog/?search=137STP200HT1,Principal,BIO (BELT-IN-OIL),,,
DAYCO,5PK1230,Correa Poly-V,CORREA POLY-V,,,5198740 (GENERAL MOTORS),,https://webcateu.dayco.ws/img/products/5PK.jpg,https://www.dayco.com/la-es/catalog/?search=5PK1230,Auxiliar,POLY-V,,,
DAYCO,KBIO10,Kit de distribución,KIT DISTRIBUCION,,,,,https://webcateu.dayco.ws/img/products/KBIO10.jpg,https://www.dayco.com/la-es/catalog/?search=KBIO10,Principal,TIMING BELT KIT,,,
DAYCO,1111CP,Tensor genérico,TENSOR,,,,,https://webcateu.dayco.ws/img/products/1111CP.jpg,https://www.dayco.com/la-es/catalog/?search=1111CP,Auxiliar,TENSIONER&PULLEY,,,
DAYCO,900027,Manguera,MANGUERA,,,,,https://webcateu.dayco.ws/img/products/900027.jpg,https://www.dayco.com/la-es/catalog/?search=900027,Refrigeración,HOSE,,,
DAYCO,171SHP+250HT,Correa de distribución,CORREA DE DISTRIBUCIÓN,,,12625215 (GENERAL MOTORS),,https://webcateu.dayco.ws/img/products/TB.jpg,https://www.dayco.com/la-es/catalog/?search=171SHP+250HT,Principal,TIMING BELT,,,
DAYCO,ATB2807,Tensor de distribución,TENSOR,,,,,https://webcateu.dayco.ws/img/products/ATB2807.jpg,https://www.dayco.com/la-es/catalog/?search=ATB2807,Principal,TENSIONER&PULLEY,,,
DAYCO,KTB1218,Kit de distribución,KIT DISTRIBUCION,,,,,https://webcateu.dayco.ws/img/products/KTB1218.jpg,https://www.dayco.com/la-es/catalog/?search=KTB1218,Principal,TIMING BELT KIT,,,
DAYCO,KTBWP12180,Kit de bomba de agua,KIT BOMBA DE AGUA,,,,,https://webcateu.dayco.ws/img/products/KTBWP12180.jpg,https://www.dayco.com/la-es/catalog/?search=KTBWP12180,Principal,KIT WATER PUMP,,,
DAYCO,7957,Tensor genérico,TENSOR,,,,,https://webcateu.dayco.ws/img/products/7957.jpg,https://www.dayco.com/la-es/catalog/?search=7957,Auxiliar,TENSIONER&PULLEY,,,
DAYCO,APV4329,Tensor auxiliar,TENSOR,,,,,https://webcateu.dayco.ws/img/products/APV4329.jpg,https://www.dayco.com/la-es/catalog/?search=APV4329,Auxiliar,TENSIONER&PULLEY,,,
DAYCO,167SHP+250HT,Correa de distribución,CORREA DE DISTRIBUCIÓN,,,12642668 (GENERAL MOTORS) | 473-1007073 (GENERAL MOTORS),,https://webcateu.dayco.ws/img/products/TB.jpg,https://www.dayco.com/la-es/catalog/?search=167SHP+250HT,Principal,TIMING BELT,,,
DAYCO,7947,Tensor genérico,TENSOR,,,,,https://webcateu.dayco.ws/img/products/7947.jpg,https://www.dayco.com/la-es/catalog/?search=7947,Auxiliar,TENSIONER&PULLEY,,,
DAYCO,ATB2794,Tensor de distribución,TENSOR,,,12644510 (GENERAL MOTORS),,https://webcateu.dayco.ws/img/products/ATB2794.jpg,https://www.dayco.com/la-es/catalog/?search=ATB2794,Principal,TENSIONER&PULLEY,,,
DAYCO,KIT-9068,Kit de distribución,KIT DISTRIBUCION,,,,,https://webcateu.dayco.ws/img/products/KIT-9068.jpg,https://www.dayco.com/la-es/catalog/?search=KIT-9068,Principal,TIMING BELT KIT,,,
DAYCO,KTB1217,Kit de distribución,KIT DISTRIBUCION,,,,,https://webcateu.dayco.ws/img/products/KTB1217.jpg,https://www.dayco.com/la-es/catalog/?search=KTB1217,Principal,TIMING BELT KIT,,,
DAYCO,KTBWP12170,Kit de bomba de agua,KIT BOMBA DE AGUA,,,,,https://webcateu.dayco.ws/img/products/KTBWP12170.jpg,https://www.dayco.com/la-es/catalog/?search=KTBWP12170,Principal,KIT WATER PUMP,,,
DAYCO,3PK856EE,Correa Poly-V,CORREA POLY-V,,,55227895 (FIAT),,https://webcateu.dayco.ws/img/products/3PK.jpg,https://www.dayco.com/la-es/catalog/?search=3PK856EE,Auxiliar,POLY-V,,,
DAYCO,6PK1250,Correa Poly-V,CORREA POLY-V,,,1340008 (OPEL) | 1340008 (VAUXHALL) | 1340600 (GENERAL MOTORS) | 1340600 (OPEL) | 1340600 (VAUXHALL) | 158102 (FERRARI) | 1682006 (FORD) | 1683960 (FORD) | 4861722AA (DODGE) | 4861722AB (DODGE) | 4861733AA (CHRYSLER) | 4861733AC (CHRYSLER) | 4861733AC (DODGE) | 55566903 (CHEVROLET) | 55566904 (CHEVROLET) | 55566905 (CHEVROLET) | 55566905 (GENERAL MOTORS) | 55566905 (OPEL) | 5750YX (CITROEN) | 5750YX (PEUGEOT) | 6340671 (OPEL) | 6340671 (VAUXHALL) | 6340678 (GENERAL MOTORS) | 6340678 (OPEL) | 6340678 (VAUXHALL) | 88WX6C301E1B (FORD) | 8971863950 (ISUZU) | 8973858450 (ISUZU) | 9146844 (VOLVO) | 9149117 (VOLVO) | 93192781 (OPEL) | 96817523 (CITROEN) | 96817523 (PEUGEOT) | 9681752380 (CITROEN) | 9681752380 (PEUGEOT) | 97186395 (GENERAL MOTORS) | 97186395 (OPEL) | 97186395 (VAUXHALL) | 97385845 (OPEL) | 97385845 (VAUXHALL) | 9M5Q6C301EA (FORD),,https://webcateu.dayco.ws/img/products/6PK.jpg,https://www.dayco.com/la-es/catalog/?search=6PK1250,Auxiliar,POLY-V,,,
DAYCO,6PK1515,Correa Poly-V,CORREA POLY-V,,,,,https://webcateu.dayco.ws/img/products/6PK.jpg,https://www.dayco.com/la-es/catalog/?search=6PK1515,Auxiliar,POLY-V,,,
DAYCO,4PK643EE,Correa Poly-V,CORREA POLY-V,,,55354587 (ALFA ROMEO) | 55354587 (CHEVROLET) | 55354587 (FIAT) | 55557208 (CHEVROLET) | 55557208 (OPEL) | 55564676 (CHEVROLET) | 55564676 (OPEL) | 55564676 (SAAB) | 93196953 (OPEL) | 948115 (OPEL) | 948495 (OPEL),,https://webcateu.dayco.ws/img/products/4PK.jpg,https://www.dayco.com/la-es/catalog/?search=4PK643EE,Auxiliar,POLY-V,,,
DAYCO,10A1005C,Correa de transmisión,CORREA DE TRANSMISIÓN,,,967781 (VOLVO),,https://webcateu.dayco.ws/img/products/VEE.jpg,https://www.dayco.com/la-es/catalog/?search=10A1005C,Transmisión,RAW-EDGE(V),,,
DAYCO,118SP190H,Correa de distribución,CORREA DE DISTRIBUCIÓN,,,081632 (PEUGEOT) | 340222 (PEUGEOT) | 7700666593 (RENAULT) | 7700718726 (RENAULT) | 7700718836 (CITROEN) | 7700718836 (RENAULT) | 7700729581 (RENAULT) | 7700853660 (RENAULT) | 7700856351 (RENAULT),,https://webcateu.dayco.ws/img/products/TB.jpg,https://www.dayco.com/la-es/catalog/?search=118SP190H,Principal,TIMING BELT,,,
DAYCO,13A0675C,Correa de transmisión,CORREA DE TRANSMISIÓN,,,11950-54A00 (NISSAN) | 11950-54A10 (NISSAN) | 57170-33900 (HYUNDAI) | 57170-33910 (HYUNDAI) | 57231-21000 (HYUNDAI) | 57231-28400 (HYUNDAI) | 57231-28410 (HYUNDAI) | 57231-29200 (HYUNDAI) | 5723122500 (HYUNDAI) | 5723129100 (HYUNDAI) | 8517174 (RENAULT) | A195054A00 (NISSAN) | MB178430 (MITSUBISHI) | MB192977 (MITSUBISHI) | MB501594 (MITSUBISHI) | MB553392 (MITSUBISHI) | MB553428 (MITSUBISHI) | MD178430 (MITSUBISHI) | MD178431 (MITSUBISHI) | MH014377 (MITSUBISHI),,https://webcateu.dayco.ws/img/products/VEE.jpg,https://www.dayco.com/la-es/catalog/?search=13A0675C,Transmisión,RAW-EDGE(V),,,
DAYCO,13A0775C,Correa de transmisión,CORREA DE TRANSMISIÓN,,,0029974892 (MERCEDES-BENZ) | 0211777523 (NISSAN) | 0K01232611 (KIA) | 267713813 (MAZDA) | 267713813B (MAZDA) | 38320PH9003 (HONDA) | 5723102000 (HYUNDAI) | 5723102010 (HYUNDAI) | 5723102010 (KIA) | 6455D4 (CITROEN) | 6455D4 (PEUGEOT) | 7689128 (FIAT) | 9004832061000 (DAIHATSU) | 99332-10761 (TOYOTA) | 9933210761 (DAIHATSU) | 9933210761000 (DAIHATSU) | 9933210786000 (DAIHATSU) | A0029974892 (MERCEDES-BENZ) | C28955 (JAGUAR) | D5NN10C318C (FORD) | F85118381A (MAZDA),,https://webcateu.dayco.ws/img/products/VEE.jpg,https://www.dayco.com/la-es/catalog/?search=13A0775C,Transmisión,RAW-EDGE(V),,,
DAYCO,1230,Tensor genérico,TENSOR,,,,,https://webcateu.dayco.ws/img/products/1230.jpg,https://www.dayco.com/la-es/catalog/?search=1230,Auxiliar,TENSIONER&PULLEY,,,
DAYCO,1256,Tensor genérico,TENSOR,,,,,https://webcateu.dayco.ws/img/products/1256.jpg,https://www.dayco.com/la-es/catalog/?search=1256,Auxiliar,TENSIONER&PULLEY,,,
DAYCO,127SP190H,Correa de distribución,CORREA DE DISTRIBUCIÓN,,,3463763 (VOLVO) | 34637637 (VOLVO) | 7700857325 (RENAULT) | 7700857325 (VOLVO) | 7700858344 (RENAULT) | 77008857325 (RENAULT),,https://webcateu.dayco.ws/img/products/TB.jpg,https://www.dayco.com/la-es/catalog/?search=127SP190H,Principal,TIMING BELT,,,
DAYCO,ATB2050,Tensor de distribución,TENSOR,,,12810-84CT1 (SUZUKI) | 30855993 (VOLVO) | 334341 (VOLVO) | 3343741 (VOLVO) | 33437413 (VOLVO) | 3883811 (VOLVO) | 4401609 (OPEL) | 6001545398 (DACIA) | 7700115070 (RENAULT) | 7700726440 (RENAULT) | 7700863113 (RENAULT) | 7700863113E (RENAULT) | 7700866043 (RENAULT) | 9109609 (OPEL) | 9109609 (VAUXHALL) | 9199609 (OPEL) | GT60100 (GMB) | M343741 (MITSUBISHI) | M855993 (MITSUBISHI) | MD343741 (MITSUBISHI) | MD855993 (MITSUBISHI) | VOLVGT001 (VOLVO),,https://webcateu.dayco.ws/img/products/ATB2050.jpg,https://www.dayco.com/la-es/catalog/?search=ATB2050,Principal,TENSIONER&PULLEY,,,
DAYCO,ATB2283,Tensor de distribución,TENSOR,,,7700875305 (RENAULT),,https://webcateu.dayco.ws/img/products/ATB2283.jpg,https://www.dayco.com/la-es/catalog/?search=ATB2283,Principal,TENSIONER&PULLEY,,,
DAYCO,6PK1815,Correa Poly-V,CORREA POLY-V,,,1650770 (FORD) | 46801957 (FIAT) | 46803271 (FIAT) | 6168158 (FORD) | 6182615 (FORD) | 71719645 (ALFA ROMEO) | 71719645 (FIAT) | 71719645 (LANCIA) | 88WF6C301B1A1 (FORD) | 9.091602551E9 (TOYOTA) | 9091602551 (TOYOTA) | 99366H1810 (TOYOTA),,https://webcateu.dayco.ws/img/products/6PK.jpg,https://www.dayco.com/la-es/catalog/?search=6PK1815,Auxiliar,POLY-V,,,
DAYCO,13A0850C,Correa de transmisión,CORREA DE TRANSMISIÓN,,,0029972592 (MERCEDES-BENZ) | 0029973092 (MERCEDES-BENZ) | 0039978292 (MERCEDES-BENZ) | 007753012502 (MERCEDES-BENZ) | 02117-86523 (NISSAN) | 0211784523 (NISSAN) | 022218381 (MAZDA) | 0K01732611 (KIA) | 117131010300 (ALFA ROMEO) | 117200E400 (NISSAN) | 117200E401 (NISSAN) | 1172029S00 (NISSAN) | 1172059M00 (NISSAN) | 1172059M90KE (NISSAN) | 1172059Y00 (NISSAN) | 11720D2800 (NISSAN) | 11720D2811 (NISSAN) | 11720E8700 (NISSAN) | 11920M6601 (NISSAN) | 11920M6660 (NISSAN) | 11920N9505 (NISSAN) | 11920R2001 (NISSAN) | 11920W4400 (NISSAN) | 1268684 (BMW) | 1713021 (BMW) | 17130214 (BMW) | 1717954 (BMW) | 23127-24001 (HYUNDAI) | 267718381 (MAZDA) | 298118381 (MAZDA) | 38920-PEO-013 (HONDA) | 38920-PEO-014 (HONDA) | 38920PE0013 (HONDA) | 38920PE0014 (HONDA) | 49979892 (MERCEDES-BENZ) | 5016346 (FORD) | 60534466 (FIAT) | 60805194 (FIAT) | 60806472 (FIAT) | 64551717954 (BMW) | 7617278 (FIAT) | 7623460 (FIAT) | 7627908 (FIAT) | 7649219 (FIAT) | 7655543 (FIAT) | 7691010 (FIAT) | 7700268227 (RENAULT) | 7701348346 (RENAULT) | 7762982 (FIAT) | 8941339760 (ISUZU) | 9091602125 (TOYOTA) | 9091602140 (TOYOTA) | 9091602262 (TOYOTA) | 9514177E81 (SUZUKI) | 958484 (VOLVO) | 96350467 (DAEWOO) | 96486814 (DAEWOO) | 967098 (VOLVO) | 9932200860 (TOYOTA) | 9933200850 (TOYOTA) | 9933210860 (TOYOTA) | 9952210848 (TOYOTA) | A0029972592 (MERCEDES-BENZ) | A0029973092 (MERCEDES-BENZ) | A0039978292 (MERCEDES-BENZ) | A0049979892 (MERCEDES-BENZ) | A007753012502 (MERCEDES-BENZ) | A86AX6G301AA (FORD) | C43070 (JAGUAR) | ERC0400 (ROVER) | ERC2774 (ROVER) | FE6518381 (MAZDA) | GFB20864 (ROVER) | GFB233 (ROVER) | RF7115907 (MAZDA) | RF7115907A (MAZDA) | RF7115907B (MAZDA) | RF711907A (MAZDA) | RFC618381 (MAZDA) | RFG118380 (MAZDA) | RFG118380A (MAZDA) | RFG118380B (MAZDA) | RFG118380B9A (MAZDA) | RFG118380C9A (MAZDA) | RFG118381 (MAZDA) | RFG118381A (MAZDA) | RFG118381B (MAZDA) | RFG118381B9A (MAZDA) | RFG118381C9A (MAZDA),,https://webcateu.dayco.ws/img/products/VEE.jpg,https://www.dayco.com/la-es/catalog/?search=13A0850C,Transmisión,RAW-EDGE(V),,,
DAYCO,13A0925C,Correa de transmisión,CORREA DE TRANSMISIÓN,,,0049979392 (MERCEDES-BENZ) | 0069976392 (MERCEDES-BENZ) | 0197810924 (NISSAN) | 0211791523 (NISSAN) | 0211792023 (NISSAN) | 0211792023TM (NISSAN) | 0211792033 (NISSAN) | 0211792523 (NISSAN) | 0211792523TM (NISSAN) | 030579252 (MAZDA) | 034260849 (AUDI) | 0AM0618381A (KIA) | 0K60B15909 (KIA) | 0K72A15909A (KIA) | 11720V5001 (NISSAN) | 11720V5011 (NISSAN) | 11720V5012 (NISSAN) | 119200F000 (NISSAN) | 119200F300 (NISSAN) | 1192015S00 (NISSAN) | 1192021L00 (NISSAN) | 119209X200 (NISSAN) | 11920F000 (FORD) | 11920F5100 (NISSAN) | 11920V1900 (NISSAN) | 1340727 (GENERAL MOTORS) | 195202710300 (ALFA ROMEO) | 1952536 (FORD) | 1956125 (FORD) | 1956128 (FORD) | 2106629W00 (NISSAN) | 21067L0100 (NISSAN) | 4829182 (FIAT) | 4833708 (LANCIA) | 4918178E00 (SUZUKI) | 60534366 (FIAT) | 60534566 (ALFA ROMEO) | 60534863 (ALFA ROMEO) | 614106 (AUSTIN) | 614106 (LAND ROVER) | 614106 (MG) | 614106 (ROVER) | 614106 (TRIUMPH) | 6340628 (OPEL) | 6340628 (VAUXHALL) | 64521722371 (BMW) | 7700267321 (RENAULT) | 7700267945 (RENAULT) | 7700287945 (RENAULT) | 809113050 (SUBARU) | 809113070 (SUBARU) | 8942213270 (ISUZU) | 8943370040 (ISUZU) | 8943370040 (OPEL) | 8943370040 (VAUXHALL) | 8970741090 (ISUZU) | 8970741090 (VAUXHALL) | 9007274201 (TOYOTA) | 9009982008 (TOYOTA) | 9086109100 (MITSUBISHI) | 9086109200 (MITSUBISHI) | 9086109200 (TOYOTA) | 9086109300 (MITSUBISHI) | 9086109300 (TOYOTA) | 908619200 (MITSUBISHI) | 93181703 (OPEL) | 93181703 (VAUXHALL) | 94337004 (GENERAL MOTORS) | 958487 (VOLVO) | 960459 (VOLVO) | 967102 (VOLVO) | 967103 (VOLVO) | 973548 (VOLVO) | 9765243000 (HYUNDAI) | 977134A000 (HYUNDAI) | 980459 (VOLVO) | 99322-00930 (TOYOTA) | 9932200910 (TOYOTA) | 9932200920 (TOYOTA) | 9932200930 (DAIHATSU) | 9932200930000 (TOYOTA) | 9933260910 (TOYOTA) | 9934200920 (TOYOTA) | 9952210911 (TOYOTA) | 9952210913 (TOYOTA) | 9952210918 (TOYOTA) | 9952210925 (TOYOTA) | 9952210926 (TOYOTA) | 9952211920 (TOYOTA) | A19200F300 (NISSAN) | A192021L00 (NISSAN) | ERC6072 (AUSTIN) | ERC6072 (MG) | ERC6072 (ROVER) | ERC6072 (TRIUMPH) | ERC657 (AUSTIN) | ERC657 (MG) | ERC657 (ROVER) | ERC657 (TRIUMPH) | ERC675 (AUSTIN) | ERC675 (LAND ROVER) | ERC675 (MG) | ERC675 (ROVER) | ERC675 (TRIUMPH) | GFB259 (ROVER) | HJ820003 (HYUNDAI) | MB272652 (MITSUBISHI) | MB636351 (MITSUBISHI) | MB813344 (MITSUBISHI) | MD021458 (MITSUBISHI) | MD185959 (MITSUBISHI) | MD636351 (MITSUBISHI) | PN1315909 (MAZDA) | REMF6350 (MITSUBISHI) | RF0315930 (MAZDA) | RF0315980 (MAZDA) | RFN115908 (MAZDA) | TKC2444 (ROVER),,https://webcateu.dayco.ws/img/products/VEE.jpg,https://www.dayco.com/la-es/catalog/?search=13A0925C,Transmisión,RAW-EDGE(V),,,
DAYCO,162STP8M254H,Correa de distribución,CORREA DE DISTRIBUCIÓN,,,0K05412205 (KIA) | 1041869 (FORD) | 12761780E01 (SUZUKI) | 12761780E02 (SUZUKI) | 1276178E01 (SUZUKI) | 1276178E02 (SUZUKI) | 127618E01 (SUZUKI) | 13028HC352 (NISSAN) | 3252663 (FORD) | 3252663 (VOLVO) | 3256730 (FORD) | 3256730 (VOLVO) | RF0112205 (FORD) | RF0112205 (MAZDA) | RF0112205A (FORD) | RF0112205A (MAZDA) | RF0112205B (MAZDA) | RF0112SF0 (MAZDA),,https://webcateu.dayco.ws/img/products/TB.jpg,https://www.dayco.com/la-es/catalog/?search=162STP8M254H,Principal,TIMING BELT,,,
DAYCO,1281,Tensor genérico,TENSOR,,,,,https://webcateu.dayco.ws/img/products/1281.jpg,https://www.dayco.com/la-es/catalog/?search=1281,Auxiliar,TENSIONER&PULLEY,,,
DAYCO,7712,Tensor genérico,TENSOR,,,,,https://webcateu.dayco.ws/img/products/7712.jpg,https://www.dayco.com/la-es/catalog/?search=7712,Auxiliar,TENSIONER&PULLEY,,,
DAYCO,ATB2040,Tensor de distribución,TENSOR,,,082960 (CITROEN) | 082960 (PEUGEOT) | 082961 (CITROEN) | 082961 (PEUGEOT) | 082962 (CITROEN) | 082962 (PEUGEOT) | 082963 (CITROEN) | 1281067G01 (SUZUKI) | 60805593 (FIAT) | 93387030 (GENERAL MOTORS) | 93387030 (OPEL) | 9400829629 (CITROEN) | 9400829629 (FIAT) | 9400829629 (LANCIA) | 96296777 (CITROEN) | 96296777 (PEUGEOT) | 9638115380 (CITROEN) | 9638115380 (PEUGEOT),,https://webcateu.dayco.ws/img/products/ATB2040.jpg,https://www.dayco.com/la-es/catalog/?search=ATB2040,Principal,TENSIONER&PULLEY,,,
DAYCO,ATB2041,Tensor de distribución,TENSOR,,,0830.28 (CITROEN) | 0830.28 (PEUGEOT) | 0830.29 (CITROEN) | 0830.29 (PEUGEOT) | 0830.30 (CITROEN) | 0830.30 (PEUGEOT) | 83031 (CITROEN) | 83031 (PEUGEOT) | 8400830319 (CITROEN) | 8400830319 (FIAT) | 8400830319 (LANCIA) | 8400830319 (SUZUKI) | 93330862 (GENERAL MOTORS) | 93377868 (GENERAL MOTORS) | 93377990 (GENERAL MOTORS) | 9400830289 (FIAT) | 9400830319 (FIAT) | 9400830319 (LANCIA) | GT60080 (GMB) | SU00100089 (TOYOTA) | SU00100784 (TOYOTA),,https://webcateu.dayco.ws/img/products/ATB2041.jpg,https://www.dayco.com/la-es/catalog/?search=ATB2041,Principal,TENSIONER&PULLEY,,,
DAYCO,KTB197,Kit de distribución,KIT DISTRIBUCION,,,0831.R8 (CITROEN) | 083140 (CITROEN) | 083140 (PEUGEOT) | 083141 (PEUGEOT) | 083162 (CITROEN) | 083162 (PEUGEOT) | 083182 (CITROEN) | 083182 (PEUGEOT) | 083183 (CITROEN) | 083183 (PEUGEOT) | 0831R8 (PEUGEOT) | 83141 (CITROEN) | 831R8 (CITROEN) | 9400831409 (ALFA ROMEO) | 9400831409 (FIAT) | 9400831409 (LANCIA) | 9400831629 (ALFA ROMEO) | 9400831629 (FIAT) | 9400831629 (LANCIA) | 9400831789 (FIAT) | 9400831829 (FIAT) | 9467626480 (ALFA ROMEO) | 9467626480 (FIAT) | 9467626480 (LANCIA),,https://webcateu.dayco.ws/img/products/KTB197.jpg,https://www.dayco.com/la-es/catalog/?search=KTB197,Principal,TIMING BELT KIT,,,
DAYCO,141SP+254H,Correa de distribución,CORREA DE DISTRIBUCIÓN,,,081696 (CITROEN) | 081696 (PEUGEOT) | 0816A8 (PEUGEOT) | 0816A9 (CITROEN) | 0816A9 (PEUGEOT) | 1276167G00 (SUZUKI) | 9400816969 (FIAT) | 9400816969 (LANCIA) | 9463380680 (FIAT) | 9463380680 (LANCIA) | 96261574 (CITROEN) | 96261574 (PEUGEOT) | 9626157480 (CITROEN) | 9626157480 (PEUGEOT) | 96290822 (CITROEN) | 96290822 (PEUGEOT) | 9629082280 (CITROEN) | 9629082280 (PEUGEOT),,https://webcateu.dayco.ws/img/products/TB.jpg,https://www.dayco.com/la-es/catalog/?search=141SP+254H,Principal,TIMING BELT,,,
DAYCO,4PK800,Correa Poly-V,CORREA POLY-V,,,1000034-02 (SUZUKI) | 11720-D4006 (NISSAN) | 11720-D4016 (NISSAN) | 117202F000 (NISSAN) | 1752151A00 (SAN YOUNG) | 1752185C10 (SUZUKI) | 1752185C11 (SUZUKI) | 17521A60A00 (SUZUKI) | 31110P2A004 (HONDA) | 31110P3RT01 (HONDA) | 60565258 (FIAT) | 60565258 (LANCIA) | 71742126 (FIAT) | 90543954 (OPEL) | 99364-50800 (TOYOTA) | B301-15-907 (MAZDA),,https://webcateu.dayco.ws/img/products/4PK.jpg,https://www.dayco.com/la-es/catalog/?search=4PK800,Auxiliar,POLY-V,,,
DAYCO,6PK1565,Correa Poly-V,CORREA POLY-V,,,5750.RF (CITROEN) | 5750.YE (CITROEN) | 5750.Z3 (CITROEN) | 5750.ZN (CITROEN) | 5750.ZN (PEUGEOT) | 5750PR (PEUGEOT) | 5750RF (PEUGEOT) | 5750T3 (PEUGEOT) | 5750XA (CITROEN) | 5750XA (PEUGEOT) | 5750Y4 (CITROEN) | 5750Y4 (PEUGEOT) | 5750YE (PEUGEOT) | 5750Z2 (PEUGEOT) | 5750Z3 (PEUGEOT) | 9091602469 (TOYOTA) | 90916W2005 (TOYOTA) | 96316038 (PEUGEOT) | 9631603880 (PEUGEOT) | 9638007780 (PEUGEOT) | 9651255780 (FIAT) | 9651255780 (PEUGEOT),,https://webcateu.dayco.ws/img/products/6PK.jpg,https://www.dayco.com/la-es/catalog/?search=6PK1565,Auxiliar,POLY-V,,,
DAYCO,3PK500,Correa Poly-V,CORREA POLY-V,,,1714477 (SUZUKI) | 1714477E00 (SUZUKI),,https://webcateu.dayco.ws/img/products/3PK.jpg,https://www.dayco.com/la-es/catalog/?search=3PK500,Auxiliar,POLY-V,,,
DAYCO,5PK1650,Correa Poly-V,CORREA POLY-V,,,12653580 (VAUXHALL) | 1340068 (OPEL) | 252122A300 (HYUNDAI) | 252122A300 (KIA) | 9414160G90 (SUZUKI) | 95141-67D00-000 (SUZUKI) | 9514160G70 (SUZUKI) | 9514160G80 (SUZUKI) | 9514160G90 (SUZUKI) | 9514167D00 (SUZUKI),,https://webcateu.dayco.ws/img/products/5PK.jpg,https://www.dayco.com/la-es/catalog/?search=5PK1650,Auxiliar,POLY-V,,,
DAYCO,5PK1690,Correa Poly-V,CORREA POLY-V,,,55587929 (GENERAL MOTORS),,https://webcateu.dayco.ws/img/products/5PK.jpg,https://www.dayco.com/la-es/catalog/?search=5PK1690,Auxiliar,POLY-V,,,
DAYCO,6PK2825,Correa Poly-V,CORREA POLY-V,,,24581173 (GENERAL MOTORS),,https://webcateu.dayco.ws/img/products/6PK.jpg,https://www.dayco.com/la-es/catalog/?search=6PK2825,Auxiliar,POLY-V,,,
DAYCO,700004,Manguera,MANGUERA,,,,,https://webcateu.dayco.ws/img/products/700004.jpg,https://www.dayco.com/la-es/catalog/?search=700004,Refrigeración,COOLING HOSE,,,
DAYCO,169STP8M240H,Correa de distribución,CORREA DE DISTRIBUCIÓN,,,5636358 (GENERAL MOTORS) | 5636358 (OPEL) | 5636358 (VAUXHALL) | 5636363 (GENERAL MOTORS) | 5636363 (OPEL) | 5636363 (VAUXHALL) | 5636563 (OPEL) | 5636563 (VAUXHALL) | 636573 (OPEL) | 636573 (VAUXHALL) | 90411777 (GENERAL MOTORS) | 90411777 (OPEL) | 90411777 (VAUXHALL) | 90469985 (GENERAL MOTORS) | 90469985 (OPEL) | 90469985 (VAUXHALL) | 90531681 (GENERAL MOTORS) | 90531681 (OPEL) | 90531681 (VAUXHALL) | 90531682 (GENERAL MOTORS) | 90531682 (OPEL) | 90531682 (VAUXHALL) | 9128726 (OPEL) | 9128726 (VAUXHALL) | 92063917 (CHEVROLET) | 92063917 (DAEWOO) | 92063917 (GENERAL MOTORS) | 92066312 (CHEVROLET) | 92066312 (DAEWOO) | 92066312 (GENERAL MOTORS) | VT271 (IVECO),,https://webcateu.dayco.ws/img/products/TB.jpg,https://www.dayco.com/la-es/catalog/?search=169STP8M240H,Principal,TIMING BELT,,,
DAYCO,7816,Tensor genérico,TENSOR,,,,,https://webcateu.dayco.ws/img/products/7816.jpg,https://www.dayco.com/la-es/catalog/?search=7816,Auxiliar,TENSIONER&PULLEY,,,
DAYCO,KTB257,Kit de distribución,KIT DISTRIBUCION,,,1606191 (GENERAL MOTORS) | 1606191 (OPEL) | 1606191 (VAUXHALL) | 1606192 (GENERAL MOTORS) | 1606192 (OPEL) | 1606192 (VAUXHALL) | 1629064 (GENERAL MOTORS) | 1629064 (OPEL) | 1629064 (VAUXHALL) | 1629065 (GENERAL MOTORS) | 1629065 (OPEL) | 1629065 (VAUXHALL) | 93174260 (GENERAL MOTORS) | 93174260 (OPEL) | 93174260 (VAUXHALL) | 93174261 (GENERAL MOTORS) | 93174261 (OPEL) | 93174261 (VAUXHALL) | 95516737 (GENERAL MOTORS) | 95516737 (OPEL) | 95516737 (VAUXHALL) | 95516738 (GENERAL MOTORS) | 95516738 (OPEL) | 95516738 (VAUXHALL),,https://webcateu.dayco.ws/img/products/KTB257.jpg,https://www.dayco.com/la-es/catalog/?search=KTB257,Principal,TIMING BELT KIT,,,
DAYCO,KTBWP2570,Kit de bomba de agua,KIT BOMBA DE AGUA,,,,,https://webcateu.dayco.ws/img/products/KTBWP2570.jpg,https://www.dayco.com/la-es/catalog/?search=KTBWP2570,Principal,KIT WATER PUMP,,,
DAYCO,171STP8M240H,Correa de distribución,CORREA DE DISTRIBUCIÓN,,,09128722 (SAAB) | 4805292 (OPEL) | 5636350 (GENERAL MOTORS) | 5636350 (OPEL) | 5636350 (VAUXHALL) | 5636359 (GENERAL MOTORS) | 5636359 (OPEL) | 5636359 (VAUXHALL) | 5636370 (GENERAL MOTORS) | 5636370 (OPEL) | 5636370 (VAUXHALL) | 5636372 (OPEL) | 5636372 (VAUXHALL) | 90499525 (DAEWOO) | 90499525 (GENERAL MOTORS) | 90499525 (OPEL) | 90499525 (VAUXHALL) | 90571148 (SAAB) | 9128722 (DAEWOO) | 9128722 (GENERAL MOTORS) | 9128722 (OPEL) | 9128722 (VAUXHALL) | 92062969 (GENERAL MOTORS) | 92062969 (OPEL) | 92062969 (VAUXHALL) | 92063944 (OPEL) | 92063944 (VAUXHALL) | 92065902 (CHEVROLET) | 92065902 (DAEWOO) | 92065902 (GENERAL MOTORS) | 92065902 (OPEL) | 92065902 (VAUXHALL) | 93386687 (SAAB),,https://webcateu.dayco.ws/img/products/TB.jpg,https://www.dayco.com/la-es/catalog/?search=171STP8M240H,Principal,TIMING BELT,,,
DAYCO,KIT-9018,Kit de distribución,KIT DISTRIBUCION,,,,,https://webcateu.dayco.ws/img/products/KIT-9018.jpg,https://www.dayco.com/la-es/catalog/?search=KIT-9018,Principal,TIMING BELT KIT,,,
DAYCO,KTB257/1,Kit de distribución,KIT DISTRIBUCION,,,,,https://webcateu.dayco.ws/img/products/KTB257/1.jpg,https://www.dayco.com/la-es/catalog/?search=KTB257/1,Principal,TIMING BELT KIT,,,
DAYCO,KTB257/2,Kit de distribución,KIT DISTRIBUCION,,,,,https://webcateu.dayco.ws/img/products/KTB257/2.jpg,https://www.dayco.com/la-es/catalog/?search=KTB257/2,Principal,TIMING BELT KIT,,,
DAYCO,73222,Manguera,MANGUERA,,,4346416 (FIAT),,https://webcateu.dayco.ws/img/products/73222.jpg,https://www.dayco.com/la-es/catalog/?search=73222,Refrigeración,COOLING HOSE,,,
DAYCO,7786CS,Tensor genérico,TENSOR,,,,,https://webcateu.dayco.ws/img/products/7786CS.jpg,https://www.dayco.com/la-es/catalog/?search=7786CS,Auxiliar,TENSIONER&PULLEY,,,
DAYCO,7786,Tensor genérico,TENSOR,,,,,https://webcateu.dayco.ws/img/products/7786.jpg,https://www.dayco.com/la-es/catalog/?search=7786,Auxiliar,TENSIONER&PULLEY,,,
DAYCO,ATB2577,Tensor de distribución,TENSOR,,,4427069 (FIAT),,https://webcateu.dayco.ws/img/products/ATB2577.jpg,https://www.dayco.com/la-es/catalog/?search=ATB2577,Principal,TENSIONER&PULLEY,,,
DAYCO,KIT-9004,Kit de distribución,KIT DISTRIBUCION,,,,,https://webcateu.dayco.ws/img/products/KIT-9004.jpg,https://www.dayco.com/la-es/catalog/?search=KIT-9004,Principal,TIMING BELT KIT,,,
DAYCO,KTB147/3,Kit de distribución,KIT DISTRIBUCION,,,,,https://webcateu.dayco.ws/img/products/KTB147/3.jpg,https://www.dayco.com/la-es/catalog/?search=KTB147/3,Principal,TIMING BELT KIT,,,
DAYCO,KIT-9021,Kit de distribución,KIT DISTRIBUCION,,,,,https://webcateu.dayco.ws/img/products/KIT-9021.jpg,https://www.dayco.com/la-es/catalog/?search=KIT-9021,Principal,TIMING BELT KIT,,,
DAYCO,KTB147/4,Kit de distribución,KIT DISTRIBUCION,,,,,https://webcateu.dayco.ws/img/products/KTB147/4.jpg,https://www.dayco.com/la-es/catalog/?search=KTB147/4,Principal,TIMING BELT KIT,,,
DAYCO,118SX150,Correa de distribución,CORREA DE DISTRIBUCIÓN,,,4324568 (FIAT) | 4324568 (LANCIA) | 5973343 (AUTOBIANCHI) | 5973343 (FIAT) | 5973343 (LANCIA) | 7565583 (FIAT),,https://webcateu.dayco.ws/img/products/TB.jpg,https://www.dayco.com/la-es/catalog/?search=118SX150,Principal,TIMING BELT,,,
DAYCO,KTB799,Kit de distribución,KIT DISTRIBUCION,,,,,https://webcateu.dayco.ws/img/products/KTB799.jpg,https://www.dayco.com/la-es/catalog/?search=KTB799,Principal,TIMING BELT KIT,,,
DAYCO,10A1025HD,Correa de transmisión,CORREA DE TRANSMISIÓN,,,0494104 (DAF) | 1172021 (IVECO) | 1172921 (IVECO) | 1814275 (IVECO) | 3040497 (CUMMINS) | 42522867 (IVECO) | 4665640 (IVECO) | 4764807 (IVECO) | 4814275 (IVECO) | 4818162 (IVECO) | 4818164 (IVECO) | 61500130034 (DAIMLER) | ERC6886 (DAF),,https://webcateu.dayco.ws/img/products/VEE.jpg,https://www.dayco.com/la-es/catalog/?search=10A1025HD,Transmisión,RAW-EDGE(V),,,
DAYCO,13A1425HD,Correa de transmisión,CORREA DE TRANSMISIÓN,,,0009978192 (MERCEDES-BENZ) | 212269 (DAF) | 234125 (DAF) | 236632 (DAF) | 306596 (SCANIA) | 323580 (RENAULT) | 323948 (RENAULT) | 402038 (SCANIA) | 41017068 (IVECO) | 41017069 (IVECO) | 4606260 (IVECO) | 4606269 (IVECO) | 4719583 (IVECO) | 4786727 (IVECO) | 4815459 (IVECO) | 4815464 (IVECO) | 4818791 (IVECO) | 5000820750 (IVECO) | 61689613 (IVECO) | 8003478 (CUMMINS) | 814203 (SCANIA) | 83960838 (NEW HOLLAND) | 98464571 (IVECO) | 98464573 (IVECO) | 98464574 (IVECO),,https://webcateu.dayco.ws/img/products/VEE.jpg,https://www.dayco.com/la-es/catalog/?search=13A1425HD,Transmisión,RAW-EDGE(V),,,
DAYCO,1143,Tensor genérico,TENSOR,,,,,https://webcateu.dayco.ws/img/products/1143.jpg,https://www.dayco.com/la-es/catalog/?search=1143,Auxiliar,TENSIONER&PULLEY,,,
DAYCO,1143CP,Tensor genérico,TENSOR,,,,,https://webcateu.dayco.ws/img/products/1143CP.jpg,https://www.dayco.com/la-es/catalog/?search=1143CP,Auxiliar,TENSIONER&PULLEY,,,
DAYCO,7822,Tensor genérico,TENSOR,,,,,https://webcateu.dayco.ws/img/products/7822.jpg,https://www.dayco.com/la-es/catalog/?search=7822,Auxiliar,TENSIONER&PULLEY,,,
DAYCO,APV1068,Tensor auxiliar,TENSOR,,,46756937 (FIAT) | 55204392 (FIAT),,https://webcateu.dayco.ws/img/products/APV1068.jpg,https://www.dayco.com/la-es/catalog/?search=APV1068,Auxiliar,TENSIONER&PULLEY,,,
DAYCO,APV1079,Tensor auxiliar,TENSOR,,,1204298 (OPEL) | 1535429 (FORD) | 46548452 (ALFA ROMEO) | 46548452 (FIAT) | 46548452 (LANCIA) | 46756902 (ALFA ROMEO) | 46756902 (FIAT) | 46756902 (LANCIA) | 46782739 (FIAT) | 55191969 (FIAT) | 55195023 (FIAT) | 551950230 (FIAT) | 55199669 (FIAT) | 55232827 (ALFA ROMEO) | 55232827 (FIAT) | 55232827 (LANCIA) | 55236520 (FIAT) | 55242399 (FIAT),,https://webcateu.dayco.ws/img/products/APV1079.jpg,https://www.dayco.com/la-es/catalog/?search=APV1079,Auxiliar,TENSIONER&PULLEY,,,
DAYCO,APV3164,Tensor auxiliar,TENSOR,,,,,https://webcateu.dayco.ws/img/products/APV3164.jpg,https://www.dayco.com/la-es/catalog/?search=APV3164,Auxiliar,TENSIONER&PULLEY,,,
DAYCO,ATB1002,Tensor de distribución,TENSOR,,,04892695AB (CHRYSLER) | 46403679 (FIAT) | 46403679 (LANCIA) | 46817666 (FIAT) | 46817666 (LANCIA) | 55248394 (FIAT) | 55282233 (FIAT) | 73503128 (FIAT),,https://webcateu.dayco.ws/img/products/ATB1002.jpg,https://www.dayco.com/la-es/catalog/?search=ATB1002,Principal,TENSIONER&PULLEY,,,
DAYCO,KIT-9025,Kit de distribución,KIT DISTRIBUCION,,,,,https://webcateu.dayco.ws/img/products/KIT-9025.jpg,https://www.dayco.com/la-es/catalog/?search=KIT-9025,Principal,TIMING BELT KIT,,,
DAYCO,KTB285,Kit de distribución,KIT DISTRIBUCION,,,1629023 (OPEL) | 1629023 (VAUXHALL) | 71736717 (ALFA ROMEO) | 71736717 (FIAT) | 71736717 (LANCIA) | 95512802 (OPEL) | 95512802 (VAUXHALL),,https://webcateu.dayco.ws/img/products/KTB285.jpg,https://www.dayco.com/la-es/catalog/?search=KTB285,Principal,TIMING BELT KIT,,,
DAYCO,7704,Tensor genérico,TENSOR,,,,,https://webcateu.dayco.ws/img/products/7704.jpg,https://www.dayco.com/la-es/catalog/?search=7704,Auxiliar,TENSIONER&PULLEY,,,
DAYCO,ATB2308,Tensor de distribución,TENSOR,,,1535439 (FORD) | 55183497 (FIAT) | 55224645 (FIAT) | 55226056 (FIAT) | 55233759 (FIAT) | 552337590 (FIAT) | 9S516K255AA (FORD),,https://webcateu.dayco.ws/img/products/ATB2308.jpg,https://www.dayco.com/la-es/catalog/?search=ATB2308,Principal,TENSIONER&PULLEY,,,
DAYCO,129P8S220H,Correa de distribución,CORREA DE DISTRIBUCIÓN,,,1564819 (FORD) | 1590748 (FORD) | 46337687 (FIAT) | 55183446 (FIAT) | 55183446 (LANCIA) | 55203785 (FIAT) | 55203785 (LANCIA) | 55217612 (FIAT) | 55217612 (LANCIA) | 71753156 (ALFA ROMEO) | 71753156 (FIAT) | 71753156 (LANCIA) | 9S516K288AA (FORD) | 9S516K288B2A (FORD),,https://webcateu.dayco.ws/img/products/TB.jpg,https://www.dayco.com/la-es/catalog/?search=129P8S220H,Principal,TIMING BELT,,,
DAYCO,KIT-9050,Kit de distribución,KIT DISTRIBUCION,,,,,https://webcateu.dayco.ws/img/products/KIT-9050.jpg,https://www.dayco.com/la-es/catalog/?search=KIT-9050,Principal,TIMING BELT KIT,,,
DAYCO,KTB466,Kit de distribución,KIT DISTRIBUCION,,,71754561 (ALFA ROMEO) | 71754561 (FIAT) | 71754561 (LANCIA) | 71775900 (ALFA ROMEO) | 71775900 (CHRYSLER) | 71775900 (DODGE) | 71775900 (FIAT) | 71775900 (JEEP) | 71775900 (LANCIA),,https://webcateu.dayco.ws/img/products/KTB466.jpg,https://www.dayco.com/la-es/catalog/?search=KTB466,Principal,TIMING BELT KIT,,,
DAYCO,7742CP,Tensor genérico,TENSOR,,,,,https://webcateu.dayco.ws/img/products/7742CP.jpg,https://www.dayco.com/la-es/catalog/?search=7742CP,Auxiliar,TENSIONER&PULLEY,,,
DAYCO,900021,Manguera,MANGUERA,,,,,https://webcateu.dayco.ws/img/products/900021.jpg,https://www.dayco.com/la-es/catalog/?search=900021,Refrigeración,HOSE,,,
DAYCO,900018,Manguera,MANGUERA,,,,,https://webcateu.dayco.ws/img/products/900018.jpg,https://www.dayco.com/la-es/catalog/?search=900018,Refrigeración,HOSE,,,
DAYCO,1297,Tensor genérico,TENSOR,,,,,https://webcateu.dayco.ws/img/products/1297.jpg,https://www.dayco.com/la-es/catalog/?search=1297,Auxiliar,TENSIONER&PULLEY,,,
DAYCO,6PK1450,Correa Poly-V,CORREA POLY-V,,,03D145933 (VOLKSWAGEN) | 04668452 (CHRYSLER) | 04668452AB (CHRYSLER) | 1085038 (FORD) | 1E03-15-907B (MAZDA) | 4668452AB (CHRYSLER) | 55258359 (FIAT) | 55258359 (JEEP) | 55565302 (CHEVROLET) | 55565302 (OPEL) | 55565303 (CHEVROLET) | 55565304 (CHEVROLET) | 98KB6C301AA (FORD) | AHU2749 (ROVER) | GFB101448 (ROVER) | GMB61448 (ROVER) | GRP101448 (ROVER) | MD340887 (MITSUBISHI) | MN158795 (MITSUBISHI) | PQS10035 (ROVER),,https://webcateu.dayco.ws/img/products/6PK.jpg,https://www.dayco.com/la-es/catalog/?search=6PK1450,Auxiliar,POLY-V,,,
DAYCO,APV1157,Tensor auxiliar,TENSOR,,,1204295 (OPEL) | 1753079J60 (SUZUKI) | 4627091AA (CHRYSLER) | 51758383 (FIAT) | 51776566 (ALFA ROMEO) | 51882514 (FIAT) | 55190811 (SAAB) | 55190811 (VAUXHALL) | 55193358 (ALFA ROMEO) | 55193358 (FIAT) | 55562251 (OPEL) | 55562251 (SAAB) | 55562251 (VAUXHALL) | 6340555 (OPEL) | 6340572 (OPEL) | 71743963 (FIAT) | 95511417 (VAUXHALL),,https://webcateu.dayco.ws/img/products/APV1157.jpg,https://www.dayco.com/la-es/catalog/?search=APV1157,Auxiliar,TENSIONER&PULLEY,,,
DAYCO,KTC1595,Kit cadena de distribución,KIT DISTRIBUCION,,,,,https://webcateu.dayco.ws/img/products/KTC1595.jpg,https://www.dayco.com/la-es/catalog/?search=KTC1595,Principal,CHAIN KIT,,,
DAYCO,KTC1600,Kit cadena de distribución,KIT DISTRIBUCION,,,,,https://webcateu.dayco.ws/img/products/KTC1600.jpg,https://www.dayco.com/la-es/catalog/?search=KTC1600,Principal,CHAIN KIT,,,
DAYCO,900066,Manguera,MANGUERA,,,,,https://webcateu.dayco.ws/img/products/900066.jpg,https://www.dayco.com/la-es/catalog/?search=900066,Refrigeración,HOSE,,,
DAYCO,900069,Manguera,MANGUERA,,,,,https://webcateu.dayco.ws/img/products/900069.jpg,https://www.dayco.com/la-es/catalog/?search=900069,Refrigeración,HOSE,,,
DAYCO,5PK1190,Correa Poly-V,CORREA POLY-V,,,55219839 (FIAT) | 55267966 (FIAT),,https://webcateu.dayco.ws/img/products/5PK.jpg,https://www.dayco.com/la-es/catalog/?search=5PK1190,Auxiliar,POLY-V,,,
DAYCO,7967,Tensor genérico,TENSOR,,,,,https://webcateu.dayco.ws/img/products/7967.jpg,https://www.dayco.com/la-es/catalog/?search=7967,Auxiliar,TENSIONER&PULLEY,,,
DAYCO,APV4075,Tensor auxiliar,TENSOR,,,,,https://webcateu.dayco.ws/img/products/APV4075.jpg,https://www.dayco.com/la-es/catalog/?search=APV4075,Auxiliar,TENSIONER&PULLEY,,,
DAYCO,KTC1493,Kit cadena de distribución,KIT DISTRIBUCION,,,,,https://webcateu.dayco.ws/img/products/KTC1493.jpg,https://www.dayco.com/la-es/catalog/?search=KTC1493,Principal,CHAIN KIT,,,
DAYCO,KTC1601,Kit cadena de distribución,KIT DISTRIBUCION,,,,,https://webcateu.dayco.ws/img/products/KTC1601.jpg,https://www.dayco.com/la-es/catalog/?search=KTC1601,Principal,CHAIN KIT,,,
DAYCO,900017,Manguera,MANGUERA,,,,,https://webcateu.dayco.ws/img/products/900017.jpg,https://www.dayco.com/la-es/catalog/?search=900017,Refrigeración,HOSE,,,
DAYCO,1245,Tensor genérico,TENSOR,,,,,https://webcateu.dayco.ws/img/products/1245.jpg,https://www.dayco.com/la-es/catalog/?search=1245,Auxiliar,TENSIONER&PULLEY,,,
DAYCO,7823,Tensor genérico,TENSOR,,,,,https://webcateu.dayco.ws/img/products/7823.jpg,https://www.dayco.com/la-es/catalog/?search=7823,Auxiliar,TENSIONER&PULLEY,,,
DAYCO,2054,Tensor genérico,TENSOR,,,,,https://webcateu.dayco.ws/img/products/2054.jpg,https://www.dayco.com/la-es/catalog/?search=2054,Auxiliar,TENSIONER&PULLEY,,,
DAYCO,ATB1006,Tensor de distribución,TENSOR,,,46415744 (FIAT) | 46416489 (FIAT) | 46416489 (LANCIA) | 46742985 (FIAT) | 46742985 (LANCIA) | 46792898 (FIAT) | 46792898 (LANCIA) | 55222606 (FIAT) | 71734799 (FIAT) | 71734799 (LANCIA),,https://webcateu.dayco.ws/img/products/ATB1006.jpg,https://www.dayco.com/la-es/catalog/?search=ATB1006,Principal,TENSIONER&PULLEY,,,
DAYCO,ATB2019,Tensor de distribución,TENSOR,,,46400054 (FIAT) | 46554826 (FIAT) | 55211287 (FIAT) | 71748866 (FIAT) | GT60540 (GMB),,https://webcateu.dayco.ws/img/products/ATB2019.jpg,https://www.dayco.com/la-es/catalog/?search=ATB2019,Principal,TENSIONER&PULLEY,,,
DAYCO,1142,Tensor genérico,TENSOR,,,,,https://webcateu.dayco.ws/img/products/1142.jpg,https://www.dayco.com/la-es/catalog/?search=1142,Auxiliar,TENSIONER&PULLEY,,,
DAYCO,1165,Tensor genérico,TENSOR,,,,,https://webcateu.dayco.ws/img/products/1165.jpg,https://www.dayco.com/la-es/catalog/?search=1165,Auxiliar,TENSIONER&PULLEY,,,
DAYCO,1180,Tensor genérico,TENSOR,,,,,https://webcateu.dayco.ws/img/products/1180.jpg,https://www.dayco.com/la-es/catalog/?search=1180,Auxiliar,TENSIONER&PULLEY,,,
DAYCO,158SHPN254H,Correa de distribución,CORREA DE DISTRIBUCIÓN,,,46400045 (FIAT) | 46400045 (LANCIA) | 46514671 (FIAT) | 46514671 (LANCIA) | 55188191 (FIAT) | 55188192 (FIAT),,https://webcateu.dayco.ws/img/products/TB.jpg,https://www.dayco.com/la-es/catalog/?search=158SHPN254H,Principal,TIMING BELT,,,
DAYCO,3PK670,Correa Poly-V,CORREA POLY-V,,,,,https://webcateu.dayco.ws/img/products/3PK.jpg,https://www.dayco.com/la-es/catalog/?search=3PK670,Auxiliar,POLY-V,,,
DAYCO,4415,Tensor genérico,TENSOR,,,,,https://webcateu.dayco.ws/img/products/4415.jpg,https://www.dayco.com/la-es/catalog/?search=4415,Auxiliar,TENSIONER&PULLEY,,,
DAYCO,4PK960,Correa Poly-V,CORREA POLY-V,,,,,https://webcateu.dayco.ws/img/products/4PK.jpg,https://www.dayco.com/la-es/catalog/?search=4PK960,Auxiliar,POLY-V,,,
DAYCO,700022,Manguera,MANGUERA,,,,,https://webcateu.dayco.ws/img/products/700022.jpg,https://www.dayco.com/la-es/catalog/?search=700022,Refrigeración,COOLING HOSE,,,
DAYCO,7724,Tensor genérico,TENSOR,,,,,https://webcateu.dayco.ws/img/products/7724.jpg,https://www.dayco.com/la-es/catalog/?search=7724,Auxiliar,TENSIONER&PULLEY,,,
DAYCO,7724CS,Tensor genérico,TENSOR,,,,,https://webcateu.dayco.ws/img/products/7724CS.jpg,https://www.dayco.com/la-es/catalog/?search=7724CS,Auxiliar,TENSIONER&PULLEY,,,
DAYCO,7735,Tensor genérico,TENSOR,,,,,https://webcateu.dayco.ws/img/products/7735.jpg,https://www.dayco.com/la-es/catalog/?search=7735,Auxiliar,TENSIONER&PULLEY,,,
DAYCO,7735CP,Tensor genérico,TENSOR,,,,,https://webcateu.dayco.ws/img/products/7735CP.jpg,https://www.dayco.com/la-es/catalog/?search=7735CP,Auxiliar,TENSIONER&PULLEY,,,
DAYCO,APV1032,Tensor auxiliar,TENSOR,,,46424716 (FIAT) | 46424716 (LANCIA) | 60805460 (ALFA ROMEO) | 60811823 (FIAT) | 60812345 (LANCIA) | 60812645 (FIAT) | 7635678 (FIAT) | 7635678 (LANCIA) | 7641011 (FIAT) | 7641011 (LANCIA) | 7650925 (FIAT) | 7650925 (LANCIA) | 7796283 (FIAT) | 7796283 (LANCIA) | 7797142 (FIAT) | 7797142 (LANCIA),,https://webcateu.dayco.ws/img/products/APV1032.jpg,https://www.dayco.com/la-es/catalog/?search=APV1032,Auxiliar,TENSIONER&PULLEY,,,
DAYCO,APV2214,Tensor auxiliar,TENSOR,,,04792835AA (CHRYSLER) | 04891720AA (CHRYSLER) | 1041056100 (LADA) | 2123104105610 (LADA) | 279023120142 (TATA MOTORS) | 46537101 (FIAT) | 46537101 (LANCIA) | 53013928AA (CHRYSLER) | 68061368AA (CHRYSLER),,https://webcateu.dayco.ws/img/products/APV2214.jpg,https://www.dayco.com/la-es/catalog/?search=APV2214,Auxiliar,TENSIONER&PULLEY,,,
DAYCO,KIT-9016,Kit de distribución,KIT DISTRIBUCION,,,,,https://webcateu.dayco.ws/img/products/KIT-9016.jpg,https://www.dayco.com/la-es/catalog/?search=KIT-9016,Principal,TIMING BELT KIT,,,
DAYCO,KTB269,Kit de distribución,KIT DISTRIBUCION,,,71736715 (FIAT) | 71736715 (LANCIA),,https://webcateu.dayco.ws/img/products/KTB269.jpg,https://www.dayco.com/la-es/catalog/?search=KTB269,Principal,TIMING BELT KIT,,,
DAYCO,1232,Tensor genérico,TENSOR,,,,,https://webcateu.dayco.ws/img/products/1232.jpg,https://www.dayco.com/la-es/catalog/?search=1232,Auxiliar,TENSIONER&PULLEY,,,
DAYCO,168SHPN240H,Correa de distribución,CORREA DE DISTRIBUCIÓN,,,55210628 (ALFA ROMEO) | 55210628 (FIAT) | 55210628 (LANCIA) | 60625130 (ALFA ROMEO) | 60625130 (FIAT) | 60625130 (LANCIA) | 60656342 (ALFA ROMEO) | 60656342 (FIAT) | 60656342 (LANCIA) | 60670506 (ALFA ROMEO) | 60670506 (FIAT) | 60674890 (ALFA ROMEO) | 60674890 (FIAT) | 60674890 (LANCIA) | 60811136 (ALFA ROMEO) | 60811136 (FIAT) | 60812344 (ALFA ROMEO) | 60812344 (FIAT) | 60814319 (ALFA ROMEO) | 60814319 (FIAT) | 71719648 (ALFA ROMEO) | 71719648 (FIAT) | 71719648 (LANCIA) | 71739626 (ALFA ROMEO) | 71739626 (FIAT) | 71739626 (LANCIA) | 7179648 (ALFA ROMEO) | 7710579 (ALFA ROMEO) | 7710579 (FIAT) | 7710579 (LANCIA) | 9604964880 (CITROEN) | VT307 (IVECO),,https://webcateu.dayco.ws/img/products/TB.jpg,https://www.dayco.com/la-es/catalog/?search=168SHPN240H,Principal,TIMING BELT,,,
DAYCO,6PK1855,Correa Poly-V,CORREA POLY-V,,,078903137BL (AUDI) | 078903137BL (VOLKSWAGEN) | 10127525 (GENERAL MOTORS) | 1340638 (OPEL) | 1340638 (VAUXHALL) | 60630742 (FIAT) | 60630747 (ALFA ROMEO) | 60630747 (FIAT) | 60662991 (ALFA ROMEO) | 60662991 (FIAT) | 60814395 (ALFA ROMEO) | 60814395 (AUTOBIANCHI) | 60814395 (FIAT) | 60814395 (LANCIA) | 71753671 (FIAT) | 92063403 (OPEL) | 92063403 (VAUXHALL) | 99971392 (MERCEDES-BENZ) | A0099971392 (MERCEDES-BENZ),,https://webcateu.dayco.ws/img/products/6PK.jpg,https://www.dayco.com/la-es/catalog/?search=6PK1855,Auxiliar,POLY-V,,,
DAYCO,7734,Tensor genérico,TENSOR,,,,,https://webcateu.dayco.ws/img/products/7734.jpg,https://www.dayco.com/la-es/catalog/?search=7734,Auxiliar,TENSIONER&PULLEY,,,
DAYCO,ATB2211,Tensor de distribución,TENSOR,,,60607965 (ALFA ROMEO) | 60607965 (FIAT) | 60607965 (LANCIA) | 60652129 (ALFA ROMEO) | 60652129 (FIAT) | 60652129 (LANCIA) | 60664403 (ALFA ROMEO) | 60664403 (FIAT) | 60664403 (LANCIA) | 60671573 (ALFA ROMEO) | 60671573 (FIAT) | 60671573 (LANCIA) | 607965 (ALFA ROMEO) | 608113415 (ALFA ROMEO) | 60812624 (ALFA ROMEO) | 60812624 (FIAT) | 60812624 (LANCIA) | 60813415 (FIAT) | 60813415 (LANCIA) | GT50500 (GMB),,https://webcateu.dayco.ws/img/products/ATB2211.jpg,https://www.dayco.com/la-es/catalog/?search=ATB2211,Principal,TENSIONER&PULLEY,,,
DAYCO,ATB2221,Tensor de distribución,TENSOR,,,55192240 (ALFA ROMEO) | 55192240 (FIAT) | 60621380 (ALFA ROMEO) | 60652477 (ALFA ROMEO) | 60652477 (FIAT) | 60652477 (LANCIA) | 60812718 (ALFA ROMEO) | 60812718 (FIAT) | 60812718 (LANCIA) | 60814462 (ALFA ROMEO) | 60814462 (FIAT) | 60814462 (LANCIA),,https://webcateu.dayco.ws/img/products/ATB2221.jpg,https://www.dayco.com/la-es/catalog/?search=ATB2221,Principal,TENSIONER&PULLEY,,,
DAYCO,KTB314,Kit de distribución,KIT DISTRIBUCION,,,71736724 (ALFA ROMEO) | 71736724 (FIAT) | 71736724 (LANCIA),,https://webcateu.dayco.ws/img/products/KTB314.jpg,https://www.dayco.com/la-es/catalog/?search=KTB314,Principal,TIMING BELT KIT,,,
DAYCO,APV3074,Tensor auxiliar,TENSOR,,,,,https://webcateu.dayco.ws/img/products/APV3074.jpg,https://www.dayco.com/la-es/catalog/?search=APV3074,Auxiliar,TENSIONER&PULLEY,,,
DAYCO,1248,Tensor genérico,TENSOR,,,,,https://webcateu.dayco.ws/img/products/1248.jpg,https://www.dayco.com/la-es/catalog/?search=1248,Auxiliar,TENSIONER&PULLEY,,,
DAYCO,APV2191,Tensor auxiliar,TENSOR,,,60610908 (FIAT) | 60610908 (LANCIA) | 60812515 (ALFA ROMEO) | 60812515 (FIAT) | 73501924 (ALFA ROMEO) | 73501924 (FIAT),,https://webcateu.dayco.ws/img/products/APV2191.jpg,https://www.dayco.com/la-es/catalog/?search=APV2191,Auxiliar,TENSIONER&PULLEY,,,
DAYCO,7748,Tensor genérico,TENSOR,,,,,https://webcateu.dayco.ws/img/products/7748.jpg,https://www.dayco.com/la-es/catalog/?search=7748,Auxiliar,TENSIONER&PULLEY,,,
DAYCO,124P8S220H,Correa de distribución,CORREA DE DISTRIBUCIÓN,,,46403659 (ALFA ROMEO) | 46403659 (FIAT) | 46403659 (LANCIA) | 46751187 (FIAT) | 46751187 (LANCIA) | 55260014 (FIAT) | 7086768 (FIAT) | 7088816 (FIAT),,https://webcateu.dayco.ws/img/products/TB.jpg,https://www.dayco.com/la-es/catalog/?search=124P8S220H,Principal,TIMING BELT,,,
DAYCO,5PK1115,Correa Poly-V,CORREA POLY-V,,,079903137A (AUDI) | 079903137AA (AUDI) | 079903137AA (VOLKSWAGEN) | 11282248190 (BMW) | 146987-0020 (TOYOTA) | 2248190 (BMW) | 30731820 (VOLVO) | 38920PHM003 (HONDA) | 5717038000 (HYUNDAI) | 90080-91049 (TOYOTA) | 9008091099 (TOYOTA) | 9008091133 (TOYOTA) | 9091602270 (TOYOTA) | 9091602344 (TOYOTA) | 9091602345 (TOYOTA) | 9091602509 (TOYOTA) | 9936351110 (TOYOTA) | 9936511110 (TOYOTA) | 9936521110 (TOYOTA) | 9936531110 (TOYOTA) | 9936551110 (TOYOTA) | 9936571110 (TOYOTA) | 9936581110 (TOYOTA) | 9936591110 (TOYOTA) | 99365C1110 (TOYOTA) | 99365D1110 (TOYOTA) | 9938591110 (TOYOTA) | 99385C1110 (TOYOTA) | 99385D1110 (TOYOTA) | MB813272 (MITSUBISHI) | MB917985 (MITSUBISHI),,https://webcateu.dayco.ws/img/products/5PK.jpg,https://www.dayco.com/la-es/catalog/?search=5PK1115,Auxiliar,POLY-V,,,
DAYCO,7742,Tensor genérico,TENSOR,,,,,https://webcateu.dayco.ws/img/products/7742.jpg,https://www.dayco.com/la-es/catalog/?search=7742,Auxiliar,TENSIONER&PULLEY,,,
DAYCO,097SHDD150H,Correa de distribución,CORREA DE DISTRIBUCIÓN,,,60807260 (ALFA ROMEO) | 60807260 (FIAT) | 60807260 (LANCIA) | 7548076 (FIAT) | 7614999 (ALFA ROMEO) | 7614999 (FIAT) | 7614999 (LANCIA),,https://webcateu.dayco.ws/img/products/TB.jpg,https://www.dayco.com/la-es/catalog/?search=097SHDD150H,Principal,TIMING BELT,,,
DAYCO,13A0875C,Correa de transmisión,CORREA DE TRANSMISIÓN,,,0019978092 (MERCEDES-BENZ) | 0049977492 (MERCEDES-BENZ) | 0059970192 (MERCEDES-BENZ) | 0059974592 (MERCEDES-BENZ) | 0059978292 (MERCEDES-BENZ) | 0069971292 (MERCEDES-BENZ) | 0069976492 (MERCEDES-BENZ) | 007753012559 (MERCEDES-BENZ) | 0079970592 (MERCEDES-BENZ) | 02117-87023 (NISSAN) | 02117-87026 (NISSAN) | 02117-88023 (NISSAN) | 0K65B32611 (KIA) | 11720-16A06 (NISSAN) | 11720-P0305 (NISSAN) | 11720-V2000 (NISSAN) | 11720-W0700 (NISSAN) | 11720-Y4005 (NISSAN) | 11720V2000TM (NISSAN) | 11920-16A00 (NISSAN) | 11920-16A10 (NISSAN) | 11920-W5800 (NISSAN) | 11920-W6800 (NISSAN) | 1340506 (OPEL) | 1340725 (GENERAL MOTORS) | 1354707 (GENERAL MOTORS) | 1854719 (OPEL) | 3087 (ROVER) | 3209287 (VOLVO) | 4300616 (FIAT) | 4304136 (FIAT) | 49973592 (MERCEDES-BENZ) | 49979492 (MERCEDES-BENZ) | 7621256 (FIAT) | 7700667586 (RENAULT) | 7700677162 (RENAULT) | 7700720082 (RENAULT) | 8-94175-1700 (ISUZU) | 8-94472-3780 (ISUZU) | 8118-18-381 (MAZDA) | 89206920130 (HONDA) | 8941251700 (ISUZU) | 8941751700 (BEDFORD) | 8942322841 (ISUZU) | 8944686520 (OPEL) | 8944723780 (SSANGYONG) | 8981606490 (ISUZU) | 90299369 (GENERAL MOTORS) | 90444487 (GENERAL MOTORS) | 90861-08800 (TOYOTA) | 9086100880 (DAIHATSU) | 93193061 (IVECO) | 94111687 (GENERAL MOTORS) | 94175170 (GENERAL MOTORS) | 94225209 (GENERAL MOTORS) | 94468652 (GENERAL MOTORS) | 94472378 (GENERAL MOTORS) | 96182008 (DAEWOO) | 96185000 (DAEWOO) | 97100606 (VAUXHALL) | 99322-00880 (TOYOTA) | 99322-00880-000 (TOYOTA) | 99322-10875 (TOYOTA) | 99322-50875 (TOYOTA) | 9932200870 (TOYOTA) | 9932200875000 (DAIHATSU) | 99332-00870 (TOYOTA) | 99332-00885 (TOYOTA) | 99332-10865 (TOYOTA) | 99332-10870 (TOYOTA) | 99332-60865 (TOYOTA) | 9933200880 (TOYOTA) | 9933210885 (TOYOTA) | 99436608 (IVECO) | A0019978092 (MERCEDES-BENZ) | A0049973592 (MERCEDES-BENZ) | A0049977492 (MERCEDES-BENZ) | A0049979492 (MERCEDES-BENZ) | A0059970192 (MERCEDES-BENZ) | A0059974592 (MERCEDES-BENZ) | A0059978292 (MERCEDES-BENZ) | A0069971292 (MERCEDES-BENZ) | A007753012559 (MERCEDES-BENZ) | A0079970592 (MERCEDES-BENZ) | C103201 (LANCIA) | C28957 (JAGUAR) | ETC9080 (ROVER) | MB167064 (MITSUBISHI) | MR148321 (MITSUBISHI) | MR360150 (MITSUBISHI) | PN11-18-381 (MAZDA) | PN12-18-381 (MAZDA) | RFJ515907 (MAZDA) | W065-32-611 (ROVER) | W06532611 (MAZDA),,https://webcateu.dayco.ws/img/products/VEE.jpg,https://www.dayco.com/la-es/catalog/?search=13A0875C,Transmisión,RAW-EDGE(V),,,
DAYCO,173SHPN180H,Correa de distribución,CORREA DE DISTRIBUCIÓN,,,60805825 (FIAT) | 60809415 (ALFA ROMEO) | 60809415 (FIAT) | 7659062 (ALFA ROMEO) | 7659062 (FIAT) | 7659062 (LANCIA) | 7774591 (ALFA ROMEO) | 7774591 (FIAT) | 7774591 (LANCIA),,https://webcateu.dayco.ws/img/products/TB.jpg,https://www.dayco.com/la-es/catalog/?search=173SHPN180H,Principal,TIMING BELT,,,
DAYCO,5PK1050,Correa Poly-V,CORREA POLY-V,,,38920PK1013 (HONDA) | 38920PK1014 (HONDA) | 38920PK1023 (HONDA) | 38920PK1024 (HONDA) | 60807358 (FIAT) | 7646849 (ALFA ROMEO) | 7646849 (FIAT) | 7646849 (LANCIA) | 90080-91171 (TOYOTA),,https://webcateu.dayco.ws/img/products/5PK.jpg,https://www.dayco.com/la-es/catalog/?search=5PK1050,Auxiliar,POLY-V,,,
DAYCO,7746,Tensor genérico,TENSOR,,,,,https://webcateu.dayco.ws/img/products/7746.jpg,https://www.dayco.com/la-es/catalog/?search=7746,Auxiliar,TENSIONER&PULLEY,,,
DAYCO,ATB2184,Tensor de distribución,TENSOR,,,5997325 (FIAT) | 5997326 (FIAT) | 60805833 (ALFA ROMEO),,https://webcateu.dayco.ws/img/products/ATB2184.jpg,https://www.dayco.com/la-es/catalog/?search=ATB2184,Principal,TENSIONER&PULLEY,,,
DAYCO,KTB163/1,Kit de distribución,KIT DISTRIBUCION,,,,,https://webcateu.dayco.ws/img/products/KTB163/1.jpg,https://www.dayco.com/la-es/catalog/?search=KTB163/1,Principal,TIMING BELT KIT,,,
DAYCO,3PK700,Correa Poly-V,CORREA POLY-V,,,2521204011 (HYUNDAI) | 2528604000 (KIA) | 46776647 (FIAT) | 46780356 (FIAT) | 55192804 (FIAT) | 71719414 (FIAT) | 71738161 (FIAT),,https://webcateu.dayco.ws/img/products/3PK.jpg,https://www.dayco.com/la-es/catalog/?search=3PK700,Auxiliar,POLY-V,,,
DAYCO,4PK840,Correa Poly-V,CORREA POLY-V,,,117204A0A1 (NISSAN) | 1195035F00 (NISSAN) | 25182776 (CHEVROLET) | 25182776 (DAEWOO) | 64552245850 (BMW) | 8.111009005E9 (GEELY) | 8845887101 (DAIHATSU) | 9.091602669E9 (TOYOTA) | 90916-02669 (TOYOTA) | EAC9369 (JAGUAR) | STC3397 (LAND ROVER) | STC3397 (ROVER),,https://webcateu.dayco.ws/img/products/4PK.jpg,https://www.dayco.com/la-es/catalog/?search=4PK840,Auxiliar,POLY-V,,,
DAYCO,700013,Manguera,MANGUERA,,,,,https://webcateu.dayco.ws/img/products/700013.jpg,https://www.dayco.com/la-es/catalog/?search=700013,Refrigeración,COOLING HOSE,,,
DAYCO,1133,Tensor genérico,TENSOR,,,,,https://webcateu.dayco.ws/img/products/1133.jpg,https://www.dayco.com/la-es/catalog/?search=1133,Auxiliar,TENSIONER&PULLEY,,,
DAYCO,5PK1725,Correa Poly-V,CORREA POLY-V,,,,,https://webcateu.dayco.ws/img/products/5PK.jpg,https://www.dayco.com/la-es/catalog/?search=5PK1725,Auxiliar,POLY-V,,,
DAYCO,7709,Tensor genérico,TENSOR,,,,,https://webcateu.dayco.ws/img/products/7709.jpg,https://www.dayco.com/la-es/catalog/?search=7709,Auxiliar,TENSIONER&PULLEY,,,
DAYCO,7813,Tensor genérico,TENSOR,,,,,https://webcateu.dayco.ws/img/products/7813.jpg,https://www.dayco.com/la-es/catalog/?search=7813,Auxiliar,TENSIONER&PULLEY,,,
DAYCO,APV2861,Tensor auxiliar,TENSOR,,,,,https://webcateu.dayco.ws/img/products/APV2861.jpg,https://www.dayco.com/la-es/catalog/?search=APV2861,Auxiliar,TENSIONER&PULLEY,,,
DAYCO,APV2862,Tensor auxiliar,TENSOR,,,55193730 (FIAT),,https://webcateu.dayco.ws/img/products/APV2862.jpg,https://www.dayco.com/la-es/catalog/?search=APV2862,Auxiliar,TENSIONER&PULLEY,,,
DAYCO,APV2863,Tensor auxiliar,TENSOR,,,55210364 (FIAT),,https://webcateu.dayco.ws/img/products/APV2863.jpg,https://www.dayco.com/la-es/catalog/?search=APV2863,Auxiliar,TENSIONER&PULLEY,,,
DAYCO,5PK1130,Correa Poly-V,CORREA POLY-V,,,079903137T (AUDI) | 07L903137E (AUDI) | 1172000QAN (NISSAN) | 3807296 (CUMMINS) | 9936521130 (TOYOTA) | 9936531130 (TOYOTA) | MN155728 (MITSUBISHI) | MZ690247 (MITSUBISHI),,https://webcateu.dayco.ws/img/products/5PK.jpg,https://www.dayco.com/la-es/catalog/?search=5PK1130,Auxiliar,POLY-V,,,
DAYCO,KTBWP4662,Kit de bomba de agua,KIT BOMBA DE AGUA,,,71776007 (ALFA ROMEO) | 71776007 (CHRYSLER) | 71776007 (FIAT) | 71776007 (LANCIA),,https://webcateu.dayco.ws/img/products/KTBWP4662.jpg,https://www.dayco.com/la-es/catalog/?search=KTBWP4662,Principal,KIT WATER PUMP,,,
DAYCO,3PK905,Correa Poly-V,CORREA POLY-V,,,46744566 (FIAT) | 46745928 (FIAT),,https://webcateu.dayco.ws/img/products/3PK.jpg,https://www.dayco.com/la-es/catalog/?search=3PK905,Auxiliar,POLY-V,,,
DAYCO,4PK673,Correa Poly-V,CORREA POLY-V,,,46429443 (ALFA ROMEO) | 46429443 (FIAT) | 46429443 (LANCIA) | 46736814 (FIAT) | 46770210 (FIAT) | 60566058 (ALFA ROMEO) | 60566058 (FIAT) | 71739607 (FIAT) | 7704978 (ALFA ROMEO) | 7704978 (AUTOBIANCHI) | 7704978 (FIAT) | 7704978 (LANCIA) | 97713-02000 (KIA) | 9771302000 (HYUNDAI),,https://webcateu.dayco.ws/img/products/4PK.jpg,https://www.dayco.com/la-es/catalog/?search=4PK673,Auxiliar,POLY-V,,,
DAYCO,KTBWP2850,Kit de bomba de agua,KIT BOMBA DE AGUA,,,,,https://webcateu.dayco.ws/img/products/KTBWP2850.jpg,https://www.dayco.com/la-es/catalog/?search=KTBWP2850,Principal,KIT WATER PUMP,,,
DAYCO,6PK1365,Correa Poly-V,CORREA POLY-V,,,4004824 (CUMMINS) | 5867298320 (OPEL) | 6340674 (OPEL) | MD369862 (MITSUBISHI) | PQS100900 (LAND ROVER) | PQS100900 (ROVER),,https://webcateu.dayco.ws/img/products/6PK.jpg,https://www.dayco.com/la-es/catalog/?search=6PK1365,Auxiliar,POLY-V,,,
DAYCO,6PK1385,Correa Poly-V,CORREA POLY-V,,,55244798 (FIAT) | 55595700 (GENERAL MOTORS),,https://webcateu.dayco.ws/img/products/6PK.jpg,https://www.dayco.com/la-es/catalog/?search=6PK1385,Auxiliar,POLY-V,,,
DAYCO,6PK880,Correa Poly-V,CORREA POLY-V,,,11180104102002 (LADA) | 1118104102002 (LADA),,https://webcateu.dayco.ws/img/products/6PK.jpg,https://www.dayco.com/la-es/catalog/?search=6PK880,Auxiliar,POLY-V,,,
DAYCO,5PK1152,Correa Poly-V,CORREA POLY-V,,,11281733706 (BMW) | 11281733708 (BMW) | 11514227948 (BMW) | 1733708 (BMW) | 46818261 (FIAT) | 5750.TL (CITROEN) | 5750C0 (PEUGEOT) | 5750TL (PEUGEOT) | 96152090 (CITROEN) | 96152090 (PEUGEOT) | FP0115909 (MAZDA) | FP0215909 (MAZDA) | FP0215909A (MAZDA),,https://webcateu.dayco.ws/img/products/5PK.jpg,https://www.dayco.com/la-es/catalog/?search=5PK1152,Auxiliar,POLY-V,,,
DAYCO,700020,Manguera,MANGUERA,,,,,https://webcateu.dayco.ws/img/products/700020.jpg,https://www.dayco.com/la-es/catalog/?search=700020,Refrigeración,COOLING HOSE,,,
DAYCO,6PK1090,Correa Poly-V,CORREA POLY-V,,,04L145933 (VOLKSWAGEN),,https://webcateu.dayco.ws/img/products/6PK.jpg,https://www.dayco.com/la-es/catalog/?search=6PK1090,Auxiliar,POLY-V,,,
DAYCO,10A0700C,Correa de transmisión,CORREA DE TRANSMISIÓN,,,052903137 (AUDI) | 052903137 (VOLKSWAGEN) | 068903137AQ (VOLKSWAGEN) | 0855839800 (RENAULT) | 4181525 (FIAT) | 4434806 (FIAT) | 5491758 (PEUGEOT) | 574908 (PEUGEOT) | 575018 (PEUGEOT) | 575053 (PEUGEOT) | 5750F5 (PEUGEOT) | 5750SP (CITROEN) | 6001004002 (RENAULT) | 75491758 (PEUGEOT) | 7549175810 (FIAT) | 75491766 (PEUGEOT) | 75491768 (CITROEN) | 7700523844 (RENAULT) | 7700559731 (RENAULT) | 7700589404 (RENAULT) | 7700621031 (RENAULT) | 7700662412 (RENAULT) | 7700704697 (RENAULT) | 7700704701 (RENAULT) | 7701348549 (RENAULT) | 7776569 (FIAT) | 809110400 (SUBARU) | 82332275 (AUTOBIANCHI) | 82332275 (FIAT) | 8542498 (RENAULT) | 8558398 (RENAULT) | 9004832119000 (DAIHATSU) | 96027231 (PEUGEOT) | 96165760 (PEUGEOT) | 9750987880 (PEUGEOT) | 97509878880 (PEUGEOT) | 9933150706 (DAIHATSU) | 99919201350 (PORSCHE) | GCB10700 (ROVER) | GFB376 (ROVER) | PQS010700EVA (ROVER) | UAM1058 (ROVER),,https://webcateu.dayco.ws/img/products/VEE.jpg,https://www.dayco.com/la-es/catalog/?search=10A0700C,Transmisión,RAW-EDGE(V),,,
DAYCO,1234,Tensor genérico,TENSOR,,,,,https://webcateu.dayco.ws/img/products/1234.jpg,https://www.dayco.com/la-es/catalog/?search=1234,Auxiliar,TENSIONER&PULLEY,,,
DAYCO,153SHDS300H,Correa de distribución,CORREA DE DISTRIBUCIÓN,,,0816A3 (CITROEN) | 0816A3 (PEUGEOT) | 5001847819 (RENAULT) | 500323627 (FIAT) | 500323627 (IVECO) | 500323627 (LANCIA) | 98415921 (AUTOBIANCHI) | 98415921 (FIAT) | 98415921 (IVECO) | 98415921 (LANCIA),,https://webcateu.dayco.ws/img/products/TB.jpg,https://www.dayco.com/la-es/catalog/?search=153SHDS300H,Principal,TIMING BELT,,,
DAYCO,5PK1090,Correa Poly-V,CORREA POLY-V,,,38920P14505 (HONDA) | 79903137AG (AUDI) | 9091602467 (TOYOTA) | 98485800 (FIAT) | 99365-01090 (TOYOTA) | 99365-51090 (TOYOTA) | 9936521090 (TOYOTA) | 9936531090 (TOYOTA) | 9936571090 (TOYOTA) | 9936581090 (TOYOTA) | 9936591090 (TOYOTA) | MD319917 (MITSUBISHI) | MD326782 (MITSUBISHI),,https://webcateu.dayco.ws/img/products/5PK.jpg,https://www.dayco.com/la-es/catalog/?search=5PK1090,Auxiliar,POLY-V,,,
DAYCO,5PK1100,Correa Poly-V,CORREA POLY-V,,,11288511920 (MINI) | 1172000Q1L (RENAULT) | 14088983 (GENERAL MOTORS) | 31110PR7505 (HONDA) | 31110PR7A12 (HONDA) | 38920-PTO-0032 (ROVER) | 38920PT0003 (HONDA) | 38920PT0004 (HONDA) | 38920PT0505 (HONDA) | 500344281 (FIAT) | 60513478 (ALFA ROMEO) | 6453.TZ (CITROEN) | 6453NX (PEUGEOT) | 6453NY (PEUGEOT) | 6453TZ (PEUGEOT) | 71739927 (FIAT) | 71749437 (LANCIA) | 71753866 (FIAT) | 7700107494 (RENAULT) | 7718418 (FIAT) | 7718418 (LANCIA) | 9008091122 (TOYOTA) | 99365-31100 (TOYOTA) | 9936521100 (TOYOTA) | 9936571100 (TOYOTA) | GFB404 (ROVER) | GFB406 (ROVER) | GFB407 (ROVER),,https://webcateu.dayco.ws/img/products/5PK.jpg,https://www.dayco.com/la-es/catalog/?search=5PK1100,Auxiliar,POLY-V,,,
DAYCO,6PK950,Correa Poly-V,CORREA POLY-V,,,03G903137A (AUDI) | 03G903137A (SEAT) | 03G903137A (SKODA) | 03G903137A (VOLKSWAGEN) | 1280.65 (PEUGEOT) | 128050 (PEUGEOT) | 139449 (FERRARI) | 1633568980 (CITROEN) | 1633568980 (PEUGEOT) | 31110P5K505 (HONDA) | 8943645800 (ISUZU) | 9676560280 (CITROEN) | 9676560280 (PEUGEOT),,https://webcateu.dayco.ws/img/products/6PK.jpg,https://www.dayco.com/la-es/catalog/?search=6PK950,Auxiliar,POLY-V,,,
DAYCO,APV2189,Tensor auxiliar,TENSOR,,,4500955 (GENERAL MOTORS) | 4500955 (OPEL) | 7701044676 (RENAULT) | 9161255 (GENERAL MOTORS) | 9161255 (OPEL) | 9161255 (VAUXHALL) | 98448218 (FIAT),,https://webcateu.dayco.ws/img/products/APV2189.jpg,https://www.dayco.com/la-es/catalog/?search=APV2189,Auxiliar,TENSIONER&PULLEY,,,
DAYCO,7751,Tensor genérico,TENSOR,,,,,https://webcateu.dayco.ws/img/products/7751.jpg,https://www.dayco.com/la-es/catalog/?search=7751,Auxiliar,TENSIONER&PULLEY,,,
DAYCO,ATB2017,Tensor de distribución,TENSOR,,,081824 (PEUGEOT) | 083032 (PEUGEOT) | 130703835R (RENAULT) | 130707592R (RENAULT) | 2992485 (IVECO) | 4400204 (OPEL) | 4421906 (OPEL) | 4740847 (FIAT) | 5001001272 (RENAULT) | 81824 (PEUGEOT) | 83029 (CITROEN) | 83030 (CITROEN) | 9108204 (OPEL) | 95508239 (OPEL) | 96461358 (FIAT) | 96461358 (IVECO) | 99461358 (FIAT) | GT60530 (GMB),,https://webcateu.dayco.ws/img/products/ATB2017.jpg,https://www.dayco.com/la-es/catalog/?search=ATB2017,Principal,TENSIONER&PULLEY,,,
DAYCO,KIT-9052,Kit de distribución,KIT DISTRIBUCION,,,,,https://webcateu.dayco.ws/img/products/KIT-9052.jpg,https://www.dayco.com/la-es/catalog/?search=KIT-9052,Principal,TIMING BELT KIT,,,
DAYCO,KTB305,Kit de distribución,KIT DISTRIBUCION,,,4401801 (OPEL) | 4501801 (OPEL) | 4501801 (VAUXHALL) | 71736720 (FIAT) | 7701471770 (RENAULT) | 7701471771 (RENAULT) | 9162101 (GENERAL MOTORS) | 9162101 (OPEL) | 9162101 (VAUXHALL),,https://webcateu.dayco.ws/img/products/KTB305.jpg,https://www.dayco.com/la-es/catalog/?search=KTB305,Principal,TIMING BELT KIT,,,
DAYCO,152SHDS300H,Correa de distribución,CORREA DE DISTRIBUCIÓN,,,081699 (PEUGEOT) | 0816E5 (CITROEN) | 0816E5 (PEUGEOT) | 130284019R (RENAULT) | 4403027 (GENERAL MOTORS) | 4403027 (OPEL) | 4403027 (VAUXHALL) | 4500831 (GENERAL MOTORS) | 4500831 (OPEL) | 4500831 (VAUXHALL) | 500055907 (IVECO) | 5001836605 (RENAULT) | 7701035242 (RENAULT) | 7701043483 (RENAULT) | 9111027 (GENERAL MOTORS) | 9111027 (OPEL) | 9111027 (VAUXHALL) | 9161131 (GENERAL MOTORS) | 9161131 (OPEL) | 9161131 (VAUXHALL) | 99456476 (CITROEN) | 99456476 (FIAT) | 99456476 (IVECO) | 99456476 (PEUGEOT) | 99456476 (RENAULT),,https://webcateu.dayco.ws/img/products/TB.jpg,https://www.dayco.com/la-es/catalog/?search=152SHDS300H,Principal,TIMING BELT,,,
DAYCO,6PK900,Correa Poly-V,CORREA POLY-V,,,06F903137E (AUDI) | 06F903137E (SEAT) | 06F903137E (SKODA) | 06F903137E (VOLKSWAGEN) | 128043 (PEUGEOT) | 128068 (PEUGEOT) | 7700749393 (RENAULT) | 98441918 (FIAT) | 98487322 (FIAT),,https://webcateu.dayco.ws/img/products/6PK.jpg,https://www.dayco.com/la-es/catalog/?search=6PK900,Auxiliar,POLY-V,,,
DAYCO,6PK905,Correa Poly-V,CORREA POLY-V,,,1000034-04 (CHANGAN),,https://webcateu.dayco.ws/img/products/6PK.jpg,https://www.dayco.com/la-es/catalog/?search=6PK905,Auxiliar,POLY-V,,,
DAYCO,7752,Tensor genérico,TENSOR,,,,,https://webcateu.dayco.ws/img/products/7752.jpg,https://www.dayco.com/la-es/catalog/?search=7752,Auxiliar,TENSIONER&PULLEY,,,
DAYCO,ATB2016,Tensor de distribución,TENSOR,,,081823 (CITROEN) | 081832 (CITROEN) | 081832 (PEUGEOT) | 083040 (CITROEN) | 083040 (PEUGEOT) | 2992484 (IVECO) | 4403144 (OPEL) | 4740846 (CITROEN) | 47408846 (ALFA ROMEO) | 5001001259 (RENAULT) | 500328902 (FIAT) | 7701040204 (RENAULT) | 81823 (CITROEN) | 81832 (CITROEN) | 81832 (PEUGEOT) | 9111144 (OPEL) | 9111144 (VAUXHALL) | 99432547 (FIAT) | 99461357 (ALFA ROMEO) | 99461357 (FIAT) | 99461357 (IVECO) | GT60520 (GMB),,https://webcateu.dayco.ws/img/products/ATB2016.jpg,https://www.dayco.com/la-es/catalog/?search=ATB2016,Principal,TENSIONER&PULLEY,,,
DAYCO,154SHDS300H,Correa de distribución,CORREA DE DISTRIBUCIÓN,,,0816A4 (CITROEN) | 0816A4 (PEUGEOT) | 4500879 (OPEL) | 4500879 (VAUXHALL) | 500055908 (IVECO) | 5001836608 (RENAULT) | 7701044188 (RENAULT) | 9161179 (GENERAL MOTORS) | 9161179 (OPEL) | 9161179 (VAUXHALL) | 98456477 (RENAULT) | 99430032 (IVECO) | 99456477 (FIAT) | 99456477 (IVECO) | 99456477 (RENAULT),,https://webcateu.dayco.ws/img/products/TB.jpg,https://www.dayco.com/la-es/catalog/?search=154SHDS300H,Principal,TIMING BELT,,,
DAYCO,KIT-9053,Kit de distribución,KIT DISTRIBUCION,,,,,https://webcateu.dayco.ws/img/products/KIT-9053.jpg,https://www.dayco.com/la-es/catalog/?search=KIT-9053,Principal,TIMING BELT KIT,,,
DAYCO,KTB307,Kit de distribución,KIT DISTRIBUCION,,,4501807 (GENERAL MOTORS) | 4501807 (OPEL) | 4501807 (VAUXHALL) | 71754844 (ALFA ROMEO) | 7701471774 (RENAULT) | 9162107 (GENERAL MOTORS) | 9162107 (OPEL) | 9162107 (VAUXHALL),,https://webcateu.dayco.ws/img/products/KTB307.jpg,https://www.dayco.com/la-es/catalog/?search=KTB307,Principal,TIMING BELT KIT,,,
DAYCO,1316,Tensor genérico,TENSOR,,,,,https://webcateu.dayco.ws/img/products/1316.jpg,https://www.dayco.com/la-es/catalog/?search=1316,Auxiliar,TENSIONER&PULLEY,,,
DAYCO,APV1075,Tensor auxiliar,TENSOR,,,46.750.244 (FIAT) | 504.086.751 (FIAT) | 504000410 (FIAT) | 504086751 (IVECO),,https://webcateu.dayco.ws/img/products/APV1075.jpg,https://www.dayco.com/la-es/catalog/?search=APV1075,Auxiliar,TENSIONER&PULLEY,,,
DAYCO,KTC1494,Kit cadena de distribución,KIT DISTRIBUCION,,,,,https://webcateu.dayco.ws/img/products/KTC1494.jpg,https://www.dayco.com/la-es/catalog/?search=KTC1494,Principal,CHAIN KIT,,,
DAYCO,KTBWP3390,Kit de bomba de agua,KIT BOMBA DE AGUA,,,,,https://webcateu.dayco.ws/img/products/KTBWP3390.jpg,https://www.dayco.com/la-es/catalog/?search=KTBWP3390,Principal,KIT WATER PUMP,,,
DAYCO,6PK1070,Correa Poly-V,CORREA POLY-V,,,03L903137 (VOLKSWAGEN) | 03L903137T (AUDI) | 03L903137T (SEAT) | 03L903137T (SKODA) | 03L903137T (VOLKSWAGEN) | 3L903137T (AUDI) | 3L903137T (SEAT) | 3L903137T (SKODA) | 3L903137T (VOLKSWAGEN) | 9675874480 (PEUGEOT),,https://webcateu.dayco.ws/img/products/6PK.jpg,https://www.dayco.com/la-es/catalog/?search=6PK1070,Auxiliar,POLY-V,,,
DAYCO,7PK1070,Correa Poly-V,CORREA POLY-V,,,504347880 (FIAT),,https://webcateu.dayco.ws/img/products/7PK.jpg,https://www.dayco.com/la-es/catalog/?search=7PK1070,Auxiliar,POLY-V,,,
DAYCO,1277,Tensor genérico,TENSOR,,,,,https://webcateu.dayco.ws/img/products/1277.jpg,https://www.dayco.com/la-es/catalog/?search=1277,Auxiliar,TENSIONER&PULLEY,,,
DAYCO,178SP+300HT,Correa de distribución,CORREA DE DISTRIBUCIÓN,,,500371975 (FIAT) | 500371975 (IVECO) | 504066406 (FIAT) | 504076915 (FIAT) | 504076915 (IVECO),,https://webcateu.dayco.ws/img/products/TB.jpg,https://www.dayco.com/la-es/catalog/?search=178SP+300HT,Principal,TIMING BELT,,,
DAYCO,4PK903EE,Correa Poly-V,CORREA POLY-V,,,5802102136 (IVECO),,https://webcateu.dayco.ws/img/products/4PK.jpg,https://www.dayco.com/la-es/catalog/?search=4PK903EE,Auxiliar,POLY-V,,,
DAYCO,7703,Tensor genérico,TENSOR,,,,,https://webcateu.dayco.ws/img/products/7703.jpg,https://www.dayco.com/la-es/catalog/?search=7703,Auxiliar,TENSIONER&PULLEY,,,
DAYCO,ATB1004,Tensor de distribución,TENSOR,,,504010846 (FIAT) | 504010846 (IVECO) | 504183759 (FIAT) | 504183759 (IVECO),,https://webcateu.dayco.ws/img/products/ATB1004.jpg,https://www.dayco.com/la-es/catalog/?search=ATB1004,Principal,TENSIONER&PULLEY,,,
DAYCO,ATB1005,Tensor de distribución,TENSOR,,,500388688 (FIAT) | 500388688 (IVECO),,https://webcateu.dayco.ws/img/products/ATB1005.jpg,https://www.dayco.com/la-es/catalog/?search=ATB1005,Principal,TENSIONER&PULLEY,,,
DAYCO,KIT-9044,Kit de distribución,KIT DISTRIBUCION,,,,,https://webcateu.dayco.ws/img/products/KIT-9044.jpg,https://www.dayco.com/la-es/catalog/?search=KIT-9044,Principal,TIMING BELT KIT,,,
DAYCO,KTB339,Kit de distribución,KIT DISTRIBUCION,,,500055844 (IVECO) | 71736716 (FIAT),,https://webcateu.dayco.ws/img/products/KTB339.jpg,https://www.dayco.com/la-es/catalog/?search=KTB339,Principal,TIMING BELT KIT,,,
DAYCO,7PK1076,Correa Poly-V,CORREA POLY-V,,,500388408 (FIAT),,https://webcateu.dayco.ws/img/products/7PK.jpg,https://www.dayco.com/la-es/catalog/?search=7PK1076,Auxiliar,POLY-V,,,
DAYCO,116SP+250HT,Correa de distribución,CORREA DE DISTRIBUCIÓN,,,,,https://webcateu.dayco.ws/img/products/TB.jpg,https://www.dayco.com/la-es/catalog/?search=116SP+250HT,Principal,TIMING BELT,,,
DAYCO,6PK1710,Correa Poly-V,CORREA POLY-V,,,55566901 (CHEVROLET) | 5750LG (PEUGEOT) | 5750RR (CITROEN) | 5750RR (PEUGEOT) | 7700722704 (RENAULT) | 93BB8C301AA (FORD) | 9651764880 (PEUGEOT) | 9654114480 (CITROEN),,https://webcateu.dayco.ws/img/products/6PK.jpg,https://www.dayco.com/la-es/catalog/?search=6PK1710,Auxiliar,POLY-V,,,
DAYCO,ATB2304,Tensor de distribución,TENSOR,,,0830.50 (CITROEN) | 0830.51 (CITROEN) | 0830.72 (PEUGEOT) | 1231978 (FORD) | 1707035 (FORD) | 3M5Q-6M250-AA (FORD) | 830-72 (CITROEN) | 830-74 (PEUGEOT) | 83051 (PEUGEOT) | 8653652 (VOLVO) | 9400830509 (FIAT) | 9400830749 (FIAT) | 9644258480 (PEUGEOT) | 9682305780 (PEUGEOT) | 9M5Q-6M250-AB (FORD) | C2S38295 (JAGUAR) | LR005362 (LAND ROVER) | LR006671 (LAND ROVER) | MN982127 (MITSUBISHI) | SU001A0149 (TOYOTA),,https://webcateu.dayco.ws/img/products/ATB2304.jpg,https://www.dayco.com/la-es/catalog/?search=ATB2304,Principal,TENSIONER&PULLEY,,,
DAYCO,ATB2724,Tensor de distribución,TENSOR,,,,,https://webcateu.dayco.ws/img/products/ATB2724.jpg,https://www.dayco.com/la-es/catalog/?search=ATB2724,Principal,TENSIONER&PULLEY,,,
DAYCO,KTBWP9950,Kit de bomba de agua,KIT BOMBA DE AGUA,,,,,https://webcateu.dayco.ws/img/products/KTBWP9950.jpg,https://www.dayco.com/la-es/catalog/?search=KTBWP9950,Principal,KIT WATER PUMP,,,
DAYCO,1241,Tensor genérico,TENSOR,,,,,https://webcateu.dayco.ws/img/products/1241.jpg,https://www.dayco.com/la-es/catalog/?search=1241,Auxiliar,TENSIONER&PULLEY,,,
DAYCO,1255,Tensor genérico,TENSOR,,,,,https://webcateu.dayco.ws/img/products/1255.jpg,https://www.dayco.com/la-es/catalog/?search=1255,Auxiliar,TENSIONER&PULLEY,,,
DAYCO,7839,Tensor genérico,TENSOR,,,,,https://webcateu.dayco.ws/img/products/7839.jpg,https://www.dayco.com/la-es/catalog/?search=7839,Auxiliar,TENSIONER&PULLEY,,,
DAYCO,APV1074,Tensor auxiliar,TENSOR,,,504000412 (FIAT) | 504000412 (IVECO),,https://webcateu.dayco.ws/img/products/APV1074.jpg,https://www.dayco.com/la-es/catalog/?search=APV1074,Auxiliar,TENSIONER&PULLEY,,,
DAYCO,73241,Manguera,MANGUERA,,,5969730 (FIAT),,https://webcateu.dayco.ws/img/products/73241.jpg,https://www.dayco.com/la-es/catalog/?search=73241,Refrigeración,COOLING HOSE,,,
DAYCO,10A0840C,Correa de transmisión,CORREA DE TRANSMISIÓN,,,1752182020 (SUZUKI) | 1752182030 (SUZUKI) | 53001773 (JEEP) | 60518176 (ALFA ROMEO) | 977759 (VOLVO) | 9932100830 (TOYOTA) | GFB10838 (AUSTIN),,https://webcateu.dayco.ws/img/products/VEE.jpg,https://www.dayco.com/la-es/catalog/?search=10A0840C,Transmisión,RAW-EDGE(V),,,
DAYCO,4PK550,Correa Poly-V,CORREA POLY-V,,,,,https://webcateu.dayco.ws/img/products/4PK.jpg,https://www.dayco.com/la-es/catalog/?search=4PK550,Auxiliar,POLY-V,,,
DAYCO,7732,Tensor genérico,TENSOR,,,,,https://webcateu.dayco.ws/img/products/7732.jpg,https://www.dayco.com/la-es/catalog/?search=7732,Auxiliar,TENSIONER&PULLEY,,,
DAYCO,ATB2240,Tensor de distribución,TENSOR,,,081821 (CITROEN) | 082917 (CITROEN) | 26207509 (CITROEN) | 5619217 (FIAT) | 5972277 (FIAT) | 71740977 (AUTOBIANCHI) | 71740977 (FIAT) | 71740977 (LANCIA) | GT80290 (GMB),,https://webcateu.dayco.ws/img/products/ATB2240.jpg,https://www.dayco.com/la-es/catalog/?search=ATB2240,Principal,TENSIONER&PULLEY,,,
DAYCO,138SHPN150,Correa de distribución,CORREA DE DISTRIBUCIÓN,,,081679 (CITROEN) | 081679 (PEUGEOT) | 46408751 (FIAT) | 46408751 (INNOCENTI) | 46408751 (LANCIA) | 46417967 (FIAT) | 71719005 (FIAT) | 7576135 (FIAT) | 7576135 (LANCIA) | 7582144 (LANCIA) | 7743081 (FIAT) | 7743081 (LANCIA),,https://webcateu.dayco.ws/img/products/TB.jpg,https://www.dayco.com/la-es/catalog/?search=138SHPN150,Principal,TIMING BELT,,,
DAYCO,4PK762,Correa Poly-V,CORREA POLY-V,,,,,https://webcateu.dayco.ws/img/products/4PK.jpg,https://www.dayco.com/la-es/catalog/?search=4PK762,Auxiliar,POLY-V,,,
DAYCO,7732CP,Tensor genérico,TENSOR,,,,,https://webcateu.dayco.ws/img/products/7732CP.jpg,https://www.dayco.com/la-es/catalog/?search=7732CP,Auxiliar,TENSIONER&PULLEY,,,
DAYCO,KIT-9002,Kit de distribución,KIT DISTRIBUCION,,,,,https://webcateu.dayco.ws/img/products/KIT-9002.jpg,https://www.dayco.com/la-es/catalog/?search=KIT-9002,Principal,TIMING BELT KIT,,,
DAYCO,KTB135,Kit de distribución,KIT DISTRIBUCION,,,71754849 (FIAT),,https://webcateu.dayco.ws/img/products/KTB135.jpg,https://www.dayco.com/la-es/catalog/?search=KTB135,Principal,TIMING BELT KIT,,,
DAYCO,135SHPN170H,Correa de distribución,CORREA DE DISTRIBUCIÓN,,,,,https://webcateu.dayco.ws/img/products/TB.jpg,https://www.dayco.com/la-es/catalog/?search=135SHPN170H,Principal,TIMING BELT,,,
DAYCO,13A1015C,Correa de transmisión,CORREA DE TRANSMISIÓN,,,0009975492 (MERCEDES-BENZ) | 0059976992 (MERCEDES-BENZ) | 0059977192 (MERCEDES-BENZ),,https://webcateu.dayco.ws/img/products/VEE.jpg,https://www.dayco.com/la-es/catalog/?search=13A1015C,Transmisión,RAW-EDGE(V),,,
DAYCO,5PK995,Correa Poly-V,CORREA POLY-V,,,,,https://webcateu.dayco.ws/img/products/5PK.jpg,https://www.dayco.com/la-es/catalog/?search=5PK995,Auxiliar,POLY-V,,,
DAYCO,6PK1105,Correa Poly-V,CORREA POLY-V,,,119204M500 (NISSAN) | 119206J910 (NISSAN) | 1288822 (DAF) | 46439000 (ALFA ROMEO) | 46439000 (FIAT) | 46439000 (LANCIA) | 46462520 (FIAT) | 60813505 (FIAT),,https://webcateu.dayco.ws/img/products/6PK.jpg,https://www.dayco.com/la-es/catalog/?search=6PK1105,Auxiliar,POLY-V,,,
DAYCO,KTC1738,Kit cadena de distribución,KIT DISTRIBUCION,,,,,https://webcateu.dayco.ws/img/products/KTC1738.jpg,https://www.dayco.com/la-es/catalog/?search=KTC1738,Principal,CHAIN KIT,,,
DAYCO,117S150,Correa de distribución,CORREA DE DISTRIBUCIÓN,,,4250074 (FIAT) | 4250074 (LANCIA) | 4452647 (AUTOBIANCHI) | 4452647 (FIAT) | 4452647 (INNOCENTI) | 4452647 (LANCIA) | 5889247 (FIAT) | 5889247 (INNOCENTI) | 5973342 (FIAT) | 71739899 (FIAT),,https://webcateu.dayco.ws/img/products/TB.jpg,https://www.dayco.com/la-es/catalog/?search=117S150,Principal,TIMING BELT,,,
DAYCO,117S170,Correa de distribución,CORREA DE DISTRIBUCIÓN,,,,,https://webcateu.dayco.ws/img/products/TB.jpg,https://www.dayco.com/la-es/catalog/?search=117S170,Principal,TIMING BELT,,,
DAYCO,131SHPN170H,Correa de distribución,CORREA DE DISTRIBUCIÓN,,,46434651 (FIAT) | 46546254 (FIAT) | 465462540 (FIAT),,https://webcateu.dayco.ws/img/products/TB.jpg,https://www.dayco.com/la-es/catalog/?search=131SHPN170H,Principal,TIMING BELT,,,
DAYCO,13A0960C,Correa de transmisión,CORREA DE TRANSMISIÓN,,,,,https://webcateu.dayco.ws/img/products/VEE.jpg,https://www.dayco.com/la-es/catalog/?search=13A0960C,Transmisión,RAW-EDGE(V),,,
DAYCO,4PK1146,Correa Poly-V,CORREA POLY-V,,,,,https://webcateu.dayco.ws/img/products/4PK.jpg,https://www.dayco.com/la-es/catalog/?search=4PK1146,Auxiliar,POLY-V,,,
DAYCO,5PK1012,Correa Poly-V,CORREA POLY-V,,,,,https://webcateu.dayco.ws/img/products/5PK.jpg,https://www.dayco.com/la-es/catalog/?search=5PK1012,Auxiliar,POLY-V,,,
DAYCO,5PK1105,Correa Poly-V,CORREA POLY-V,,,31110PR7A04 (HONDA) | 38920-PTO-004 (HONDA) | 38920PTO0041 (HONDA) | 46462518 (FIAT) | 60513579 (ALFA ROMEO) | 60513579 (FIAT) | 60513579 (LANCIA) | 9091602340 (TOYOTA) | 9091602382 (TOYOTA) | 9091602383 (TOYOTA),,https://webcateu.dayco.ws/img/products/5PK.jpg,https://www.dayco.com/la-es/catalog/?search=5PK1105,Auxiliar,POLY-V,,,
DAYCO,6PK1125,Correa Poly-V,CORREA POLY-V,,,032145933C (SEAT) | 032145933G (SEAT) | 032145933G (VOLKSWAGEN) | 032145933Q (VOLKSWAGEN) | 032145933S (SEAT) | 032145933S (SKODA) | 032145933S (VOLKSWAGEN) | 036145933B (VOLKSWAGEN) | 036145933D (VOLKSWAGEN) | 036145933G (VOLKSWAGEN) | 036145933Q (VOLKSWAGEN) | 06A145933D (AUDI) | 06A145933D (SEAT) | 06A145933D (SKODA) | 06A145933D (VOLKSWAGEN) | 1172000Q5F (NISSAN) | 1172000Q5F (RENAULT) | 117200278R (RENAULT) | 11920-00QAE (NISSAN) | 21108114096 (LADA) | 4421634 (OPEL) | 46532636 (FIAT) | 46533490 (FIAT) | 5750GE (CITROEN) | 5750GE (PEUGEOT) | 5750GN (CITROEN) | 5750GN (PEUGEOT) | 5750VT (CITROEN) | 5750VT (PEUGEOT) | 6079930096 (MERCEDES-BENZ) | 7700114635 (RENAULT) | 7700114730 (RENAULT) | 7700866063 (RENAULT) | 7700868878 (RENAULT) | 7701064348 (PEUGEOT) | 7701069280 (RENAULT) | 9110599 (GENERAL MOTORS) | 9110599 (OPEL) | 9110599 (VAUXHALL) | 95507617 (OPEL),,https://webcateu.dayco.ws/img/products/6PK.jpg,https://www.dayco.com/la-es/catalog/?search=6PK1125,Auxiliar,POLY-V,,,
DAYCO,6PK1395,Correa Poly-V,CORREA POLY-V,,,,,https://webcateu.dayco.ws/img/products/6PK.jpg,https://www.dayco.com/la-es/catalog/?search=6PK1395,Auxiliar,POLY-V,,,
DAYCO,7730,Tensor genérico,TENSOR,,,,,https://webcateu.dayco.ws/img/products/7730.jpg,https://www.dayco.com/la-es/catalog/?search=7730,Auxiliar,TENSIONER&PULLEY,,,
DAYCO,KIT-9006,Kit de distribución,KIT DISTRIBUCION,,,,,https://webcateu.dayco.ws/img/products/KIT-9006.jpg,https://www.dayco.com/la-es/catalog/?search=KIT-9006,Principal,TIMING BELT KIT,,,
DAYCO,KIT-9020,Kit de distribución,KIT DISTRIBUCION,,,,,https://webcateu.dayco.ws/img/products/KIT-9020.jpg,https://www.dayco.com/la-es/catalog/?search=KIT-9020,Principal,TIMING BELT KIT,,,
DAYCO,KIT-9022,Kit de distribución,KIT DISTRIBUCION,,,,,https://webcateu.dayco.ws/img/products/KIT-9022.jpg,https://www.dayco.com/la-es/catalog/?search=KIT-9022,Principal,TIMING BELT KIT,,,
DAYCO,KTB147/1,Kit de distribución,KIT DISTRIBUCION,,,,,https://webcateu.dayco.ws/img/products/KTB147/1.jpg,https://www.dayco.com/la-es/catalog/?search=KTB147/1,Principal,TIMING BELT KIT,,,
DAYCO,KTB147/2,Kit de distribución,KIT DISTRIBUCION,,,,,https://webcateu.dayco.ws/img/products/KTB147/2.jpg,https://www.dayco.com/la-es/catalog/?search=KTB147/2,Principal,TIMING BELT KIT,,,
DAYCO,KTB804,Kit de distribución,KIT DISTRIBUCION,,,,,https://webcateu.dayco.ws/img/products/KTB804.jpg,https://www.dayco.com/la-es/catalog/?search=KTB804,Principal,TIMING BELT KIT,,,
DAYCO,7716,Tensor genérico,TENSOR,,,,,https://webcateu.dayco.ws/img/products/7716.jpg,https://www.dayco.com/la-es/catalog/?search=7716,Auxiliar,TENSIONER&PULLEY,,,
DAYCO,13A0915C,Correa de transmisión,CORREA DE TRANSMISIÓN,,,,,https://webcateu.dayco.ws/img/products/VEE.jpg,https://www.dayco.com/la-es/catalog/?search=13A0915C,Transmisión,RAW-EDGE(V),,,
DAYCO,120S150,Correa de distribución,CORREA DE DISTRIBUCIÓN,,,4367051 (AUTOBIANCHI) | 4367051 (FIAT) | 4367051 (INNOCENTI) | 4367051 (LANCIA) | 4367051 (SEAT) | MD009277 (MITSUBISHI) | MD009666 (MITSUBISHI) | MD009667 (MITSUBISHI) | MD113561 (MITSUBISHI) | XD009277 (MITSUBISHI) | XD009666 (MITSUBISHI) | XD113561 (MITSUBISHI),,https://webcateu.dayco.ws/img/products/TB.jpg,https://www.dayco.com/la-es/catalog/?search=120S150,Principal,TIMING BELT,,,
DAYCO,121SX150,Correa de distribución,CORREA DE DISTRIBUCIÓN,,,4386291 (FIAT),,https://webcateu.dayco.ws/img/products/TB.jpg,https://www.dayco.com/la-es/catalog/?search=121SX150,Principal,TIMING BELT,,,
DAYCO,118SX190,Correa de distribución,CORREA DE DISTRIBUCIÓN,,,081619 (PEUGEOT) | 340132 (PEUGEOT) | 4242396 (FIAT) | 4242396 (INNOCENTI) | 4242396 (LANCIA) | 4401261 (FIAT) | 4401261 (LANCIA) | 5889243 (FIAT) | 5923060 (LANCIA) | 7700665593 (PEUGEOT) | 7700665593 (RENAULT),,https://webcateu.dayco.ws/img/products/TB.jpg,https://www.dayco.com/la-es/catalog/?search=118SX190,Principal,TIMING BELT,,,
DAYCO,1167,Tensor genérico,TENSOR,,,,,https://webcateu.dayco.ws/img/products/1167.jpg,https://www.dayco.com/la-es/catalog/?search=1167,Auxiliar,TENSIONER&PULLEY,,,
DAYCO,4PK775,Correa Poly-V,CORREA POLY-V,,,"1,172026E+18 (NISSAN) | 117202600 (NISSAN) | 1172026E02 (NISSAN) | 1172026E12 (NISSAN) | 1195031U01 (NISSAN) | 1195031U02 (NISSAN) | 1195031U02 (RENAULT) | 252102500 (HYUNDAI) | 31110P2T004 (HONDA) | 31110PR3004 (HONDA) | 46467973 (FIAT) | 7701474517 (RENAULT) | 9004831004 (DAIHATSU) | 95141-73G00 (SUZUKI) | A172026E02 (NISSAN) | A172026E0B (NISSAN) | DAMD373620 (HAFEI) | MD301833 (MITSUBISHI) | MD312400 (MITSUBISHI) | MD373620 (CHANG FENG) | PQS10028EVA (ROVER)",,https://webcateu.dayco.ws/img/products/4PK.jpg,https://www.dayco.com/la-es/catalog/?search=4PK775,Auxiliar,POLY-V,,,
DAYCO,7785,Tensor genérico,TENSOR,,,,,https://webcateu.dayco.ws/img/products/7785.jpg,https://www.dayco.com/la-es/catalog/?search=7785,Auxiliar,TENSIONER&PULLEY,,,
DAYCO,APV2860,Tensor auxiliar,TENSOR,,,46524820 (FIAT),,https://webcateu.dayco.ws/img/products/APV2860.jpg,https://www.dayco.com/la-es/catalog/?search=APV2860,Auxiliar,TENSIONER&PULLEY,,,
DAYCO,APV3037,Tensor auxiliar,TENSOR,,,,,https://webcateu.dayco.ws/img/products/APV3037.jpg,https://www.dayco.com/la-es/catalog/?search=APV3037,Auxiliar,TENSIONER&PULLEY,,,
DAYCO,121SX170,Correa de distribución,CORREA DE DISTRIBUCIÓN,,,,,https://webcateu.dayco.ws/img/products/TB.jpg,https://www.dayco.com/la-es/catalog/?search=121SX170,Principal,TIMING BELT,,,
DAYCO,4PK855,Correa Poly-V,CORREA POLY-V,,,050903137C (AUDI) | 050903137C (SEAT) | 050903137C (SKODA) | 050903137C (VOLKSWAGEN) | 053903137B (VOLKSWAGEN) | 058260849 (AUDI) | 058260849 (VOLKSWAGEN) | 06B260849A (AUDI) | 06B260849A (SEAT) | 06B260849A (SKODA) | 06B260849A (VOLKSWAGEN) | 06B260849C (VOLKSWAGEN) | 11720V7302 (NISSAN) | 128027 (PEUGEOT) | 46451652 (FIAT) | 46542303 (FIAT) | 64551727378 (BMW) | 7799581 (FIAT) | 977122D100 (HYUNDAI) | 977132D100 (HYUNDAI) | 977132D100 (KIA) | 977132D510 (DAIHATSU) | 977132D510 (HYUNDAI) | 977132D510 (KIA) | 977132E000 (HYUNDAI) | 9936430860 (TOYOTA) | 997132E000 (HYUNDAI) | B61P-15-907A (MAZDA) | B61P-15-907B-9F (MAZDA) | B61P15907B (MAZDA) | B96019294 (CITROEN) | STC2326 (LAND ROVER),,https://webcateu.dayco.ws/img/products/4PK.jpg,https://www.dayco.com/la-es/catalog/?search=4PK855,Auxiliar,POLY-V,,,
DAYCO,5PK955,Correa Poly-V,CORREA POLY-V,,,12587076 (CADILLAC) | 31110-P44-G03 (ROVER) | 31110P44G03 (HONDA) | 31110PB00041 (ROVER) | 31110PT0003 (HONDA) | 31110PT0004 (HONDA) | 38920P5A004 (HONDA) | 46468650 (FIAT) | 46471757 (FIAT) | 46473060 (FIAT) | 71749427 (FIAT) | GFB402 (ROVER) | GFB403 (ROVER) | GMB104 (ROVER) | GMB50956 (ROVER) | PQS000403EVA (ROVER) | PQS101160EVA (ROVER),,https://webcateu.dayco.ws/img/products/5PK.jpg,https://www.dayco.com/la-es/catalog/?search=5PK955,Auxiliar,POLY-V,,,
DAYCO,900002,Manguera,MANGUERA,,,,,https://webcateu.dayco.ws/img/products/900002.jpg,https://www.dayco.com/la-es/catalog/?search=900002,Refrigeración,COOLING HOSE,,,
DAYCO,1144,Tensor genérico,TENSOR,,,,,https://webcateu.dayco.ws/img/products/1144.jpg,https://www.dayco.com/la-es/catalog/?search=1144,Auxiliar,TENSIONER&PULLEY,,,
DAYCO,APV2157,Tensor auxiliar,TENSOR,,,46440604 (FIAT) | 7789752 (FIAT),,https://webcateu.dayco.ws/img/products/APV2157.jpg,https://www.dayco.com/la-es/catalog/?search=APV2157,Auxiliar,TENSIONER&PULLEY,,,
DAYCO,73192,Manguera,MANGUERA,,,50017014 (FIAT),,https://webcateu.dayco.ws/img/products/73192.jpg,https://www.dayco.com/la-es/catalog/?search=73192,Refrigeración,COOLING HOSE,,,
DAYCO,4PK975,Correa Poly-V,CORREA POLY-V,,,04668303 (CHRYSLER) | 0K30C15908C (KIA) | 2521232510 (HYUNDAI) | 2521232520 (HYUNDAI) | 2521232550 (HYUNDAI) | 2521233000 (HYUNDAI) | 2521233050 (HYUNDAI) | 2521233060 (HYUNDAI) | 38920PR7A01 (HONDA) | 38920PR7A02 (HONDA) | 38920PR7A04 (HONDA) | 4483174 (CHRYSLER) | 4483174 (FIAT) | 4668303 (CHRYSLER) | 56992-PK1-0041 (HONDA) | 56992PK1003 (HONDA) | 56992PK10031 (HONDA) | 56992PK1004 (HONDA) | 56992PK1013 (HONDA) | 56992PK1014 (HONDA) | 56992PK1023 (HONDA) | 56992PK1024 (HONDA) | 56992PK1505 (HONDA) | 6793377 (FORD) | 80921-3020 (SUBARU) | 809213010 (SUBARU) | 93TF6C301A1A (FORD) | 9936400980 (TOYOTA) | B4040382 (CHRYSLER) | F82A15909 (MAZDA) | F82B15909 (MAZDA) | MD074251 (MITSUBISHI) | MD111147 (MITSUBISHI) | MD186123 (MITSUBISHI) | MD186124 (MITSUBISHI) | MD355002 (MITSUBISHI) | MQ900832 (MITSUBISHI),,https://webcateu.dayco.ws/img/products/4PK.jpg,https://www.dayco.com/la-es/catalog/?search=4PK975,Auxiliar,POLY-V,,,
DAYCO,5PK1165,Correa Poly-V,CORREA POLY-V,,,079903137S (AUDI) | 11281715636 (BMW) | 11281736695 (BMW) | 11281736698 (BMW) | 11287532297 (BMW) | 11287545346 (BMW) | 11311718672 (BMW) | 1718672 (BMW) | 1736695 (BMW) | 1736698 (BMW) | 2114000Z2D (NISSAN) | 3396932 (FORD) | 3902552 (FORD) | 55184060 (FIAT) | 575091 (PEUGEOT) | 5750D4 (PEUGEOT) | 5750H7 (CITROEN) | 7700720780 (RENAULT) | 96053938 (CITROEN) | 96053938 (PEUGEOT) | 96056833 (CITROEN) | 96056833 (PEUGEOT) | 9936551170 (TOYOTA) | F32Z8620C (FORD) | F32Z8620C (MAZDA) | FS0505909 (MAZDA) | FS0515909 (FORD) | FS0515909 (MAZDA) | FS05159099F (MAZDA) | FS0515909A9F (MAZDA) | FS0515909B9F (MAZDA) | FS1215909 (MAZDA) | FS1215909A (MAZDA) | FS1215909B (MAZDA) | GFB91165 (ROVER) | GFB91170 (ROVER) | GMB51165 (ROVER) | GMB51165XS (ROVER) | LR012625 (LAND ROVER) | PQS10044 (ROVER) | PQS101590 (ROVER) | PSQ101590 (MG),,https://webcateu.dayco.ws/img/products/5PK.jpg,https://www.dayco.com/la-es/catalog/?search=5PK1165,Auxiliar,POLY-V,,,
DAYCO,5PK1170,Correa Poly-V,CORREA POLY-V,,,55258482 (FIAT),,https://webcateu.dayco.ws/img/products/5PK.jpg,https://www.dayco.com/la-es/catalog/?search=5PK1170,Auxiliar,POLY-V,,,
DAYCO,7741,Tensor genérico,TENSOR,,,,,https://webcateu.dayco.ws/img/products/7741.jpg,https://www.dayco.com/la-es/catalog/?search=7741,Auxiliar,TENSIONER&PULLEY,,,
DAYCO,7741CP,Tensor genérico,TENSOR,,,,,https://webcateu.dayco.ws/img/products/7741CP.jpg,https://www.dayco.com/la-es/catalog/?search=7741CP,Auxiliar,TENSIONER&PULLEY,,,
DAYCO,ATB2576,Tensor de distribución,TENSOR,,,46736886 (FIAT),,https://webcateu.dayco.ws/img/products/ATB2576.jpg,https://www.dayco.com/la-es/catalog/?search=ATB2576,Principal,TENSIONER&PULLEY,,,
DAYCO,KIT-9039,Kit de distribución,KIT DISTRIBUCION,,,,,https://webcateu.dayco.ws/img/products/KIT-9039.jpg,https://www.dayco.com/la-es/catalog/?search=KIT-9039,Principal,TIMING BELT KIT,,,
DAYCO,KTB806,Kit de distribución,KIT DISTRIBUCION,,,,,https://webcateu.dayco.ws/img/products/KTB806.jpg,https://www.dayco.com/la-es/catalog/?search=KTB806,Principal,TIMING BELT KIT,,,
DAYCO,KTBWP8060,Kit de bomba de agua,KIT BOMBA DE AGUA,,,,,https://webcateu.dayco.ws/img/products/KTBWP8060.jpg,https://www.dayco.com/la-es/catalog/?search=KTBWP8060,Principal,KIT WATER PUMP,,,
DAYCO,73197,Manguera,MANGUERA,,,50018394 (FIAT),,https://webcateu.dayco.ws/img/products/73197.jpg,https://www.dayco.com/la-es/catalog/?search=73197,Refrigeración,COOLING HOSE,,,
DAYCO,73256,Manguera,MANGUERA,,,51851014 (FIAT),,https://webcateu.dayco.ws/img/products/73256.jpg,https://www.dayco.com/la-es/catalog/?search=73256,Refrigeración,COOLING HOSE,,,
DAYCO,700015,Manguera,MANGUERA,,,,,https://webcateu.dayco.ws/img/products/700015.jpg,https://www.dayco.com/la-es/catalog/?search=700015,Refrigeración,COOLING HOSE,,,
DAYCO,1407,Tensor genérico,TENSOR,,,,,https://webcateu.dayco.ws/img/products/1407.jpg,https://www.dayco.com/la-es/catalog/?search=1407,Auxiliar,TENSIONER&PULLEY,,,
DAYCO,6PK2565,Correa Poly-V,CORREA POLY-V,,,05750YT (CITROEN) | 1340A117 (MITSUBISHI) | 1340A123 (MITSUBISHI) | 1607017180 (CITROEN) | 1607017180 (PEUGEOT) | 4451A074 (MITSUBISHI) | 4451A114 (MITSUBISHI) | 5750YT (CITROEN) | 5750YT (PEUGEOT),,https://webcateu.dayco.ws/img/products/6PK.jpg,https://www.dayco.com/la-es/catalog/?search=6PK2565,Auxiliar,POLY-V,,,
DAYCO,KTC1734,Kit cadena de distribución,KIT DISTRIBUCION,,,,,https://webcateu.dayco.ws/img/products/KTC1734.jpg,https://www.dayco.com/la-es/catalog/?search=KTC1734,Principal,CHAIN KIT,,,
DAYCO,APV2987,Tensor auxiliar,TENSOR,,,04891595AA (CHRYSLER) | 04891595AB (CHRYSLER) | 04891595AC (CHRYSLER) | 04891595AD (CHRYSLER) | 04891595AE (CHRYSLER) | 1345A008 (MITSUBISHI) | 1345A059 (MITSUBISHI) | 1345A060 (MITSUBISHI) | 1345A079 (MITSUBISHI) | 1611425980 (CITROEN) | 1611425980 (PEUGEOT) | 1614201280 (CITROEN) | 1614201280 (PEUGEOT) | 4891595AB (DODGE) | 5751G5 (PEUGEOT) | 5751H7 (CITROEN) | 5751H7 (PEUGEOT) | 5751J1 (CITROEN) | 5751J1 (PEUGEOT) | K0 4891 595AE (FIAT),,https://webcateu.dayco.ws/img/products/APV2987.jpg,https://www.dayco.com/la-es/catalog/?search=APV2987,Auxiliar,TENSIONER&PULLEY,,,
DAYCO,7952,Tensor genérico,TENSOR,,,,,https://webcateu.dayco.ws/img/products/7952.jpg,https://www.dayco.com/la-es/catalog/?search=7952,Auxiliar,TENSIONER&PULLEY,,,
DAYCO,87322,Manguera,MANGUERA,,,51725455 (FIAT),,https://webcateu.dayco.ws/img/products/87322.jpg,https://www.dayco.com/la-es/catalog/?search=87322,Refrigeración,COOLING HOSE,,,
DAYCO,73226,Manguera,MANGUERA,,,51713166 (FIAT),,https://webcateu.dayco.ws/img/products/73226.jpg,https://www.dayco.com/la-es/catalog/?search=73226,Refrigeración,COOLING HOSE,,,
DAYCO,73251,Manguera,MANGUERA,,,51712595 (FIAT),,https://webcateu.dayco.ws/img/products/73251.jpg,https://www.dayco.com/la-es/catalog/?search=73251,Refrigeración,COOLING HOSE,,,
DAYCO,4PK874EE,Correa Poly-V,CORREA POLY-V,,,46811283 (FIAT) | 55213928 (FIAT) | 71719035 (FIAT),,https://webcateu.dayco.ws/img/products/4PK.jpg,https://www.dayco.com/la-es/catalog/?search=4PK874EE,Auxiliar,POLY-V,,,
DAYCO,ATB2613,Tensor de distribución,TENSOR,,,,,https://webcateu.dayco.ws/img/products/ATB2613.jpg,https://www.dayco.com/la-es/catalog/?search=ATB2613,Principal,TENSIONER&PULLEY,,,
DAYCO,3PK895EE,Correa Poly-V,CORREA POLY-V,,,55211240 (FIAT),,https://webcateu.dayco.ws/img/products/3PK.jpg,https://www.dayco.com/la-es/catalog/?search=3PK895EE,Auxiliar,POLY-V,,,
DAYCO,1136,Tensor genérico,TENSOR,,,,,https://webcateu.dayco.ws/img/products/1136.jpg,https://www.dayco.com/la-es/catalog/?search=1136,Auxiliar,TENSIONER&PULLEY,,,
DAYCO,1137,Tensor genérico,TENSOR,,,,,https://webcateu.dayco.ws/img/products/1137.jpg,https://www.dayco.com/la-es/catalog/?search=1137,Auxiliar,TENSIONER&PULLEY,,,
DAYCO,1168,Tensor genérico,TENSOR,,,,,https://webcateu.dayco.ws/img/products/1168.jpg,https://www.dayco.com/la-es/catalog/?search=1168,Auxiliar,TENSIONER&PULLEY,,,
DAYCO,1233,Tensor genérico,TENSOR,,,,,https://webcateu.dayco.ws/img/products/1233.jpg,https://www.dayco.com/la-es/catalog/?search=1233,Auxiliar,TENSIONER&PULLEY,,,
DAYCO,6DPK1225,Correa Poly-V,CORREA POLY-V,,,46514138 (FIAT) | 46514138 (LANCIA),,https://webcateu.dayco.ws/img/products/6PK.jpg,https://www.dayco.com/la-es/catalog/?search=6DPK1225,Auxiliar,POLY-V,,,
DAYCO,700021,Manguera,MANGUERA,,,,,https://webcateu.dayco.ws/img/products/700021.jpg,https://www.dayco.com/la-es/catalog/?search=700021,Refrigeración,COOLING HOSE,,,
DAYCO,7733,Tensor genérico,TENSOR,,,,,https://webcateu.dayco.ws/img/products/7733.jpg,https://www.dayco.com/la-es/catalog/?search=7733,Auxiliar,TENSIONER&PULLEY,,,
DAYCO,APV1023,Tensor auxiliar,TENSOR,,,46547564 (ALFA ROMEO) | 46547564 (FIAT) | 46547564 (LANCIA),,https://webcateu.dayco.ws/img/products/APV1023.jpg,https://www.dayco.com/la-es/catalog/?search=APV1023,Auxiliar,TENSIONER&PULLEY,,,
DAYCO,APV2061,Tensor auxiliar,TENSOR,,,46441096 (FIAT) | 46441096 (LANCIA) | 7778564 (FIAT) | 7778564 (LANCIA),,https://webcateu.dayco.ws/img/products/APV2061.jpg,https://www.dayco.com/la-es/catalog/?search=APV2061,Auxiliar,TENSIONER&PULLEY,,,
DAYCO,APV2190,Tensor auxiliar,TENSOR,,,7740252 (FIAT) | 7740252 (LANCIA),,https://webcateu.dayco.ws/img/products/APV2190.jpg,https://www.dayco.com/la-es/catalog/?search=APV2190,Auxiliar,TENSIONER&PULLEY,,,
DAYCO,ATB2020,Tensor de distribución,TENSOR,,,60813590 (ALFA ROMEO) | 60813590 (FIAT) | 60813590 (LANCIA) | 71736493 (ALFA ROMEO) | 71736493 (FIAT) | 71736493 (LANCIA) | 71736793 (FIAT) | 7763644 (ALFA ROMEO) | 7763644 (FIAT) | 7763644 (LANCIA) | GT60550 (GMB),,https://webcateu.dayco.ws/img/products/ATB2020.jpg,https://www.dayco.com/la-es/catalog/?search=ATB2020,Principal,TENSIONER&PULLEY,,,
DAYCO,ATB2222,Tensor de distribución,TENSOR,,,55192773 (FIAT) | 55192773 (LANCIA) | 7772961 (FIAT),,https://webcateu.dayco.ws/img/products/ATB2222.jpg,https://www.dayco.com/la-es/catalog/?search=ATB2222,Principal,TENSIONER&PULLEY,,,
DAYCO,KTB312/4,Kit de distribución,KIT DISTRIBUCION,,,,,https://webcateu.dayco.ws/img/products/KTB312/4.jpg,https://www.dayco.com/la-es/catalog/?search=KTB312/4,Principal,TIMING BELT KIT,,,
DAYCO,167SHPN240H,Correa de distribución,CORREA DE DISTRIBUCIÓN,,,46541065 (FIAT) | 46541065 (LANCIA) | 7732676 (FIAT) | 7732676 (LANCIA),,https://webcateu.dayco.ws/img/products/TB.jpg,https://www.dayco.com/la-es/catalog/?search=167SHPN240H,Principal,TIMING BELT,,,
DAYCO,KTB312,Kit de distribución,KIT DISTRIBUCION,,,71754843 (ALFA ROMEO) | 71754843 (FIAT) | 71754843 (LANCIA),,https://webcateu.dayco.ws/img/products/KTB312.jpg,https://www.dayco.com/la-es/catalog/?search=KTB312,Principal,TIMING BELT KIT,,,
DAYCO,1240,Tensor genérico,TENSOR,,,,,https://webcateu.dayco.ws/img/products/1240.jpg,https://www.dayco.com/la-es/catalog/?search=1240,Auxiliar,TENSIONER&PULLEY,,,
DAYCO,1249,Tensor genérico,TENSOR,,,,,https://webcateu.dayco.ws/img/products/1249.jpg,https://www.dayco.com/la-es/catalog/?search=1249,Auxiliar,TENSIONER&PULLEY,,,
DAYCO,APV1022,Tensor auxiliar,TENSOR,,,46547566 (ALFA ROMEO) | 46547566 (FIAT) | 46547566 (LANCIA) | 60813721 (ALFA ROMEO) | 60813721 (FIAT) | 60814917 (ALFA ROMEO) | 60814917 (FIAT) | 7763647 (ALFA ROMEO) | 7763647 (FIAT) | 7763647 (LANCIA),,https://webcateu.dayco.ws/img/products/APV1022.jpg,https://www.dayco.com/la-es/catalog/?search=APV1022,Auxiliar,TENSIONER&PULLEY,,,
DAYCO,APV2079,Tensor auxiliar,TENSOR,,,46469587 (FIAT) | 60813774 (FIAT) | 60813774 (LANCIA),,https://webcateu.dayco.ws/img/products/APV2079.jpg,https://www.dayco.com/la-es/catalog/?search=APV2079,Auxiliar,TENSIONER&PULLEY,,,
DAYCO,73193,Manguera,MANGUERA,,,46779408 (FIAT),,https://webcateu.dayco.ws/img/products/73193.jpg,https://www.dayco.com/la-es/catalog/?search=73193,Refrigeración,COOLING HOSE,,,
DAYCO,KIT-9026,Kit de distribución,KIT DISTRIBUCION,,,,,https://webcateu.dayco.ws/img/products/KIT-9026.jpg,https://www.dayco.com/la-es/catalog/?search=KIT-9026,Principal,TIMING BELT KIT,,,
DAYCO,KIT-9048,Kit de distribución,KIT DISTRIBUCION,,,,,https://webcateu.dayco.ws/img/products/KIT-9048.jpg,https://www.dayco.com/la-es/catalog/?search=KIT-9048,Principal,TIMING BELT KIT,,,
DAYCO,KTB285/1,Kit de distribución,KIT DISTRIBUCION,,,,,https://webcateu.dayco.ws/img/products/KTB285/1.jpg,https://www.dayco.com/la-es/catalog/?search=KTB285/1,Principal,TIMING BELT KIT,,,
DAYCO,KTB285/2,Kit de distribución,KIT DISTRIBUCION,,,,,https://webcateu.dayco.ws/img/products/KTB285/2.jpg,https://www.dayco.com/la-es/catalog/?search=KTB285/2,Principal,TIMING BELT KIT,,,
DAYCO,KTBWP2851,Kit de bomba de agua,KIT BOMBA DE AGUA,,,,,https://webcateu.dayco.ws/img/products/KTBWP2851.jpg,https://www.dayco.com/la-es/catalog/?search=KTBWP2851,Principal,KIT WATER PUMP,,,
DAYCO,KTBWP2852,Kit de bomba de agua,KIT BOMBA DE AGUA,,,,,https://webcateu.dayco.ws/img/products/KTBWP2852.jpg,https://www.dayco.com/la-es/catalog/?search=KTBWP2852,Principal,KIT WATER PUMP,,,
DAYCO,73248,Manguera,MANGUERA,,,46417200 (FIAT),,https://webcateu.dayco.ws/img/products/73248.jpg,https://www.dayco.com/la-es/catalog/?search=73248,Refrigeración,COOLING HOSE,,,
DAYCO,4PK756,Correa Poly-V,CORREA POLY-V,,,46467972 (FIAT) | 46520501 (FIAT) | 46520502 (FIAT) | 5750.WT (PEUGEOT) | 5750P0 (PEUGEOT) | 5750P1 (CITROEN) | 5750WT (CITROEN) | 7689035 (FIAT) | 8510342 (LAND ROVER) | 96242335 (FIAT) | 9624233580 (FIAT) | 96242336 (FIAT) | 9624233680 (FIAT),,https://webcateu.dayco.ws/img/products/4PK.jpg,https://www.dayco.com/la-es/catalog/?search=4PK756,Auxiliar,POLY-V,,,
DAYCO,73196,Manguera,MANGUERA,,,46417166 (FIAT),,https://webcateu.dayco.ws/img/products/73196.jpg,https://www.dayco.com/la-es/catalog/?search=73196,Refrigeración,COOLING HOSE,,,
DAYCO,900041,Manguera,MANGUERA,,,,,https://webcateu.dayco.ws/img/products/900041.jpg,https://www.dayco.com/la-es/catalog/?search=900041,Refrigeración,HOSE,,,
DAYCO,KIT-9023,Kit de distribución,KIT DISTRIBUCION,,,,,https://webcateu.dayco.ws/img/products/KIT-9023.jpg,https://www.dayco.com/la-es/catalog/?search=KIT-9023,Principal,TIMING BELT KIT,,,
DAYCO,KTB805,Kit de distribución,KIT DISTRIBUCION,,,,,https://webcateu.dayco.ws/img/products/KTB805.jpg,https://www.dayco.com/la-es/catalog/?search=KTB805,Principal,TIMING BELT KIT,,,
DAYCO,73221,Manguera,MANGUERA,,,46416979 (FIAT),,https://webcateu.dayco.ws/img/products/73221.jpg,https://www.dayco.com/la-es/catalog/?search=73221,Refrigeración,COOLING HOSE,,,
DAYCO,900040,Manguera,MANGUERA,,,,,https://webcateu.dayco.ws/img/products/900040.jpg,https://www.dayco.com/la-es/catalog/?search=900040,Refrigeración,HOSE,,,
DAYCO,119P8S220H,Correa de distribución,CORREA DE DISTRIBUCIÓN,,,,,https://webcateu.dayco.ws/img/products/TB.jpg,https://www.dayco.com/la-es/catalog/?search=119P8S220H,Principal,TIMING BELT,,,
DAYCO,KIT-9000,Kit de distribución,KIT DISTRIBUCION,,,,,https://webcateu.dayco.ws/img/products/KIT-9000.jpg,https://www.dayco.com/la-es/catalog/?search=KIT-9000,Principal,TIMING BELT KIT,,,
DAYCO,KTB889,Kit de distribución,KIT DISTRIBUCION,,,,,https://webcateu.dayco.ws/img/products/KTB889.jpg,https://www.dayco.com/la-es/catalog/?search=KTB889,Principal,TIMING BELT KIT,,,
DAYCO,KTBWP12080,Kit de bomba de agua,KIT BOMBA DE AGUA,,,,,https://webcateu.dayco.ws/img/products/KTBWP12080.jpg,https://www.dayco.com/la-es/catalog/?search=KTBWP12080,Principal,KIT WATER PUMP,,,
DAYCO,4PK648,Correa Poly-V,CORREA POLY-V,,,11720-1F110 (NISSAN) | 11720-1F710 (NISSAN) | 117201F710 (ALFA ROMEO) | 117204F110 (NISSAN) | 1752150F00 (SUZUKI) | 55564767 (GENERAL MOTORS) | 7158659 (ALFA ROMEO) | 7158659 (FORD) | 94FF6C301AC (ALFA ROMEO) | 94FF6C301AC (FORD) | MD189129 (MITSUBISHI) | ZZ3S18381 (MAZDA) | ZZS318381 (MAZDA),,https://webcateu.dayco.ws/img/products/4PK.jpg,https://www.dayco.com/la-es/catalog/?search=4PK648,Auxiliar,POLY-V,,,
DAYCO,6PK1150,Correa Poly-V,CORREA POLY-V,,,036145933AD (VOLKSWAGEN) | 037260849B (VOLKSWAGEN) | 1135719 (FORD) | 1172000Q1N (NISSAN) | 1172000QAG (NISSAN) | 117204P10A (INFINITI) | 117204P10A (NISSAN) | 3534086CA0 (SUZUKI) | 4418808 (OPEL) | 4506189 (OPEL) | 4506189 (VAUXHALL) | 5750.VV (CITROEN) | 5750VV (PEUGEOT) | 8200833566 (RENAULT) | 90916 W2023 (TOYOTA) | 90916W2023 (DAIHATSU) | 93196383 (OPEL) | 93196383 (VAUXHALL) | 96180219 (PEUGEOT) | 96198509 (SUZUKI) | 96209040 (SUZUKI) | 9642697380 (CITROEN) | MB897764 (MITSUBISHI),,https://webcateu.dayco.ws/img/products/6PK.jpg,https://www.dayco.com/la-es/catalog/?search=6PK1150,Auxiliar,POLY-V,,,
DAYCO,APV3075,Tensor auxiliar,TENSOR,,,,,https://webcateu.dayco.ws/img/products/APV3075.jpg,https://www.dayco.com/la-es/catalog/?search=APV3075,Auxiliar,TENSIONER&PULLEY,,,
DAYCO,142S180,Correa de distribución,CORREA DE DISTRIBUCIÓN,,,,,https://webcateu.dayco.ws/img/products/TB.jpg,https://www.dayco.com/la-es/catalog/?search=142S180,Principal,TIMING BELT,,,
DAYCO,7745,Tensor genérico,TENSOR,,,,,https://webcateu.dayco.ws/img/products/7745.jpg,https://www.dayco.com/la-es/catalog/?search=7745,Auxiliar,TENSIONER&PULLEY,,,
DAYCO,7747,Tensor genérico,TENSOR,,,,,https://webcateu.dayco.ws/img/products/7747.jpg,https://www.dayco.com/la-es/catalog/?search=7747,Auxiliar,TENSIONER&PULLEY,,,
DAYCO,ATB2053,Tensor de distribución,TENSOR,,,595 6109 (FIAT) | 595 6109 (LANCIA) | 60800148 (FIAT),,https://webcateu.dayco.ws/img/products/ATB2053.jpg,https://www.dayco.com/la-es/catalog/?search=ATB2053,Principal,TENSIONER&PULLEY,,,
DAYCO,ATB2578,Tensor de distribución,TENSOR,,,50006132 (FIAT),,https://webcateu.dayco.ws/img/products/ATB2578.jpg,https://www.dayco.com/la-es/catalog/?search=ATB2578,Principal,TENSIONER&PULLEY,,,
DAYCO,ATB2579,Tensor de distribución,TENSOR,,,7726935 (FIAT),,https://webcateu.dayco.ws/img/products/ATB2579.jpg,https://www.dayco.com/la-es/catalog/?search=ATB2579,Principal,TENSIONER&PULLEY,,,
DAYCO,KIT-9003,Kit de distribución,KIT DISTRIBUCION,,,,,https://webcateu.dayco.ws/img/products/KIT-9003.jpg,https://www.dayco.com/la-es/catalog/?search=KIT-9003,Principal,TIMING BELT KIT,,,
DAYCO,KTB164/1,Kit de distribución,KIT DISTRIBUCION,,,,,https://webcateu.dayco.ws/img/products/KTB164/1.jpg,https://www.dayco.com/la-es/catalog/?search=KTB164/1,Principal,TIMING BELT KIT,,,
DAYCO,KTB261,Kit de distribución,KIT DISTRIBUCION,,,,,https://webcateu.dayco.ws/img/products/KTB261.jpg,https://www.dayco.com/la-es/catalog/?search=KTB261,Principal,TIMING BELT KIT,,,
DAYCO,KTB163,Kit de distribución,KIT DISTRIBUCION,,,71754850 (ALFA ROMEO) | 71754850 (FIAT) | 71754850 (LANCIA),,https://webcateu.dayco.ws/img/products/KTB163.jpg,https://www.dayco.com/la-es/catalog/?search=KTB163,Principal,TIMING BELT KIT,,,
DAYCO,3PK778,Correa Poly-V,CORREA POLY-V,,,,,https://webcateu.dayco.ws/img/products/3PK.jpg,https://www.dayco.com/la-es/catalog/?search=3PK778,Auxiliar,POLY-V,,,
DAYCO,4PK778,Correa Poly-V,CORREA POLY-V,,,,,https://webcateu.dayco.ws/img/products/4PK.jpg,https://www.dayco.com/la-es/catalog/?search=4PK778,Auxiliar,POLY-V,,,
DAYCO,7744,Tensor genérico,TENSOR,,,,,https://webcateu.dayco.ws/img/products/7744.jpg,https://www.dayco.com/la-es/catalog/?search=7744,Auxiliar,TENSIONER&PULLEY,,,
DAYCO,ATB2056,Tensor de distribución,TENSOR,,,754 1718 (FIAT),,https://webcateu.dayco.ws/img/products/ATB2056.jpg,https://www.dayco.com/la-es/catalog/?search=ATB2056,Principal,TENSIONER&PULLEY,,,
DAYCO,13A1030C,Correa de transmisión,CORREA DE TRANSMISIÓN,,,7700743969 (RENAULT),,https://webcateu.dayco.ws/img/products/VEE.jpg,https://www.dayco.com/la-es/catalog/?search=13A1030C,Transmisión,RAW-EDGE(V),,,
DAYCO,5PK926,Correa Poly-V,CORREA POLY-V,,,128019 (CITROEN) | 128019 (PEUGEOT) | 31110PHO003 (HONDA) | 71719079 (FIAT) | 71749418 (FIAT) | 7640258 (FIAT) | 7640258 (LANCIA) | 7758970 (FIAT) | 7758971 (FIAT) | 7765715 (FIAT) | 9936580920 (TOYOTA) | 9936590920 (TOYOTA) | MD180106 (MITSUBISHI) | MD197722 (MITSUBISHI),,https://webcateu.dayco.ws/img/products/5PK.jpg,https://www.dayco.com/la-es/catalog/?search=5PK926,Auxiliar,POLY-V,,,
DAYCO,5PK960,Correa Poly-V,CORREA POLY-V,,,9.008091207E9 (GEELY) | 9.008091207E9 (GREAT WALL MOTOR) | 9.008091207E9 (TOYOTA),,https://webcateu.dayco.ws/img/products/5PK.jpg,https://www.dayco.com/la-es/catalog/?search=5PK960,Auxiliar,POLY-V,,,
DAYCO,KTB164/2,Kit de distribución,KIT DISTRIBUCION,,,,,https://webcateu.dayco.ws/img/products/KTB164/2.jpg,https://www.dayco.com/la-es/catalog/?search=KTB164/2,Principal,TIMING BELT KIT,,,
DAYCO,1181,Tensor genérico,TENSOR,,,,,https://webcateu.dayco.ws/img/products/1181.jpg,https://www.dayco.com/la-es/catalog/?search=1181,Auxiliar,TENSIONER&PULLEY,,,
DAYCO,1305,Tensor genérico,TENSOR,,,,,https://webcateu.dayco.ws/img/products/1305.jpg,https://www.dayco.com/la-es/catalog/?search=1305,Auxiliar,TENSIONER&PULLEY,,,
DAYCO,199SHPL240HT,Correa de distribución,CORREA DE DISTRIBUCIÓN,,,1276179J80 (SUZUKI) | 55183528 (ALFA ROMEO) | 55183528 (FIAT) | 55183528 (LANCIA) | 55264509 (FIAT) | 55273968 (ALFA ROMEO) | 55273968 (FIAT) | 55273968 (LANCIA) | 5636344 (GENERAL MOTORS) | 5636344 (OPEL) | 5636344 (VAUXHALL) | 636438 (GENERAL MOTORS) | 636438 (OPEL) | 636438 (VAUXHALL) | 93178812 (CADILLAC) | 93178812 (GENERAL MOTORS) | 93178812 (OPEL) | 93178812 (SAAB) | 93178812 (VAUXHALL),,https://webcateu.dayco.ws/img/products/TB.jpg,https://www.dayco.com/la-es/catalog/?search=199SHPL240HT,Principal,TIMING BELT,,,
DAYCO,7908,Tensor genérico,TENSOR,,,,,https://webcateu.dayco.ws/img/products/7908.jpg,https://www.dayco.com/la-es/catalog/?search=7908,Auxiliar,TENSIONER&PULLEY,,,
DAYCO,7921,Tensor genérico,TENSOR,,,,,https://webcateu.dayco.ws/img/products/7921.jpg,https://www.dayco.com/la-es/catalog/?search=7921,Auxiliar,TENSIONER&PULLEY,,,
DAYCO,APV2995,Tensor auxiliar,TENSOR,,,13 40 258 (OPEL) | 51820520 (ALFA ROMEO) | 51820520 (CHRYSLER) | 51820520 (FIAT) | 51820520 (LANCIA) | 51824328 (FIAT) | 55215811 (FIAT) | 55282321 (ALFA ROMEO) | 55282321 (CHRYSLER) | 55282321 (FIAT) | 55282321 (LANCIA) | 55282321 (OPEL) | 55561330 (GENERAL MOTORS),,https://webcateu.dayco.ws/img/products/APV2995.jpg,https://www.dayco.com/la-es/catalog/?search=APV2995,Auxiliar,TENSIONER&PULLEY,,,
DAYCO,ATB2000,Tensor de distribución,TENSOR,,,1278179J50 (SUZUKI) | 55187100 (ALFA ROMEO) | 55187100 (FIAT) | 55187100 (LANCIA) | 55187100 (OPEL) | 55187100 (VAUXHALL) | 55200441 (ALFA ROMEO) | 55200441 (FIAT) | 55200441 (LANCIA) | 5636743 (OPEL) | 636439 (OPEL) | 71771498 (FIAT) | 93178807 (OPEL) | 93178807 (SAAB),,https://webcateu.dayco.ws/img/products/ATB2000.jpg,https://www.dayco.com/la-es/catalog/?search=ATB2000,Principal,TENSIONER&PULLEY,,,
DAYCO,ATB2547,Tensor de distribución,TENSOR,,,1281079J50 (SUZUKI) | 1281079J51 (SUZUKI) | 1281079J52 (SUZUKI) | 1281079J80 (SUZUKI) | 55183527 (ALFA ROMEO) | 55183527 (FIAT) | 55183527 (LANCIA) | 55191315 (ALFA ROMEO) | 55191315 (FIAT) | 55191315 (LANCIA) | 55192323 (ALFA ROMEO) | 55192323 (FIAT) | 55192323 (LANCIA) | 55208381 (ALFA ROMEO) | 55208381 (FIAT) | 55208381 (LANCIA) | 55212159 (ALFA ROMEO) | 55212159 (OPEL) | 55212159 (VAUXHALL) | 55215666 (ALFA ROMEO) | 55215666 (FIAT) | 55215666 (LANCIA) | 55238027 (ALFA ROMEO) | 55238027 (FIAT) | 55238027 (LANCIA) | 55566028 (OPEL) | 5636456 (OPEL) | 5636475 (OPEL) | 5636745 (OPEL) | 60813592 (ALFA ROMEO) | 60813592 (FIAT) | 60813592 (LANCIA) | 636317 (OPEL) | 636685 (OPEL) | 636931 (OPEL) | 71747799 (ALFA ROMEO) | 71747799 (FIAT) | 71747799 (LANCIA) | 7778565 (ALFA ROMEO) | 7778565 (FIAT) | 7778565 (LANCIA) | 93178816 (OPEL) | 93178816 (SAAB) | 93181966 (OPEL) | 93181966 (SAAB) | 93186866 (OPEL) | 93186866 (SAAB),,https://webcateu.dayco.ws/img/products/ATB2547.jpg,https://www.dayco.com/la-es/catalog/?search=ATB2547,Principal,TENSIONER&PULLEY,,,
DAYCO,KIT-9062,Kit de distribución,KIT DISTRIBUCION,,,,,https://webcateu.dayco.ws/img/products/KIT-9062.jpg,https://www.dayco.com/la-es/catalog/?search=KIT-9062,Principal,TIMING BELT KIT,,,
DAYCO,KTB759,Kit de distribución,KIT DISTRIBUCION,,,1629016 (OPEL) | 71754559 (ALFA ROMEO) | 71754559 (FIAT) | 71754563 (ALFA ROMEO) | 71754563 (FIAT) | 71754563 (LANCIA),,https://webcateu.dayco.ws/img/products/KTB759.jpg,https://www.dayco.com/la-es/catalog/?search=KTB759,Principal,TIMING BELT KIT,,,
DAYCO,KTBWP7590,Kit de bomba de agua,KIT BOMBA DE AGUA,,,,,https://webcateu.dayco.ws/img/products/KTBWP7590.jpg,https://www.dayco.com/la-es/catalog/?search=KTBWP7590,Principal,KIT WATER PUMP,,,
DAYCO,6PK2005,Correa Poly-V,CORREA POLY-V,,,25212-37181 (HYUNDAI) | 50048146 (JEEP) | 50048149651057D (FIAT),,https://webcateu.dayco.ws/img/products/6PK.jpg,https://www.dayco.com/la-es/catalog/?search=6PK2005,Auxiliar,POLY-V,,,
DAYCO,10A0725C,Correa de transmisión,CORREA DE TRANSMISIÓN,,,0855676000 (RENAULT) | 1039797 (FORD) | 105000210300 (ALFA ROMEO) | 1612265 (FORD) | 1727136 (BMW) | 223736 (PEUGEOT) | 32421727136 (BMW) | 32421727180 (BMW) | 5490803S (PEUGEOT) | 5491191J (PEUGEOT) | 574909 (PEUGEOT) | 574910 (PEUGEOT) | 575040 (PEUGEOT) | 60808685 (FIAT) | 60810821 (FIAT) | 75519264 (PEUGEOT) | 7628729 (FIAT) | 7700271122 (RENAULT) | 7700565018 (RENAULT) | 7700624261 (RENAULT) | 7700624361 (RENAULT) | 7700744391 (RENAULT) | 7701348228 (RENAULT) | 7703305 (FIAT) | 7776571 (FIAT) | 8556760 (RENAULT) | 99919209750 (PORSCHE) | GCB10725 (ROVER),,https://webcateu.dayco.ws/img/products/VEE.jpg,https://www.dayco.com/la-es/catalog/?search=10A0725C,Transmisión,RAW-EDGE(V),,,
DAYCO,73195,Manguera,MANGUERA,,,50017104 (FIAT),,https://webcateu.dayco.ws/img/products/73195.jpg,https://www.dayco.com/la-es/catalog/?search=73195,Refrigeración,COOLING HOSE,,,
DAYCO,73194,Manguera,MANGUERA,,,50017369 (FIAT),,https://webcateu.dayco.ws/img/products/73194.jpg,https://www.dayco.com/la-es/catalog/?search=73194,Refrigeración,COOLING HOSE,,,
DAYCO,APV1117,Tensor auxiliar,TENSOR,,,7408149855 (RENAULT),,https://webcateu.dayco.ws/img/products/APV1117.jpg,https://www.dayco.com/la-es/catalog/?search=APV1117,Auxiliar,TENSIONER&PULLEY,,,
DAYCO,7848,Tensor genérico,TENSOR,,,,,https://webcateu.dayco.ws/img/products/7848.jpg,https://www.dayco.com/la-es/catalog/?search=7848,Auxiliar,TENSIONER&PULLEY,,,
DAYCO,APV2739,Tensor auxiliar,TENSOR,,,20487079 (RENAULT) | 20487079 (VOLVO) | 21260406 (VOLVO) | 21479274 (VOLVO) | 21479276 (VOLVO) | 74 21 479 276 (RENAULT) | 7420487079 (RENAULT),,https://webcateu.dayco.ws/img/products/APV2739.jpg,https://www.dayco.com/la-es/catalog/?search=APV2739,Auxiliar,TENSIONER&PULLEY,,,
DAYCO,7912,Tensor genérico,TENSOR,,,,,https://webcateu.dayco.ws/img/products/7912.jpg,https://www.dayco.com/la-es/catalog/?search=7912,Auxiliar,TENSIONER&PULLEY,,,
DAYCO,1156,Tensor genérico,TENSOR,,,,,https://webcateu.dayco.ws/img/products/1156.jpg,https://www.dayco.com/la-es/catalog/?search=1156,Auxiliar,TENSIONER&PULLEY,,,
DAYCO,126SP270HT,Correa de distribución,CORREA DE DISTRIBUCIÓN,,,1680600Q0F (NISSAN) | 1680600QAK (NISSAN) | 1680600QAL (NISSAN) | 4408392 (OPEL) | 4408392 (VAUXHALL) | 4412355 (OPEL) | 4412355 (VAUXHALL) | 4416576 (OPEL) | 7701064316 (OPEL) | 7701064316 (RENAULT) | 8200221695 (RENAULT) | 8200542739 (OPEL) | 8200542739 (RENAULT) | 91159999 (OPEL) | 91159999 (VAUXHALL) | 93161016 (OPEL) | 93188702 (OPEL),,https://webcateu.dayco.ws/img/products/TB.jpg,https://www.dayco.com/la-es/catalog/?search=126SP270HT,Principal,TIMING BELT,,,
DAYCO,7768,Tensor genérico,TENSOR,,,,,https://webcateu.dayco.ws/img/products/7768.jpg,https://www.dayco.com/la-es/catalog/?search=7768,Auxiliar,TENSIONER&PULLEY,,,
DAYCO,ATB2077,Tensor de distribución,TENSOR,,,1307000QAA (NISSAN) | 7700107150 (RENAULT) | 8201058069 (RENAULT),,https://webcateu.dayco.ws/img/products/ATB2077.jpg,https://www.dayco.com/la-es/catalog/?search=ATB2077,Principal,TENSIONER&PULLEY,,,
DAYCO,ATB2223,Tensor de distribución,TENSOR,,,130706246R (RENAULT) | 4409959 (OPEL) | 4430896 (OPEL) | 4433629 (OPEL) | 7700018920 (RENAULT) | 7700108920 (RENAULT) | 7700114860 (RENAULT) | 8200045127 (RENAULT) | 8200061345 (RENAULT) | 8200061697 (RENAULT) | 8200086697 (RENAULT) | 8200222092 (RENAULT) | 8200499908 (RENAULT) | 8200499909 (RENAULT) | 8200676403 (RENAULT) | 8200676404 (RENAULT) | 8200989169 (RENAULT) | 8200989172 (RENAULT) | 8200989174 (RENAULT) | 93160130 (VAUXHALL) | 93161482 (VAUXHALL) | 93198125 (VAUXHALL) | 93198653 (OPEL) | 93198653 (VAUXHALL),,https://webcateu.dayco.ws/img/products/ATB2223.jpg,https://www.dayco.com/la-es/catalog/?search=ATB2223,Principal,TENSIONER&PULLEY,,,
DAYCO,KIT-9029,Kit de distribución,KIT DISTRIBUCION,,,,,https://webcateu.dayco.ws/img/products/KIT-9029.jpg,https://www.dayco.com/la-es/catalog/?search=KIT-9029,Principal,TIMING BELT KIT,,,
DAYCO,KTB899,Kit de distribución,KIT DISTRIBUCION,,,130C11321R (RENAULT) | 130C11551R (RENAULT) | 130C13130R (RENAULT) | 130C13622R (RENAULT) | 130C19656R (RENAULT) | 4410546 (OPEL) | 4430895 (OPEL) | 7701474021 (RENAULT) | 7701474023 (RENAULT) | 7701477022 (RENAULT) | 7701477093 (RENAULT) | 93160243 (GENERAL MOTORS) | 93161481 (GENERAL MOTORS) | 93161481 (OPEL) | 93198652 (VAUXHALL) | 93198876 (GENERAL MOTORS) | 93198876 (OPEL),,https://webcateu.dayco.ws/img/products/KTB899.jpg,https://www.dayco.com/la-es/catalog/?search=KTB899,Principal,TIMING BELT KIT,,,
DAYCO,900062,Manguera,MANGUERA,,,,,https://webcateu.dayco.ws/img/products/900062.jpg,https://www.dayco.com/la-es/catalog/?search=900062,Refrigeración,HOSE,,,
DAYCO,KTC1215,Kit cadena de distribución,KIT DISTRIBUCION,,,,,https://webcateu.dayco.ws/img/products/KTC1215.jpg,https://www.dayco.com/la-es/catalog/?search=KTC1215,Principal,CHAIN KIT,,,
DAYCO,KTC1598,Kit cadena de distribución,KIT DISTRIBUCION,,,,,https://webcateu.dayco.ws/img/products/KTC1598.jpg,https://www.dayco.com/la-es/catalog/?search=KTC1598,Principal,CHAIN KIT,,,
DAYCO,7PK1040EE,Correa Poly-V,CORREA POLY-V,,,117208023R (RENAULT),,https://webcateu.dayco.ws/img/products/7PK.jpg,https://www.dayco.com/la-es/catalog/?search=7PK1040EE,Auxiliar,POLY-V,,,
DAYCO,7PK1790,Correa Poly-V,CORREA POLY-V,,,117207944R (RENAULT) | 15670937 (RENAULT) | 8200833588 (RENAULT),,https://webcateu.dayco.ws/img/products/7PK.jpg,https://www.dayco.com/la-es/catalog/?search=7PK1790,Auxiliar,POLY-V,,,
DAYCO,087SP170H,Correa de distribución,CORREA DE DISTRIBUCIÓN,,,1680600QAM (NISSAN) | 1680600QAN (NISSAN) | 1680600QBF (NISSAN) | 7700102047 (RENAULT) | 7700106241 (RENAULT) | 7700113061 (RENAULT) | 7700863095 (RENAULT) | 8200545581 (RENAULT),,https://webcateu.dayco.ws/img/products/TB.jpg,https://www.dayco.com/la-es/catalog/?search=087SP170H,Principal,TIMING BELT,,,
DAYCO,1149,Tensor genérico,TENSOR,,,,,https://webcateu.dayco.ws/img/products/1149.jpg,https://www.dayco.com/la-es/catalog/?search=1149,Auxiliar,TENSIONER&PULLEY,,,
DAYCO,1154,Tensor genérico,TENSOR,,,,,https://webcateu.dayco.ws/img/products/1154.jpg,https://www.dayco.com/la-es/catalog/?search=1154,Auxiliar,TENSIONER&PULLEY,,,
DAYCO,3PK740,Correa Poly-V,CORREA POLY-V,,,5750FL (RENAULT) | 8200065601 (RENAULT) | 8200830182 (DACIA) | 8200830182 (RENAULT),,https://webcateu.dayco.ws/img/products/3PK.jpg,https://www.dayco.com/la-es/catalog/?search=3PK740,Auxiliar,POLY-V,,,
DAYCO,4PK736,Correa Poly-V,CORREA POLY-V,,,1120199 (FORD) | 11720-16E01 (NISSAN) | 11720-16E11 (NISSAN) | 25183063 (CHEVROLET) | 25183063 (DAEWOO) | 3040651 (CUMMINS) | 7700856107 (RENAULT) | 7700870367 (RENAULT) | 7700870367D (RENAULT) | 85523304 (CHERY) | 96569402 (CHEVROLET) | A0019934596 (MERCEDES-BENZ) | GFB80743 (ROVER) | GFB80750 (AUSTIN) | GFB80750 (ROVER) | GMB40750 (ROVER) | PQS10013 (ROVER),,https://webcateu.dayco.ws/img/products/4PK.jpg,https://www.dayco.com/la-es/catalog/?search=4PK736,Auxiliar,POLY-V,,,
DAYCO,4PK926,Correa Poly-V,CORREA POLY-V,,,1172000QAS (NISSAN) | 0K01118381A (KIA) | 0K2AA15907 (KIA) | 0K2AA32907 (KIA) | 11720-F6100 (NISSAN) | 11920-42L11 (NISSAN) | 11950-D4211 (NISSAN) | 1195054C00 (NISSAN) | 1195054C10 (NISSAN) | 11950D4201 (NISSAN) | 11950D4211JP (NISSAN) | 11950D4211KE (NISSAN) | 1752185FA0 (SUZUKI) | 4891935AB (CHRYSLER) | 4918063B10 (SUBARU) | 56992P72004 (HONDA) | 56992P72505 (HONDA) | 8200041850 (RENAULT) | 8200830190 (RENAULT) | 9091602348 (TOYOTA) | 9091602499 (TOYOTA) | 9497000730 (SUZUKI) | 9514160A60 (SUZUKI) | 9936490920 (TOYOTA) | F82A18381A (MAZDA) | FS0518381 (MAZDA) | FS05183819F (MAZDA) | FS1E18381 (MAZDA) | FS1E183819A (MAZDA) | FS1E18381A9A (MAZDA) | FS5918381A (MAZDA) | FSJ218381 (MAZDA) | GFB80925 (ROVER) | GFB80930 (ROVER) | K80515907B (MAZDA) | KF3315907 (MAZDA) | KK14015909 (KIA) | KL4715907 (MAZDA) | MB439336 (MITSUBISHI) | MB439494 (MITSUBISHI) | MD172376 (MITSUBISHI) | MD173201 (MITSUBISHI) | MD179679 (MITSUBISHI) | MR148323 (MITSUBISHI),,https://webcateu.dayco.ws/img/products/4PK.jpg,https://www.dayco.com/la-es/catalog/?search=4PK926,Auxiliar,POLY-V,,,
DAYCO,5PK915,Correa Poly-V,CORREA POLY-V,,,38920PV1A01 (ACURA) | 60812429 (ALFA ROMEO) | 60812429 (FIAT) | 64557787898 (BMW) | 71749431 (ALFA ROMEO) | 71749431 (FIAT) | 7627106 (FIAT) | 7629229 (ALFA ROMEO) | 7629229 (FIAT) | 7629229 (LANCIA) | 7700867939 (RENAULT) | 99365-00910 (TOYOTA) | E7HT-8620-GA (FORD) | E7HT-8620-GA (STERLING HD) | MN176570 (MITSUBISHI),,https://webcateu.dayco.ws/img/products/5PK.jpg,https://www.dayco.com/la-es/catalog/?search=5PK915,Auxiliar,POLY-V,,,
DAYCO,6PK1496,Correa Poly-V,CORREA POLY-V,,,,,https://webcateu.dayco.ws/img/products/6PK.jpg,https://www.dayco.com/la-es/catalog/?search=6PK1496,Auxiliar,POLY-V,,,
DAYCO,73255,Manguera,MANGUERA,,,8200024029 (RENAULT),,https://webcateu.dayco.ws/img/products/73255.jpg,https://www.dayco.com/la-es/catalog/?search=73255,Refrigeración,COOLING HOSE,,,
DAYCO,APV2104,Tensor auxiliar,TENSOR,,,11750-00Q0L (NISSAN) | 11750-00QAH (NISSAN) | 1175000Q0G (NISSAN) | 1175000Q1A (NISSAN) | 1175000Q2B (NISSAN) | 1175000QAS (NISSAN) | 6453.NN (PEUGEOT) | 7700868201 (RENAULT) | 7700870795 (RENAULT) | 8200040155 (RENAULT) | 8200136224 (RENAULT) | 8200434732 (RENAULT) | 8200875156 (RENAULT) | 8201008780 (DACIA) | 8201008780 (RENAULT) | 9646495880 (PEUGEOT),,https://webcateu.dayco.ws/img/products/APV2104.jpg,https://www.dayco.com/la-es/catalog/?search=APV2104,Auxiliar,TENSIONER&PULLEY,,,
DAYCO,ATB2091,Tensor de distribución,TENSOR,,,13077-00QAD (NISSAN) | 7700736085 (RENAULT) | 7700747388 (RENAULT) | GT90180 (GMB),,https://webcateu.dayco.ws/img/products/ATB2091.jpg,https://www.dayco.com/la-es/catalog/?search=ATB2091,Principal,TENSIONER&PULLEY,,,
DAYCO,KIT-9056,Kit de distribución,KIT DISTRIBUCION,,,,,https://webcateu.dayco.ws/img/products/KIT-9056.jpg,https://www.dayco.com/la-es/catalog/?search=KIT-9056,Principal,TIMING BELT KIT,,,
DAYCO,KTB174,Kit de distribución,KIT DISTRIBUCION,,,1680600QA9 (NISSAN) | 1680600QAT (NISSAN) | 1680600QAU (NISSAN) | 7701472644 (RENAULT) | 7701472675 (RENAULT) | 7701477013 (RENAULT),,https://webcateu.dayco.ws/img/products/KTB174.jpg,https://www.dayco.com/la-es/catalog/?search=KTB174,Principal,TIMING BELT KIT,,,
DAYCO,KTBWP1740,Kit de bomba de agua,KIT BOMBA DE AGUA,,,,,https://webcateu.dayco.ws/img/products/KTBWP1740.jpg,https://www.dayco.com/la-es/catalog/?search=KTBWP1740,Principal,KIT WATER PUMP,,,
DAYCO,KTBWP3210,Kit de bomba de agua,KIT BOMBA DE AGUA,,,,,https://webcateu.dayco.ws/img/products/KTBWP3210.jpg,https://www.dayco.com/la-es/catalog/?search=KTBWP3210,Principal,KIT WATER PUMP,,,
DAYCO,1147,Tensor genérico,TENSOR,,,,,https://webcateu.dayco.ws/img/products/1147.jpg,https://www.dayco.com/la-es/catalog/?search=1147,Auxiliar,TENSIONER&PULLEY,,,
DAYCO,APV2064,Tensor auxiliar,TENSOR,,,11750-00Q0E (NISSAN) | 1175000QDE (NISSAN) | 11925-00QAB (NISSAN) | 1192500Q1D (NISSAN) | 1192500QAK (NISSAN) | 7700105325 (RENAULT) | 7700105525 (RENAULT) | 7701069598 (NISSAN) | 7701069598 (RENAULT) | 82000421284 (RENAULT) | 8200192843 (DACIA) | 8200192843 (RENAULT) | 8200421284 (RENAULT) | 8200582997 (DACIA) | 8200849831 (DACIA) | 8200849831 (RENAULT),,https://webcateu.dayco.ws/img/products/APV2064.jpg,https://www.dayco.com/la-es/catalog/?search=APV2064,Auxiliar,TENSIONER&PULLEY,,,
DAYCO,1145,Tensor genérico,TENSOR,,,,,https://webcateu.dayco.ws/img/products/1145.jpg,https://www.dayco.com/la-es/catalog/?search=1145,Auxiliar,TENSIONER&PULLEY,,,
DAYCO,4PK1438,Correa Poly-V,CORREA POLY-V,,,8845887401 (DAIHATSU) | 8845887401000 (DAIHATSU) | 8845887403 (DAIHATSU) | 8845887403000 (DAIHATSU),,https://webcateu.dayco.ws/img/products/4PK.jpg,https://www.dayco.com/la-es/catalog/?search=4PK1438,Auxiliar,POLY-V,,,
DAYCO,5PK875,Correa Poly-V,CORREA POLY-V,,,3028521 (FREIGHTLINER) | 3028521 (VOLVO) | 31110-PK2-0040 (HONDA) | 31110PK1003 (HONDA) | 31110PK1013 (HONDA) | 31110PK1505 (HONDA) | 60597250 (FIAT) | 6340644 (OPEL) | 6340644 (VAUXHALL) | 6842244 (FORD) | 7700872533 (RENAULT) | 7701064939 (RENAULT) | 80921-8140 (SUBARU) | 809218140 (ISUZU) | 809218250 (SUBARU) | 809218430 (SUBARU) | 9091602238 (TOYOTA) | 9091602336 (TOYOTA) | 95990232 (CHEVROLET) | 95990232 (DAEWOO) | 96144932 (DAEWOO) | 99365-00875 (TOYOTA) | 99365-50875 (TOYOTA) | MB813806 (MITSUBISHI),,https://webcateu.dayco.ws/img/products/5PK.jpg,https://www.dayco.com/la-es/catalog/?search=5PK875,Auxiliar,POLY-V,,,
DAYCO,APV2115,Tensor auxiliar,TENSOR,,,7700746103 (RENAULT) | 7700850603 (RENAULT),,https://webcateu.dayco.ws/img/products/APV2115.jpg,https://www.dayco.com/la-es/catalog/?search=APV2115,Auxiliar,TENSIONER&PULLEY,,,
DAYCO,096SP170H,Correa de distribución,CORREA DE DISTRIBUCIÓN,,,130286355R (RENAULT) | 1680600QAR (NISSAN) | 1680600QBD (NISSAN) | 6001543400 (DACIA) | 7700273279 (RENAULT) | 7700273280 (RENAULT) | 7700273611 (RENAULT) | 7700273650 (DACIA) | 7700273650 (RENAULT) | 8200537021 (DACIA) | 8200537021 (RENAULT),,https://webcateu.dayco.ws/img/products/TB.jpg,https://www.dayco.com/la-es/catalog/?search=096SP170H,Principal,TIMING BELT,,,
DAYCO,1148,Tensor genérico,TENSOR,,,,,https://webcateu.dayco.ws/img/products/1148.jpg,https://www.dayco.com/la-es/catalog/?search=1148,Auxiliar,TENSIONER&PULLEY,,,
DAYCO,3PK1040,Correa Poly-V,CORREA POLY-V,,,7700869687 (RENAULT),,https://webcateu.dayco.ws/img/products/3PK.jpg,https://www.dayco.com/la-es/catalog/?search=3PK1040,Auxiliar,POLY-V,,,
DAYCO,4PK1238,Correa Poly-V,CORREA POLY-V,,,059260849B (AUDI) | 059260849B (SEAT) | 059260849B (SKODA) | 059260849B (VOLKSWAGEN) | 5750H2 (CITROEN) | 7700869686 (RENAULT) | 7701069258 (RENAULT) | 9091602644 (TOYOTA) | 91001158 (GENERAL MOTORS) | 91536229 (PEUGEOT) | 96030324 (PEUGEOT) | 9936431240 (TOYOTA),,https://webcateu.dayco.ws/img/products/4PK.jpg,https://www.dayco.com/la-es/catalog/?search=4PK1238,Auxiliar,POLY-V,,,
DAYCO,5PK1515,Correa Poly-V,CORREA POLY-V,,,0029931196 (MERCEDES-BENZ) | 2123104102001 (LADA) | 29931196 (MERCEDES-BENZ) | 3900694 (CUMMINS) | 7700865588 (RENAULT) | 7701064354 (RENAULT) | A0029931196 (MERCEDES-BENZ),,https://webcateu.dayco.ws/img/products/5PK.jpg,https://www.dayco.com/la-es/catalog/?search=5PK1515,Auxiliar,POLY-V,,,
DAYCO,7693,Tensor genérico,TENSOR,,,,,https://webcateu.dayco.ws/img/products/7693.jpg,https://www.dayco.com/la-es/catalog/?search=7693,Auxiliar,TENSIONER&PULLEY,,,
DAYCO,ATB2046,Tensor de distribución,TENSOR,,,1307700QAF (NISSAN) | 1307700QAJ (NISSAN) | 1680600QAV (NISSAN) | 1680600QBA (NISSAN) | 7700273277 (RENAULT) | 8200102612 (RENAULT) | 8200211784 (DACIA) | 8200211784 (RENAULT) | GT60090 (GMB),,https://webcateu.dayco.ws/img/products/ATB2046.jpg,https://www.dayco.com/la-es/catalog/?search=ATB2046,Principal,TENSIONER&PULLEY,,,
DAYCO,ATB2572,Tensor de distribución,TENSOR,,,8200908180 (DACIA) | 8200908180 (RENAULT),,https://webcateu.dayco.ws/img/products/ATB2572.jpg,https://www.dayco.com/la-es/catalog/?search=ATB2572,Principal,TENSIONER&PULLEY,,,
DAYCO,KIT-9027,Kit de distribución,KIT DISTRIBUCION,,,,,https://webcateu.dayco.ws/img/products/KIT-9027.jpg,https://www.dayco.com/la-es/catalog/?search=KIT-9027,Principal,TIMING BELT KIT,,,
DAYCO,KIT-9051,Kit de distribución,KIT DISTRIBUCION,,,,,https://webcateu.dayco.ws/img/products/KIT-9051.jpg,https://www.dayco.com/la-es/catalog/?search=KIT-9051,Principal,TIMING BELT KIT,,,
DAYCO,KTB259,Kit de distribución,KIT DISTRIBUCION,,,6001543859 (DACIA) | 7701472725 (DACIA) | 7701472725 (RENAULT) | 7701477024 (DACIA) | 7701477024 (RENAULT),,https://webcateu.dayco.ws/img/products/KTB259.jpg,https://www.dayco.com/la-es/catalog/?search=KTB259,Principal,TIMING BELT KIT,,,
DAYCO,KTB794,Kit de distribución,KIT DISTRIBUCION,,,130C17480R (DACIA) | 130C17480R (RENAULT),,https://webcateu.dayco.ws/img/products/KTB794.jpg,https://www.dayco.com/la-es/catalog/?search=KTB794,Principal,TIMING BELT KIT,,,
DAYCO,KTBWP2591,Kit de bomba de agua,KIT BOMBA DE AGUA,,,119A05019R (RENAULT),,https://webcateu.dayco.ws/img/products/KTBWP2591.jpg,https://www.dayco.com/la-es/catalog/?search=KTBWP2591,Principal,KIT WATER PUMP,,,
DAYCO,1151,Tensor genérico,TENSOR,,,,,https://webcateu.dayco.ws/img/products/1151.jpg,https://www.dayco.com/la-es/catalog/?search=1151,Auxiliar,TENSIONER&PULLEY,,,
DAYCO,APV2159,Tensor auxiliar,TENSOR,,,11925-00QAF (NISSAN) | 11927-00QAA (NISSAN) | 30883834 (VOLVO) | 4410595 (GENERAL MOTORS) | 4410595 (OPEL) | 4506194 (GENERAL MOTORS) | 4506194 (OPEL) | 4917084A80 (SUZUKI) | 7700102931 (DACIA) | 7700102931 (RENAULT) | 7700104092 (DACIA) | 7700104092 (RENAULT) | 8200104092 (DACIA) | 8200104092 (RENAULT) | 8200104754 (DACIA) | 8200104754 (RENAULT) | 9198527 (GENERAL MOTORS) | 9198527 (OPEL) | 9198527 (VAUXHALL) | 93160256 (GENERAL MOTORS) | 93160256 (OPEL) | 93160256 (VAUXHALL) | M883834 (MITSUBISHI) | MB883834 (MITSUBISHI) | MD883834 (MITSUBISHI),,https://webcateu.dayco.ws/img/products/APV2159.jpg,https://www.dayco.com/la-es/catalog/?search=APV2159,Auxiliar,TENSIONER&PULLEY,,,
DAYCO,KIT-9047,Kit de distribución,KIT DISTRIBUCION,,,,,https://webcateu.dayco.ws/img/products/KIT-9047.jpg,https://www.dayco.com/la-es/catalog/?search=KIT-9047,Principal,TIMING BELT KIT,,,
DAYCO,1150,Tensor genérico,TENSOR,,,,,https://webcateu.dayco.ws/img/products/1150.jpg,https://www.dayco.com/la-es/catalog/?search=1150,Auxiliar,TENSIONER&PULLEY,,,
DAYCO,APV2164,Tensor auxiliar,TENSOR,,,11750-00QAF (NISSAN) | 1175000Q0M (NISSAN) | 4003.A4 (CITROEN) | 4003A4 (PEUGEOT) | 8200040161 (RENAULT) | 8200041061 (RENAULT) | 8200901288 (RENAULT) | 96411499 (CITROEN) | 96411499 (PEUGEOT) | 9641149980 (CITROEN) | 9641149980 (PEUGEOT),,https://webcateu.dayco.ws/img/products/APV2164.jpg,https://www.dayco.com/la-es/catalog/?search=APV2164,Auxiliar,TENSIONER&PULLEY,,,
DAYCO,095SP+234H,Correa de distribución,CORREA DE DISTRIBUCIÓN,,,0816E6 (PEUGEOT) | 1172000QA0 (NISSAN) | 1680600QA0 (NISSAN) | 8200035834 (RENAULT) | 8200106085 (DACIA) | 8200106085 (RENAULT),,https://webcateu.dayco.ws/img/products/TB.jpg,https://www.dayco.com/la-es/catalog/?search=095SP+234H,Principal,TIMING BELT,,,
DAYCO,4PK1538,Correa Poly-V,CORREA POLY-V,,,1172000Q2C (NISSAN) | 402510 (PEUGEOT) | 8200041852 (RENAULT) | 8200830192 (DACIA) | 8200830192 (RENAULT) | AY1404154M (MITSUBISHI) | AY1404154M (NISSAN) | MR988922 (MITSUBISHI),,https://webcateu.dayco.ws/img/products/4PK.jpg,https://www.dayco.com/la-es/catalog/?search=4PK1538,Auxiliar,POLY-V,,,
DAYCO,7769,Tensor genérico,TENSOR,,,,,https://webcateu.dayco.ws/img/products/7769.jpg,https://www.dayco.com/la-es/catalog/?search=7769,Auxiliar,TENSIONER&PULLEY,,,
DAYCO,7769CP,Tensor genérico,TENSOR,,,,,https://webcateu.dayco.ws/img/products/7769CP.jpg,https://www.dayco.com/la-es/catalog/?search=7769CP,Auxiliar,TENSIONER&PULLEY,,,
DAYCO,ATB2219,Tensor de distribución,TENSOR,,,0829.86 (CITROEN) | 0829.86 (PEUGEOT) | 130701564R (RENAULT) | 130705295R (DACIA) | 130705295R (RENAULT) | 13077-00Q0A (NISSAN) | 13077-00Q0B (NISSAN) | 13077-00QAG (NISSAN) | 1307700QAL (NISSAN) | 7711115394 (RENAULT) | 8200035827 (RENAULT) | 8200103069 (RENAULT) | 8200454895 (RENAULT) | 8200704394 (RENAULT),,https://webcateu.dayco.ws/img/products/ATB2219.jpg,https://www.dayco.com/la-es/catalog/?search=ATB2219,Principal,TENSIONER&PULLEY,,,
DAYCO,KIT-9046,Kit de distribución,KIT DISTRIBUCION,,,,,https://webcateu.dayco.ws/img/products/KIT-9046.jpg,https://www.dayco.com/la-es/catalog/?search=KIT-9046,Principal,TIMING BELT KIT,,,
DAYCO,KTB321,Kit de distribución,KIT DISTRIBUCION,,,1680600QA4 (NISSAN) | 1680600QAW (NISSAN) | 7701473001 (RENAULT) | 7701476745 (DACIA) | 7701476745 (RENAULT) | 83175 (PEUGEOT),,https://webcateu.dayco.ws/img/products/KTB321.jpg,https://www.dayco.com/la-es/catalog/?search=KTB321,Principal,TIMING BELT KIT,,,
DAYCO,7868,Tensor genérico,TENSOR,,,,,https://webcateu.dayco.ws/img/products/7868.jpg,https://www.dayco.com/la-es/catalog/?search=7868,Auxiliar,TENSIONER&PULLEY,,,
DAYCO,APV2527,Tensor auxiliar,TENSOR,,,11750-00Q0F (NISSAN) | 11925-00Q0D (NISSAN) | 1192500QAA (NISSAN) | 1192500QAL (NISSAN) | 7700102872 (RENAULT) | 8200277606 (RENAULT) | 8200403954 (RENAULT) | 8200603359 (DACIA) | 8200603359 (RENAULT),,https://webcateu.dayco.ws/img/products/APV2527.jpg,https://www.dayco.com/la-es/catalog/?search=APV2527,Auxiliar,TENSIONER&PULLEY,,,
DAYCO,7759,Tensor genérico,TENSOR,,,,,https://webcateu.dayco.ws/img/products/7759.jpg,https://www.dayco.com/la-es/catalog/?search=7759,Auxiliar,TENSIONER&PULLEY,,,
DAYCO,KIT-9066,Kit de distribución,KIT DISTRIBUCION,,,,,https://webcateu.dayco.ws/img/products/KIT-9066.jpg,https://www.dayco.com/la-es/catalog/?search=KIT-9066,Principal,TIMING BELT KIT,,,
DAYCO,KTB460,Kit de distribución,KIT DISTRIBUCION,,,130C17529R (RENAULT) | 16806-00Q0L (NISSAN) | 16806-00QAB (NISSAN) | 1680600QA6 (NISSAN) | 7701477014 (DACIA) | 7701477014 (RENAULT),,https://webcateu.dayco.ws/img/products/KTB460.jpg,https://www.dayco.com/la-es/catalog/?search=KTB460,Principal,TIMING BELT KIT,,,
DAYCO,132SP270H,Correa de distribución,CORREA DE DISTRIBUCIÓN,,,1680600QA1 (NISSAN) | 1680600QA7 (NISSAN) | 1680600QAA (NISSAN) | 7700101248 (RENAULT) | 7700108412 (RENAULT) | 7700113558 (RENAULT) | 8200208422 (RENAULT) | 8200537023 (RENAULT) | 8200537026 (DACIA) | 8200537026 (RENAULT) | 8200897097 (RENAULT),,https://webcateu.dayco.ws/img/products/TB.jpg,https://www.dayco.com/la-es/catalog/?search=132SP270H,Principal,TIMING BELT,,,
DAYCO,132SP270HT,Correa de distribución,CORREA DE DISTRIBUCIÓN,,,8200142350 (RENAULT) | 8200897100 (RENAULT) | 8201069699 (DACIA) | 8201069699 (LADA) | 8201069699 (RENAULT),,https://webcateu.dayco.ws/img/products/TB.jpg,https://www.dayco.com/la-es/catalog/?search=132SP270HT,Principal,TIMING BELT,,,
DAYCO,ATB2246,Tensor de distribución,TENSOR,,,1307000QAB (NISSAN) | 130701192R (RENAULT) | 7700108117 (RENAULT) | 82 00 585 576 (RENAULT) | 8200244615 (RENAULT),,https://webcateu.dayco.ws/img/products/ATB2246.jpg,https://www.dayco.com/la-es/catalog/?search=ATB2246,Principal,TENSIONER&PULLEY,,,
DAYCO,KTB271,Kit de distribución,KIT DISTRIBUCION,,,1680600QA6 (NISSAN),,https://webcateu.dayco.ws/img/products/KTB271.jpg,https://www.dayco.com/la-es/catalog/?search=KTB271,Principal,TIMING BELT KIT,,,
DAYCO,KTBWP4600,Kit de bomba de agua,KIT BOMBA DE AGUA,,,,,https://webcateu.dayco.ws/img/products/KTBWP4600.jpg,https://www.dayco.com/la-es/catalog/?search=KTBWP4600,Principal,KIT WATER PUMP,,,
DAYCO,6PK1205,Correa Poly-V,CORREA POLY-V,,,1172000Q1W (NISSAN) | 1172000Q6M (NISSAN) | 117201KC0A (NISSAN) | 117203290R (DACIA) | 11720EL00A (NISSAN) | 12578001 (CADILLAC) | 1340011 (OPEL) | 1340A086 (MITSUBISHI) | 1340A132 (MITSUBISHI) | 1381643 (FORD) | 274602 (VOLVO) | 30751288 (VOLVO) | 30757007 (VOLVO) | 5750RZ (CITROEN) | 5750RZ (PEUGEOT) | 5750ZG (CITROEN) | 5750ZG (PEUGEOT) | 6G9Q6C301BA (FORD) | 9004831047 (DAIHATSU) | 96410697 (PEUGEOT) | 9655279280 (PEUGEOT) | 9658643680 (CITROEN) | 9658643680 (FIAT) | 9658643680 (LANCIA) | 9658643680 (PEUGEOT) | BJ328620BA (LAND ROVER) | LR028881 (LAND ROVER) | LR060071 (LAND ROVER) | MD318874 (MITSUBISHI) | MD323573 (MITSUBISHI),,https://webcateu.dayco.ws/img/products/6PK.jpg,https://www.dayco.com/la-es/catalog/?search=6PK1205,Auxiliar,POLY-V,,,
DAYCO,7968,Tensor genérico,TENSOR,,,,,https://webcateu.dayco.ws/img/products/7968.jpg,https://www.dayco.com/la-es/catalog/?search=7968,Auxiliar,TENSIONER&PULLEY,,,
DAYCO,APV2477,Tensor auxiliar,TENSOR,,,11750.00Q0D (NISSAN) | 1175000Q0B (NISSAN) | 1175000Q1D (NISSAN) | 1175000Q1G (NISSAN) | 1175000QAR (NISSAN) | 1175000QAU (NISSAN) | 117501083R (NISSAN) | 117503662R (DACIA) | 117503662R (RENAULT) | 117509654R (DACIA) | 117509654R (RENAULT) | 1195500Q0K (NISSAN) | 1195500Q1F (NISSAN) | 8200360524 (RENAULT) | 8200460446 (RENAULT) | 8200608550 (DACIA) | 8200608550 (RENAULT) | 8200612619 (RENAULT) | 8200861569 (RENAULT) | 8660001575 (RENAULT),,https://webcateu.dayco.ws/img/products/APV2477.jpg,https://www.dayco.com/la-es/catalog/?search=APV2477,Auxiliar,TENSIONER&PULLEY,,,
DAYCO,1157,Tensor genérico,TENSOR,,,,,https://webcateu.dayco.ws/img/products/1157.jpg,https://www.dayco.com/la-es/catalog/?search=1157,Auxiliar,TENSIONER&PULLEY,,,
DAYCO,1182,Tensor genérico,TENSOR,,,,,https://webcateu.dayco.ws/img/products/1182.jpg,https://www.dayco.com/la-es/catalog/?search=1182,Auxiliar,TENSIONER&PULLEY,,,
DAYCO,5PK1125,Correa Poly-V,CORREA POLY-V,,,0009936996 (MERCEDES-BENZ) | 079903137AB (AUDI) | 11281401159 (BMW) | 1172000QAB (NISSAN) | 1172000QAJ (NISSAN) | 1195000Q0E (NISSAN) | 2110811409610 (LADA) | 30623381 (VOLVO) | 4408352 (OPEL) | 4408352 (VAUXHALL) | 4411717 (OPEL) | 4411717 (VAUXHALL) | 4449461 (OPEL) | 4449461 (VAUXHALL) | 4451A104 (MITSUBISHI) | 575089 (PEUGEOT) | 5750TA (CITROEN) | 5750TA (PEUGEOT) | 64552248190 (BMW) | 8200206889 (RENAULT) | 8200786314 (RENAULT) | 9091602395 (TOYOTA) | 9091602396 (TOYOTA) | 9091602495 (TOYOTA) | 91159962 (GENERAL MOTORS) | 91159962 (OPEL) | 91159962 (VAUXHALL) | 93160750 (OPEL) | 93160750 (VAUXHALL) | 95006268 (CITROEN) | 95006268 (PEUGEOT) | 9500626880 (PEUGEOT) | 99365-81120 (TOYOTA) | 9936531120 (TOYOTA) | 9936591120 (TOYOTA) | 9936996 (MERCEDES-BENZ) | M616942 (MITSUBISHI) | MB813251 (MITSUBISHI) | MD199223 (MITSUBISHI) | MD316140 (MITSUBISHI) | MN813251 (MITSUBISHI),,https://webcateu.dayco.ws/img/products/5PK.jpg,https://www.dayco.com/la-es/catalog/?search=5PK1125,Auxiliar,POLY-V,,,
DAYCO,7920,Tensor genérico,TENSOR,,,,,https://webcateu.dayco.ws/img/products/7920.jpg,https://www.dayco.com/la-es/catalog/?search=7920,Auxiliar,TENSIONER&PULLEY,,,
DAYCO,APV2188,Tensor auxiliar,TENSOR,,,11925-00QAE (NISSAN) | 11925-00QAP (NISSAN) | 11925-AW300 (NISSAN) | 1192500Q0J (NISSAN) | 1192569T25 (NISSAN) | 1192569T25 (RENAULT) | 1192700Q0E (NISSAN) | 30623983 (VOLVO) | 30638631 (VOLVO) | 30652243 (VOLVO) | 4413791 (GENERAL MOTORS) | 4413791 (OPEL) | 4414654 (GENERAL MOTORS) | 4414654 (OPEL) | 4449454 (OPEL) | 4449513 (OPEL) | 7700071404 (RENAULT) | 7700071440 (RENAULT) | 8200071404 (RENAULT) | 8200285009 (RENAULT) | 8200947837 (RENAULT) | 8200981266 (RENAULT) | 93160779 (GENERAL MOTORS) | 93160779 (OPEL) | 93160779 (VAUXHALL) | 93161273 (GENERAL MOTORS) | 93161273 (OPEL) | 93198632 (GENERAL MOTORS) | 93198632 (OPEL) | 93198649 (OPEL) | MW30623983 (MITSUBISHI) | MW30638631 (MITSUBISHI),,https://webcateu.dayco.ws/img/products/APV2188.jpg,https://www.dayco.com/la-es/catalog/?search=APV2188,Auxiliar,TENSIONER&PULLEY,,,
DAYCO,APV2324,Tensor auxiliar,TENSOR,,,11750-00Q1C (RENAULT) | 11750-00QAB (RENAULT) | 11750-00QAC (RENAULT) | 11750-00QAD (RENAULT) | 1175000Q0C (NISSAN) | 1175000QAB (NISSAN) | 1175000QAC (NISSAN) | 1175000QAD (NISSAN) | 1175000QAM (NISSAN) | 1175000QAN (NISSAN) | 117507271R (RENAULT) | 11955-AW300 (NISSAN) | 11992500QAF (NISSAN) | 30621284 (VOLVO) | 30638574 (VOLVO) | 30638633 (VOLVO) | 30883833 (VOLVO) | 31251096 (VOLVO) | 4401566 (GENERAL MOTORS) | 4401566 (OPEL) | 4401566 (VAUXHALL) | 4408351 (GENERAL MOTORS) | 4408351 (OPEL) | 4411707 (GENERAL MOTORS) | 4411707 (OPEL) | 4433518 (GENERAL MOTORS) | 4433518 (OPEL) | 7700109450 (RENAULT) | 8200069140 (RENAULT) | 8200071402 (RENAULT) | 8200071402D (RENAULT) | 8200190566 (RENAULT) | 8200190572 (RENAULT) | 8200673090 (RENAULT) | 8200673091 (RENAULT) | 8200840823 (RENAULT) | 8200905328 (RENAULT) | 9109566 (GENERAL MOTORS) | 9109566 (OPEL) | 9109566 (VAUXHALL) | 91159961 (GENERAL MOTORS) | 91159961 (OPEL) | 91159961 (VAUXHALL) | 919566 (GENERAL MOTORS) | 919566 (OPEL) | 93160746 (GENERAL MOTORS) | 93160746 (OPEL) | 93160746 (VAUXHALL) | 93198104 (GENERAL MOTORS) | 93198104 (OPEL) | 93198104 (VAUXHALL) | 93198658 (OPEL) | MW30621284 (MITSUBISHI) | MW30638633 (MITSUBISHI),,https://webcateu.dayco.ws/img/products/APV2324.jpg,https://www.dayco.com/la-es/catalog/?search=APV2324,Auxiliar,TENSIONER&PULLEY,,,
DAYCO,ATB2227,Tensor de distribución,TENSOR,,,,,https://webcateu.dayco.ws/img/products/ATB2227.jpg,https://www.dayco.com/la-es/catalog/?search=ATB2227,Principal,TENSIONER&PULLEY,,,
DAYCO,KIT-9042,Kit de distribución,KIT DISTRIBUCION,,,,,https://webcateu.dayco.ws/img/products/KIT-9042.jpg,https://www.dayco.com/la-es/catalog/?search=KIT-9042,Principal,TIMING BELT KIT,,,
DAYCO,KTB362,Kit de distribución,KIT DISTRIBUCION,,,,,https://webcateu.dayco.ws/img/products/KTB362.jpg,https://www.dayco.com/la-es/catalog/?search=KTB362,Principal,TIMING BELT KIT,,,
DAYCO,10A1120C,Correa de transmisión,CORREA DE TRANSMISIÓN,,,,,https://webcateu.dayco.ws/img/products/VEE.jpg,https://www.dayco.com/la-es/catalog/?search=10A1120C,Transmisión,RAW-EDGE(V),,,
DAYCO,7939,Tensor genérico,TENSOR,,,,,https://webcateu.dayco.ws/img/products/7939.jpg,https://www.dayco.com/la-es/catalog/?search=7939,Auxiliar,TENSIONER&PULLEY,,,
DAYCO,KTC1628,Kit cadena de distribución,KIT DISTRIBUCION,,,,,https://webcateu.dayco.ws/img/products/KTC1628.jpg,https://www.dayco.com/la-es/catalog/?search=KTC1628,Principal,CHAIN KIT,,,
DAYCO,6PK1215,Correa Poly-V,CORREA POLY-V,,,117204171R (RENAULT) | 1340010 (OPEL) | 504092335 (IVECO) | 55573152 (OPEL) | 5750QN (CITROEN) | 5750XN (CITROEN) | 5750XN (PEUGEOT),,https://webcateu.dayco.ws/img/products/6PK.jpg,https://www.dayco.com/la-es/catalog/?search=6PK1215,Auxiliar,POLY-V,,,
DAYCO,APV2671,Tensor auxiliar,TENSOR,,,11 95 5JD 20A (RENAULT) | 11 95 5JD 21A (RENAULT) | 11955-JD20A (NISSAN) | 11955-JD21A (NISSAN) | 11955EE50B (NISSAN),,https://webcateu.dayco.ws/img/products/APV2671.jpg,https://www.dayco.com/la-es/catalog/?search=APV2671,Auxiliar,TENSIONER&PULLEY,,,
DAYCO,APV1151,Tensor auxiliar,TENSOR,,,20739751 (VOLVO) | 20935521 (VOLVO) | 21422765 (MACK) | 21422765 (VOLVO) | 3979979 (VOLVO) | 7420739751 (RENAULT) | 7420935521 (RENAULT) | 7421422765 (RENAULT) | 7421819687 (RENAULT) | 85013020 (VOLVO) | 85013790 (VOLVO),,https://webcateu.dayco.ws/img/products/APV1151.jpg,https://www.dayco.com/la-es/catalog/?search=APV1151,Auxiliar,TENSIONER&PULLEY,,,
DAYCO,7911,Tensor genérico,TENSOR,,,,,https://webcateu.dayco.ws/img/products/7911.jpg,https://www.dayco.com/la-es/catalog/?search=7911,Auxiliar,TENSIONER&PULLEY,,,
DAYCO,900019,Manguera,MANGUERA,,,,,https://webcateu.dayco.ws/img/products/900019.jpg,https://www.dayco.com/la-es/catalog/?search=900019,Refrigeración,HOSE,,,
DAYCO,900063,Manguera,MANGUERA,,,,,https://webcateu.dayco.ws/img/products/900063.jpg,https://www.dayco.com/la-es/catalog/?search=900063,Refrigeración,HOSE,,,
DAYCO,3PK774EE,Correa Poly-V,CORREA POLY-V,,,119203960R (RENAULT) | 119205655R (RENAULT),,https://webcateu.dayco.ws/img/products/3PK.jpg,https://www.dayco.com/la-es/catalog/?search=3PK774EE,Auxiliar,POLY-V,,,
DAYCO,4PK794EE,Correa Poly-V,CORREA POLY-V,,,117206588R (RENAULT),,https://webcateu.dayco.ws/img/products/4PK.jpg,https://www.dayco.com/la-es/catalog/?search=4PK794EE,Auxiliar,POLY-V,,,
DAYCO,KTC1602,Kit cadena de distribución,KIT DISTRIBUCION,,,,,https://webcateu.dayco.ws/img/products/KTC1602.jpg,https://www.dayco.com/la-es/catalog/?search=KTC1602,Principal,CHAIN KIT,,,
DAYCO,KTC1607,Kit cadena de distribución,KIT DISTRIBUCION,,,,,https://webcateu.dayco.ws/img/products/KTC1607.jpg,https://www.dayco.com/la-es/catalog/?search=KTC1607,Principal,CHAIN KIT,,,
DAYCO,KTC1610,Kit cadena de distribución,KIT DISTRIBUCION,,,,,https://webcateu.dayco.ws/img/products/KTC1610.jpg,https://www.dayco.com/la-es/catalog/?search=KTC1610,Principal,CHAIN KIT,,,
DAYCO,6PK1420,Correa Poly-V,CORREA POLY-V,,,04573727AB (CHRYSLER) | 04668324AB (CHRYSLER) | 1015694 (FORD) | 1040754 (FORD) | 1275725 (VOLVO) | 3583963 (VOLVO) | 4573727 (CHRYSLER) | 4668324 (CHRYSLER) | 4792397AA (CHRYSLER) | 4861734AA (CHRYSLER) | 5066931AA (CHRYSLER) | 6758563 (FORD) | 7120854 (FORD) | 7700857071 (RENAULT) | 7701064341 (RENAULT) | 9008091208 (TOYOTA) | 9091602545 (TOYOTA) | 90916W2007 (TOYOTA) | 9186320 (VOLVO) | 95WF6C301AA (FORD) | 95WF6C301CB (FORD) | 97WF6C301AA (FORD),,https://webcateu.dayco.ws/img/products/6PK.jpg,https://www.dayco.com/la-es/catalog/?search=6PK1420,Auxiliar,POLY-V,,,
DAYCO,6PK1650,Correa Poly-V,CORREA POLY-V,,,037145933 (VOLKSWAGEN) | 136449 (FORD) | 55185731 (FIAT) | 5750M2 (CITROEN) | 5750M2 (PEUGEOT) | 5750ZA (CITROEN) | 5750ZA (PEUGEOT) | 6844096 (FORD) | 6961947 (FORD) | 7700857070 (RENAULT) | 809221120 (SUBARU) | 96236953 (CITROEN) | 96236953 (PEUGEOT) | 96236954 (CITROEN) | V93XF6C301AA (FORD),,https://webcateu.dayco.ws/img/products/6PK.jpg,https://www.dayco.com/la-es/catalog/?search=6PK1650,Auxiliar,POLY-V,,,
DAYCO,1235,Tensor genérico,TENSOR,,,,,https://webcateu.dayco.ws/img/products/1235.jpg,https://www.dayco.com/la-es/catalog/?search=1235,Auxiliar,TENSIONER&PULLEY,,,
DAYCO,APV2008,Tensor auxiliar,TENSOR,,,7700851321 (RENAULT),,https://webcateu.dayco.ws/img/products/APV2008.jpg,https://www.dayco.com/la-es/catalog/?search=APV2008,Auxiliar,TENSIONER&PULLEY,,,
DAYCO,142SP230H,Correa de distribución,CORREA DE DISTRIBUCIÓN,,,272329 (VOLVO) | 2723294 (VOLVO) | 274338 (VOLVO) | 2743383 (VOLVO) | 7438627484 (RENAULT) | 7439440383 (RENAULT) | 8627484 (VOLVO) | 9440383 (VOLVO),,https://webcateu.dayco.ws/img/products/TB.jpg,https://www.dayco.com/la-es/catalog/?search=142SP230H,Principal,TIMING BELT,,,
DAYCO,148SP230H,Correa de distribución,CORREA DE DISTRIBUCIÓN,,,271834 (DAF) | 271834 (VOLVO) | 271834-4 (VOLVO) | 271856 (VOLVO) | 271856-7 (VOLVO) | 272327 (VOLVO) | 2723278 (VOLVO) | 31316931 (VOLVO) | 7439135733 (RENAULT) | 7439180954 (RENAULT) | 9135031 (VOLVO) | 9135733 (VOLVO) | 9180954 (VOLVO) | VT272 (IVECO),,https://webcateu.dayco.ws/img/products/TB.jpg,https://www.dayco.com/la-es/catalog/?search=148SP230H,Principal,TIMING BELT,,,
DAYCO,6PK1600,Correa Poly-V,CORREA POLY-V,,,01-32162-600 (FREIGHTLINER) | 03C903137A (AUDI) | 03C903137A (SEAT) | 03C903137A (SKODA) | 03C903137A (VOLKSWAGEN) | 04892173AA (CHRYSLER) | 11288510238 (BMW) | 11288512248 (BMW) | 11288575058 (BMW) | 1340683 (OPEL) | 1340683 (VAUXHALL) | 3682687 (CUMMINS) | 4792070AB (CHRYSLER) | 5080313AA (CHRYSLER) | 5080313AB (CHRYSLER) | 5750R7 (PEUGEOT) | 5750S9 (CITROEN) | 5750S9 (PEUGEOT) | 5750WQ (PEUGEOT) | 5750YZ (CITROEN) | 5750YZ (PEUGEOT) | 6340618 (OPEL) | 6340668 (OPEL) | 6340679 (OPEL) | 8973242970 (OPEL) | 93192784 (OPEL) | 93192784 (VAUXHALL) | 9620550980 (FIAT) | 9620550980 (LANCIA) | 9623695280 (PEUGEOT) | 96294079 (RENAULT) | 9629407980 (PEUGEOT) | 9629407980 (RENAULT) | 9630034080 (PEUGEOT) | 9630034080 (RENAULT) | 96300342 (RENAULT) | 9632391980 (PEUGEOT) | 9632391980 (RENAULT) | 9632600080 (RENAULT) | 9652391980 (RENAULT) | 9664925680 (FIAT) | 97324297 (OPEL) | 97355691 (VAUXHALL) | 98010045 (OPEL),,https://webcateu.dayco.ws/img/products/6PK.jpg,https://www.dayco.com/la-es/catalog/?search=6PK1600,Auxiliar,POLY-V,,,
DAYCO,900054,Manguera,MANGUERA,,,,,https://webcateu.dayco.ws/img/products/900054.jpg,https://www.dayco.com/la-es/catalog/?search=900054,Refrigeración,HOSE,,,
DAYCO,900055,Manguera,MANGUERA,,,,,https://webcateu.dayco.ws/img/products/900055.jpg,https://www.dayco.com/la-es/catalog/?search=900055,Refrigeración,HOSE,,,
DAYCO,KTC1608,Kit cadena de distribución,KIT DISTRIBUCION,,,,,https://webcateu.dayco.ws/img/products/KTC1608.jpg,https://www.dayco.com/la-es/catalog/?search=KTC1608,Principal,CHAIN KIT,,,
DAYCO,5PK1195,Correa Poly-V,CORREA POLY-V,,,11281736972 (BMW) | 11287514481 (BMW) | 1340A078 (MITSUBISHI) | 1340A113 (MITSUBISHI) | 2114000Z2E (NISSAN) | 5750.TV (CITROEN) | 5750TV (PEUGEOT) | 5750TV (TOYOTA) | 9091602647 (TOYOTA) | 9185011909 (TOYOTA) | 9936511190 (TOYOTA) | 9936571190 (TOYOTA) | 9936581190 (TOYOTA) | 9936591190 (TOYOTA) | 99365A1190 (TOYOTA) | 99365C1190 (TOYOTA) | 99365D1190 (TOYOTA),,https://webcateu.dayco.ws/img/products/5PK.jpg,https://www.dayco.com/la-es/catalog/?search=5PK1195,Auxiliar,POLY-V,,,
DAYCO,6PK870,Correa Poly-V,CORREA POLY-V,,,036145933AL (VOLKSWAGEN) | 278923126302 (TATA) | 4403472 (OPEL) | 4403472 (VAUXHALL) | 4404042 (OPEL) | 4404042 (VAUXHALL) | 5750RK (CITROEN) | 5W0145933 (VOLKSWAGEN) | 7700315600 (RENAULT) | 8200059425 (OPEL) | 8200059425 (RENAULT) | 8200059425 (VAUXHALL) | 9091602602 (TOYOTA) | 9111472 (GENERAL MOTORS) | 9111472 (OPEL) | 9111472 (VAUXHALL) | 9112042 (GENERAL MOTORS) | 9112042 (OPEL) | 9112042 (VAUXHALL) | 9652250480 (FIAT) | Q6PK869 (MERCEDES-BENZ),,https://webcateu.dayco.ws/img/products/6PK.jpg,https://www.dayco.com/la-es/catalog/?search=6PK870,Auxiliar,POLY-V,,,
DAYCO,148SP254H,Correa de distribución,CORREA DE DISTRIBUCIÓN,,,7700853862 (RENAULT),,https://webcateu.dayco.ws/img/products/TB.jpg,https://www.dayco.com/la-es/catalog/?search=148SP254H,Principal,TIMING BELT,,,
DAYCO,7PK1835,Correa Poly-V,CORREA POLY-V,,,8200778717 (RENAULT),,https://webcateu.dayco.ws/img/products/7PK.jpg,https://www.dayco.com/la-es/catalog/?search=7PK1835,Auxiliar,POLY-V,,,
DAYCO,APV2625,Tensor auxiliar,TENSOR,,,09121114 (VAUXHALL) | 09198523 (VAUXHALL) | 1172000QAC (NISSAN) | 1172000QAX (NISSAN) | 11955-00QAA (NISSAN) | 1195500Q0A (NISSAN) | 1195500Q0C (NISSAN) | 1195500Q0E (NISSAN) | 1195500QAD (NISSAN) | 1195500QAE (NISSAN) | 4405281 (OPEL) | 4413416 (OPEL) | 4431739 (OPEL) | 4433874 (OPEL) | 4449516 (OPEL) | 4449516 (VAUXHALL) | 4506190 (OPEL) | 8200004341 (RENAULT) | 8200105896 (RENAULT) | 8200206872 (RENAULT) | 8200347161 (RENAULT) | 8200548109 (RENAULT) | 8200714513 (RENAULT) | 8200761529 (RENAULT) | 9121114 (OPEL) | 9198523 (OPEL) | 93161221 (OPEL) | 93161221 (VAUXHALL) | 93161842 (OPEL) | 93161842 (VAUXHALL) | 93198194 (VAUXHALL) | 93198651 (OPEL) | 93198651 (VAUXHALL),,https://webcateu.dayco.ws/img/products/APV2625.jpg,https://www.dayco.com/la-es/catalog/?search=APV2625,Auxiliar,TENSIONER&PULLEY,,,
DAYCO,089SP+250H,Correa de distribución,CORREA DE DISTRIBUCIÓN,,,127627 (IVECO) | 127627 (RENAULT) | 1680600Q0E (NISSAN) | 1680600QAD (NISSAN) | 1680600QAH (NISSAN) | 4401429 (OPEL) | 4506086 (GENERAL MOTORS) | 4506086 (OPEL) | 4506086 (VAUXHALL) | 7700110203 (NISSAN) | 7700110203 (RENAULT) | 8200127627 (NISSAN) | 8200127627 (RENAULT) | 9109429 (OPEL) | 9109429 (VAUXHALL) | 9201528 (OPEL) | 9201528 (VAUXHALL) | 93161860 (GENERAL MOTORS) | 93161860 (OPEL) | 93161860 (VAUXHALL),,https://webcateu.dayco.ws/img/products/TB.jpg,https://www.dayco.com/la-es/catalog/?search=089SP+250H,Principal,TIMING BELT,,,
DAYCO,1257,Tensor genérico,TENSOR,,,,,https://webcateu.dayco.ws/img/products/1257.jpg,https://www.dayco.com/la-es/catalog/?search=1257,Auxiliar,TENSIONER&PULLEY,,,
DAYCO,7708,Tensor genérico,TENSOR,,,,,https://webcateu.dayco.ws/img/products/7708.jpg,https://www.dayco.com/la-es/catalog/?search=7708,Auxiliar,TENSIONER&PULLEY,,,
DAYCO,ATB2128,Tensor de distribución,TENSOR,,,13077-00QAA (NISSAN) | 4506092 (OPEL) | 8200004593 (RENAULT) | 9201540 (OPEL) | 9201540 (VAUXHALL),,https://webcateu.dayco.ws/img/products/ATB2128.jpg,https://www.dayco.com/la-es/catalog/?search=ATB2128,Principal,TENSIONER&PULLEY,,,
DAYCO,ATB2235,Tensor de distribución,TENSOR,,,1307000Q0F (NISSAN) | 1307000QAD (NISSAN) | 1307000QAE (NISSAN) | 1307000QAF (NISSAN) | 4401430 (OPEL) | 4418672 (OPEL) | 4506090 (OPEL) | 8000009194 (RENAULT) | 8200007980 (RENAULT) | 8200009184B (RENAULT) | 8200009194 (RENAULT) | 8200009194B (RENAULT) | 820001127467 (RENAULT) | 8200127467 (RENAULT) | 8200839580 (RENAULT) | 9109430 (OPEL) | 9200007980 (RENAULT) | 9201537 (OPEL) | 9291537 (OPEL) | 93195464 (OPEL),,https://webcateu.dayco.ws/img/products/ATB2235.jpg,https://www.dayco.com/la-es/catalog/?search=ATB2235,Principal,TENSIONER&PULLEY,,,
DAYCO,KIT-9028,Kit de distribución,KIT DISTRIBUCION,,,,,https://webcateu.dayco.ws/img/products/KIT-9028.jpg,https://www.dayco.com/la-es/catalog/?search=KIT-9028,Principal,TIMING BELT KIT,,,
DAYCO,KTB309,Kit de distribución,KIT DISTRIBUCION,,,1680600Q0D (NISSAN) | 1680600QAE (NISSAN) | 1680600QAG (NISSAN) | 4401428 (OPEL) | 4401428 (VAUXHALL) | 4506085 (OPEL) | 4506085 (VAUXHALL) | 7701472329 (RENAULT) | 9109428 (GENERAL MOTORS) | 9109428 (OPEL) | 9109428 (VAUXHALL) | 9201527 (GENERAL MOTORS) | 9201527 (OPEL) | 9201527 (VAUXHALL),,https://webcateu.dayco.ws/img/products/KTB309.jpg,https://www.dayco.com/la-es/catalog/?search=KTB309,Principal,TIMING BELT KIT,,,
DAYCO,7824,Tensor genérico,TENSOR,,,,,https://webcateu.dayco.ws/img/products/7824.jpg,https://www.dayco.com/la-es/catalog/?search=7824,Auxiliar,TENSIONER&PULLEY,,,
DAYCO,7PK1980,Correa Poly-V,CORREA POLY-V,,,0019934196 (MERCEDES-BENZ) | 8200356446 (RENAULT),,https://webcateu.dayco.ws/img/products/7PK.jpg,https://www.dayco.com/la-es/catalog/?search=7PK1980,Auxiliar,POLY-V,,,
DAYCO,7PK2050,Correa Poly-V,CORREA POLY-V,,,0019934696 (MERCEDES-BENZ) | 0039930096 (MERCEDES-BENZ) | 39930096 (MERCEDES-BENZ) | 4421226 (OPEL) | 46510599 (FIAT) | 46510599F (ALFA ROMEO) | 4891840AA (CHRYSLER) | 60590385 (ALFA ROMEO) | 60590385 (FIAT) | 60604834 (ALFA ROMEO) | 60604834 (FIAT) | 71712677 (ALFA ROMEO) | 71712677 (FIAT) | 71736710 (ALFA ROMEO) | 71736710 (FIAT) | 71749454 (ALFA ROMEO) | 71749454 (FIAT) | 8.200808652E9 (RENAULT) | 8200808652 (RENAULT) | 90916T2033 (TOYOTA) | 95507002 (GENERAL MOTORS) | A0019934696 (MERCEDES-BENZ) | A0039930096 (MERCEDES-BENZ) | VM46510591F (ALFA ROMEO),,https://webcateu.dayco.ws/img/products/7PK.jpg,https://www.dayco.com/la-es/catalog/?search=7PK2050,Auxiliar,POLY-V,,,
DAYCO,148SP254H1,Correa de distribución,CORREA DE DISTRIBUCIÓN,,,7700743777 (RENAULT),,https://webcateu.dayco.ws/img/products/TB.jpg,https://www.dayco.com/la-es/catalog/?search=148SP254H1,Principal,TIMING BELT,,,
DAYCO,6PK1640,Correa Poly-V,CORREA POLY-V,,,0039932196 (MERCEDES-BENZ) | 062145933 (VOLKSWAGEN) | 1102827 (FORD) | 1125415 (FORD) | 11287552236 (BMW) | 11287631811 (BMW) | 1206466 (FORD) | 1731727 (FORD) | 1S7Q6C301CA (FORD) | 1S7Q6C301CA (JAGUAR) | 30819189 (VOLVO) | 31216255 (VOLVO) | 312162555 (VOLVO) | 31216257 (VOLVO) | 7700859654 (RENAULT) | 7700860463 (RENAULT) | 7700869538 (RENAULT) | 7700869538 (VOLVO) | 7701064344 (RENAULT) | 7701065995 (RENAULT) | 7701065995 (VOLVO) | 809221050 (SUBARU) | 809221100 (SUBARU) | 8200058139 (RENAULT) | 8200058139 (VOLVO) | 8642562 (VOLVO) | 9.67655318E9 (CITROEN) | 9.67655318E9 (PEUGEOT) | 9146160 (VOLVO) | 9676553180 (CITROEN) | 9676553180 (PEUGEOT) | A0039932196 (MERCEDES-BENZ) | C2S27001 (JAGUAR) | CC1Q6C301CB (BMW) | CC1Q6C301CB (FORD) | JD61137 (JAGUAR) | M819189 (MITSUBISHI) | MW31216255 (MITSUBISHI) | MW8642562 (MITSUBISHI),,https://webcateu.dayco.ws/img/products/6PK.jpg,https://www.dayco.com/la-es/catalog/?search=6PK1640,Auxiliar,POLY-V,,,
DAYCO,7765,Tensor genérico,TENSOR,,,,,https://webcateu.dayco.ws/img/products/7765.jpg,https://www.dayco.com/la-es/catalog/?search=7765,Auxiliar,TENSIONER&PULLEY,,,
DAYCO,7767,Tensor genérico,TENSOR,,,,,https://webcateu.dayco.ws/img/products/7767.jpg,https://www.dayco.com/la-es/catalog/?search=7767,Auxiliar,TENSIONER&PULLEY,,,
DAYCO,ATB2049,Tensor de distribución,TENSOR,,,12810-84CT0 (SUZUKI) | 30621261 (VOLVO) | 30855992 (VOLVO) | 3343740 (VOLVO) | 4402690 (OPEL) | 4403270 (OPEL) | 7700116049 (RENAULT) | 7700735486 (RENAULT) | 7700863112 (RENAULT) | 8200051091 (RENAULT) | 9110690 (GENERAL MOTORS) | 9111270 (VAUXHALL) | GT60110 (GMB) | M855992 (MITSUBISHI) | MW30621261 (MITSUBISHI),,https://webcateu.dayco.ws/img/products/ATB2049.jpg,https://www.dayco.com/la-es/catalog/?search=ATB2049,Principal,TENSIONER&PULLEY,,,
DAYCO,ATB2614,Tensor de distribución,TENSOR,,,,,https://webcateu.dayco.ws/img/products/ATB2614.jpg,https://www.dayco.com/la-es/catalog/?search=ATB2614,Principal,TENSIONER&PULLEY,,,
DAYCO,KTB153,Kit de distribución,KIT DISTRIBUCION,,,7701469776 (RENAULT),,https://webcateu.dayco.ws/img/products/KTB153.jpg,https://www.dayco.com/la-es/catalog/?search=KTB153,Principal,TIMING BELT KIT,,,
DAYCO,095SP170H,Correa de distribución,CORREA DE DISTRIBUCIÓN,,,7700736969 (RENAULT) | VT142 (IVECO),,https://webcateu.dayco.ws/img/products/TB.jpg,https://www.dayco.com/la-es/catalog/?search=095SP170H,Principal,TIMING BELT,,,
DAYCO,3PK715,Correa Poly-V,CORREA POLY-V,,,31110PG6003 (HONDA) | 31110PG60030 (HONDA) | 31110PG6004 (HONDA) | 31110PG60040 (HONDA) | 31110PG6030 (HONDA) | 31110PG6B003 (HONDA) | 31110PG7661 (HONDA) | 31110PG76610 (HONDA) | 31110PJ7013 (HONDA) | 31110PJ70130 (HONDA) | 31110PJ70140 (HONDA) | 31110PJ7023 (HONDA) | 31110PJ7505 (HONDA) | 6001543512 (DACIA) | 6001543512 (RENAULT) | 7700749528 (RENAULT) | 7700850113 (RENAULT) | 7701064336 (RENAULT),,https://webcateu.dayco.ws/img/products/3PK.jpg,https://www.dayco.com/la-es/catalog/?search=3PK715,Auxiliar,POLY-V,,,
DAYCO,3PK830,Correa Poly-V,CORREA POLY-V,,,11950V7300 (NISSAN) | 11950V7302 (NISSAN) | 11950V7310 (NISSAN) | 11950V7710 (NISSAN) | 4431887701 (DAIHATSU) | 6170166 (FORD) | 7700850028 (RENAULT) | 7700866437 (RENAULT) | 89FF6C301B1A (FORD) | 89FF6C301B2B (FORD) | A1950V7300 (NISSAN) | A1950V7302 (NISSAN),,https://webcateu.dayco.ws/img/products/3PK.jpg,https://www.dayco.com/la-es/catalog/?search=3PK830,Auxiliar,POLY-V,,,
DAYCO,4PK1260,Correa Poly-V,CORREA POLY-V,,,7700273010 (RENAULT) | 7701069257 (RENAULT) | 9091602146 (TOYOTA) | ERR2678 (LAND ROVER) | ERR2678 (ROVER),,https://webcateu.dayco.ws/img/products/4PK.jpg,https://www.dayco.com/la-es/catalog/?search=4PK1260,Auxiliar,POLY-V,,,
DAYCO,7780,Tensor genérico,TENSOR,,,,,https://webcateu.dayco.ws/img/products/7780.jpg,https://www.dayco.com/la-es/catalog/?search=7780,Auxiliar,TENSIONER&PULLEY,,,
DAYCO,APV2051,Tensor auxiliar,TENSOR,,,7700272972 (RENAULT) | 7700273640 (RENAULT) | 7700273640A (RENAULT),,https://webcateu.dayco.ws/img/products/APV2051.jpg,https://www.dayco.com/la-es/catalog/?search=APV2051,Auxiliar,TENSIONER&PULLEY,,,
DAYCO,1153,Tensor genérico,TENSOR,,,,,https://webcateu.dayco.ws/img/products/1153.jpg,https://www.dayco.com/la-es/catalog/?search=1153,Auxiliar,TENSIONER&PULLEY,,,
DAYCO,ATB2285,Tensor de distribución,TENSOR,,,7700108626 (RENAULT) | 8200483288 (RENAULT),,https://webcateu.dayco.ws/img/products/ATB2285.jpg,https://www.dayco.com/la-es/catalog/?search=ATB2285,Principal,TENSIONER&PULLEY,,,
DAYCO,KIT-9041,Kit de distribución,KIT DISTRIBUCION,,,,,https://webcateu.dayco.ws/img/products/KIT-9041.jpg,https://www.dayco.com/la-es/catalog/?search=KIT-9041,Principal,TIMING BELT KIT,,,
DAYCO,KTB364,Kit de distribución,KIT DISTRIBUCION,,,,,https://webcateu.dayco.ws/img/products/KTB364.jpg,https://www.dayco.com/la-es/catalog/?search=KTB364,Principal,TIMING BELT KIT,,,
DAYCO,128SP270H,Correa de distribución,CORREA DE DISTRIBUCIÓN,,,7700100531 (RENAULT) | 7700103243 (RENAULT) | 7700106243 (RENAULT) | 7700113559 (RENAULT) | 7701063999 (RENAULT) | 8200088894 (RENAULT) | 8200098343 (RENAULT) | 8200542737 (RENAULT),,https://webcateu.dayco.ws/img/products/TB.jpg,https://www.dayco.com/la-es/catalog/?search=128SP270H,Principal,TIMING BELT,,,
DAYCO,7PK1125,Correa Poly-V,CORREA POLY-V,,,11720-1KT0A (NISSAN),,https://webcateu.dayco.ws/img/products/7PK.jpg,https://www.dayco.com/la-es/catalog/?search=7PK1125,Auxiliar,POLY-V,,,
DAYCO,125SP190H,Correa de distribución,CORREA DE DISTRIBUCIÓN,,,3343720 (VOLVO) | 3343720-3 (VOLVO) | 7700725577 (RENAULT) | 7700741506 (RENAULT),,https://webcateu.dayco.ws/img/products/TB.jpg,https://www.dayco.com/la-es/catalog/?search=125SP190H,Principal,TIMING BELT,,,
DAYCO,5PK850,Correa Poly-V,CORREA POLY-V,,,,,https://webcateu.dayco.ws/img/products/5PK.jpg,https://www.dayco.com/la-es/catalog/?search=5PK850,Auxiliar,POLY-V,,,
DAYCO,6PK1165,Correa Poly-V,CORREA POLY-V,,,5750C1 (PEUGEOT) | 5750RT (CITROEN) | 5750RT (PEUGEOT) | 7700740637 (RENAULT) | 7700744380 (RENAULT) | 7700857065 (RENAULT) | 96144511 (CITROEN) | 96144511 (PEUGEOT),,https://webcateu.dayco.ws/img/products/6PK.jpg,https://www.dayco.com/la-es/catalog/?search=6PK1165,Auxiliar,POLY-V,,,
DAYCO,6PK1690,Correa Poly-V,CORREA POLY-V,,,,,https://webcateu.dayco.ws/img/products/6PK.jpg,https://www.dayco.com/la-es/catalog/?search=6PK1690,Auxiliar,POLY-V,,,
DAYCO,116SP190H,Correa de distribución,CORREA DE DISTRIBUCIÓN,,,081631 (PEUGEOT) | 7700717284 (RENAULT) | 7700718725 (RENAULT) | 7700729580 (CITROEN) | 7700729580 (RENAULT) | 7700853661 (RENAULT) | 7700854163 (RENAULT),,https://webcateu.dayco.ws/img/products/TB.jpg,https://www.dayco.com/la-es/catalog/?search=116SP190H,Principal,TIMING BELT,,,
DAYCO,4PK875,Correa Poly-V,CORREA POLY-V,,,11720-42L11 (NISSAN) | 1172024U00 (NISSAN) | 1192030R11 (NISSAN) | 1192030R12 (NISSAN) | 1340A057 (MITSUBISHI) | 1340A058 (MITSUBISHI) | 25212-23000 (KIA) | 25212-23020 (HYUNDAI) | 25212-24320 (HYUNDAI) | 25212-24350 (HYUNDAI) | 2521223000 (HYUNDAI) | 2521223021 (HYUNDAI) | 279023116304 (TATA) | 279023116307 (TATA) | 38920-P08-003 (HONDA) | 38920-PM3-003 (HONDA) | 38920PM3505 (HONDA) | 4668380AA (CHRYSLER) | 4668380AC (CHRYSLER) | 56992-P30-004 (HONDA) | 56992P2T004 (HONDA) | 7700729330 (RENAULT) | 90080-91088 (LEXUS) | 9008091088 (TOYOTA) | 9008091093 (TOYOTA) | 9008091212 (LEXUS) | 9008091212 (TOYOTA) | 90916-02386 (LEXUS) | 9091602269 (TOYOTA) | 9091602365 (TOYOTA) | 9091602386 (TOYOTA) | 90916W2029 (HYUNDAI) | 99364-20870 (TOYOTA) | 9936420880 (TOYOTA) | A192030R12 (NISSAN) | B36015907A (MAZDA) | B3C7-18-381B (KIA) | B3C718381A (MAZDA) | B3C718381B (MAZDA) | B3P515908 (MAZDA) | B3P715908 (MAZDA) | B5A1-18-381 (MAZDA) | B630-15-907 (MAZDA) | B630-15-907A (MAZDA) | B63015907A8C (MAZDA) | B63015907A9C (MAZDA) | B63015907A9F (MAZDA) | B63015907B (MAZDA) | B63015907B9F (MAZDA) | B63015907C9F (MAZDA) | F80815381 (MAZDA) | GFB375 (ROVER) | MD069671 (MITSUBISHI) | MD106658 (MITSUBISHI) | MD117358 (MITSUBISHI) | MD118572 (MITSUBISHI) | MD118572 (PROTON),,https://webcateu.dayco.ws/img/products/4PK.jpg,https://www.dayco.com/la-es/catalog/?search=4PK875,Auxiliar,POLY-V,,,
DAYCO,KTB388,Kit de distribución,KIT DISTRIBUCION,,,,,https://webcateu.dayco.ws/img/products/KTB388.jpg,https://www.dayco.com/la-es/catalog/?search=KTB388,Principal,TIMING BELT KIT,,,
DAYCO,10A1150C,Correa de transmisión,CORREA DE TRANSMISIÓN,,,0023223095 (RENAULT) | 0029976292 (MERCEDES-BENZ) | 0029976392 (MERCEDES-BENZ) | 0029977692 (MERCEDES-BENZ) | 0069971492 (MERCEDES-BENZ) | 0069978592 (MERCEDES-BENZ) | 007753009526 (MERCEDES-BENZ) | 074903137AC (VOLKSWAGEN) | 074903137AF (VOLKSWAGEN) | 130564 (SAAB) | 1340689 (OPEL) | 1506943 (FORD) | 6044994 (FORD) | 60524560 (FIAT) | 6058201 (FORD) | 69971592 (MERCEDES-BENZ) | 7180689 (BEDFORD) | 72TF8620DA (FORD) | 76TF6620DA (FORD) | 76TF8620DA (FORD) | 7700729371 (RENAULT) | 7700858762 (RENAULT) | 7701068434 (RENAULT) | 78TF8620EA (FORD) | 8819770 (BEDFORD) | 9091602100 (TOYOTA) | 91102785 (GENERAL MOTORS) | 95493443 (PEUGEOT) | 958316 (VOLVO) | 960293 (VOLVO) | 966696 (VOLVO) | 966869 (VOLVO) | 968910 (VOLVO) | 976486 (VOLVO) | A0029976292 (MERCEDES-BENZ) | A0029976392 (MERCEDES-BENZ) | A0029977692 (MERCEDES-BENZ) | A0069971492 (MERCEDES-BENZ) | A0069971592 (MERCEDES-BENZ) | A0069978592 (MERCEDES-BENZ) | A007753009526 (MERCEDES-BENZ) | AEC289 (AUSTIN),,https://webcateu.dayco.ws/img/products/VEE.jpg,https://www.dayco.com/la-es/catalog/?search=10A1150C,Transmisión,RAW-EDGE(V),,,
DAYCO,5PK900,Correa Poly-V,CORREA POLY-V,,,11281470024 (BMW) | 4451A100 (MITSUBISHI) | 7700860833 (RENAULT) | 7701068448 (RENAULT) | 7929031 (LANCIA) | 8845887702 (DAIHATSU) | 9936500900 (TOYOTA) | 9936550895 (TOYOTA) | MN183019 (MITSUBISHI),,https://webcateu.dayco.ws/img/products/5PK.jpg,https://www.dayco.com/la-es/catalog/?search=5PK900,Auxiliar,POLY-V,,,
DAYCO,4PK1165,Correa Poly-V,CORREA POLY-V,,,19230RBJ003 (HONDA) | 19230RBJ004 (HONDA) | 7700272653 (RENAULT) | 7701068446 (RENAULT) | 90916-W2032 (TOYOTA) | 99364-81160 (TOYOTA) | 9936401160 (TOYOTA) | 9936451160 (TOYOTA),,https://webcateu.dayco.ws/img/products/4PK.jpg,https://www.dayco.com/la-es/catalog/?search=4PK1165,Auxiliar,POLY-V,,,
DAYCO,7772,Tensor genérico,TENSOR,,,,,https://webcateu.dayco.ws/img/products/7772.jpg,https://www.dayco.com/la-es/catalog/?search=7772,Auxiliar,TENSIONER&PULLEY,,,
DAYCO,104SP170H,Correa de distribución,CORREA DE DISTRIBUCIÓN,,,081636 (PEUGEOT) | 081642 (PEUGEOT) | 081656 (CITROEN) | 081656 (PEUGEOT) | 34025 (PEUGEOT) | 340292 (PEUGEOT) | 340299 (PEUGEOT) | 340389 (PEUGEOT) | 81636 (PEUGEOT) | 81642 (PEUGEOT) | 81656 (CITROEN) | 81656 (PEUGEOT) | 94560702 (CITROEN) | 94560702 (GENERAL MOTORS) | 96029000 (CITROEN) | 96029000 (PEUGEOT) | 9602900080 (PEUGEOT) | 96030048 (CITROEN) | 96140147 (CITROEN) | 96140147 (PEUGEOT) | 9614014780 (CITROEN) | 97522930 (CITROEN) | 97522930 (PEUGEOT) | 97523676 (PEUGEOT) | 97532676 (CITROEN) | 97532676 (PEUGEOT) | 9753267680 (CITROEN) | GTB1127B (ROVER) | VT023 (IVECO),,https://webcateu.dayco.ws/img/products/TB.jpg,https://www.dayco.com/la-es/catalog/?search=104SP170H,Principal,TIMING BELT,,,
DAYCO,10A0710C,Correa de transmisión,CORREA DE TRANSMISIÓN,,,1040002103 (MERCEDES-BENZ) | 1631113 (FORD) | 21083701720 (LADA) | 2108370172001 (LADA) | 222022 (PEUGEOT) | 3040481 (CUMMINS) | 5026967 (FORD) | 575073 (PEUGEOT) | 5750F6 (CITROEN) | 5750F6 (PEUGEOT) | 5750ST (CITROEN) | 6158759 (FORD) | 7302819 (FIAT) | 75492376 (CITROEN) | 75492376 (PEUGEOT) | 75519754 (CITROEN) | 75519754 (PEUGEOT) | 7610476 (FIAT) | 7700704698 (RENAULT) | 80911-0550 (SUBARU) | 85EF8620AA (FORD) | 85EF8620AB (FORD) | 9004832126 (DAIHATSU) | 9004832126000 (DAIHATSU) | 91536338 (CITROEN) | 91536338 (PEUGEOT) | 9153633880 (FIAT) | 99919217650 (PORSCHE) | GCB10706 (ROVER) | GCB10715 (ROVER) | GFB10706 (ROVER) | GFB10725 (ROVER) | GFB260 (ROVER) | GFB362 (ROVER),,https://webcateu.dayco.ws/img/products/VEE.jpg,https://www.dayco.com/la-es/catalog/?search=10A0710C,Transmisión,RAW-EDGE(V),,,
DAYCO,5PK1025,Correa Poly-V,CORREA POLY-V,,,1028279 (FORD) | 1095321 (FORD) | 11287507626 (BMW) | 11287636374 (BMW) | 12634319 (CHEVROLET) | 12634321 (OPEL) | 12639468 (CHEVROLET) | 24426540 (OPEL) | 24435940 (GENERAL MOTORS) | 24435940 (OPEL) | 24435940 (SAAB) | 24466975 (GENERAL MOTORS) | 24466975 (OPEL) | 3396930 (FORD) | 46454225 (FIAT) | 4810711 (OPEL) | 4817505 (OPEL) | 55556404 (CADILLAC) | 55556404 (SAAB) | 575095 (PEUGEOT) | 5750C2 (PEUGEOT) | 5750P8 (CITROEN) | 614531 (OPEL) | 6453.AE (CITROEN) | 6453AC (CITROEN) | 6453AE (PEUGEOT) | 6453AF (PEUGEOT) | 6453CY (CITROEN) | 6453TV (CITROEN) | 6453TV (PEUGEOT) | 90916-02165 (TOYOTA) | 9091602370 (TOYOTA) | 9091602402 (TOYOTA) | 9091602403 (TOYOTA) | 9091642370 (TOYOTA) | 96126957 (CITROEN) | 96126957 (PEUGEOT) | 96147542 (PEUGEOT) | 96155380 (CITROEN) | 96155380 (PEUGEOT) | 96287933 (CITROEN) | 96FF6C301FA (FORD) | 97FJ6C301AD (FORD) | F32Z8620A (FORD) | F32Z8620A (MAZDA) | FP0115907 (MAZDA) | FP01159079F (MAZDA) | FP0115907A9F (MAZDA) | FP0115907B9F (MAZDA) | FP0415907 (MAZDA) | FP0415907A (MAZDA),,https://webcateu.dayco.ws/img/products/5PK.jpg,https://www.dayco.com/la-es/catalog/?search=5PK1025,Auxiliar,POLY-V,,,
DAYCO,5PK725,Correa Poly-V,CORREA POLY-V,,,575074 (PEUGEOT) | 5750P5 (CITROEN) | 5750P5 (PEUGEOT) | 5750P6 (CITROEN) | 5750P6 (PEUGEOT) | 5750WV (CITROEN) | 5750WV (PEUGEOT) | 91541144 (CITROEN) | 91541144 (PEUGEOT) | 91541175 (CITROEN) | 91541175 (PEUGEOT),,https://webcateu.dayco.ws/img/products/5PK.jpg,https://www.dayco.com/la-es/catalog/?search=5PK725,Auxiliar,POLY-V,,,
DAYCO,7762,Tensor genérico,TENSOR,,,,,https://webcateu.dayco.ws/img/products/7762.jpg,https://www.dayco.com/la-es/catalog/?search=7762,Auxiliar,TENSIONER&PULLEY,,,
DAYCO,ATB2027,Tensor de distribución,TENSOR,,,0820.53 (CITROEN) | 0829.19 (CITROEN) | 0829.54 (CITROEN) | 082929 (CITROEN) | 96052662 (CITROEN) | 9605266280 (FIAT) | 96281179 (CITROEN) | 97522886 (CITROEN) | 97535002 (CITROEN) | GT80260 (GMB),,https://webcateu.dayco.ws/img/products/ATB2027.jpg,https://www.dayco.com/la-es/catalog/?search=ATB2027,Principal,TENSIONER&PULLEY,,,
DAYCO,KTB101,Kit de distribución,KIT DISTRIBUCION,,,0831.13 (PEUGEOT) | 083102 (CITROEN) | 083102 (PEUGEOT) | 083113 (CITROEN) | 831Q3 (CITROEN) | 831Q3 (PEUGEOT),,https://webcateu.dayco.ws/img/products/KTB101.jpg,https://www.dayco.com/la-es/catalog/?search=KTB101,Principal,TIMING BELT KIT,,,
DAYCO,ATB1016,Tensor de distribución,TENSOR,,,0829.90 (CITROEN) | 0829.91 (PEUGEOT) | 082990 (PEUGEOT) | 9400829909 (FIAT) | 96426298 (CITROEN) | 96426298 (PEUGEOT) | 9642629880 (PEUGEOT) | 96429298 (CITROEN) | 9642929880 (FIAT) | 965.939.4680 (CITROEN),,https://webcateu.dayco.ws/img/products/ATB1016.jpg,https://www.dayco.com/la-es/catalog/?search=ATB1016,Principal,TENSIONER&PULLEY,,,
DAYCO,1251,Tensor genérico,TENSOR,,,,,https://webcateu.dayco.ws/img/products/1251.jpg,https://www.dayco.com/la-es/catalog/?search=1251,Auxiliar,TENSIONER&PULLEY,,,
DAYCO,7770,Tensor genérico,TENSOR,,,,,https://webcateu.dayco.ws/img/products/7770.jpg,https://www.dayco.com/la-es/catalog/?search=7770,Auxiliar,TENSIONER&PULLEY,,,
DAYCO,134SP254H2,Correa de distribución,CORREA DE DISTRIBUCIÓN,,,081685 (CITROEN) | 081685 (PEUGEOT) | 0816E0 (CITROEN) | 0816E0 (PEUGEOT) | 0816H6 (CITROEN) | 0816H6 (PEUGEOT) | 0816H7 (CITROEN) | 70816E0 (CITROEN) | 70816E0134X1 (CITROEN) | 816H7 (CITROEN) | 816H7 (PEUGEOT) | 96197629 (CITROEN) | 96197629 (PEUGEOT) | 9619762980 (PEUGEOT) | 96239499 (CITROEN) | 96239499 (PEUGEOT) | 9623949980 (PEUGEOT) | 9637914380 (CITROEN) | 9637914380 (PEUGEOT) | 9639842180 (CITROEN) | 9639842180 (PEUGEOT),,https://webcateu.dayco.ws/img/products/TB.jpg,https://www.dayco.com/la-es/catalog/?search=134SP254H2,Principal,TIMING BELT,,,
DAYCO,ATB2035,Tensor de distribución,TENSOR,,,083062 (PEUGEOT) | 83020 (CITROEN) | 83061 (CITROEN) | 9617800980 (CITROEN) | 9634087880 (CITROEN),,https://webcateu.dayco.ws/img/products/ATB2035.jpg,https://www.dayco.com/la-es/catalog/?search=ATB2035,Principal,TENSIONER&PULLEY,,,
DAYCO,ATB2037,Tensor de distribución,TENSOR,,,0829.82 (CITROEN) | 0829.82 (PEUGEOT) | 829C7 (CITROEN) | 829C7 (PEUGEOT) | 96374926 (CITROEN) | 9637492680 (CITROEN) | 9674686680 (PEUGEOT),,https://webcateu.dayco.ws/img/products/ATB2037.jpg,https://www.dayco.com/la-es/catalog/?search=ATB2037,Principal,TENSIONER&PULLEY,,,
DAYCO,KIT-9045,Kit de distribución,KIT DISTRIBUCION,,,,,https://webcateu.dayco.ws/img/products/KIT-9045.jpg,https://www.dayco.com/la-es/catalog/?search=KIT-9045,Principal,TIMING BELT KIT,,,
DAYCO,KTB333,Kit de distribución,KIT DISTRIBUCION,,,0831.V1 (CITROEN) | 0831.V1 (PEUGEOT) | 0831L6 (PEUGEOT) | 0831L7 (CITROEN) | 0831L7 (PEUGEOT) | 0831R9 (PEUGEOT) | 831V1 (CITROEN) | 831V1 (PEUGEOT),,https://webcateu.dayco.ws/img/products/KTB333.jpg,https://www.dayco.com/la-es/catalog/?search=KTB333,Principal,TIMING BELT KIT,,,
DAYCO,KTBWP3330,Kit de bomba de agua,KIT BOMBA DE AGUA,,,1609525980 (PEUGEOT) | 1610793580 (CITROEN) | 1610793580 (PEUGEOT),,https://webcateu.dayco.ws/img/products/KTBWP3330.jpg,https://www.dayco.com/la-es/catalog/?search=KTBWP3330,Principal,KIT WATER PUMP,,,
DAYCO,900070,Manguera,MANGUERA,,,,,https://webcateu.dayco.ws/img/products/900070.jpg,https://www.dayco.com/la-es/catalog/?search=900070,Refrigeración,HOSE,,,
DAYCO,KTC1071,Kit cadena de distribución,KIT DISTRIBUCION,,,,,https://webcateu.dayco.ws/img/products/KTC1071.jpg,https://www.dayco.com/la-es/catalog/?search=KTC1071,Principal,CHAIN KIT,,,
DAYCO,1187,Tensor genérico,TENSOR,,,,,https://webcateu.dayco.ws/img/products/1187.jpg,https://www.dayco.com/la-es/catalog/?search=1187,Auxiliar,TENSIONER&PULLEY,,,
DAYCO,APV2211,Tensor auxiliar,TENSOR,,,575114 (CITROEN) | 575114 (PEUGEOT) | 96146660 (CITROEN) | 96146660 (PEUGEOT) | 9614666080 (PEUGEOT),,https://webcateu.dayco.ws/img/products/APV2211.jpg,https://www.dayco.com/la-es/catalog/?search=APV2211,Auxiliar,TENSIONER&PULLEY,,,
DAYCO,101SP170H,Correa de distribución,CORREA DE DISTRIBUCIÓN,,,081655 (CITROEN) | 081655 (PEUGEOT) | 340382 (PEUGEOT) | 81655 (CITROEN) | 81655 (PEUGEOT) | 96088735 (CITROEN) | 96088735 (PEUGEOT) | 9608873580 (CITROEN) | 9608873580 (PEUGEOT),,https://webcateu.dayco.ws/img/products/TB.jpg,https://www.dayco.com/la-es/catalog/?search=101SP170H,Principal,TIMING BELT,,,
DAYCO,4PK812,Correa Poly-V,CORREA POLY-V,,,1018002703 (GEELY) | 11282247082 (BMW) | 117204007 (NISSAN) | 1172071J00 (NISSAN) | 1172071J01 (NISSAN) | 11720D4007 (NISSAN) | 11720D4007TM (NISSAN) | 11720D4008 (NISSAN) | 11720D4017 (NISSAN) | 11720D4018 (NISSAN) | 11720Q5201 (NISSAN) | 1192001B00 (NISSAN) | 1192001B10 (NISSAN) | 11920D4007 (NISSAN) | 11950-OM200 (NISSAN) | 119500M200 (NISSAN) | 133262 (FERRARI) | 1469870010 (TOYOTA) | 17521-51A00 (SUZUKI) | 17521-60A00-000 (SUZUKI) | 17521-60A00-DOM (SUZUKI) | 17521-86500-000 (SUZUKI) | 17521-86520 (SUBARU) | 1752160A00 (SUZUKI) | 1752178F00 (SUZUKI) | 1752183 (SUZUKI) | 1752183E00 (SUZUKI) | 1752185C00 (SUZUKI) | 1752185C01 (SUZUKI) | 1752186500 (SUBARU) | 1752186500 (SUZUKI) | 1752186510 (SUZUKI) | 1752186520 (SUZUKI) | 17521S1A00 (SUZUKI) | 1N1515909 (MAZDA) | 38920P34K01 (HONDA) | 38920P54003 (HONDA) | 38920P54004 (HONDA) | 38920P73003 (HONDA) | 38920P73013 (HONDA) | 38920PP4E01 (HONDA) | 38920PP4E02 (HONDA) | 49180-40810-B00 (SUZUKI) | 4918156B10 (SUZUKI) | 4918156B10000 (SUZUKI) | 56992P02003 (HONDA) | 56992P02003 (ISUZU) | 56992P02004 (HONDA) | 56992P02004 (ISUZU) | 56992P02014 (HONDA) | 56992P02014 (ISUZU) | 56992P1KE03 (HONDA) | 56992PO2003 (HONDA) | 56992PO2004 (HONDA) | 575076 (PEUGEOT) | 5750G9 (CITROEN) | 6453E5 (CITROEN) | 6453E5 (PEUGEOT) | 7750729 (FIAT) | 7750729 (LANCIA) | 82012177 (IVECO) | 8943821071 (ISUZU) | 8943821071 (KIA) | 9091602135 (TOYOTA) | 9091602136 (TOYOTA) | 9091602320 (TOYOTA) | 9091602332 (TOYOTA) | 909160233283 (TOYOTA) | 9091602352 (TOYOTA) | 95661735 (CITROEN) | 95661735 (PEUGEOT) | 96011188 (CITROEN) | 96011188 (PEUGEOT) | 96012051 (PEUGEOT) | 96117374 (CITROEN) | 96117374 (PEUGEOT) | 97113-2B000 (HYUNDAI) | 9771311200 (KIA) | 977131C200 (KIA) | 977131E000 (HYUNDAI) | 9771322261 (HYUNDAI) | 9771322261AT (HYUNDAI) | 977132D000 (HYUNDAI) | 9936400810 (TOYOTA) | 9936400815 (TOYOTA) | 9936450810 (TOYOTA) | 9936450815 (TOYOTA) | 9936480810 (TOYOTA) | 9936502135 (TOYOTA) | A1720D4008 (NISSAN) | A192001B10 (NISSAN) | ADU7785 (AUSTIN) | ADU7785 (ROVER) | F26218381 (MAZDA) | F26218381X (MAZDA) | F80115381A (MAZDA) | F8B518381 (MAZDA) | F8B518381C (MAZDA) | GFB400 (AUSTIN) | GFB400 (ROVER) | GFB80823 (ROVER) | GMB103 (AUSTIN) | GMB103 (ROVER) | JPB100045EVA (ROVER) | PQS101010 (ROVER),,https://webcateu.dayco.ws/img/products/4PK.jpg,https://www.dayco.com/la-es/catalog/?search=4PK812,Auxiliar,POLY-V,,,
DAYCO,KTB113,Kit de distribución,KIT DISTRIBUCION,,,0831.Q5 (CITROEN) | 0831.Q5 (PEUGEOT) | 083124 (CITROEN) | 083124 (PEUGEOT) | 083128 (CITROEN) | 083128 (PEUGEOT) | 831Q5 (CITROEN) | 831Q5 (PEUGEOT),,https://webcateu.dayco.ws/img/products/KTB113.jpg,https://www.dayco.com/la-es/catalog/?search=KTB113,Principal,TIMING BELT KIT,,,
DAYCO,108SP170H,Correa de distribución,CORREA DE DISTRIBUCIÓN,,,081637 (PEUGEOT) | 081644 (CITROEN) | 081644 (PEUGEOT) | 081645 (PEUGEOT) | 340257 (PEUGEOT) | 340306 (PEUGEOT) | 340313 (PEUGEOT) | 81637 (PEUGEOT) | 81644 (CITROEN) | 81644 (PEUGEOT) | 81645 (PEUGEOT) | 96033798 (CITROEN) | 96033798 (PEUGEOT) | 9603879880 (PEUGEOT) | 96097062 (CITROEN) | 96097062 (PEUGEOT) | 9609706280 (PEUGEOT) | 9613855980 (CITROEN) | 9613855980 (PEUGEOT) | 9640323980 (PEUGEOT) | 97522929 (CITROEN) | 97522929 (PEUGEOT) | GTB1108 (ROVER) | VT025 (IVECO),,https://webcateu.dayco.ws/img/products/TB.jpg,https://www.dayco.com/la-es/catalog/?search=108SP170H,Principal,TIMING BELT,,,
DAYCO,1123,Tensor genérico,TENSOR,,,,,https://webcateu.dayco.ws/img/products/1123.jpg,https://www.dayco.com/la-es/catalog/?search=1123,Auxiliar,TENSIONER&PULLEY,,,
DAYCO,1239,Tensor genérico,TENSOR,,,,,https://webcateu.dayco.ws/img/products/1239.jpg,https://www.dayco.com/la-es/catalog/?search=1239,Auxiliar,TENSIONER&PULLEY,,,
DAYCO,1250,Tensor genérico,TENSOR,,,,,https://webcateu.dayco.ws/img/products/1250.jpg,https://www.dayco.com/la-es/catalog/?search=1250,Auxiliar,TENSIONER&PULLEY,,,
DAYCO,7710,Tensor genérico,TENSOR,,,,,https://webcateu.dayco.ws/img/products/7710.jpg,https://www.dayco.com/la-es/catalog/?search=7710,Auxiliar,TENSIONER&PULLEY,,,
DAYCO,7726,Tensor genérico,TENSOR,,,,,https://webcateu.dayco.ws/img/products/7726.jpg,https://www.dayco.com/la-es/catalog/?search=7726,Auxiliar,TENSIONER&PULLEY,,,
DAYCO,7726CP,Tensor genérico,TENSOR,,,,,https://webcateu.dayco.ws/img/products/7726CP.jpg,https://www.dayco.com/la-es/catalog/?search=7726CP,Auxiliar,TENSIONER&PULLEY,,,
DAYCO,900065,Manguera,MANGUERA,,,,,https://webcateu.dayco.ws/img/products/900065.jpg,https://www.dayco.com/la-es/catalog/?search=900065,Refrigeración,HOSE,,,
DAYCO,APV2065,Tensor auxiliar,TENSOR,,,1613838280 (CITROEN) | 1613838280 (PEUGEOT) | 575147 (CITROEN) | 575147 (PEUGEOT) | 575184 (CITROEN) | 575191 (CITROEN) | 575191 (PEUGEOT) | 96289902 (CITROEN) | 96289902 (PEUGEOT) | 9628990280 (FIAT) | 96420067 (CITROEN) | 96420067 (PEUGEOT) | 9642006780 (CITROEN) | 9642006780 (PEUGEOT),,https://webcateu.dayco.ws/img/products/APV2065.jpg,https://www.dayco.com/la-es/catalog/?search=APV2065,Auxiliar,TENSIONER&PULLEY,,,
DAYCO,APV2148,Tensor auxiliar,TENSOR,,,575151 (CITROEN) | 575151 (PEUGEOT) | 96 216 260 (CITROEN) | 96216260 (PEUGEOT),,https://webcateu.dayco.ws/img/products/APV2148.jpg,https://www.dayco.com/la-es/catalog/?search=APV2148,Auxiliar,TENSIONER&PULLEY,,,
DAYCO,APV2180,Tensor auxiliar,TENSOR,,,1611422980 (PEUGEOT) | 5751.98 (CITROEN) | 5751.C9 (CITROEN) | 575198 (PEUGEOT) | 5751C9 (PEUGEOT) | 5751G3 (CITROEN) | 5751G3 (PEUGEOT) | 964265581 (CITROEN) | 96426581 (CITROEN) | 96426581 (PEUGEOT) | 9642658180 (CITROEN) | 9642658180 (PEUGEOT) | 96463960 (CITROEN) | 96463960 (PEUGEOT) | 96554874 (CITROEN) | 96554874 (PEUGEOT) | 9655487480 (CITROEN) | 9655487480 (PEUGEOT) | 9684015280 (FIAT),,https://webcateu.dayco.ws/img/products/APV2180.jpg,https://www.dayco.com/la-es/catalog/?search=APV2180,Auxiliar,TENSIONER&PULLEY,,,
DAYCO,APV3078,Tensor auxiliar,TENSOR,,,,,https://webcateu.dayco.ws/img/products/APV3078.jpg,https://www.dayco.com/la-es/catalog/?search=APV3078,Auxiliar,TENSIONER&PULLEY,,,
DAYCO,KIT-9036,Kit de distribución,KIT DISTRIBUCION,,,,,https://webcateu.dayco.ws/img/products/KIT-9036.jpg,https://www.dayco.com/la-es/catalog/?search=KIT-9036,Principal,TIMING BELT KIT,,,
DAYCO,KTB810,Kit de distribución,KIT DISTRIBUCION,,,,,https://webcateu.dayco.ws/img/products/KTB810.jpg,https://www.dayco.com/la-es/catalog/?search=KTB810,Principal,TIMING BELT KIT,,,
DAYCO,1244,Tensor genérico,TENSOR,,,,,https://webcateu.dayco.ws/img/products/1244.jpg,https://www.dayco.com/la-es/catalog/?search=1244,Auxiliar,TENSIONER&PULLEY,,,
DAYCO,APV2271,Tensor auxiliar,TENSOR,,,575152 (CITROEN) | 575152 (PEUGEOT) | 96218349 (PEUGEOT) | 9621834980 (CITROEN),,https://webcateu.dayco.ws/img/products/APV2271.jpg,https://www.dayco.com/la-es/catalog/?search=APV2271,Auxiliar,TENSIONER&PULLEY,,,
DAYCO,1262,Tensor genérico,TENSOR,,,,,https://webcateu.dayco.ws/img/products/1262.jpg,https://www.dayco.com/la-es/catalog/?search=1262,Auxiliar,TENSIONER&PULLEY,,,
DAYCO,7770CP,Tensor genérico,TENSOR,,,,,https://webcateu.dayco.ws/img/products/7770CP.jpg,https://www.dayco.com/la-es/catalog/?search=7770CP,Auxiliar,TENSIONER&PULLEY,,,
DAYCO,7829,Tensor genérico,TENSOR,,,,,https://webcateu.dayco.ws/img/products/7829.jpg,https://www.dayco.com/la-es/catalog/?search=7829,Auxiliar,TENSIONER&PULLEY,,,
DAYCO,APV2547,Tensor auxiliar,TENSOR,,,1611424580 (CITROEN) | 1611424580 (PEUGEOT) | 5751-C8 (CITROEN) | 5751-C8 (PEUGEOT) | 575197 (PEUGEOT) | 5751A2 (PEUGEOT) | 9638976580 (PEUGEOT) | 9649675880 (PEUGEOT) | 9652046680 (CITROEN) | 9652046680 (PEUGEOT),,https://webcateu.dayco.ws/img/products/APV2547.jpg,https://www.dayco.com/la-es/catalog/?search=APV2547,Auxiliar,TENSIONER&PULLEY,,,
DAYCO,1402,Tensor genérico,TENSOR,,,,,https://webcateu.dayco.ws/img/products/1402.jpg,https://www.dayco.com/la-es/catalog/?search=1402,Auxiliar,TENSIONER&PULLEY,,,
DAYCO,7966,Tensor genérico,TENSOR,,,,,https://webcateu.dayco.ws/img/products/7966.jpg,https://www.dayco.com/la-es/catalog/?search=7966,Auxiliar,TENSIONER&PULLEY,,,
DAYCO,KTB102,Kit de distribución,KIT DISTRIBUCION,,,0831.Q4 (CITROEN) | 0831.Q4 (PEUGEOT) | 083103 (CITROEN) | 083103 (PEUGEOT) | 083114 (CITROEN) | 083114 (PEUGEOT) | 831Q4 (CITROEN) | 831Q4 (PEUGEOT),,https://webcateu.dayco.ws/img/products/KTB102.jpg,https://www.dayco.com/la-es/catalog/?search=KTB102,Principal,TIMING BELT KIT,,,
DAYCO,1267,Tensor genérico,TENSOR,,,,,https://webcateu.dayco.ws/img/products/1267.jpg,https://www.dayco.com/la-es/catalog/?search=1267,Auxiliar,TENSIONER&PULLEY,,,
DAYCO,7850,Tensor genérico,TENSOR,,,,,https://webcateu.dayco.ws/img/products/7850.jpg,https://www.dayco.com/la-es/catalog/?search=7850,Auxiliar,TENSIONER&PULLEY,,,
DAYCO,900068,Manguera,MANGUERA,,,,,https://webcateu.dayco.ws/img/products/900068.jpg,https://www.dayco.com/la-es/catalog/?search=900068,Refrigeración,HOSE,,,
DAYCO,APV2539,Tensor auxiliar,TENSOR,,,1611425280 (CITROEN) | 1611425280 (PEUGEOT) | 1636996080 (CITROEN) | 1636996080 (PEUGEOT) | 5751-G7 (CITROEN) | 5751-G7 (PEUGEOT) | 5751C3 (CITROEN) | 5751C3 (PEUGEOT) | 96520736 (PEUGEOT) | 9652073680 (PEUGEOT) | 96854868 (PEUGEOT) | 9685486880 (PEUGEOT),,https://webcateu.dayco.ws/img/products/APV2539.jpg,https://www.dayco.com/la-es/catalog/?search=APV2539,Auxiliar,TENSIONER&PULLEY,,,
DAYCO,6PK1065,Correa Poly-V,CORREA POLY-V,,,044903137AE (BMW) | 11281715713 (BMW) | 5750.K8 (CITROEN) | 5750.TE (CITROEN) | 5750K8 (PEUGEOT) | 5750TE (PEUGEOT) | 9615208280 (FIAT) | 9615208280 (LANCIA) | 9800716180 (CITROEN),,https://webcateu.dayco.ws/img/products/6PK.jpg,https://www.dayco.com/la-es/catalog/?search=6PK1065,Auxiliar,POLY-V,,,
DAYCO,7909,Tensor genérico,TENSOR,,,,,https://webcateu.dayco.ws/img/products/7909.jpg,https://www.dayco.com/la-es/catalog/?search=7909,Auxiliar,TENSIONER&PULLEY,,,
DAYCO,APV2465,Tensor auxiliar,TENSOR,,,11287534398 (BMW) | 11287571015 (BMW) | 1611421480 (CITROEN) | 1611421480 (PEUGEOT) | 1611425480 (CITROEN) | 1611425480 (PEUGEOT) | 5751E7 (CITROEN) | 5751E7 (PEUGEOT) | 5751G9 (CITROEN) | 5751G9 (PEUGEOT) | 7571015 (BMW) | 7571015-03 (BMW) | V757101580 (BMW) | V75710158003 (BMW),,https://webcateu.dayco.ws/img/products/APV2465.jpg,https://www.dayco.com/la-es/catalog/?search=APV2465,Auxiliar,TENSIONER&PULLEY,,,
DAYCO,APV2978,Tensor auxiliar,TENSOR,,,11517545958 (BMW) | 11517571012 (BMW) | 11517619020 (BMW) | 120447 (CITROEN) | 120447 (PEUGEOT) | 120454 (CITROEN) | 120454 (PEUGEOT) | 120459 (CITROEN) | 120459 (PEUGEOT) | 7571012 (BMW) | 7619020 (BMW),,https://webcateu.dayco.ws/img/products/APV2978.jpg,https://www.dayco.com/la-es/catalog/?search=APV2978,Auxiliar,TENSIONER&PULLEY,,,
DAYCO,APV3627,Tensor auxiliar,TENSOR,,,11287598832 (BMW) | 120455 (PEUGEOT) | V759883280 (PEUGEOT),,https://webcateu.dayco.ws/img/products/APV3627.jpg,https://www.dayco.com/la-es/catalog/?search=APV3627,Auxiliar,TENSIONER&PULLEY,,,
DAYCO,900028,Manguera,MANGUERA,,,,,https://webcateu.dayco.ws/img/products/900028.jpg,https://www.dayco.com/la-es/catalog/?search=900028,Refrigeración,HOSE,,,
DAYCO,900029,Manguera,MANGUERA,,,,,https://webcateu.dayco.ws/img/products/900029.jpg,https://www.dayco.com/la-es/catalog/?search=900029,Refrigeración,HOSE,,,
DAYCO,1403,Tensor genérico,TENSOR,,,,,https://webcateu.dayco.ws/img/products/1403.jpg,https://www.dayco.com/la-es/catalog/?search=1403,Auxiliar,TENSIONER&PULLEY,,,
DAYCO,3PK576EE,Correa Poly-V,CORREA POLY-V,,,3639519 (OPEL) | 9675874180 (PEUGEOT),,https://webcateu.dayco.ws/img/products/3PK.jpg,https://www.dayco.com/la-es/catalog/?search=3PK576EE,Auxiliar,POLY-V,,,
DAYCO,7971,Tensor genérico,TENSOR,,,,,https://webcateu.dayco.ws/img/products/7971.jpg,https://www.dayco.com/la-es/catalog/?search=7971,Auxiliar,TENSIONER&PULLEY,,,
DAYCO,ATB2626,Tensor de distribución,TENSOR,,,16 088 876 80 (CITROEN) | 16 088 876 80 (PEUGEOT) | 3639545 (OPEL) | 9675874080 (CITROEN) | 9675874080 (PEUGEOT),,https://webcateu.dayco.ws/img/products/ATB2626.jpg,https://www.dayco.com/la-es/catalog/?search=ATB2626,Principal,TENSIONER&PULLEY,,,
DAYCO,KBIO14,Kit de distribución,KIT DISTRIBUCION,,,,,https://webcateu.dayco.ws/img/products/KBIO14.jpg,https://www.dayco.com/la-es/catalog/?search=KBIO14,Principal,TIMING BELT KIT,,,
DAYCO,KIT-BIO14,Kit de distribución,KIT DISTRIBUCION,,,,,https://webcateu.dayco.ws/img/products/KIT-BIO14.jpg,https://www.dayco.com/la-es/catalog/?search=KIT-BIO14,Principal,TIMING BELT KIT,,,
DAYCO,118SP+160HT/2,Correa de distribución,CORREA DE DISTRIBUCIÓN,,,,,https://webcateu.dayco.ws/img/products/TBBIO.jpg,https://www.dayco.com/la-es/catalog/?search=118SP+160HT/2,Principal,BIO (BELT-IN-OIL),,,
DAYCO,ATB2817,Tensor de distribución,TENSOR,,,,,https://webcateu.dayco.ws/img/products/ATB2817.jpg,https://www.dayco.com/la-es/catalog/?search=ATB2817,Principal,TENSIONER&PULLEY,,,
DAYCO,1124,Tensor genérico,TENSOR,,,,,https://webcateu.dayco.ws/img/products/1124.jpg,https://www.dayco.com/la-es/catalog/?search=1124,Auxiliar,TENSIONER&PULLEY,,,
DAYCO,APV3079,Tensor auxiliar,TENSOR,,,,,https://webcateu.dayco.ws/img/products/APV3079.jpg,https://www.dayco.com/la-es/catalog/?search=APV3079,Auxiliar,TENSIONER&PULLEY,,,
DAYCO,1146,Tensor genérico,TENSOR,,,,,https://webcateu.dayco.ws/img/products/1146.jpg,https://www.dayco.com/la-es/catalog/?search=1146,Auxiliar,TENSIONER&PULLEY,,,
DAYCO,7913,Tensor genérico,TENSOR,,,,,https://webcateu.dayco.ws/img/products/7913.jpg,https://www.dayco.com/la-es/catalog/?search=7913,Auxiliar,TENSIONER&PULLEY,,,
DAYCO,APV1011,Tensor auxiliar,TENSOR,,,575120 (CITROEN) | 575120 (PEUGEOT) | 96089899 (CITROEN) | 96089899 (PEUGEOT) | 9608989980 (FIAT) | 9608989980 (LANCIA),,https://webcateu.dayco.ws/img/products/APV1011.jpg,https://www.dayco.com/la-es/catalog/?search=APV1011,Auxiliar,TENSIONER&PULLEY,,,
DAYCO,APV2556,Tensor auxiliar,TENSOR,,,5751-E9 (CITROEN) | 5751-E9 (PEUGEOT) | 9656363380 (CITROEN),,https://webcateu.dayco.ws/img/products/APV2556.jpg,https://www.dayco.com/la-es/catalog/?search=APV2556,Auxiliar,TENSIONER&PULLEY,,,
DAYCO,136SP254H,Correa de distribución,CORREA DE DISTRIBUCIÓN,,,0000081658 (CITROEN) | 0816.23 (TALBOT) | 081622 (CITROEN) | 081622 (PEUGEOT) | 081622 (TALBOT) | 081646 (PEUGEOT) | 081658 (CITROEN) | 081658 (PEUGEOT) | 081658 (TALBOT) | 081659 (CITROEN) | 081659 (PEUGEOT) | 081673 (CITROEN) | 081673 (PEUGEOT) | 081698 (CITROEN) | 081698 (PEUGEOT) | 1276166G00 (SUZUKI) | 1276186CA0 (SUZUKI) | 1276186CT0 (SUZUKI) | 21120100604003 (LADA) | 21121006040 (LADA) | 21121006040003 (LADA) | 2112100604002 (LADA) | 212151006040 (LADA) | 2122100604003 (LADA) | 2434129000 (HYUNDAI) | 254705116301 (TATA) | 254705116312 (TATA) | 340153 (PEUGEOT) | 34016 (PEUGEOT) | 340319 (PEUGEOT) | 340326 (PEUGEOT) | 340403 (PEUGEOT) | 71739919 (FIAT) | 91505086 (CITROEN) | 93010036280 (CITROEN) | 93010362 (CITROEN) | 93010362 (PEUGEOT) | 93010362 (TALBOT) | 9301036280 (CITROEN) | 9301036280 (PEUGEOT) | 9301036280 (TALBOT) | 93010364 (CITROEN) | 93010364 (PEUGEOT) | 9301036480 (PEUGEOT) | 93510091 (CITROEN) | 93510091 (PEUGEOT) | 9351009180 (CITROEN) | 94008165 (FIAT) | 9400816589 (FIAT) | 9400816589 (PEUGEOT) | 9400816989 (FIAT) | 9400816989 (LANCIA) | 96142525 (CITROEN) | 96142525 (HONDA) | 96142525 (PEUGEOT) | 96142525 (SUZUKI) | 9614252580 (FIAT) | 9614252580 (PEUGEOT) | 96142597 (LADA) | 96142597 (PEUGEOT) | 9614259780 (FIAT) | 96197874 (CITROEN) | 96197874 (PEUGEOT) | 96200344 (CITROEN) | 96200344 (PEUGEOT) | 96204099 (CITROEN) | 96204099 (PEUGEOT) | 96339230 (PEUGEOT) | 9633923080 (CITROEN) | 9633923080 (FIAT) | 9633923080 (PEUGEOT) | 96339231 (PEUGEOT) | 9633923180 (CITROEN) | 9633923180 (FIAT) | 9633923180 (PEUGEOT) | LHN10013 (AUSTIN) | LHN10013 (MG) | LHN10013 (ROVER) | LHN10013 (TRIUMPH) | LHN10015 (AUSTIN) | LHN10015 (MG) | LHN10015 (ROVER) | LHN10015 (TRIUMPH) | LHN100310B (AUSTIN) | LHN100310B (MG) | LHN100310B (ROVER) | LHN100310B (TRIUMPH) | VT030 (IVECO) | VT134 (IVECO),,https://webcateu.dayco.ws/img/products/TB.jpg,https://www.dayco.com/la-es/catalog/?search=136SP254H,Principal,TIMING BELT,,,
DAYCO,6PK1075,Correa Poly-V,CORREA POLY-V,,,,,https://webcateu.dayco.ws/img/products/6PK.jpg,https://www.dayco.com/la-es/catalog/?search=6PK1075,Auxiliar,POLY-V,,,
DAYCO,6PK1660,Correa Poly-V,CORREA POLY-V,,,038903137E (AUDI) | 038903137E (SEAT) | 038903137E (SKODA) | 038903137E (VOLKSWAGEN) | 038903137J (AUDI) | 038903137J (SEAT) | 038903137J (SKODA) | 038903137J (VOLKSWAGEN) | 11281247284 (BMW) | 11281247986 (BMW) | 11287636373 (BMW) | 1247986 (BMW) | 5750.TG (CITROEN) | 5750.YY (CITROEN) | 5750.YY (PEUGEOT) | 5750TG (PEUGEOT) | 71739921 (FIAT) | 8200226493 (RENAULT) | 9615207880 (FIAT) | 9615207880 (LANCIA) | 9664925880 (PEUGEOT),,https://webcateu.dayco.ws/img/products/6PK.jpg,https://www.dayco.com/la-es/catalog/?search=6PK1660,Auxiliar,POLY-V,,,
DAYCO,7764,Tensor genérico,TENSOR,,,,,https://webcateu.dayco.ws/img/products/7764.jpg,https://www.dayco.com/la-es/catalog/?search=7764,Auxiliar,TENSIONER&PULLEY,,,
DAYCO,7778,Tensor genérico,TENSOR,,,,,https://webcateu.dayco.ws/img/products/7778.jpg,https://www.dayco.com/la-es/catalog/?search=7778,Auxiliar,TENSIONER&PULLEY,,,
DAYCO,ATB2025,Tensor de distribución,TENSOR,,,0000 083 014 (CITROEN) | 0000083011 (CITROEN) | 0000083016 (CITROEN) | 000083037 (CITROEN) | 0829.14 (PEUGEOT) | 083011 (PEUGEOT) | 083014 (CITROEN) | 083014 (PEUGEOT) | 083016 (CITROEN) | 083016 (PEUGEOT) | 083036 (CITROEN) | 083036 (PEUGEOT) | 083037 (CITROEN) | 083037 (PEUGEOT) | 130776F900 (NISSAN) | 130776F901 (NISSAN) | 8930.14 (PEUGEOT) | 9400830149 (FIAT) | 9400830379 (FIAT) | 9400830379 (LANCIA) | 96099089 (CITROEN) | 96194727 (CITROEN) | 96201309 (CITROEN) | 96201309 (PEUGEOT) | LHV100080 (ROVER) | LHV100250 (ROVER) | LHV10080 (ROVER),,https://webcateu.dayco.ws/img/products/ATB2025.jpg,https://www.dayco.com/la-es/catalog/?search=ATB2025,Principal,TENSIONER&PULLEY,,,
DAYCO,ATB2149,Tensor de distribución,TENSOR,,,0829.78 (PEUGEOT) | 082969 (PEUGEOT) | 082979 (CITROEN) | 082979 (PEUGEOT) | 96353368 (PEUGEOT) | 9635336880 (PEUGEOT) | 96370580 (PEUGEOT) | 9637058080 (PEUGEOT),,https://webcateu.dayco.ws/img/products/ATB2149.jpg,https://www.dayco.com/la-es/catalog/?search=ATB2149,Principal,TENSIONER&PULLEY,,,
DAYCO,KTB809,Kit de distribución,KIT DISTRIBUCION,,,,,https://webcateu.dayco.ws/img/products/KTB809.jpg,https://www.dayco.com/la-es/catalog/?search=KTB809,Principal,TIMING BELT KIT,,,
DAYCO,114SP+170H,Correa de distribución,CORREA DE DISTRIBUCIÓN,,,081648 (PEUGEOT) | 081660 (PEUGEOT) | 081662 (PEUGEOT) | 081671 (CITROEN) | 081671 (PEUGEOT) | 340333 (PEUGEOT) | 7081671 (PEUGEOT) | 7081671114X17 (PEUGEOT) | 71739922 (FIAT) | 71739922 (LANCIA) | 71739922 (RENAULT) | 95639605 (CITROEN) | 95639605 (PEUGEOT) | 96058570 (CITROEN) | 96058570 (PEUGEOT) | 9605857080 (PEUGEOT) | 96081660 (PEUGEOT) | 96100158 (CITROEN) | 96100168 (CITROEN) | 96100168 (PEUGEOT) | 96141369 (CITROEN) | 96141369 (PEUGEOT) | 9618392680 (PEUGEOT) | 96197793 (FIAT) | 96197793 (LANCIA) | 96197793 (PEUGEOT) | 9619779380 (CITROEN) | 9619779380 (FIAT) | 9619779380 (LANCIA) | 9645007180 (PEUGEOT) | 9645007280 (PEUGEOT),,https://webcateu.dayco.ws/img/products/TB.jpg,https://www.dayco.com/la-es/catalog/?search=114SP+170H,Principal,TIMING BELT,,,
DAYCO,KTB114,Kit de distribución,KIT DISTRIBUCION,,,0831.R1 (CITROEN) | 0831.R1 (PEUGEOT) | 083106 (CITROEN) | 083106 (PEUGEOT) | 083117 (CITROEN) | 083117 (PEUGEOT) | 831R1 (CITROEN) | 831R1 (PEUGEOT) | 9467625780 (ALFA ROMEO) | 9467625780 (FIAT) | 9467625780 (LANCIA),,https://webcateu.dayco.ws/img/products/KTB114.jpg,https://www.dayco.com/la-es/catalog/?search=KTB114,Principal,TIMING BELT KIT,,,
DAYCO,KTB278,Kit de distribución,KIT DISTRIBUCION,,,0831.25 (CITROEN) | 0831.29 (PEUGEOT) | 0831.S5 (CITROEN) | 083125 (PEUGEOT) | 083129 (CITROEN) | 0831S5 (PEUGEOT) | 831S5 (CITROEN),,https://webcateu.dayco.ws/img/products/KTB278.jpg,https://www.dayco.com/la-es/catalog/?search=KTB278,Principal,TIMING BELT KIT,,,
DAYCO,134SP254H,Correa de distribución,CORREA DE DISTRIBUCIÓN,,,081665 (CITROEN) | 081665 (PEUGEOT) | 08681 (CITROEN) | 08681 (PEUGEOT) | 9605284780 (CITROEN) | 9605284780 (PEUGEOT) | 96101064 (CITROEN) | 96101064 (PEUGEOT) | 9610106480 (PEUGEOT),,https://webcateu.dayco.ws/img/products/TB.jpg,https://www.dayco.com/la-es/catalog/?search=134SP254H,Principal,TIMING BELT,,,
DAYCO,6PK1100,Correa Poly-V,CORREA POLY-V,,,04L260849P (VOLKSWAGEN) | 11287841529 (BMW) | 11920-9F605 (NISSAN) | 119202Y501 (NISSAN) | 119202Y501 (RENAULT) | 1192031U00 (NISSAN) | 1192031U02 (NISSAN) | 119203U00 (NISSAN) | 119209F610 (NISSAN) | 1558205 (CUMMINS) | 1558205 (FORD) | 1K0260849 (VOLKSWAGEN) | 1K0260849A (AUDI) | 1K0260849A (SEAT) | 1K0260849A (SKODA) | 1K0260849A (VOLKSWAGEN) | 1K0260849B (AUDI) | 1K0260849B (SEAT) | 1K0260849B (SKODA) | 1K0260849B (VOLKSWAGEN) | 2146380 (CUMMINS) | 217635 (CUMMINS) | 3020730 (CUMMINS) | 3043652 (CUMMINS) | 3807297 (CUMMINS) | 38920P1EJ01 (HONDA) | 38920P1EJ03 (HONDA) | 38920PAAA01 (HONDA) | 38920PAAA02 (HONDA) | 38920PDAE01 (HONDA) | 38920PDAE03 (HONDA) | 46750743 (FIAT) | 46780520 (FIAT) | 55561327 (GENERAL MOTORS) | 5750.J4 (CITROEN) | 5750.M5 (CITROEN) | 5750.TF (CITROEN) | 5750.WR (CITROEN) | 575000 (CITROEN) | 5750E2 (CITROEN) | 5750J4 (PEUGEOT) | 5750M4 (PEUGEOT) | 5750M5 (PEUGEOT) | 5750TF (PEUGEOT) | 5750WR (PEUGEOT) | 71749420 (FIAT) | 749F8K569ABA (FORD) | 7700738035 (RENAULT) | 7701474514 (RENAULT) | 7701474950 (RENAULT) | 93192013 (GENERAL MOTORS) | 96235499 (PEUGEOT) | 9623549980 (CITROEN) | 96242338 (FIAT) | 96242338 (LANCIA) | 9624233880 (FIAT) | 9624233880 (LANCIA),,https://webcateu.dayco.ws/img/products/6PK.jpg,https://www.dayco.com/la-es/catalog/?search=6PK1100,Auxiliar,POLY-V,,,
DAYCO,7761,Tensor genérico,TENSOR,,,,,https://webcateu.dayco.ws/img/products/7761.jpg,https://www.dayco.com/la-es/catalog/?search=7761,Auxiliar,TENSIONER&PULLEY,,,
DAYCO,7763,Tensor genérico,TENSOR,,,,,https://webcateu.dayco.ws/img/products/7763.jpg,https://www.dayco.com/la-es/catalog/?search=7763,Auxiliar,TENSIONER&PULLEY,,,
DAYCO,ATB2028,Tensor de distribución,TENSOR,,,0829.31 (CITROEN) | 0829.46 (CITROEN) | 96137001 (CITROEN),,https://webcateu.dayco.ws/img/products/ATB2028.jpg,https://www.dayco.com/la-es/catalog/?search=ATB2028,Principal,TENSIONER&PULLEY,,,
DAYCO,ATB2038,Tensor de distribución,TENSOR,,,0829.35 (CITROEN) | 1473010080 (FIAT) | 82932 (CITROEN) | 9617541380 (FIAT) | 96225744 (CITROEN) | 9622574480 (FIAT) | GT50510 (GMB),,https://webcateu.dayco.ws/img/products/TB.jpg,https://www.dayco.com/la-es/catalog/?search=ATB2038,Principal,TENSIONER&PULLEY,,,
DAYCO,KTB807,Kit de distribución,KIT DISTRIBUCION,,,,,https://webcateu.dayco.ws/img/products/KTB807.jpg,https://www.dayco.com/la-es/catalog/?search=KTB807,Principal,TIMING BELT KIT,,,
DAYCO,7760,Tensor genérico,TENSOR,,,,,https://webcateu.dayco.ws/img/products/7760.jpg,https://www.dayco.com/la-es/catalog/?search=7760,Auxiliar,TENSIONER&PULLEY,,,
DAYCO,ATB2018,Tensor de distribución,TENSOR,,,082920 (CITROEN) | 082942 (CITROEN) | 91538722 (CITROEN),,https://webcateu.dayco.ws/img/products/ATB2018.jpg,https://www.dayco.com/la-es/catalog/?search=ATB2018,Principal,TENSIONER&PULLEY,,,
DAYCO,1170,Tensor genérico,TENSOR,,,,,https://webcateu.dayco.ws/img/products/1170.jpg,https://www.dayco.com/la-es/catalog/?search=1170,Auxiliar,TENSIONER&PULLEY,,,
DAYCO,APV2216,Tensor auxiliar,TENSOR,,,5751.60 (CITROEN) | 575160 (PEUGEOT) | 963.660.580 (CITROEN) | 96366405 (CITROEN) | 96366405 (PEUGEOT) | 9636640580 (FIAT),,https://webcateu.dayco.ws/img/products/APV2216.jpg,https://www.dayco.com/la-es/catalog/?search=APV2216,Auxiliar,TENSIONER&PULLEY,,,
DAYCO,KIT-9043,Kit de distribución,KIT DISTRIBUCION,,,,,https://webcateu.dayco.ws/img/products/KIT-9043.jpg,https://www.dayco.com/la-es/catalog/?search=KIT-9043,Principal,TIMING BELT KIT,,,
DAYCO,KTB344,Kit de distribución,KIT DISTRIBUCION,,,0831.T4 (CITROEN) | 083155 (CITROEN) | 083155 (PEUGEOT) | 083165 (CITROEN) | 083165 (PEUGEOT) | 083166 (CITROEN) | 083166 (PEUGEOT) | 083188 (CITROEN) | 083188 (PEUGEOT) | 083189 (CITROEN) | 083189 (PEUGEOT) | 083193 (PEUGEOT) | 0831K2 (CITROEN) | 0831K2 (PEUGEOT) | 0831T4 (PEUGEOT) | 831.54 (CITROEN) | 831T4 (CITROEN) | 9400831559 (FIAT) | 9400831889 (FIAT) | 9400831889 (LANCIA) | 9467628080 (FIAT),,https://webcateu.dayco.ws/img/products/KTB344.jpg,https://www.dayco.com/la-es/catalog/?search=KTB344,Principal,TIMING BELT KIT,,,
DAYCO,1280,Tensor genérico,TENSOR,,,,,https://webcateu.dayco.ws/img/products/1280.jpg,https://www.dayco.com/la-es/catalog/?search=1280,Auxiliar,TENSIONER&PULLEY,,,
DAYCO,153SP254H1,Correa de distribución,CORREA DE DISTRIBUCIÓN,,,0816A1 (CITROEN) | 0816A1 (PEUGEOT) | 0816C2 (CITROEN) | 0816C2 (PEUGEOT) | 0816F4 (CITROEN) | 0816F4 (PEUGEOT) | 9400816190 (FIAT) | 9400816190 (LANCIA) | 9464464980 (FIAT) | 9464464980 (LANCIA) | 96350076 (PEUGEOT) | 9635007680 (PEUGEOT) | 9635007780 (PEUGEOT) | 9637053980 (FIAT) | 9637053980 (LANCIA) | 9637053980 (PEUGEOT) | 9637240580 (CITROEN) | 9637240580 (FIAT) | 9637240580 (PEUGEOT) | 9647367480 (PEUGEOT) | 9647610080 (CITROEN) | 9647610080 (PEUGEOT),,https://webcateu.dayco.ws/img/products/TB.jpg,https://www.dayco.com/la-es/catalog/?search=153SP254H1,Principal,TIMING BELT,,,
DAYCO,6PK1000,Correa Poly-V,CORREA POLY-V,,,04E145933R (AUDI) | 04E145933R (SEAT) | 04E145933R (SKODA) | 04E145933R (VOLKSWAGEN) | 06A260849YA (VOLKSWAGEN) | 156708 (FERRARI) | 4E145933A (AUDI) | 4E145933A (SEAT) | 4E145933A (SKODA) | 4E145933A (VOLKSWAGEN) | 5750PF (CITROEN) | 5750PF (PEUGEOT) | 5750QP (PEUGEOT) | 5750XG (CITROEN) | 5750XG (PEUGEOT) | 6019973592 (MERCEDES-BENZ) | 9653204180 (CITROEN) | 9653204380 (CITROEN) | 9653204380 (PEUGEOT) | 999182220550 (PORSCHE) | 99919229550 (PORSCHE),,https://webcateu.dayco.ws/img/products/6PK.jpg,https://www.dayco.com/la-es/catalog/?search=6PK1000,Auxiliar,POLY-V,,,
DAYCO,ATB2127,Tensor de distribución,TENSOR,,,0830.73 (CITROEN) | 0830.73 (PEUGEOT) | 83042 (CITROEN) | 83042 (FIAT) | 83042 (LANCIA) | 83042 (PEUGEOT) | 9400830429 (FIAT) | 96327221 (CITROEN) | 96327221 (PEUGEOT) | 9632722180 (CITROEN) | 9632722180 (FIAT) | 9632722180 (PEUGEOT) | GT60690 (GMB),,https://webcateu.dayco.ws/img/products/ATB2127.jpg,https://www.dayco.com/la-es/catalog/?search=ATB2127,Principal,TENSIONER&PULLEY,,,
DAYCO,7615,Tensor genérico,TENSOR,,,,,https://webcateu.dayco.ws/img/products/7615.jpg,https://www.dayco.com/la-es/catalog/?search=7615,Auxiliar,TENSIONER&PULLEY,,,
DAYCO,7940,Tensor genérico,TENSOR,,,,,https://webcateu.dayco.ws/img/products/7940.jpg,https://www.dayco.com/la-es/catalog/?search=7940,Auxiliar,TENSIONER&PULLEY,,,
DAYCO,ATB2325,Tensor de distribución,TENSOR,,,0829A9 (CITROEN) | 0829A9 (PEUGEOT) | 1606931980 (CITROEN) | 1606931980 (PEUGEOT) | 9653137180 (CITROEN),,https://webcateu.dayco.ws/img/products/ATB2325.jpg,https://www.dayco.com/la-es/catalog/?search=ATB2325,Principal,TENSIONER&PULLEY,,,
DAYCO,KIT-9065,Kit de distribución,KIT DISTRIBUCION,,,,,https://webcateu.dayco.ws/img/products/KIT-9065.jpg,https://www.dayco.com/la-es/catalog/?search=KIT-9065,Principal,TIMING BELT KIT,,,
DAYCO,KTB591,Kit de distribución,KIT DISTRIBUCION,,,0831-K1 (CITROEN) | 0831-K1 (PEUGEOT) | 0831-K3 (CITROEN) | 0831-K3 (PEUGEOT) | 0831.V6 (CITROEN) | 0831.V6 (PEUGEOT) | 1606973580 (PEUGEOT) | 831V6 (CITROEN) | 831V6 (PEUGEOT),,https://webcateu.dayco.ws/img/products/KTB591.jpg,https://www.dayco.com/la-es/catalog/?search=KTB591,Principal,TIMING BELT KIT,,,
DAYCO,APV2712,Tensor auxiliar,TENSOR,,,1611421380 (CITROEN) | 1611421380 (PEUGEOT) | 1611425380 (CITROEN) | 1611425380 (PEUGEOT) | 5751C0 (CITROEN) | 5751C0 (PEUGEOT) | 5751G8 (CITROEN) | 5751G8 (PEUGEOT) | 9665583980 (CITROEN) | 9665583980 (PEUGEOT),,https://webcateu.dayco.ws/img/products/APV2712.jpg,https://www.dayco.com/la-es/catalog/?search=APV2712,Auxiliar,TENSIONER&PULLEY,,,
DAYCO,1141,Tensor genérico,TENSOR,,,,,https://webcateu.dayco.ws/img/products/1141.jpg,https://www.dayco.com/la-es/catalog/?search=1141,Auxiliar,TENSIONER&PULLEY,,,
DAYCO,7771,Tensor genérico,TENSOR,,,,,https://webcateu.dayco.ws/img/products/7771.jpg,https://www.dayco.com/la-es/catalog/?search=7771,Auxiliar,TENSIONER&PULLEY,,,
DAYCO,7771CP,Tensor genérico,TENSOR,,,,,https://webcateu.dayco.ws/img/products/7771CP.jpg,https://www.dayco.com/la-es/catalog/?search=7771CP,Auxiliar,TENSIONER&PULLEY,,,
DAYCO,7838,Tensor genérico,TENSOR,,,,,https://webcateu.dayco.ws/img/products/7838.jpg,https://www.dayco.com/la-es/catalog/?search=7838,Auxiliar,TENSIONER&PULLEY,,,
DAYCO,APV2264,Tensor auxiliar,TENSOR,,,57.57.G7 (CITROEN) | 5751.61 (CITROEN) | 575161 (PEUGEOT) | 5751F8 (PEUGEOT) | 96362074 (CITROEN) | 96362074 (PEUGEOT) | 9636207480 (FIAT) | 9636207480 (LANCIA),,https://webcateu.dayco.ws/img/products/APV2264.jpg,https://www.dayco.com/la-es/catalog/?search=APV2264,Auxiliar,TENSIONER&PULLEY,,,
DAYCO,ATB1014,Tensor de distribución,TENSOR,,,0829.66 (CITROEN) | 0829.66 (PEUGEOT) | 0829.67 (CITROEN) | 0829.67 (PEUGEOT) | 0829.76 (CITROEN) | 0829.76 (PEUGEOT) | 0829.77 (PEUGEOT) | 0829.92 (PEUGEOT) | 0829.93 (CITROEN) | 0829.93 (PEUGEOT) | 0829.96 (CITROEN) | 0829.A7 (CITROEN) | 0829.A7 (PEUGEOT) | 82992 (CITROEN) | 82996 (PEUGEOT) | 82997 (CITROEN) | 82997 (FIAT) | 82997 (LANCIA) | 82997 (PEUGEOT) | 9400829669 (FIAT) | 9400829929 (FIAT) | 9400829969 (FIAT) | 96378749 (CITROEN) | 96378749 (PEUGEOT) | 96398222 (CITROEN) | 96398222 (PEUGEOT) | 96403456 (CITROEN) | 96403456 (PEUGEOT) | 96433296 (CITROEN) | 96433296 (PEUGEOT) | 9643329680 (FIAT),,https://webcateu.dayco.ws/img/products/ATB1014.jpg,https://www.dayco.com/la-es/catalog/?search=ATB1014,Principal,TENSIONER&PULLEY,,,
DAYCO,5PK1388,Correa Poly-V,CORREA POLY-V,,,128017 (PEUGEOT) | 128023 (PEUGEOT) | 128057 (CITROEN) | 128057 (PEUGEOT) | 533451 (PEUGEOT) | 5717038010 (DAIHATSU) | 5717038010 (HYUNDAI) | 5717038010 (KIA) | 96046101 (CITROEN) | 96046101 (PEUGEOT) | 96046105 (CITROEN) | 96046105 (PEUGEOT) | 96161327 (CITROEN),,https://webcateu.dayco.ws/img/products/5PK.jpg,https://www.dayco.com/la-es/catalog/?search=5PK1388,Auxiliar,POLY-V,,,
DAYCO,6PK910,Correa Poly-V,CORREA POLY-V,,,128045 (PEUGEOT) | 128066 (CITROEN) | 128066 (PEUGEOT) | 6577228 (FORD) | 6577229 (FORD),,https://webcateu.dayco.ws/img/products/6PK.jpg,https://www.dayco.com/la-es/catalog/?search=6PK910,Auxiliar,POLY-V,,,
DAYCO,KTBWP9170,Kit de bomba de agua,KIT BOMBA DE AGUA,,,,,https://webcateu.dayco.ws/img/products/KTBWP9170.jpg,https://www.dayco.com/la-es/catalog/?search=KTBWP9170,Principal,KIT WATER PUMP,,,
DAYCO,1401,Tensor genérico,TENSOR,,,,,https://webcateu.dayco.ws/img/products/1401.jpg,https://www.dayco.com/la-es/catalog/?search=1401,Auxiliar,TENSIONER&PULLEY,,,
DAYCO,6PK800,Correa Poly-V,CORREA POLY-V,,,5750ZF (CITROEN) | 5750ZF (PEUGEOT) | 9804491580 (PEUGEOT),,https://webcateu.dayco.ws/img/products/6PK.jpg,https://www.dayco.com/la-es/catalog/?search=6PK800,Auxiliar,POLY-V,,,
DAYCO,7934,Tensor genérico,TENSOR,,,,,https://webcateu.dayco.ws/img/products/7934.jpg,https://www.dayco.com/la-es/catalog/?search=7934,Auxiliar,TENSIONER&PULLEY,,,
DAYCO,KIT-9067,Kit de distribución,KIT DISTRIBUCION,,,,,https://webcateu.dayco.ws/img/products/KIT-9067.jpg,https://www.dayco.com/la-es/catalog/?search=KIT-9067,Principal,TIMING BELT KIT,,,
DAYCO,141SP+200HT,Correa de distribución,CORREA DE DISTRIBUCIÓN,,,1610577680 (CITROEN) | 1610577680 (PEUGEOT) | 1872494 (FORD) | 3646452 (OPEL) | FM5Q6K288AA (FORD) | SU001A3088 (TOYOTA),,https://webcateu.dayco.ws/img/products/TB.jpg,https://www.dayco.com/la-es/catalog/?search=141SP+200HT,Principal,TIMING BELT,,,
DAYCO,ATB2609,Tensor de distribución,TENSOR,,,1690270 (FORD) | 1725441 (FORD) | 31330200 (VOLVO) | 31339887 (VOLVO) | 3646454 (OPEL) | 830.75 (CITROEN) | 830.75 (PEUGEOT) | 9467644089 (FIAT) | 96 735 280 80 (PEUGEOT) | AV6Q-6M250-AB (FORD) | SU001A0150 (TOYOTA) | Y65012730A (MAZDA),,https://webcateu.dayco.ws/img/products/ATB2609.jpg,https://www.dayco.com/la-es/catalog/?search=ATB2609,Principal,TENSIONER&PULLEY,,,
DAYCO,ATB2661,Tensor de distribución,TENSOR,,,1610577380 (CITROEN) | 1610577380 (PEUGEOT) | 1872492 (FORD) | 3646453 (VAUXHALL) | 9808835080 (CITROEN) | FM5Q-6B217-AA (FORD),,https://webcateu.dayco.ws/img/products/ATB2661.jpg,https://www.dayco.com/la-es/catalog/?search=ATB2661,Principal,TENSIONER&PULLEY,,,
DAYCO,KTB917,Kit de distribución,KIT DISTRIBUCION,,,1872497 (FORD) | 3646451 (OPEL) | FM5Q8A615AA (FORD) | PSAKD022 (CITROEN) | PSAKD022 (PEUGEOT),,https://webcateu.dayco.ws/img/products/KTB917.jpg,https://www.dayco.com/la-es/catalog/?search=KTB917,Principal,TIMING BELT KIT,,,
DAYCO,6PK750,Correa Poly-V,CORREA POLY-V,,,030903137AB (AUDI) | 030903137AB (SEAT) | 030903137AB (SKODA) | 030903137AB (VOLKSWAGEN) | 030903137T (AUDI) | 030903137T (SEAT) | 030903137T (SKODA) | 030903137T (VOLKSWAGEN) | 030903313T (VOLKSWAGEN) | 30903137AB (VOLKSWAGEN) | 5750W7 (PEUGEOT) | 8944680621 (ISUZU),,https://webcateu.dayco.ws/img/products/6PK.jpg,https://www.dayco.com/la-es/catalog/?search=6PK750,Auxiliar,POLY-V,,,
DAYCO,6PK1715,Correa Poly-V,CORREA POLY-V,,,074145933C (VOLKSWAGEN) | 074145933P (AUDI) | 074145933P (SEAT) | 074145933P (SKODA) | 074145933P (VOLKSWAGEN) | 1014374 (FORD) | 1079384 (FORD) | 11288573252 (BMW) | 11288573253 (BMW) | 1133960 (FORD) | 1340004 (OPEL) | 1340004 (VAUXHALL) | 4451A020 (MITSUBISHI) | 4451A059 (MITSUBISHI) | 4451A108 (MITSUBISHI) | 46414860 (FIAT) | 46414860 (LANCIA) | 46787908 (LANCIA) | 4891661AA (DODGE) | 4891661AA (JEEP) | 55566899 (CHEVROLET) | 55566900 (CHEVROLET) | 55566900 (GENERAL MOTORS) | 55566900 (OPEL) | 5750ZC (PEUGEOT) | 71739909 (FIAT) | 7788012 (LANCIA) | 9514173J00 (SUZUKI) | 9808562780 (CITROEN),,https://webcateu.dayco.ws/img/products/6PK.jpg,https://www.dayco.com/la-es/catalog/?search=6PK1715,Auxiliar,POLY-V,,,
DAYCO,5PK1270,Correa Poly-V,CORREA POLY-V,,,0129970092 (MERCEDES-BENZ) | 0129977492 (MERCEDES-BENZ) | 5750.SW (CITROEN) | 575084 (PEUGEOT) | 5750SW (PEUGEOT) | 6689970292 (MERCEDES-BENZ) | 7700862173 (RENAULT) | 96014241 (CITROEN) | 96014241 (PEUGEOT) | 96014397 (PEUGEOT) | 98010225102 (PORSCHE) | A0129970092 (MERCEDES-BENZ) | A0129977492 (MERCEDES-BENZ),,https://webcateu.dayco.ws/img/products/5PK.jpg,https://www.dayco.com/la-es/catalog/?search=5PK1270,Auxiliar,POLY-V,,,
DAYCO,6PK725,Correa Poly-V,CORREA POLY-V,,,11720D4291JP (NISSAN) | 11720D4291KE (NISSAN),,https://webcateu.dayco.ws/img/products/6PK.jpg,https://www.dayco.com/la-es/catalog/?search=6PK725,Auxiliar,POLY-V,,,
DAYCO,73263,Manguera,MANGUERA,,,1351HE (CITROEN),,https://webcateu.dayco.ws/img/products/73263.jpg,https://www.dayco.com/la-es/catalog/?search=73263,Refrigeración,COOLING HOSE,,,
DAYCO,73267,Manguera,MANGUERA,,,1343EZ (CITROEN),,https://webcateu.dayco.ws/img/products/73267.jpg,https://www.dayco.com/la-es/catalog/?search=73267,Refrigeración,COOLING HOSE,,,
DAYCO,6PK1195,Correa Poly-V,CORREA POLY-V,,,1172000Q5E (NISSAN) | 117209098R (RENAULT) | 117209663R (RENAULT) | 46555452 (FIAT) | 73501649 (FIAT) | 8200089047 (RENAULT) | 9771326300 (HYUNDAI) | 9771326300 (KIA) | ME241667 (MITSUBISHI),,https://webcateu.dayco.ws/img/products/6PK.jpg,https://www.dayco.com/la-es/catalog/?search=6PK1195,Auxiliar,POLY-V,,,
DAYCO,6PK1588,Correa Poly-V,CORREA POLY-V,,,1340601 (OPEL) | 1340601 (VAUXHALL) | 1340662 (GENERAL MOTORS) | 1340662 (OPEL) | 1340662 (VAUXHALL) | 8972290710 (ISUZU) | 9638027080 (FIAT) | 9638027080 (LANCIA) | 9638027080 (RENAULT) | 97186396 (OPEL) | 97186396 (VAUXHALL) | 97229071 (GENERAL MOTORS) | 97229071 (OPEL) | 97229071 (VAUXHALL),,https://webcateu.dayco.ws/img/products/6PK.jpg,https://www.dayco.com/la-es/catalog/?search=6PK1588,Auxiliar,POLY-V,,,
DAYCO,10A1025C,Correa de transmisión,CORREA DE TRANSMISIÓN,,,0049973992 (MERCEDES-BENZ) | 059119137 (AUDI) | 11231721408 (BMW) | 11720-78201 (NISSAN) | 128002 (PEUGEOT) | 1340605 (GENERAL MOTORS) | 1340723 (GENERAL MOTORS) | 1340737 (GENERAL MOTORS) | 1718757 (BMW) | 1721408 (BMW) | 17214084 (BMW) | 214303 (TRIUMPH) | 2400E8620A (FORD) | 400906 (PEUGEOT) | 4301066 (FIAT) | 4337104 (FIAT) | 46510517 (ALFA ROMEO) | 4665641 (FIAT) | 520007 (CITROEN) | 563132 (ROVER) | 574929 (PEUGEOT) | 6340652 (GENERAL MOTORS) | 713053 (SAAB) | 7310053 (SAAB) | 731053 (SAAB) | 7580224 (FIAT) | 7596397 (FIAT) | 76145107 (VOLKSWAGEN) | 8-94382-1051 (ISUZU) | 8941079930 (ISUZU) | 8941109930 (ISUZU) | 8943821050 (ISUZU) | 90281901 (GENERAL MOTORS) | 90411009 (GENERAL MOTORS) | 93182260 (GENERAL MOTORS) | 94382105 (GENERAL MOTORS) | 95006782 (PEUGEOT) | 950812 (VOLVO) | 975093 (VOLVO) | C7898 (JAGUAR) | ERC6504 (ROVER) | ETC7939 (LAND ROVER) | GFB168 (ROVER),,https://webcateu.dayco.ws/img/products/VEE.jpg,https://www.dayco.com/la-es/catalog/?search=10A1025C,Transmisión,RAW-EDGE(V),,,
DAYCO,4PK884,Correa Poly-V,CORREA POLY-V,,,034903137B (VOLKSWAGEN) | 0K21A18381 (KIA) | 1340640 (GENERAL MOTORS) | 1340640 (OPEL) | 1340640 (VAUXHALL) | 4668380AD (CHRYSLER) | 4668380AF (CHRYSLER) | 60543218 (ALFA ROMEO) | 60543218 (FIAT) | 64557786705 (BMW) | 66557786705 (BMW) | 73013AA000 (SUBARU) | 73323AC000 (SUBARU) | 73323FA030 (SUBARU) | 7700717899 (RENAULT) | 7701064332 (RENAULT) | 770729330 (RENAULT) | 80921-3030 (SUBARU) | 90571757 (GENERAL MOTORS) | 90571757 (OPEL) | 90571757 (VAUXHALL) | 99364-00880 (TOYOTA) | 9936480880 (TOYOTA) | 9936490880 (TOYOTA),,https://webcateu.dayco.ws/img/products/4PK.jpg,https://www.dayco.com/la-es/catalog/?search=4PK884,Auxiliar,POLY-V,,,
DAYCO,4PK698,Correa Poly-V,CORREA POLY-V,,,46517851 (FIAT) | 46517851 (LANCIA) | 46527552 (FIAT) | 46787904 (FIAT) | 5750.G8 (CITROEN) | 5750.SQ (CITROEN) | 575055 (PEUGEOT) | 575055 (TALBOT) | 5750G8 (PEUGEOT) | 5750SQ (PEUGEOT) | 71719039 (FIAT) | 71719039 (LANCIA) | 8-94139-0870 (ISUZU) | 8-97137-4780 (ISUZU) | 8941374780 (ISUZU) | 91536222 (CITROEN) | 91536222 (PEUGEOT) | 93501676 (CITROEN) | 93501676 (PEUGEOT) | 9350229100 (PEUGEOT) | 93502487 (CITROEN) | 93502487 (PEUGEOT) | 96001122 (CITROEN) | 96001122 (PEUGEOT) | MD189130 (MITSUBISHI) | MD300587 (MITSUBISHI) | MD310617 (MITSUBISHI),,https://webcateu.dayco.ws/img/products/4PK.jpg,https://www.dayco.com/la-es/catalog/?search=4PK698,Auxiliar,POLY-V,,,
DAYCO,700135,Manguera,MANGUERA,,,,,https://webcateu.dayco.ws/img/products/700135.jpg,https://www.dayco.com/la-es/catalog/?search=700135,Refrigeración,COOLING HOSE,,,
DAYCO,10A1250HD,Correa de transmisión,CORREA DE TRANSMISIÓN,,,4621715 (IVECO) | 4688861 (IVECO) | 4727249 (IVECO) | 5010553921 (RENAULT) | 8823607 (IVECO) | 966385 (VOLVO),,https://webcateu.dayco.ws/img/products/VEE.jpg,https://www.dayco.com/la-es/catalog/?search=10A1250HD,Transmisión,RAW-EDGE(V),,,
DAYCO,2x10A1250HD,Correa de transmisión,CORREA DE TRANSMISIÓN,,,,,https://webcateu.dayco.ws/img/products/VEE.jpg,https://www.dayco.com/la-es/catalog/?search=2x10A1250HD,Transmisión,RAW-EDGE(V),,,
DAYCO,700139,Manguera,MANGUERA,,,,,https://webcateu.dayco.ws/img/products/700139.jpg,https://www.dayco.com/la-es/catalog/?search=700139,Refrigeración,COOLING HOSE,,,
DAYCO,8PK1400HD,Correa Poly-V,CORREA POLY-V,,,0067690 (DAF) | 0490269 (DAF) | 20464710 (VOLVO) | 3288724 (CUMMINS) | 3903090 (CUMMINS) | 3903990 (CUMMINS) | 3911560 (CUMMINS) | 3911586 (CUMMINS) | 3915910 (CUMMINS) | 490269 (DAF) | 67690 (DAF) | CBU1182 (DAF) | CBU1532 (DAF),,https://webcateu.dayco.ws/img/products/8PK.jpg,https://www.dayco.com/la-es/catalog/?search=8PK1400HD,Auxiliar,POLY-V,,,
DAYCO,8PK1290HD,Correa Poly-V,CORREA POLY-V,,,R133693 (JOHN DEERE) | R211183 (JOHN DEERE),,https://webcateu.dayco.ws/img/products/8PK.jpg,https://www.dayco.com/la-es/catalog/?search=8PK1290HD,Auxiliar,POLY-V,,,
DAYCO,900091,Manguera,MANGUERA,,,,,https://webcateu.dayco.ws/img/products/900091.jpg,https://www.dayco.com/la-es/catalog/?search=900091,Refrigeración,HOSE,,,
DAYCO,1315,Tensor genérico,TENSOR,,,,,https://webcateu.dayco.ws/img/products/1315.jpg,https://www.dayco.com/la-es/catalog/?search=1315,Auxiliar,TENSIONER&PULLEY,,,
DAYCO,APV1086,Tensor auxiliar,TENSOR,,,1399614 (DAF) | 1702527 (DAF) | 4897031 (IVECO) | 4987970 (CUMMINS) | 504065878 (FIAT) | 504065878 (IVECO),,https://webcateu.dayco.ws/img/products/APV1086.jpg,https://www.dayco.com/la-es/catalog/?search=APV1086,Auxiliar,TENSIONER&PULLEY,,,
DAYCO,700042,Manguera,MANGUERA,,,,,https://webcateu.dayco.ws/img/products/700042.jpg,https://www.dayco.com/la-es/catalog/?search=700042,Refrigeración,COOLING HOSE,,,
DAYCO,700131,Manguera,MANGUERA,,,,,https://webcateu.dayco.ws/img/products/700131.jpg,https://www.dayco.com/la-es/catalog/?search=700131,Refrigeración,COOLING HOSE,,,
DAYCO,700149,Manguera,MANGUERA,,,,,https://webcateu.dayco.ws/img/products/700149.jpg,https://www.dayco.com/la-es/catalog/?search=700149,Refrigeración,COOLING HOSE,,,
DAYCO,700138,Manguera,MANGUERA,,,,,https://webcateu.dayco.ws/img/products/700138.jpg,https://www.dayco.com/la-es/catalog/?search=700138,Refrigeración,COOLING HOSE,,,
DAYCO,900085,Manguera,MANGUERA,,,,,https://webcateu.dayco.ws/img/products/900085.jpg,https://www.dayco.com/la-es/catalog/?search=900085,Refrigeración,HOSE,,,
DAYCO,8PK1270HD,Correa Poly-V,CORREA POLY-V,,,07W903137 (VOLKSWAGEN),,https://webcateu.dayco.ws/img/products/8PK.jpg,https://www.dayco.com/la-es/catalog/?search=8PK1270HD,Auxiliar,POLY-V,,,
DAYCO,2106,Tensor genérico,TENSOR,,,,,https://webcateu.dayco.ws/img/products/2106.jpg,https://www.dayco.com/la-es/catalog/?search=2106,Auxiliar,TENSIONER&PULLEY,,,
DAYCO,7958,Tensor genérico,TENSOR,,,,,https://webcateu.dayco.ws/img/products/7958.jpg,https://www.dayco.com/la-es/catalog/?search=7958,Auxiliar,TENSIONER&PULLEY,,,
DAYCO,APV1128,Tensor auxiliar,TENSOR,,,,,https://webcateu.dayco.ws/img/products/APV1128.jpg,https://www.dayco.com/la-es/catalog/?search=APV1128,Auxiliar,TENSIONER&PULLEY,,,
DAYCO,APV2403,Tensor auxiliar,TENSOR,,,,,https://webcateu.dayco.ws/img/products/APV2403.jpg,https://www.dayco.com/la-es/catalog/?search=APV2403,Auxiliar,TENSIONER&PULLEY,,,
DAYCO,4PK1407EEHD,Correa Poly-V,CORREA POLY-V,,,07W145933 (VOLKSWAGEN),,https://webcateu.dayco.ws/img/products/4PK.jpg,https://www.dayco.com/la-es/catalog/?search=4PK1407EEHD,Auxiliar,POLY-V,,,
DAYCO,1314,Tensor genérico,TENSOR,,,,,https://webcateu.dayco.ws/img/products/1314.jpg,https://www.dayco.com/la-es/catalog/?search=1314,Auxiliar,TENSIONER&PULLEY,,,
DAYCO,APV1084,Tensor auxiliar,TENSOR,,,1399691 (DAF) | 1406486 (DAF) | 1702525 (DAF) | 2R0145299 (VOLKSWAGEN) | 4891116 (CUMMINS) | 4898548 (IVECO) | 4987964 (CUMMINS) | 504065874 (IVECO) | 504315785 (IVECO),,https://webcateu.dayco.ws/img/products/APV1084.jpg,https://www.dayco.com/la-es/catalog/?search=APV1084,Auxiliar,TENSIONER&PULLEY,,,
DAYCO,APV1085,Tensor auxiliar,TENSOR,,,1399613 (DAF) | 1702526 (DAF) | 2852398 (CUMMINS) | 4892356 (IVECO) | 4987968 (CUMMINS) | 504065877 (FIAT) | 504065877 (IVECO) | 5260382 (CUMMINS),,https://webcateu.dayco.ws/img/products/APV1085.jpg,https://www.dayco.com/la-es/catalog/?search=APV1085,Auxiliar,TENSIONER&PULLEY,,,
DAYCO,APV2943,Tensor auxiliar,TENSOR,,,1399691 (DAF) | 1406486 (DAF) | 1702525 (DAF) | 2R0145299 (VOLKSWAGEN) | 4891116 (CUMMINS) | 4898548 (IVECO) | 4987964 (CUMMINS) | 504065874 (IVECO) | 504315785 (IVECO),,https://webcateu.dayco.ws/img/products/APV2943.jpg,https://www.dayco.com/la-es/catalog/?search=APV2943,Auxiliar,TENSIONER&PULLEY,,,
DAYCO,8PK1625HD,Correa Poly-V,CORREA POLY-V,,,,,https://webcateu.dayco.ws/img/products/8PK.jpg,https://www.dayco.com/la-es/catalog/?search=8PK1625HD,Auxiliar,POLY-V,,,
DAYCO,8PK1910HD,Correa Poly-V,CORREA POLY-V,,,1372669 (DAF) | 9069972892 (MERCEDES-BENZ) | A9069972892 (MERCEDES-BENZ),,https://webcateu.dayco.ws/img/products/8PK.jpg,https://www.dayco.com/la-es/catalog/?search=8PK1910HD,Auxiliar,POLY-V,,,
DAYCO,700053,Manguera,MANGUERA,,,,,https://webcateu.dayco.ws/img/products/700053.jpg,https://www.dayco.com/la-es/catalog/?search=700053,Refrigeración,COOLING HOSE,,,
DAYCO,700164,Manguera,MANGUERA,,,,,https://webcateu.dayco.ws/img/products/700164.jpg,https://www.dayco.com/la-es/catalog/?search=700164,Refrigeración,COOLING HOSE,,,
DAYCO,8PK1500HD,Correa Poly-V,CORREA POLY-V,,,1373180 (SCANIA) | 3288867 (CUMMINS) | 3903097 (CUMMINS) | 3911558 (CUMMINS) | 9069973492 (MERCEDES-BENZ),,https://webcateu.dayco.ws/img/products/8PK.jpg,https://www.dayco.com/la-es/catalog/?search=8PK1500HD,Auxiliar,POLY-V,,,
DAYCO,700125,Manguera,MANGUERA,,,,,https://webcateu.dayco.ws/img/products/700125.jpg,https://www.dayco.com/la-es/catalog/?search=700125,Refrigeración,COOLING HOSE,,,
DAYCO,7931,Tensor genérico,TENSOR,,,,,https://webcateu.dayco.ws/img/products/7931.jpg,https://www.dayco.com/la-es/catalog/?search=7931,Auxiliar,TENSIONER&PULLEY,,,
DAYCO,8PK1800HD,Correa Poly-V,CORREA POLY-V,,,2R0145933A (VOLKSWAGEN) | 7891551222125 (MERCEDES-BENZ) | 9069933596 (MERCEDES-BENZ),,https://webcateu.dayco.ws/img/products/8PK.jpg,https://www.dayco.com/la-es/catalog/?search=8PK1800HD,Auxiliar,POLY-V,,,
DAYCO,700240,Manguera,MANGUERA,,,,,https://webcateu.dayco.ws/img/products/700240.jpg,https://www.dayco.com/la-es/catalog/?search=700240,Refrigeración,COOLING HOSE,,,
DAYCO,7930,Tensor genérico,TENSOR,,,,,https://webcateu.dayco.ws/img/products/7930.jpg,https://www.dayco.com/la-es/catalog/?search=7930,Auxiliar,TENSIONER&PULLEY,,,
DAYCO,8PK1950HD,Correa Poly-V,CORREA POLY-V,,,MWM903450801950E (VOLKSWAGEN),,https://webcateu.dayco.ws/img/products/8PK.jpg,https://www.dayco.com/la-es/catalog/?search=8PK1950HD,Auxiliar,POLY-V,,,
DAYCO,APV2704,Tensor auxiliar,TENSOR,,,1704635 (DAF) | 2T2145299C (VOLKSWAGEN) | 3936213 (CUMMINS) | 3936213 (FREIGHTLINER) | 3945527 (CUMMINS) | 3957434 (CUMMINS) | 3976831 (CUMMINS) | 3976831 (FREIGHTLINER) | 3976834 (CUMMINS) | 5259022 (CUMMINS),,https://webcateu.dayco.ws/img/products/APV2704.jpg,https://www.dayco.com/la-es/catalog/?search=APV2704,Auxiliar,TENSIONER&PULLEY,,,
DAYCO,8PK1485HD,Correa Poly-V,CORREA POLY-V,,,0124587000 (FREIGHTLINER) | 20430610 (VOLVO) | 20995830 (VOLVO) | 3081862 (CUMMINS) | F3HT-8620-TA (FORD),,https://webcateu.dayco.ws/img/products/8PK.jpg,https://www.dayco.com/la-es/catalog/?search=8PK1485HD,Auxiliar,POLY-V,,,
DAYCO,1126,Tensor genérico,TENSOR,,,,,https://webcateu.dayco.ws/img/products/1126.jpg,https://www.dayco.com/la-es/catalog/?search=1126,Auxiliar,TENSIONER&PULLEY,,,
DAYCO,8PK1535HD,Correa Poly-V,CORREA POLY-V,,,1389012 (SCANIA) | 1389029 (SCANIA) | 1454281 (SCANIA) | 1800522 (SCANIA) | 1888464 (SCANIA) | 1888522 (SCANIA) | 20430611 (VOLVO) | 2114000Z1B (NISSAN) | 22275091 (VOLVO) | 3034351 (CUMMINS) | 3290073 (CUMMINS) | 3290073 (FREIGHTLINER) | 3434351 (CUMMINS) | 3903098 (CUMMINS) | 3911563 (FREIGHTLINER) | 7700062268 (RENAULT) | E4HT-8620-RB (FORD),,https://webcateu.dayco.ws/img/products/8PK.jpg,https://www.dayco.com/la-es/catalog/?search=8PK1535HD,Auxiliar,POLY-V,,,
DAYCO,8PK2515HD,Correa Poly-V,CORREA POLY-V,,,01-23415-079 (FREIGHTLINER) | 5282277 (CUMMINS),,https://webcateu.dayco.ws/img/products/8PK.jpg,https://www.dayco.com/la-es/catalog/?search=8PK2515HD,Auxiliar,POLY-V,,,
DAYCO,2-13A1525HD,Correa de transmisión,CORREA DE TRANSMISIÓN,,,,,https://webcateu.dayco.ws/img/products/VEE.jpg,https://www.dayco.com/la-es/catalog/?search=2-13A1525HD,Transmisión,RAW-EDGE(V),,,
DAYCO,8PK1475HD,Correa Poly-V,CORREA POLY-V,,,3288834 (CUMMINS) | 3903093 (CUMMINS) | 3911565 (FREIGHTLINER) | 3922828 (FREIGHTLINER) | 3937660 (CUMMINS) | 4517325 (CUMMINS),,https://webcateu.dayco.ws/img/products/8PK.jpg,https://www.dayco.com/la-es/catalog/?search=8PK1475HD,Auxiliar,POLY-V,,,
DAYCO,8PK1575HD,Correa Poly-V,CORREA POLY-V,,,3920571 (CUMMINS) | 3920571 (FREIGHTLINER),,https://webcateu.dayco.ws/img/products/8PK.jpg,https://www.dayco.com/la-es/catalog/?search=8PK1575HD,Auxiliar,POLY-V,,,
DAYCO,8PK1585HD,Correa Poly-V,CORREA POLY-V,,,504050488 (IVECO),,https://webcateu.dayco.ws/img/products/8PK.jpg,https://www.dayco.com/la-es/catalog/?search=8PK1585HD,Auxiliar,POLY-V,,,
DAYCO,8PK2020HD,Correa Poly-V,CORREA POLY-V,,,0614403 (SCANIA) | 1800550 (SCANIA) | 1920232 (SCANIA) | 2R0903137B (VOLKSWAGEN) | 3972384 (CUMMINS) | 5256765 (CUMMINS) | 9069973792 (MERCEDES-BENZ) | A9069973792 (MERCEDES-BENZ),,https://webcateu.dayco.ws/img/products/8PK.jpg,https://www.dayco.com/la-es/catalog/?search=8PK2020HD,Auxiliar,POLY-V,,,
DAYCO,700231,Manguera,MANGUERA,,,,,https://webcateu.dayco.ws/img/products/700231.jpg,https://www.dayco.com/la-es/catalog/?search=700231,Refrigeración,COOLING HOSE,,,
DAYCO,APV2418,Tensor auxiliar,TENSOR,,,190-0643 (CATERPILLAR) | 2U2145299 (VOLKSWAGEN) | 375-8345 (CATERPILLAR),,https://webcateu.dayco.ws/img/products/APV2418.jpg,https://www.dayco.com/la-es/catalog/?search=APV2418,Auxiliar,TENSIONER&PULLEY,,,
DAYCO,8PK2110HD,Correa Poly-V,CORREA POLY-V,,,0126246000 (FREIGHTLINER) | 0127110016 (FREIGHTLINER) | 0127110045 (FREIGHTLINER) | 2T2145933G (VOLKSWAGEN) | 3866104C1 (FORD) | 3972263 (CUMMINS) | F3HT-8620-SA (FORD),,https://webcateu.dayco.ws/img/products/8PK.jpg,https://www.dayco.com/la-es/catalog/?search=8PK2110HD,Auxiliar,POLY-V,,,
DAYCO,8PK2163HD,Correa Poly-V,CORREA POLY-V,,,1371533 (SAAB) | 1371533 (SCANIA) | 1389042 (SCANIA) | 1389402 (SCANIA) | 1530960 (SCANIA) | 1530980 (SCANIA) | 1800538 (SCANIA),,https://webcateu.dayco.ws/img/products/8PK.jpg,https://www.dayco.com/la-es/catalog/?search=8PK2163HD,Auxiliar,POLY-V,,,
DAYCO,8PK1675HD,Correa Poly-V,CORREA POLY-V,,,21080993 (VOLVO) | 3289089 (CUMMINS),,https://webcateu.dayco.ws/img/products/8PK.jpg,https://www.dayco.com/la-es/catalog/?search=8PK1675HD,Auxiliar,POLY-V,,,
DAYCO,8PK2085HD,Correa Poly-V,CORREA POLY-V,,,01-23415-100 (FREIGHTLINER) | 01-23415-100 (STERLING HD) | 01-29866-080 (FREIGHTLINER) | 1389058 (SAAB) | 1389058 (SCANIA) | 1530984 (SCANIA) | 1800541 (SCANIA) | 1888471 (SCANIA) | 9069932296 (MERCEDES-BENZ) | 9069971192 (MERCEDES-BENZ) | A9069932296 (MERCEDES-BENZ) | A9069971192 (MERCEDES-BENZ),,https://webcateu.dayco.ws/img/products/8PK.jpg,https://www.dayco.com/la-es/catalog/?search=8PK2085HD,Auxiliar,POLY-V,,,
DAYCO,700127,Manguera,MANGUERA,,,,,https://webcateu.dayco.ws/img/products/700127.jpg,https://www.dayco.com/la-es/catalog/?search=700127,Refrigeración,COOLING HOSE,,,
DAYCO,700128,Manguera,MANGUERA,,,,,https://webcateu.dayco.ws/img/products/700128.jpg,https://www.dayco.com/la-es/catalog/?search=700128,Refrigeración,COOLING HOSE,,,
DAYCO,700171,Manguera,MANGUERA,,,,,https://webcateu.dayco.ws/img/products/700171.jpg,https://www.dayco.com/la-es/catalog/?search=700171,Refrigeración,COOLING HOSE,,,
DAYCO,7927,Tensor genérico,TENSOR,,,,,https://webcateu.dayco.ws/img/products/7927.jpg,https://www.dayco.com/la-es/catalog/?search=7927,Auxiliar,TENSIONER&PULLEY,,,
DAYCO,700151,Manguera,MANGUERA,,,,,https://webcateu.dayco.ws/img/products/700151.jpg,https://www.dayco.com/la-es/catalog/?search=700151,Refrigeración,COOLING HOSE,,,
DAYCO,7960,Tensor genérico,TENSOR,,,,,https://webcateu.dayco.ws/img/products/7960.jpg,https://www.dayco.com/la-es/catalog/?search=7960,Auxiliar,TENSIONER&PULLEY,,,
DAYCO,8PK1920HD,Correa Poly-V,CORREA POLY-V,,,,,https://webcateu.dayco.ws/img/products/8PK.jpg,https://www.dayco.com/la-es/catalog/?search=8PK1920HD,Auxiliar,POLY-V,,,
DAYCO,APV1134,Tensor auxiliar,TENSOR,,,,,https://webcateu.dayco.ws/img/products/APV1134.jpg,https://www.dayco.com/la-es/catalog/?search=APV1134,Auxiliar,TENSIONER&PULLEY,,,
DAYCO,8PK1205HD,Correa Poly-V,CORREA POLY-V,,,2P0145933A (VOLKSWAGEN) | 9.0345.08.0.1205 (VOLKSWAGEN),,https://webcateu.dayco.ws/img/products/8PK.jpg,https://www.dayco.com/la-es/catalog/?search=8PK1205HD,Auxiliar,POLY-V,,,
DAYCO,8PK1956HD,Correa Poly-V,CORREA POLY-V,,,2P0145933 (VOLKSWAGEN),,https://webcateu.dayco.ws/img/products/8PK.jpg,https://www.dayco.com/la-es/catalog/?search=8PK1956HD,Auxiliar,POLY-V,,,
DAYCO,8PK970HD,Correa Poly-V,CORREA POLY-V,,,20430367 (VOLVO) | 2P0903137 (VOLKSWAGEN) | 7420715585 (RENAULT) | 8397692 (VOLVO) | 978242 (VOLVO) | 978243 (VOLVO),,https://webcateu.dayco.ws/img/products/8PK.jpg,https://www.dayco.com/la-es/catalog/?search=8PK970HD,Auxiliar,POLY-V,,,
DAYCO,7932,Tensor genérico,TENSOR,,,,,https://webcateu.dayco.ws/img/products/7932.jpg,https://www.dayco.com/la-es/catalog/?search=7932,Auxiliar,TENSIONER&PULLEY,,,
DAYCO,700152,Manguera,MANGUERA,,,,,https://webcateu.dayco.ws/img/products/700152.jpg,https://www.dayco.com/la-es/catalog/?search=700152,Refrigeración,COOLING HOSE,,,
DAYCO,700236,Manguera,MANGUERA,,,,,https://webcateu.dayco.ws/img/products/700236.jpg,https://www.dayco.com/la-es/catalog/?search=700236,Refrigeración,COOLING HOSE,,,
DAYCO,700242,Manguera,MANGUERA,,,,,https://webcateu.dayco.ws/img/products/700242.jpg,https://www.dayco.com/la-es/catalog/?search=700242,Refrigeración,COOLING HOSE,,,
DAYCO,700129,Manguera,MANGUERA,,,,,https://webcateu.dayco.ws/img/products/700129.jpg,https://www.dayco.com/la-es/catalog/?search=700129,Refrigeración,COOLING HOSE,,,
DAYCO,900039,Manguera,MANGUERA,,,,,https://webcateu.dayco.ws/img/products/900039.jpg,https://www.dayco.com/la-es/catalog/?search=900039,Refrigeración,HOSE,,,
DAYCO,059P7.43M10HT,Correa de distribución,CORREA DE DISTRIBUCIÓN,,,03L115264A (VOLKSWAGEN),,https://webcateu.dayco.ws/img/products/TBBIO.jpg,https://www.dayco.com/la-es/catalog/?search=059P7.43M10HT,Principal,BIO (BELT-IN-OIL),,,
DAYCO,APV2511,Tensor auxiliar,TENSOR,,,038903315AD (AUDI) | 038903315AG (AUDI) | 038903315AG (SEAT) | 038903315AG (SKODA) | 038903315AG (VOLKSWAGEN) | 038903315AH (AUDI) | 038903315AH (SEAT) | 038903315AH (SKODA) | 038903315AH (VOLKSWAGEN) | 038903315AJ (AUDI) | 038903315AM (AUDI) | 038903315AM (SEAT) | 038903315AM (SKODA) | 038903315AM (VOLKSWAGEN) | 038903315AN (AUDI) | 038903315AN (SEAT) | 038903315AN (SKODA) | 038903315AN (VOLKSWAGEN) | 038903315AP (AUDI) | 038903315AP (SEAT) | 038903315AP (SKODA) | 038903315AP (VOLKSWAGEN) | 38903315AM (AUDI) | 38903315AM (SEAT) | 38903315AM (SKODA) | 38903315AM (VOLKSWAGEN) | 38903315AN (AUDI) | 38903315AN (SEAT) | 38903315AN (SKODA) | 38903315AN (VOLKSWAGEN),,https://webcateu.dayco.ws/img/products/APV2511.jpg,https://www.dayco.com/la-es/catalog/?search=APV2511,Auxiliar,TENSIONER&PULLEY,,,
DAYCO,APV2517,Tensor auxiliar,TENSOR,,,03G145276 (AUDI),,https://webcateu.dayco.ws/img/products/APV2517.jpg,https://www.dayco.com/la-es/catalog/?search=APV2517,Auxiliar,TENSIONER&PULLEY,,,
DAYCO,ATB2571,Tensor de distribución,TENSOR,,,3L109244G (AUDI) | 3L109244G (SEAT) | 3L109244G (SKODA) | 3L109244G (VOLKSWAGEN),,https://webcateu.dayco.ws/img/products/ATB2571.jpg,https://www.dayco.com/la-es/catalog/?search=ATB2571,Principal,TENSIONER&PULLEY,,,
DAYCO,1405,Tensor genérico,TENSOR,,,,,https://webcateu.dayco.ws/img/products/1405.jpg,https://www.dayco.com/la-es/catalog/?search=1405,Auxiliar,TENSIONER&PULLEY,,,
DAYCO,160SP250HT,Correa de distribución,CORREA DE DISTRIBUCIÓN,,,03L 109 119B (VOLKSWAGEN) | 03L109119B (AUDI) | 03L109119B (SEAT) | 03L109119B (SKODA) | 03L109119C (AUDI) | 03L109119C (SEAT) | 03L109119C (SKODA) | 03L109119E (AUDI) | 03L109119E (SEAT) | 03L109119E (SKODA) | 03L109119E (VOLKSWAGEN) | 03L109119G (AUDI) | 03L109119G (OPEL) | 03L109119G (SKODA) | 03L109119G (VOLKSWAGEN) | 03L109119J (AUDI) | 03L109119J (SEAT) | 03L109119J (SKODA) | 03L109119J (VOLKSWAGEN) | 3L109119C (VOLKSWAGEN) | 3L109119G (AUDI) | 3L109119G (SEAT) | 3L109119G (SKODA) | 3L109119G (VOLKSWAGEN) | 3L109119J (AUDI) | 3L109119J (SEAT) | 3L109119J (SKODA) | 3L109119J (VOLKSWAGEN),,https://webcateu.dayco.ws/img/products/TB.jpg,https://www.dayco.com/la-es/catalog/?search=160SP250HT,Principal,TIMING BELT,,,
DAYCO,ATB2569,Tensor de distribución,TENSOR,,,03L 109 243 D (AUDI) | 03L.109.243 (VOLKSWAGEN) | 03L.109.243 B (VOLKSWAGEN) | 3L109243B (AUDI) | 3L109243F (AUDI) | 3L109243F (SEAT) | 3L109243F (SKODA) | 3L109243F (VOLKSWAGEN),,https://webcateu.dayco.ws/img/products/ATB2569.jpg,https://www.dayco.com/la-es/catalog/?search=ATB2569,Principal,TENSIONER&PULLEY,,,
DAYCO,ATB2570,Tensor de distribución,TENSOR,,,3L 109 244 J (AUDI) | 3L109244 (AUDI) | 3L109244 (SEAT) | 3L109244 (SKODA) | 3L109244 (VOLKSWAGEN) | 3L109244E (AUDI) | 3L109244E (SEAT) | 3L109244E (SKODA) | 3L109244E (VOLKSWAGEN) | GT50920 (GMB),,https://webcateu.dayco.ws/img/products/ATB2570.jpg,https://www.dayco.com/la-es/catalog/?search=ATB2570,Principal,TENSIONER&PULLEY,,,
DAYCO,KIT-9031,Kit de distribución,KIT DISTRIBUCION,,,,,https://webcateu.dayco.ws/img/products/KIT-9031.jpg,https://www.dayco.com/la-es/catalog/?search=KIT-9031,Principal,TIMING BELT KIT,,,
DAYCO,KTB788,Kit de distribución,KIT DISTRIBUCION,,,03L198119A (SEAT) | 03L198119A (SKODA) | 03L198119A (VOLKSWAGEN) | 03L198119B (AUDI) | 03L198119B (SEAT) | 03L198119B (SKODA) | 03L198119B (VOLKSWAGEN) | 03L198119C (AUDI) | 03L198119C (SEAT) | 03L198119C (SKODA) | 03L198119C (VOLKSWAGEN) | 03L198119D (AUDI) | 03L198119D (SEAT) | 03L198119D (SKODA) | 03L198119F (AUDI) | 03L198119F (SEAT) | 03L198119F (SKODA) | 03L198119F (VOLKSWAGEN) | 3L198119A (AUDI) | 3L198119B (AUDI) | 3L198119B (SEAT) | 3L198119B (VOLKSWAGEN) | 3L198119C (AUDI) | 3L198119C (SEAT) | 3L198119C (SKODA) | 3L198119C (VOLKSWAGEN) | 3L198119D (AUDI) | 3L198119D (SEAT) | 3L198119D (SKODA) | 3L198119D (VOLKSWAGEN),,https://webcateu.dayco.ws/img/products/KTB788.jpg,https://www.dayco.com/la-es/catalog/?search=KTB788,Principal,TIMING BELT KIT,,,
DAYCO,KTBWP7880,Kit de bomba de agua,KIT BOMBA DE AGUA,,,VAGKDP557 (VOLKSWAGEN),,https://webcateu.dayco.ws/img/products/KTBWP7880.jpg,https://www.dayco.com/la-es/catalog/?search=KTBWP7880,Principal,KIT WATER PUMP,,,
DAYCO,2103,Tensor genérico,TENSOR,,,,,https://webcateu.dayco.ws/img/products/2103.jpg,https://www.dayco.com/la-es/catalog/?search=2103,Auxiliar,TENSIONER&PULLEY,,,
DAYCO,ALP2434,Rueda libre del alternador,TENSOR,,,03G903119B (VOLKSWAGEN) | 045903119 (VOLKSWAGEN) | 045903119A (AUDI) | 3G903119B (SEAT) | 45903119 (AUDI) | 45903119A (AUDI),,https://webcateu.dayco.ws/img/products/ALP2434.jpg,https://www.dayco.com/la-es/catalog/?search=ALP2434,Auxiliar,TENSIONER&PULLEY,,,
DAYCO,1330,Tensor genérico,TENSOR,,,,,https://webcateu.dayco.ws/img/products/1330.jpg,https://www.dayco.com/la-es/catalog/?search=1330,Auxiliar,TENSIONER&PULLEY,,,
DAYCO,1331,Tensor genérico,TENSOR,,,,,https://webcateu.dayco.ws/img/products/1331.jpg,https://www.dayco.com/la-es/catalog/?search=1331,Auxiliar,TENSIONER&PULLEY,,,
DAYCO,7890,Tensor genérico,TENSOR,,,,,https://webcateu.dayco.ws/img/products/7890.jpg,https://www.dayco.com/la-es/catalog/?search=7890,Auxiliar,TENSIONER&PULLEY,,,
DAYCO,ATB2232,Tensor de distribución,TENSOR,,,36109244K (VOLKSWAGEN) | 95510524401 (PORSCHE) | GT90860 (GMB),,https://webcateu.dayco.ws/img/products/ATB2232.jpg,https://www.dayco.com/la-es/catalog/?search=ATB2232,Principal,TENSIONER&PULLEY,,,
DAYCO,7625,Tensor genérico,TENSOR,,,,,https://webcateu.dayco.ws/img/products/7625.jpg,https://www.dayco.com/la-es/catalog/?search=7625,Auxiliar,TENSIONER&PULLEY,,,
DAYCO,7729,Tensor genérico,TENSOR,,,,,https://webcateu.dayco.ws/img/products/7729.jpg,https://www.dayco.com/la-es/catalog/?search=7729,Auxiliar,TENSIONER&PULLEY,,,
DAYCO,KTC1727,Kit cadena de distribución,KIT DISTRIBUCION,,,,,https://webcateu.dayco.ws/img/products/KTC1727.jpg,https://www.dayco.com/la-es/catalog/?search=KTC1727,Principal,CHAIN KIT,,,
DAYCO,ATB2147,Tensor de distribución,TENSOR,,,06B109477 (SEAT) | 06B109477 (SKODA) | 06B109477 (VOLKSWAGEN) | 06B109479 (AUDI) | 06B109479 (VOLKSWAGEN),,https://webcateu.dayco.ws/img/products/ATB2147.jpg,https://www.dayco.com/la-es/catalog/?search=ATB2147,Principal,TENSIONER&PULLEY,,,
DAYCO,7711,Tensor genérico,TENSOR,,,,,https://webcateu.dayco.ws/img/products/7711.jpg,https://www.dayco.com/la-es/catalog/?search=7711,Auxiliar,TENSIONER&PULLEY,,,
DAYCO,7859,Tensor genérico,TENSOR,,,,,https://webcateu.dayco.ws/img/products/7859.jpg,https://www.dayco.com/la-es/catalog/?search=7859,Auxiliar,TENSIONER&PULLEY,,,
DAYCO,ATB2148,Tensor de distribución,TENSOR,,,06A 109 477 A (AUDI) | 06B109477A (AUDI) | 06B109477A (SKODA) | 06B109477A (VOLKSWAGEN),,https://webcateu.dayco.ws/img/products/ATB2148.jpg,https://www.dayco.com/la-es/catalog/?search=ATB2148,Principal,TENSIONER&PULLEY,,,
DAYCO,ATB2268,Tensor de distribución,TENSOR,,,06B109244 (AUDI) | 06B109244 (SEAT) | 06B109244 (SKODA) | 06B109244 (VOLKSWAGEN),,https://webcateu.dayco.ws/img/products/ATB2268.jpg,https://www.dayco.com/la-es/catalog/?search=ATB2268,Principal,TENSIONER&PULLEY,,,
DAYCO,7787,Tensor genérico,TENSOR,,,,,https://webcateu.dayco.ws/img/products/7787.jpg,https://www.dayco.com/la-es/catalog/?search=7787,Auxiliar,TENSIONER&PULLEY,,,
DAYCO,ATB2088,Tensor de distribución,TENSOR,,,06A109479 (AUDI) | 06A109479 (SEAT) | 06A109479 (SKODA) | 06A109479 (VOLKSWAGEN) | 06A109479A (AUDI) | 06A109479A (SEAT) | 06A109479A (SKODA) | 06A109479A (VOLKSWAGEN) | 06A109479B (AUDI) | 06A109479B (SEAT) | 06A109479B (SKODA) | 06A109479B (VOLKSWAGEN) | 06A109479C (AUDI) | 06A109479C (SEAT) | 06A109479C (SKODA) | 06A109479C (VOLKSWAGEN) | 06A109479F (AUDI) | 06A109479F (SEAT) | 06A109479F (SKODA) | 06A109479F (VOLKSWAGEN),,https://webcateu.dayco.ws/img/products/ATB2088.jpg,https://www.dayco.com/la-es/catalog/?search=ATB2088,Principal,TENSIONER&PULLEY,,,
DAYCO,138STP8M230H,Correa de distribución,CORREA DE DISTRIBUCIÓN,,,06A109119B (AUDI) | 06A109119B (SKODA) | 06A109119B (VOLKSWAGEN) | 06A109119C (AUDI) | 06A109119C (SEAT) | 06A109119C (SKODA) | 06A109119C (VOLKSWAGEN) | 06A109119D (AUDI) | 06A109119D (SEAT) | 06A109119D (SKODA) | 06A109119D (VOLKSWAGEN) | 06A109119E (VOLKSWAGEN) | 06A109119J (VOLKSWAGEN) | 06A109119K (VOLKSWAGEN) | A6A109119C (AUDI) | A6A109119C (SEAT) | A6A109119C (SKODA) | A6A109119C (VOLKSWAGEN),,https://webcateu.dayco.ws/img/products/TB.jpg,https://www.dayco.com/la-es/catalog/?search=138STP8M230H,Principal,TIMING BELT,,,
DAYCO,6DPK1195,Correa Poly-V,CORREA POLY-V,,,06A260849 (AUDI) | 06A260849 (SKODA) | 06A260849 (VOLKSWAGEN) | 06A260849B (AUDI) | 06A260849B (SEAT) | 06A260849B (SKODA) | 06A260849B (VOLKSWAGEN) | 06A260849C (AUDI) | 06A260849C (SEAT) | 06A260849C (SKODA) | 06A260849C (VOLKSWAGEN) | 06A260849E (AUDI) | 06A260849E (SEAT) | 06A260849E (SKODA) | 06A260849E (VOLKSWAGEN) | 1111928 (FORD) | 6C260849C (AUDI) | 6C260849C (VOLKSWAGEN) | 98VW6A359CA (FORD),,https://webcateu.dayco.ws/img/products/6PK.jpg,https://www.dayco.com/la-es/catalog/?search=6DPK1195,Auxiliar,POLY-V,,,
DAYCO,KIT-9069,Kit de distribución,KIT DISTRIBUCION,,,,,https://webcateu.dayco.ws/img/products/KIT-9069.jpg,https://www.dayco.com/la-es/catalog/?search=KIT-9069,Principal,TIMING BELT KIT,,,
DAYCO,KTB253,Kit de distribución,KIT DISTRIBUCION,,,06A198119 (AUDI) | 06A198119 (SEAT) | 06A198119 (SKODA) | 06A198119 (VOLKSWAGEN),,https://webcateu.dayco.ws/img/products/KTB253.jpg,https://www.dayco.com/la-es/catalog/?search=KTB253,Principal,TIMING BELT KIT,,,
DAYCO,7805,Tensor genérico,TENSOR,,,,,https://webcateu.dayco.ws/img/products/7805.jpg,https://www.dayco.com/la-es/catalog/?search=7805,Auxiliar,TENSIONER&PULLEY,,,
DAYCO,APV2241,Tensor auxiliar,TENSOR,,,06A903315D (AUDI) | 06A903315E (VOLKSWAGEN) | 06A903315F (VOLKSWAGEN) | 06A903325E (AUDI),,https://webcateu.dayco.ws/img/products/APV2241.jpg,https://www.dayco.com/la-es/catalog/?search=APV2241,Auxiliar,TENSIONER&PULLEY,,,
DAYCO,APV2242,Tensor auxiliar,TENSOR,,,058.903.133 (AUDI) | 058.903.133 B (AUDI) | 058.903.133 C (AUDI) | 058.903.133 D (AUDI),,https://webcateu.dayco.ws/img/products/APV2242.jpg,https://www.dayco.com/la-es/catalog/?search=APV2242,Auxiliar,TENSIONER&PULLEY,,,
DAYCO,10A0915C,Correa de transmisión,CORREA DE TRANSMISIÓN,,,0009977592 (MERCEDES-BENZ) | 0023223156 (RENAULT) | 0039972592 (MERCEDES-BENZ) | 0039975592 (MERCEDES-BENZ) | 0042794400 (TALBOT) | 0069977792 (MERCEDES-BENZ) | 068121039F (AUDI) | 11720-21002 (NISSAN) | 11720-22100 (NISSAN) | 11720-22101 (NISSAN) | 11720-80W05 (NISSAN) | 11720-J0300 (NISSAN) | 11720-N9500 (NISSAN) | 11720-N9590 (NISSAN) | 11720N9590JP (NISSAN) | 11720N9590KE (NISSAN) | 11950-66000 (NISSAN) | 1274561 (BMW) | 1340609 (GENERAL MOTORS) | 1340612 (GENERAL MOTORS) | 1340612 (OPEL) | 1340612 (VAUXHALL) | 1340714 (GENERAL MOTORS) | 1629874 (FORD) | 1643815 (FORD) | 17111444 (BMW) | 2068028 (LANCIA) | 21067-61700 (NISSAN) | 21067-66000 (NISSAN) | 247920 (DAF) | 2611251100000 (DAIHATSU) | 268882-4 (BEDFORD) | 2688824 (VAUXHALL) | 3013009 (GENERAL MOTORS) | 3013009 (OPEL) | 3013009 (VAUXHALL) | 31110657000 (HONDA) | 31110673000 (HONDA) | 32411274563 (BMW) | 32411711144 (BMW) | 400308 (PEUGEOT) | 400312 (CITROEN) | 400312 (PEUGEOT) | 400313 (PEUGEOT) | 400325 (PEUGEOT) | 400914 (PEUGEOT) | 4062365 (FIAT) | 409518381 (MAZDA) | 4153753 (FIAT) | 4168467 (FIAT) | 4169467 (FIAT) | 4229145 (FIAT) | 427944 (TALBOT) | 427945 (TALBOT) | 4279749 (FIAT) | 4836500 (IVECO) | 5000785652 (RENAULT) | 5000788119 (RENAULT) | 574921 (PEUGEOT) | 5750G2 (CITROEN) | 5750G2 (PEUGEOT) | 5978842 (FIAT) | 60807651 (FIAT) | 6110531 (FORD) | 6153229 (FORD) | 6155206 (FORD) | 6157926 (FORD) | 6175292 (FORD) | 6340632 (GENERAL MOTORS) | 71266255 (CHRYSLER) | 7301221 (FIAT) | 7541662 (FIAT) | 7609091 (FIAT) | 7640261 (FIAT) | 7662411 (FIAT) | 7671402 (FIAT) | 8091-10020 (SUBARU) | 809110140 (SUBARU) | 809110370 (SUBARU) | 83BB6C301AA (FORD) | 83BB6C301AB (FORD) | 85HF6C301F1A (FORD) | 85HF6C301F2A (FORD) | 85HF6C301FA (FORD) | 85HF8A615CA (FORD) | 86BB8A615AA (FORD) | 8835402 (BEDFORD) | 8851717 (BEDFORD) | 8941077650 (ISUZU) | 8941077651 (ISUZU) | 8941245590 (ISUZU) | 90006267 (GENERAL MOTORS) | 9004832033000 (DAIHATSU) | 9004832034000 (DAIHATSU) | 90169080 (GENERAL MOTORS) | 90183440 (GENERAL MOTORS) | 90299440 (OPEL) | 90299440 (VAUXHALL) | 90351803 (GENERAL MOTORS) | 90412115 (GENERAL MOTORS) | 90444301 (GENERAL MOTORS) | 90444301 (OPEL) | 90444312 (GENERAL MOTORS) | 90444312 (OPEL) | 90466255 (GENERAL MOTORS) | 90510025 (GENERAL MOTORS) | 90510025 (OPEL) | 90510025 (VAUXHALL) | 91149464 (GENERAL MOTORS) | 91149464 (OPEL) | 9136712790 (ISUZU) | 91511597 (PEUGEOT) | 91522116 (PEUGEOT) | 93181708 (VAUXHALL) | 93181709 (GENERAL MOTORS) | 93181709 (OPEL) | 95493421 (PEUGEOT) | 960283 (VOLVO) | 960327 (VOLVO) | 966964 (VOLVO) | 968424 (VOLVO) | 968425 (VOLVO) | 977571 (VOLVO) | A0009977592 (MERCEDES-BENZ) | A0039972592 (MERCEDES-BENZ) | A0069977792 (MERCEDES-BENZ) | A172AN959AGA (NISSAN) | A50318381 (MAZDA) | C23138 (JAGUAR) | DS2316 (CITROEN) | ERC304 (LAND ROVER) | ERC304 (ROVER) | GFB214 (ROVER) | HY391-18 (PEUGEOT) | HY39118 (CITROEN) | V86BB8A615AA (FORD) | Y70115907 (MAZDA),,https://webcateu.dayco.ws/img/products/VEE.jpg,https://www.dayco.com/la-es/catalog/?search=10A0915C,Transmisión,RAW-EDGE(V),,,
DAYCO,APV2093,Tensor auxiliar,TENSOR,,,044.145.278 A (VOLKSWAGEN) | 074145278F (VOLKSWAGEN),,https://webcateu.dayco.ws/img/products/APV2093.jpg,https://www.dayco.com/la-es/catalog/?search=APV2093,Auxiliar,TENSIONER&PULLEY,,,
DAYCO,1135,Tensor genérico,TENSOR,,,,,https://webcateu.dayco.ws/img/products/1135.jpg,https://www.dayco.com/la-es/catalog/?search=1135,Auxiliar,TENSIONER&PULLEY,,,
DAYCO,077SHX200,Correa de distribución,CORREA DE DISTRIBUCIÓN,,,074103113 (AUDI) | 074130113 (AUDI) | 074130113 (VOLKSWAGEN) | 074130113C (AUDI),,https://webcateu.dayco.ws/img/products/TB.jpg,https://www.dayco.com/la-es/catalog/?search=077SHX200,Principal,TIMING BELT,,,
DAYCO,122SHX265H,Correa de distribución,CORREA DE DISTRIBUCIÓN,,,046109119 (AUDI) | 046109119 (VOLKSWAGEN) | 046109119E (AUDI) | 046109119E (VOLKSWAGEN) | 046109119E (VOLVO) | 074109119A (AUDI) | 074109119A (VOLKSWAGEN) | 074109119B (AUDI) | 074109119B (VOLKSWAGEN) | 074109119E (AUDI) | 074109119E (VOLKSWAGEN) | 074109119J (AUDI) | 074109119J (VOLKSWAGEN) | 074109119L (AUDI) | 074109119L (VOLKSWAGEN) | 074109119P (AUDI) | 074109119P (VOLKSWAGEN) | 074109119R (AUDI) | 074109119R (VOLKSWAGEN) | 074109119R (VOLVO) | 272462 (VOLVO) | 2724623 (VOLVO) | 9180593 (VOLVO) | 91805937 (VOLVO) | 9464100 (VOLVO) | VT209 (IVECO) | VT254 (IVECO),,https://webcateu.dayco.ws/img/products/TB.jpg,https://www.dayco.com/la-es/catalog/?search=122SHX265H,Principal,TIMING BELT,,,
DAYCO,054SP5M120HT,Correa de distribución,CORREA DE DISTRIBUCIÓN,,,06H121605B (AUDI) | 06H121605E (AUDI) | 06H121605E (SEAT) | 06H121605E (SKODA) | 06H121605E (VOLKSWAGEN),,https://webcateu.dayco.ws/img/products/TB.jpg,https://www.dayco.com/la-es/catalog/?search=054SP5M120HT,Principal,TIMING BELT,,,
DAYCO,APV2703,Tensor auxiliar,TENSOR,,,1704645 (DAF) | 47814483 (CNH) | 4991240 (CUMMINS) | 5356103 (CUMMINS) | AT211041 (JOHN DEERE),,https://webcateu.dayco.ws/img/products/APV2703.jpg,https://www.dayco.com/la-es/catalog/?search=APV2703,Auxiliar,TENSIONER&PULLEY,,,
DAYCO,2095,Tensor genérico,TENSOR,,,,,https://webcateu.dayco.ws/img/products/2095.jpg,https://www.dayco.com/la-es/catalog/?search=2095,Auxiliar,TENSIONER&PULLEY,,,
DAYCO,700061,Manguera,MANGUERA,,,,,https://webcateu.dayco.ws/img/products/700061.jpg,https://www.dayco.com/la-es/catalog/?search=700061,Refrigeración,COOLING HOSE,,,
DAYCO,700234,Manguera,MANGUERA,,,,,https://webcateu.dayco.ws/img/products/700234.jpg,https://www.dayco.com/la-es/catalog/?search=700234,Refrigeración,COOLING HOSE,,,
DAYCO,700134,Manguera,MANGUERA,,,,,https://webcateu.dayco.ws/img/products/700134.jpg,https://www.dayco.com/la-es/catalog/?search=700134,Refrigeración,COOLING HOSE,,,
DAYCO,700133,Manguera,MANGUERA,,,,,https://webcateu.dayco.ws/img/products/700133.jpg,https://www.dayco.com/la-es/catalog/?search=700133,Refrigeración,COOLING HOSE,,,
DAYCO,701740,Manguera,MANGUERA,,,,,https://webcateu.dayco.ws/img/products/701740.jpg,https://www.dayco.com/la-es/catalog/?search=701740,Refrigeración,HOSE,,,
DAYCO,700047,Manguera,MANGUERA,,,,,https://webcateu.dayco.ws/img/products/700047.jpg,https://www.dayco.com/la-es/catalog/?search=700047,Refrigeración,COOLING HOSE,,,
DAYCO,700137,Manguera,MANGUERA,,,,,https://webcateu.dayco.ws/img/products/700137.jpg,https://www.dayco.com/la-es/catalog/?search=700137,Refrigeración,COOLING HOSE,,,
DAYCO,700148,Manguera,MANGUERA,,,,,https://webcateu.dayco.ws/img/products/700148.jpg,https://www.dayco.com/la-es/catalog/?search=700148,Refrigeración,COOLING HOSE,,,
DAYCO,700150,Manguera,MANGUERA,,,,,https://webcateu.dayco.ws/img/products/700150.jpg,https://www.dayco.com/la-es/catalog/?search=700150,Refrigeración,COOLING HOSE,,,
DAYCO,701739,Manguera,MANGUERA,,,,,https://webcateu.dayco.ws/img/products/701739.jpg,https://www.dayco.com/la-es/catalog/?search=701739,Refrigeración,HOSE,,,
DAYCO,701733,Manguera,MANGUERA,,,,,https://webcateu.dayco.ws/img/products/701733.jpg,https://www.dayco.com/la-es/catalog/?search=701733,Refrigeración,HOSE,,,
DAYCO,900087,Manguera,MANGUERA,,,,,https://webcateu.dayco.ws/img/products/900087.jpg,https://www.dayco.com/la-es/catalog/?search=900087,Refrigeración,HOSE,,,
DAYCO,900088,Manguera,MANGUERA,,,,,https://webcateu.dayco.ws/img/products/900088.jpg,https://www.dayco.com/la-es/catalog/?search=900088,Refrigeración,HOSE,,,
DAYCO,700049,Manguera,MANGUERA,,,,,https://webcateu.dayco.ws/img/products/700049.jpg,https://www.dayco.com/la-es/catalog/?search=700049,Refrigeración,COOLING HOSE,,,
DAYCO,700130,Manguera,MANGUERA,,,,,https://webcateu.dayco.ws/img/products/700130.jpg,https://www.dayco.com/la-es/catalog/?search=700130,Refrigeración,COOLING HOSE,,,
DAYCO,900092,Manguera,MANGUERA,,,,,https://webcateu.dayco.ws/img/products/900092.jpg,https://www.dayco.com/la-es/catalog/?search=900092,Refrigeración,HOSE,,,
DAYCO,701736,Manguera,MANGUERA,,,,,https://webcateu.dayco.ws/img/products/701736.jpg,https://www.dayco.com/la-es/catalog/?search=701736,Refrigeración,HOSE,,,
DAYCO,124SX180H,Correa de distribución,CORREA DE DISTRIBUCIÓN,,,037109119C (AUDI) | 037109119C (SEAT) | 037109119C (VOLKSWAGEN) | 044109119D (AUDI) | 044109119D (SEAT) | 044109119D (VOLKSWAGEN) | 048109119B (AUDI) | 048109119B (VOLKSWAGEN) | 048109119D (AUDI) | 048109119D (VOLKSWAGEN) | 048109119E (VOLKSWAGEN) | 048109119F (VOLKSWAGEN),,https://webcateu.dayco.ws/img/products/TB.jpg,https://www.dayco.com/la-es/catalog/?search=124SX180H,Principal,TIMING BELT,,,
DAYCO,6PK1152,Correa Poly-V,CORREA POLY-V,,,0019938896 (MERCEDES-BENZ) | 028260849J (SEAT) | 028260849J (VOLKSWAGEN) | 028260849N (SEAT) | 028260849N (VOLKSWAGEN) | 036145933AC (AUDI) | 036145933AC (SEAT) | 036145933AC (SKODA) | 036145933AC (VOLKSWAGEN) | 037260849 (SEAT) | 037260849 (VOLKSWAGEN) | 037260849C (SEAT) | 037260849C (SKODA) | 037260849C (VOLKSWAGEN) | 1082038 (FORD) | 278923116302 (TATA) | 3411617 (VOLVO) | 3473195 (VOLVO) | 3485927 (VOLVO) | 3805088 (CUMMINS) | 5750.J6 (CITROEN) | 5750.VC (CITROEN) | 5750.VZ (CITROEN) | 5750.WJ (CITROEN) | 5750E9 (CITROEN) | 5750E9 (PEUGEOT) | 5750FP (CITROEN) | 5750FP (PEUGEOT) | 5750J6 (PEUGEOT) | 5750K0 (PEUGEOT) | 5750L4 (CITROEN) | 5750L4 (PEUGEOT) | 5750VC (PEUGEOT) | 5750VZ (PEUGEOT) | 5750WJ (PEUGEOT) | 7700864813 (RENAULT) | 9091602677 (TOYOTA) | 9198522 (OPEL) | 9198522 (VAUXHALL) | 95VW6C301BA (FORD) | 9652746980 (PEUGEOT) | 9652747080 (PEUGEOT) | A0019938896 (MERCEDES-BENZ) | MB813600 (MITSUBISHI) | MB879764 (MITSUBISHI),,https://webcateu.dayco.ws/img/products/6PK.jpg,https://www.dayco.com/la-es/catalog/?search=6PK1152,Auxiliar,POLY-V,,,
DAYCO,7DPK1360,Correa Poly-V,CORREA POLY-V,,,021145933 (VOLKSWAGEN) | 021145933D (VOLKSWAGEN) | 021145933H (AUDI) | 021145933H (VOLKSWAGEN) | 021145933P (VOLKSWAGEN) | 119977192 (MERCEDES-BENZ) | 7198536 (FORD) | 95VW6C301KA (FORD) | A0119977192 (MERCEDES-BENZ),,https://webcateu.dayco.ws/img/products/7PK.jpg,https://www.dayco.com/la-es/catalog/?search=7DPK1360,Auxiliar,POLY-V,,,
DAYCO,KTBWP2550,Kit de bomba de agua,KIT BOMBA DE AGUA,,,,,https://webcateu.dayco.ws/img/products/KTBWP2550.jpg,https://www.dayco.com/la-es/catalog/?search=KTBWP2550,Principal,KIT WATER PUMP,,,
DAYCO,6PK756,Correa Poly-V,CORREA POLY-V,,,,,https://webcateu.dayco.ws/img/products/6PK.jpg,https://www.dayco.com/la-es/catalog/?search=6PK756,Auxiliar,POLY-V,,,
DAYCO,3PK796EE,Correa Poly-V,CORREA POLY-V,,,,,https://webcateu.dayco.ws/img/products/3PK.jpg,https://www.dayco.com/la-es/catalog/?search=3PK796EE,Auxiliar,POLY-V,,,
DAYCO,6PK1200EE,Correa Poly-V,CORREA POLY-V,,,,,https://webcateu.dayco.ws/img/products/6PK.jpg,https://www.dayco.com/la-es/catalog/?search=6PK1200EE,Auxiliar,POLY-V,,,
DAYCO,6PK725EE,Correa Poly-V,CORREA POLY-V,,,030198955 (VOLKSWAGEN),,https://webcateu.dayco.ws/img/products/6PK.jpg,https://www.dayco.com/la-es/catalog/?search=6PK725EE,Auxiliar,POLY-V,,,
DAYCO,6PK762EE,Correa Poly-V,CORREA POLY-V,,,030145933 (VOLKSWAGEN) | 030198955B (VOLKSWAGEN) | 1ANW030145933 (VOLKSWAGEN),,https://webcateu.dayco.ws/img/products/6PK.jpg,https://www.dayco.com/la-es/catalog/?search=6PK762EE,Auxiliar,POLY-V,,,
DAYCO,KIT-9061,Kit de distribución,KIT DISTRIBUCION,,,,,https://webcateu.dayco.ws/img/products/KIT-9061.jpg,https://www.dayco.com/la-es/catalog/?search=KIT-9061,Principal,TIMING BELT KIT,,,
DAYCO,KTB341,Kit de distribución,KIT DISTRIBUCION,,,030198119B (AUDI) | 030198119B (SEAT) | 030198119B (SKODA) | 030198119B (VOLKSWAGEN),,https://webcateu.dayco.ws/img/products/KTB341.jpg,https://www.dayco.com/la-es/catalog/?search=KTB341,Principal,TIMING BELT KIT,,,
DAYCO,1125,Tensor genérico,TENSOR,,,,,https://webcateu.dayco.ws/img/products/1125.jpg,https://www.dayco.com/la-es/catalog/?search=1125,Auxiliar,TENSIONER&PULLEY,,,
DAYCO,APV2177,Tensor auxiliar,TENSOR,,,032.145.276 (AUDI),,https://webcateu.dayco.ws/img/products/APV2177.jpg,https://www.dayco.com/la-es/catalog/?search=APV2177,Auxiliar,TENSIONER&PULLEY,,,
DAYCO,1317,Tensor genérico,TENSOR,,,,,https://webcateu.dayco.ws/img/products/1317.jpg,https://www.dayco.com/la-es/catalog/?search=1317,Auxiliar,TENSIONER&PULLEY,,,
DAYCO,8PK2300HD,Correa Poly-V,CORREA POLY-V,,,,,https://webcateu.dayco.ws/img/products/8PK.jpg,https://www.dayco.com/la-es/catalog/?search=8PK2300HD,Auxiliar,POLY-V,,,
DAYCO,700063,Manguera,MANGUERA,,,,,https://webcateu.dayco.ws/img/products/700063.jpg,https://www.dayco.com/la-es/catalog/?search=700063,Refrigeración,COOLING HOSE,,,
DAYCO,700232,Manguera,MANGUERA,,,,,https://webcateu.dayco.ws/img/products/700232.jpg,https://www.dayco.com/la-es/catalog/?search=700232,Refrigeración,COOLING HOSE,,,
DAYCO,900086,Manguera,MANGUERA,,,,,https://webcateu.dayco.ws/img/products/900086.jpg,https://www.dayco.com/la-es/catalog/?search=900086,Refrigeración,HOSE,,,
DAYCO,900093,Manguera,MANGUERA,,,,,https://webcateu.dayco.ws/img/products/900093.jpg,https://www.dayco.com/la-es/catalog/?search=900093,Refrigeración,HOSE,,,
DAYCO,700237,Manguera,MANGUERA,,,,,https://webcateu.dayco.ws/img/products/700237.jpg,https://www.dayco.com/la-es/catalog/?search=700237,Refrigeración,COOLING HOSE,,,
DAYCO,KTC1099,Kit cadena de distribución,KIT DISTRIBUCION,,,,,https://webcateu.dayco.ws/img/products/KTC1099.jpg,https://www.dayco.com/la-es/catalog/?search=KTC1099,Principal,CHAIN KIT,,,
DAYCO,ATB2530,Tensor de distribución,TENSOR,,,06D109244C (SEAT) | 06D109244C (SKODA) | 06D109244C (VOLKSWAGEN) | 06D109244D (SEAT) | 06D109244D (SKODA) | 06D109244D (VOLKSWAGEN) | 6D109244C (AUDI) | 6D109244D (AUDI) | 6D109244E (AUDI) | 6D109244E (SEAT) | 6D109244E (SKODA) | 6D109244E (VOLKSWAGEN) | GT50630 (GMB),,https://webcateu.dayco.ws/img/products/ATB2530.jpg,https://www.dayco.com/la-es/catalog/?search=ATB2530,Principal,TENSIONER&PULLEY,,,
DAYCO,7915,Tensor genérico,TENSOR,,,,,https://webcateu.dayco.ws/img/products/7915.jpg,https://www.dayco.com/la-es/catalog/?search=7915,Auxiliar,TENSIONER&PULLEY,,,
DAYCO,APV2834,Tensor auxiliar,TENSOR,,,06J198299 (VOLKSWAGEN) | 06J903133A (AUDI) | 06J903133A (SEAT) | 06J903133A (SKODA) | 06J903133A (VOLKSWAGEN) | 06J903133D (VOLKSWAGEN) | 06K903133C (VOLKSWAGEN) | 06K903133M (VOLKSWAGEN),,https://webcateu.dayco.ws/img/products/APV2834.jpg,https://www.dayco.com/la-es/catalog/?search=APV2834,Auxiliar,TENSIONER&PULLEY,,,
DAYCO,135STP8M190H,Correa de distribución,CORREA DE DISTRIBUCIÓN,,,030109119AB (VOLKSWAGEN) | 030109119AG (VOLKSWAGEN) | 030109119G (VOLKSWAGEN) | 030109119H (SEAT) | 030109119H (VOLKSWAGEN) | 030109119M (SEAT) | 030109119M (VOLKSWAGEN) | 030109119S (SEAT) | 030109119S (VOLKSWAGEN) | JZZ109119 (VOLKSWAGEN) | VT294 (IVECO),,https://webcateu.dayco.ws/img/products/TB.jpg,https://www.dayco.com/la-es/catalog/?search=135STP8M190H,Principal,TIMING BELT,,,
DAYCO,73273,Manguera,MANGUERA,,,5U0122101 (VOLKSWAGEN),,https://webcateu.dayco.ws/img/products/73273.jpg,https://www.dayco.com/la-es/catalog/?search=73273,Refrigeración,COOLING HOSE,,,
DAYCO,73274,Manguera,MANGUERA,,,5U0122051D (VOLKSWAGEN),,https://webcateu.dayco.ws/img/products/73274.jpg,https://www.dayco.com/la-es/catalog/?search=73274,Refrigeración,COOLING HOSE,,,
DAYCO,7799,Tensor genérico,TENSOR,,,,,https://webcateu.dayco.ws/img/products/7799.jpg,https://www.dayco.com/la-es/catalog/?search=7799,Auxiliar,TENSIONER&PULLEY,,,
DAYCO,73280,Manguera,MANGUERA,,,,,https://webcateu.dayco.ws/img/products/73280.jpg,https://www.dayco.com/la-es/catalog/?search=73280,Refrigeración,COOLING HOSE,,,
DAYCO,APV2306,Tensor auxiliar,TENSOR,,,,,https://webcateu.dayco.ws/img/products/APV2306.jpg,https://www.dayco.com/la-es/catalog/?search=APV2306,Auxiliar,TENSIONER&PULLEY,,,
DAYCO,73257,Manguera,MANGUERA,,,6Q0122051AM (VOLKSWAGEN),,https://webcateu.dayco.ws/img/products/73257.jpg,https://www.dayco.com/la-es/catalog/?search=73257,Refrigeración,COOLING HOSE,,,
DAYCO,73260,Manguera,MANGUERA,,,6Q0122101AQ (VOLKSWAGEN),,https://webcateu.dayco.ws/img/products/73260.jpg,https://www.dayco.com/la-es/catalog/?search=73260,Refrigeración,COOLING HOSE,,,
DAYCO,ATB2248,Tensor de distribución,TENSOR,,,030.109.243 L (AUDI) | 030109243L (VOLKSWAGEN) | 030109243M (SEAT) | 030109243M (VOLKSWAGEN) | 030109243N (SEAT) | 030109243N (VOLKSWAGEN) | 030109243P (SEAT) | 030109243P (VOLKSWAGEN) | 30109243R (VOLKSWAGEN),,https://webcateu.dayco.ws/img/products/ATB2248.jpg,https://www.dayco.com/la-es/catalog/?search=ATB2248,Principal,TENSIONER&PULLEY,,,
DAYCO,1114,Tensor genérico,TENSOR,,,,,https://webcateu.dayco.ws/img/products/1114.jpg,https://www.dayco.com/la-es/catalog/?search=1114,Auxiliar,TENSIONER&PULLEY,,,
DAYCO,7806,Tensor genérico,TENSOR,,,,,https://webcateu.dayco.ws/img/products/7806.jpg,https://www.dayco.com/la-es/catalog/?search=7806,Auxiliar,TENSIONER&PULLEY,,,
DAYCO,APV2320,Tensor auxiliar,TENSOR,,,032.145.299 A (AUDI),,https://webcateu.dayco.ws/img/products/APV2320.jpg,https://www.dayco.com/la-es/catalog/?search=APV2320,Auxiliar,TENSIONER&PULLEY,,,
DAYCO,900026,Manguera,MANGUERA,,,,,https://webcateu.dayco.ws/img/products/900026.jpg,https://www.dayco.com/la-es/catalog/?search=900026,Refrigeración,HOSE,,,
DAYCO,7736,Tensor genérico,TENSOR,,,,,https://webcateu.dayco.ws/img/products/7736.jpg,https://www.dayco.com/la-es/catalog/?search=7736,Auxiliar,TENSIONER&PULLEY,,,
DAYCO,7736CP,Tensor genérico,TENSOR,,,,,https://webcateu.dayco.ws/img/products/7736CP.jpg,https://www.dayco.com/la-es/catalog/?search=7736CP,Auxiliar,TENSIONER&PULLEY,,,
DAYCO,1140,Tensor genérico,TENSOR,,,,,https://webcateu.dayco.ws/img/products/1140.jpg,https://www.dayco.com/la-es/catalog/?search=1140,Auxiliar,TENSIONER&PULLEY,,,
DAYCO,7831,Tensor genérico,TENSOR,,,,,https://webcateu.dayco.ws/img/products/7831.jpg,https://www.dayco.com/la-es/catalog/?search=7831,Auxiliar,TENSIONER&PULLEY,,,
DAYCO,APV2924,Tensor auxiliar,TENSOR,,,,,https://webcateu.dayco.ws/img/products/APV2924.jpg,https://www.dayco.com/la-es/catalog/?search=APV2924,Auxiliar,TENSIONER&PULLEY,,,
DAYCO,APV2923,Tensor auxiliar,TENSOR,,,030145299H (VOLKSWAGEN),,https://webcateu.dayco.ws/img/products/APV2923.jpg,https://www.dayco.com/la-es/catalog/?search=APV2923,Auxiliar,TENSIONER&PULLEY,,,
DAYCO,081STP5M100HT,Correa de distribución,CORREA DE DISTRIBUCIÓN,,,4C121605 (SKODA) | 4C121605 (VOLKSWAGEN) | 4E121605L (VOLKSWAGEN),,https://webcateu.dayco.ws/img/products/TB.jpg,https://www.dayco.com/la-es/catalog/?search=081STP5M100HT,Principal,TIMING BELT,,,
DAYCO,1400,Tensor genérico,TENSOR,,,,,https://webcateu.dayco.ws/img/products/1400.jpg,https://www.dayco.com/la-es/catalog/?search=1400,Auxiliar,TENSIONER&PULLEY,,,
DAYCO,163SP7M200HT,Correa de distribución,CORREA DE DISTRIBUCIÓN,,,04E109119L (VOLKSWAGEN) | 4E109119C (SEAT) | 4E109119C (SKODA) | 4E109119C (VOLKSWAGEN) | 4E109119F (SEAT) | 4E109119F (SKODA) | 4E109119F (VOLKSWAGEN),,https://webcateu.dayco.ws/img/products/TB.jpg,https://www.dayco.com/la-es/catalog/?search=163SP7M200HT,Principal,TIMING BELT,,,
DAYCO,6PK700EE,Correa Poly-V,CORREA POLY-V,,,,,https://webcateu.dayco.ws/img/products/6PK.jpg,https://www.dayco.com/la-es/catalog/?search=6PK700EE,Auxiliar,POLY-V,,,
DAYCO,6PK989EE,Correa Poly-V,CORREA POLY-V,,,04C260849E (VOLKSWAGEN),,https://webcateu.dayco.ws/img/products/6PK.jpg,https://www.dayco.com/la-es/catalog/?search=6PK989EE,Auxiliar,POLY-V,,,
DAYCO,7900,Tensor genérico,TENSOR,,,,,https://webcateu.dayco.ws/img/products/7900.jpg,https://www.dayco.com/la-es/catalog/?search=7900,Auxiliar,TENSIONER&PULLEY,,,
DAYCO,APV3682,Tensor auxiliar,TENSOR,,,04E145299AG (VOLKSWAGEN) | 04E145299E (VOLKSWAGEN),,https://webcateu.dayco.ws/img/products/APV3682.jpg,https://www.dayco.com/la-es/catalog/?search=APV3682,Auxiliar,TENSIONER&PULLEY,,,
DAYCO,ATB2636,Tensor de distribución,TENSOR,,,04C109479G (SEAT) | 04C109479H (SKODA) | 04C109479H (VOLKSWAGEN) | 04E109479A (SEAT) | 04E109479A (SKODA) | 04E109479A (VOLKSWAGEN) | 04E109479C (SEAT) | 04E109479C (SKODA) | 04E109479C (VOLKSWAGEN) | 04E109479H (VOLKSWAGEN) | 4C109479G (AUDI) | 4C109479H (AUDI) | 4C109479J (AUDI) | 4E109479A (AUDI) | 4E109479B (AUDI) | 4E109479C (AUDI) | L04E109479C (VOLKSWAGEN),,https://webcateu.dayco.ws/img/products/ATB2636.jpg,https://www.dayco.com/la-es/catalog/?search=ATB2636,Principal,TENSIONER&PULLEY,,,
DAYCO,ATB2637,Tensor de distribución,TENSOR,,,04C109244D (SEAT) | 04C109244D (SKODA) | 04C109244D (VOLKSWAGEN) | 04E109244A (SKODA) | 04E109244A (VOLKSWAGEN) | 04E109244B (AUDI) | 04E109244B (SEAT) | 04E109244B (SKODA) | 04E109244B (VOLKSWAGEN) | 4C109244D (AUDI) | 4E109244A (AUDI) | GTC0040 (GMB),,https://webcateu.dayco.ws/img/products/ATB2637.jpg,https://www.dayco.com/la-es/catalog/?search=ATB2637,Principal,TENSIONER&PULLEY,,,
DAYCO,KIT-9060,Kit de distribución,KIT DISTRIBUCION,,,,,https://webcateu.dayco.ws/img/products/KIT-9060.jpg,https://www.dayco.com/la-es/catalog/?search=KIT-9060,Principal,TIMING BELT KIT,,,
DAYCO,KTB819,Kit de distribución,KIT DISTRIBUCION,,,,,https://webcateu.dayco.ws/img/products/KTB819.jpg,https://www.dayco.com/la-es/catalog/?search=KTB819,Principal,TIMING BELT KIT,,,
DAYCO,KTBWP12090,Kit de bomba de agua,KIT BOMBA DE AGUA,,,,,https://webcateu.dayco.ws/img/products/KTBWP12090.jpg,https://www.dayco.com/la-es/catalog/?search=KTBWP12090,Principal,KIT WATER PUMP,,,
DAYCO,7919,Tensor genérico,TENSOR,,,,,https://webcateu.dayco.ws/img/products/7919.jpg,https://www.dayco.com/la-es/catalog/?search=7919,Auxiliar,TENSIONER&PULLEY,,,
DAYCO,APV3036,Tensor auxiliar,TENSOR,,,04E145299AA (VOLKSWAGEN) | 4C145299B (SEAT) | 4C145299B (SKODA) | 4C145299B (VOLKSWAGEN),,https://webcateu.dayco.ws/img/products/APV3036.jpg,https://www.dayco.com/la-es/catalog/?search=APV3036,Auxiliar,TENSIONER&PULLEY,,,
DAYCO,4PK696EE,Correa Poly-V,CORREA POLY-V,,,04E145933M (VOLKSWAGEN),,https://webcateu.dayco.ws/img/products/4PK.jpg,https://www.dayco.com/la-es/catalog/?search=4PK696EE,Auxiliar,POLY-V,,,
DAYCO,6PK1117S,Correa Poly-V,CORREA POLY-V,,,,,https://webcateu.dayco.ws/img/products/6PK.jpg,https://www.dayco.com/la-es/catalog/?search=6PK1117S,Auxiliar,POLY-V,,,
DAYCO,7991,Tensor genérico,TENSOR,,,,,https://webcateu.dayco.ws/img/products/7991.jpg,https://www.dayco.com/la-es/catalog/?search=7991,Auxiliar,TENSIONER&PULLEY,,,
DAYCO,067SP5M120HT,Correa de distribución,CORREA DE DISTRIBUCIÓN,,,06K121605 (VOLKSWAGEN) | 06K121605C (VOLKSWAGEN) | 6K121605 (AUDI),,https://webcateu.dayco.ws/img/products/TB.jpg,https://www.dayco.com/la-es/catalog/?search=067SP5M120HT,Principal,TIMING BELT,,,
DAYCO,73239,Manguera,MANGUERA,,,3051211015 (VOLKSWAGEN),,https://webcateu.dayco.ws/img/products/73239.jpg,https://www.dayco.com/la-es/catalog/?search=73239,Refrigeración,COOLING HOSE,,,
DAYCO,KTBWP6950,Kit de bomba de agua,KIT BOMBA DE AGUA,,,,,https://webcateu.dayco.ws/img/products/KTBWP6950.jpg,https://www.dayco.com/la-es/catalog/?search=KTBWP6950,Principal,KIT WATER PUMP,,,
DAYCO,KTBWP8110,Kit de bomba de agua,KIT BOMBA DE AGUA,,,,,https://webcateu.dayco.ws/img/products/KTBWP8110.jpg,https://www.dayco.com/la-es/catalog/?search=KTBWP8110,Principal,KIT WATER PUMP,,,
DAYCO,73218,Manguera,MANGUERA,,,ZBA121063B (VOLKSWAGEN),,https://webcateu.dayco.ws/img/products/73218.jpg,https://www.dayco.com/la-es/catalog/?search=73218,Refrigeración,COOLING HOSE,,,
DAYCO,KIT-9005,Kit de distribución,KIT DISTRIBUCION,,,,,https://webcateu.dayco.ws/img/products/KIT-9005.jpg,https://www.dayco.com/la-es/catalog/?search=KIT-9005,Principal,TIMING BELT KIT,,,
DAYCO,KIT-9009,Kit de distribución,KIT DISTRIBUCION,,,,,https://webcateu.dayco.ws/img/products/KIT-9009.jpg,https://www.dayco.com/la-es/catalog/?search=KIT-9009,Principal,TIMING BELT KIT,,,
DAYCO,KTB201,Kit de distribución,KIT DISTRIBUCION,,,056198119 (AUDI) | 056198119 (SEAT) | 056198119 (SKODA) | 056198119 (VOLKSWAGEN) | 6K0198002 (AUDI) | 6K0198002 (SEAT) | 6K0198002 (SKODA) | 6K0198002 (VOLKSWAGEN) | 951198119 (VOLKSWAGEN),,https://webcateu.dayco.ws/img/products/KTB201.jpg,https://www.dayco.com/la-es/catalog/?search=KTB201,Principal,TIMING BELT KIT,,,
DAYCO,KTB265,Kit de distribución,KIT DISTRIBUCION,,,051198119 (AUDI) | 051198119 (SEAT) | 051198119 (SKODA) | 051198119 (VOLKSWAGEN) | 51198119 (AUDI) | 51198119 (SEAT) | 51198119 (SKODA) | 51198119 (VOLKSWAGEN) | 6K0198001B (AUDI) | 6K0198001B (SEAT) | 6K0198001B (VOLKSWAGEN),,https://webcateu.dayco.ws/img/products/KTB265.jpg,https://www.dayco.com/la-es/catalog/?search=KTB265,Principal,TIMING BELT KIT,,,
DAYCO,73219,Manguera,MANGUERA,,,305.121.063-A (VOLKSWAGEN),,https://webcateu.dayco.ws/img/products/73219.jpg,https://www.dayco.com/la-es/catalog/?search=73219,Refrigeración,COOLING HOSE,,,
DAYCO,73230,Manguera,MANGUERA,,,377.121.101-C (VOLKSWAGEN),,https://webcateu.dayco.ws/img/products/73230.jpg,https://www.dayco.com/la-es/catalog/?search=73230,Refrigeración,COOLING HOSE,,,
DAYCO,73238,Manguera,MANGUERA,,,261210563 (VOLKSWAGEN),,https://webcateu.dayco.ws/img/products/73238.jpg,https://www.dayco.com/la-es/catalog/?search=73238,Refrigeración,COOLING HOSE,,,
DAYCO,73240,Manguera,MANGUERA,,,377.121.051-D (VOLKSWAGEN),,https://webcateu.dayco.ws/img/products/73240.jpg,https://www.dayco.com/la-es/catalog/?search=73240,Refrigeración,COOLING HOSE,,,
DAYCO,73253,Manguera,MANGUERA,,,3051210632 (VOLKSWAGEN),,https://webcateu.dayco.ws/img/products/73253.jpg,https://www.dayco.com/la-es/catalog/?search=73253,Refrigeración,COOLING HOSE,,,
DAYCO,121SX180H,Correa de distribución,CORREA DE DISTRIBUCIÓN,,,026109119B (AUDI) | 026109119B (SEAT) | 026109119B (VOLKSWAGEN) | 026109119C (AUDI) | 026109119D (AUDI) | 026109119D (VOLKSWAGEN),,https://webcateu.dayco.ws/img/products/TB.jpg,https://www.dayco.com/la-es/catalog/?search=121SX180H,Principal,TIMING BELT,,,
DAYCO,APV2921,Tensor auxiliar,TENSOR,,,0281452991 (VOLKSWAGEN) | 5X0145285 (VOLKSWAGEN),,https://webcateu.dayco.ws/img/products/APV2921.jpg,https://www.dayco.com/la-es/catalog/?search=APV2921,Auxiliar,TENSIONER&PULLEY,,,
DAYCO,1229,Tensor genérico,TENSOR,,,,,https://webcateu.dayco.ws/img/products/1229.jpg,https://www.dayco.com/la-es/catalog/?search=1229,Auxiliar,TENSIONER&PULLEY,,,
DAYCO,88540,Manguera,MANGUERA,,,,,https://webcateu.dayco.ws/img/products/88540.jpg,https://www.dayco.com/la-es/catalog/?search=88540,Refrigeración,COOLING HOSE,,,
DAYCO,900064,Manguera,MANGUERA,,,,,https://webcateu.dayco.ws/img/products/900064.jpg,https://www.dayco.com/la-es/catalog/?search=900064,Refrigeración,HOSE,,,
DAYCO,73282,Manguera,MANGUERA,,,,,https://webcateu.dayco.ws/img/products/73282.jpg,https://www.dayco.com/la-es/catalog/?search=73282,Refrigeración,COOLING HOSE,,,
DAYCO,1152,Tensor genérico,TENSOR,,,,,https://webcateu.dayco.ws/img/products/1152.jpg,https://www.dayco.com/la-es/catalog/?search=1152,Auxiliar,TENSIONER&PULLEY,,,
DAYCO,APV2917,Tensor auxiliar,TENSOR,,,,,https://webcateu.dayco.ws/img/products/APV2917.jpg,https://www.dayco.com/la-es/catalog/?search=APV2917,Auxiliar,TENSIONER&PULLEY,,,
DAYCO,APV3077,Tensor auxiliar,TENSOR,,,,,https://webcateu.dayco.ws/img/products/APV3077.jpg,https://www.dayco.com/la-es/catalog/?search=APV3077,Auxiliar,TENSIONER&PULLEY,,,
DAYCO,7803,Tensor genérico,TENSOR,,,,,https://webcateu.dayco.ws/img/products/7803.jpg,https://www.dayco.com/la-es/catalog/?search=7803,Auxiliar,TENSIONER&PULLEY,,,
DAYCO,APV2922,Tensor auxiliar,TENSOR,,,068145299RS (VOLKSWAGEN),,https://webcateu.dayco.ws/img/products/APV2922.jpg,https://www.dayco.com/la-es/catalog/?search=APV2922,Auxiliar,TENSIONER&PULLEY,,,
DAYCO,7804,Tensor genérico,TENSOR,,,,,https://webcateu.dayco.ws/img/products/7804.jpg,https://www.dayco.com/la-es/catalog/?search=7804,Auxiliar,TENSIONER&PULLEY,,,
DAYCO,APV2920,Tensor auxiliar,TENSOR,,,377145299B (VOLKSWAGEN),,https://webcateu.dayco.ws/img/products/APV2920.jpg,https://www.dayco.com/la-es/catalog/?search=APV2920,Auxiliar,TENSIONER&PULLEY,,,
DAYCO,73214,Manguera,MANGUERA,,,377121101B (VOLKSWAGEN),,https://webcateu.dayco.ws/img/products/73214.jpg,https://www.dayco.com/la-es/catalog/?search=73214,Refrigeración,COOLING HOSE,,,
DAYCO,2053,Tensor genérico,TENSOR,,,,,https://webcateu.dayco.ws/img/products/2053.jpg,https://www.dayco.com/la-es/catalog/?search=2053,Auxiliar,TENSIONER&PULLEY,,,
DAYCO,7749,Tensor genérico,TENSOR,,,,,https://webcateu.dayco.ws/img/products/7749.jpg,https://www.dayco.com/la-es/catalog/?search=7749,Auxiliar,TENSIONER&PULLEY,,,
DAYCO,7798,Tensor genérico,TENSOR,,,,,https://webcateu.dayco.ws/img/products/7798.jpg,https://www.dayco.com/la-es/catalog/?search=7798,Auxiliar,TENSIONER&PULLEY,,,
DAYCO,APV2918,Tensor auxiliar,TENSOR,,,36145299 (VOLKSWAGEN),,https://webcateu.dayco.ws/img/products/APV2918.jpg,https://www.dayco.com/la-es/catalog/?search=APV2918,Auxiliar,TENSIONER&PULLEY,,,
DAYCO,ATB2194,Tensor de distribución,TENSOR,,,036109243AB (AUDI) | 036109243AB (SEAT) | 036109243AB (VOLKSWAGEN) | 036109243AD (AUDI) | 036109243AD (SEAT) | 036109243AD (VOLKSWAGEN) | 036109243AF (AUDI) | 036109243AF (SEAT) | 036109243AF (SKODA) | 036109243AF (VOLKSWAGEN) | 036109243AL (AUDI) | 036109243AL (SEAT) | 036109243AL (VOLKSWAGEN) | 036109243AR (AUDI) | 036109243AR (SEAT) | 036109243AR (VOLKSWAGEN) | 036109243E (AUDI) | 036109243E (VOLKSWAGEN) | 036109243L (VOLKSWAGEN) | 036109243R (AUDI) | 036109243R (VOLKSWAGEN) | 039109243AB (SKODA) | 039109243AD (SKODA) | 039109243AE (SKODA) | 039109243AF (SKODA) | 039109243AL (SKODA) | 039109243AR (SKODA),,https://webcateu.dayco.ws/img/products/ATB2194.jpg,https://www.dayco.com/la-es/catalog/?search=ATB2194,Principal,TENSIONER&PULLEY,,,
DAYCO,ATB2195,Tensor de distribución,TENSOR,,,036109244C (AUDI) | 036109244C (SEAT) | 036109244C (SKODA) | 036109244C (VOLKSWAGEN) | 036109244D (AUDI) | 036109244D (SEAT) | 036109244D (SKODA) | 036109244D (VOLKSWAGEN) | 036109244J (AUDI) | 036109244J (SEAT) | 036109244J (SKODA) | 036109244J (VOLKSWAGEN),,https://webcateu.dayco.ws/img/products/ATB2195.jpg,https://www.dayco.com/la-es/catalog/?search=ATB2195,Principal,TENSIONER&PULLEY,,,
DAYCO,6PK1375,Correa Poly-V,CORREA POLY-V,,,036145933AR (VOLKSWAGEN) | 11287545120 (MINI) | 4918073J00 (SUZUKI),,https://webcateu.dayco.ws/img/products/6PK.jpg,https://www.dayco.com/la-es/catalog/?search=6PK1375,Auxiliar,POLY-V,,,
DAYCO,7737,Tensor genérico,TENSOR,,,,,https://webcateu.dayco.ws/img/products/7737.jpg,https://www.dayco.com/la-es/catalog/?search=7737,Auxiliar,TENSIONER&PULLEY,,,
DAYCO,7737CP,Tensor genérico,TENSOR,,,,,https://webcateu.dayco.ws/img/products/7737CP.jpg,https://www.dayco.com/la-es/catalog/?search=7737CP,Auxiliar,TENSIONER&PULLEY,,,
DAYCO,ATB2205,Tensor de distribución,TENSOR,,,030109243D (AUDI) | 030109243D (SEAT) | 030109243D (SKODA) | 030109243D (VOLKSWAGEN) | 030109243F (AUDI) | 030109243F (SEAT) | 030109243F (SKODA) | 030109243F (VOLKSWAGEN) | 030109243J (AUDI) | 030109243J (SEAT) | 030109243J (SKODA) | 030109243J (VOLKSWAGEN) | 030109243K (AUDI) | 030109243K (SEAT) | 030109243K (SKODA) | 030109243K (VOLKSWAGEN),,https://webcateu.dayco.ws/img/products/ATB2205.jpg,https://www.dayco.com/la-es/catalog/?search=ATB2205,Principal,TENSIONER&PULLEY,,,
DAYCO,KIT-9008,Kit de distribución,KIT DISTRIBUCION,,,,,https://webcateu.dayco.ws/img/products/KIT-9008.jpg,https://www.dayco.com/la-es/catalog/?search=KIT-9008,Principal,TIMING BELT KIT,,,
DAYCO,KTB255,Kit de distribución,KIT DISTRIBUCION,,,030198119A (AUDI) | 030198119A (SEAT) | 030198119A (SKODA) | 030198119A (VOLKSWAGEN) | 6K0198001A (AUDI) | 6K0198001A (SEAT) | 6K0198001A (SKODA) | 6K0198001A (VOLKSWAGEN),,https://webcateu.dayco.ws/img/products/KTB255.jpg,https://www.dayco.com/la-es/catalog/?search=KTB255,Principal,TIMING BELT KIT,,,
DAYCO,151STP8M254H,Correa de distribución,CORREA DE DISTRIBUCIÓN,,,036109119 (VOLKSWAGEN) | 048109119C (VOLKSWAGEN) | 048109119G (AUDI) | 048109119G (SEAT) | 048109119G (VOLKSWAGEN),,https://webcateu.dayco.ws/img/products/TB.jpg,https://www.dayco.com/la-es/catalog/?search=151STP8M254H,Principal,TIMING BELT,,,
DAYCO,149STP8M254H,Correa de distribución,CORREA DE DISTRIBUCIÓN,,,036109119A (VOLKSWAGEN) | 036109119D (SEAT) | 036109119D (VOLKSWAGEN) | 036109119H (SEAT) | 036109119H (VOLKSWAGEN),,https://webcateu.dayco.ws/img/products/TB.jpg,https://www.dayco.com/la-es/catalog/?search=149STP8M254H,Principal,TIMING BELT,,,
DAYCO,2092,Tensor genérico,TENSOR,,,,,https://webcateu.dayco.ws/img/products/2092.jpg,https://www.dayco.com/la-es/catalog/?search=2092,Auxiliar,TENSIONER&PULLEY,,,
DAYCO,7743,Tensor genérico,TENSOR,,,,,https://webcateu.dayco.ws/img/products/7743.jpg,https://www.dayco.com/la-es/catalog/?search=7743,Auxiliar,TENSIONER&PULLEY,,,
DAYCO,7743CP,Tensor genérico,TENSOR,,,,,https://webcateu.dayco.ws/img/products/7743CP.jpg,https://www.dayco.com/la-es/catalog/?search=7743CP,Auxiliar,TENSIONER&PULLEY,,,
DAYCO,ATB2322,Tensor de distribución,TENSOR,,,036109243D (SEAT) | 036109243D (VOLKSWAGEN) | 036109243G (SEAT) | 036109243G (VOLKSWAGEN) | 036109243J (SEAT) | 036109243J (VOLKSWAGEN),,https://webcateu.dayco.ws/img/products/ATB2322.jpg,https://www.dayco.com/la-es/catalog/?search=ATB2322,Principal,TENSIONER&PULLEY,,,
DAYCO,ATB2529,Tensor de distribución,TENSOR,,,036109244 (SEAT) | 036109244 (VOLKSWAGEN) | 036109244G (VOLKSWAGEN),,https://webcateu.dayco.ws/img/products/ATB2529.jpg,https://www.dayco.com/la-es/catalog/?search=ATB2529,Principal,TENSIONER&PULLEY,,,
DAYCO,73212,Manguera,MANGUERA,,,377121051-G (VOLKSWAGEN),,https://webcateu.dayco.ws/img/products/73212.jpg,https://www.dayco.com/la-es/catalog/?search=73212,Refrigeración,COOLING HOSE,,,
DAYCO,73213,Manguera,MANGUERA,,,377121101-E (VOLKSWAGEN),,https://webcateu.dayco.ws/img/products/73213.jpg,https://www.dayco.com/la-es/catalog/?search=73213,Refrigeración,COOLING HOSE,,,
DAYCO,KIT-9017,Kit de distribución,KIT DISTRIBUCION,,,,,https://webcateu.dayco.ws/img/products/KIT-9017.jpg,https://www.dayco.com/la-es/catalog/?search=KIT-9017,Principal,TIMING BELT KIT,,,
DAYCO,KTB695,Kit de distribución,KIT DISTRIBUCION,,,36198119D (SEAT) | 36198119D (VOLKSWAGEN) | 6K0198001C (SEAT) | 6K0198001C (VOLKSWAGEN),,https://webcateu.dayco.ws/img/products/KTB695.jpg,https://www.dayco.com/la-es/catalog/?search=KTB695,Principal,TIMING BELT KIT,,,
DAYCO,7729CS,Tensor genérico,TENSOR,,,,,https://webcateu.dayco.ws/img/products/7729CS.jpg,https://www.dayco.com/la-es/catalog/?search=7729CS,Auxiliar,TENSIONER&PULLEY,,,
DAYCO,058STP8M170H,Correa de distribución,CORREA DE DISTRIBUCIÓN,,,,,https://webcateu.dayco.ws/img/products/TB.jpg,https://www.dayco.com/la-es/catalog/?search=058STP8M170H,Principal,TIMING BELT,,,
DAYCO,130STP8M200H,Correa de distribución,CORREA DE DISTRIBUCIÓN,,,,,https://webcateu.dayco.ws/img/products/TB.jpg,https://www.dayco.com/la-es/catalog/?search=130STP8M200H,Principal,TIMING BELT,,,
DAYCO,7749CP,Tensor genérico,TENSOR,,,,,https://webcateu.dayco.ws/img/products/7749CP.jpg,https://www.dayco.com/la-es/catalog/?search=7749CP,Auxiliar,TENSIONER&PULLEY,,,
DAYCO,7753,Tensor genérico,TENSOR,,,,,https://webcateu.dayco.ws/img/products/7753.jpg,https://www.dayco.com/la-es/catalog/?search=7753,Auxiliar,TENSIONER&PULLEY,,,
DAYCO,7753CP,Tensor genérico,TENSOR,,,,,https://webcateu.dayco.ws/img/products/7753CP.jpg,https://www.dayco.com/la-es/catalog/?search=7753CP,Auxiliar,TENSIONER&PULLEY,,,
DAYCO,ATB2277,Tensor de distribución,TENSOR,,,036109243AC (AUDI) | 036109243AE (AUDI) | 036109243AE (SEAT) | 036109243AE (SKODA) | 036109243AE (VOLKSWAGEN) | 036109243AG (VOLKSWAGEN) | 036109243K (VOLKSWAGEN) | 036109243S (VOLKSWAGEN),,https://webcateu.dayco.ws/img/products/ATB2277.jpg,https://www.dayco.com/la-es/catalog/?search=ATB2277,Principal,TENSIONER&PULLEY,,,
DAYCO,KTB811,Kit de distribución,KIT DISTRIBUCION,,,,,https://webcateu.dayco.ws/img/products/KTB811.jpg,https://www.dayco.com/la-es/catalog/?search=KTB811,Principal,TIMING BELT KIT,,,
DAYCO,73215,Manguera,MANGUERA,,,377121101F (VOLKSWAGEN),,https://webcateu.dayco.ws/img/products/73215.jpg,https://www.dayco.com/la-es/catalog/?search=73215,Refrigeración,COOLING HOSE,,,
DAYCO,1173,Tensor genérico,TENSOR,,,,,https://webcateu.dayco.ws/img/products/1173.jpg,https://www.dayco.com/la-es/catalog/?search=1173,Auxiliar,TENSIONER&PULLEY,,,
DAYCO,11A0685C,Correa de transmisión,CORREA DE TRANSMISIÓN,,,028145271E (VOLKSWAGEN) | 53001774 (JEEP) | ETC7899 (LAND ROVER),,https://webcateu.dayco.ws/img/products/VEE.jpg,https://www.dayco.com/la-es/catalog/?search=11A0685C,Transmisión,RAW-EDGE(V),,,
DAYCO,APV2092,Tensor auxiliar,TENSOR,,,1051901 (FORD) | VX028145278EVX (FORD),,https://webcateu.dayco.ws/img/products/APV2092.jpg,https://www.dayco.com/la-es/catalog/?search=APV2092,Auxiliar,TENSIONER&PULLEY,,,
DAYCO,KIT-9071,Kit de distribución,KIT DISTRIBUCION,,,,,https://webcateu.dayco.ws/img/products/KIT-9071.jpg,https://www.dayco.com/la-es/catalog/?search=KIT-9071,Principal,TIMING BELT KIT,,,
DAYCO,150STP8M230H,Correa de distribución,CORREA DE DISTRIBUCIÓN,,,06B109119A (AUDI) | 06B109119A (SEAT) | 06B109119A (SKODA) | 06B109119A (VOLKSWAGEN) | 06B109119B (AUDI) | 06B109119B (SKODA) | 06B109119B (VOLKSWAGEN) | 06B109119F (AUDI) | 06B109119F (SEAT) | 06B109119F (SKODA) | 06B109119F (VOLKSWAGEN) | 06B109119L (AUDI) | 06B109119L (VOLKSWAGEN) | 06B109119M (VOLKSWAGEN),,https://webcateu.dayco.ws/img/products/TB.jpg,https://www.dayco.com/la-es/catalog/?search=150STP8M230H,Principal,TIMING BELT,,,
DAYCO,KTB801,Kit de distribución,KIT DISTRIBUCION,,,,,https://webcateu.dayco.ws/img/products/KTB801.jpg,https://www.dayco.com/la-es/catalog/?search=KTB801,Principal,TIMING BELT KIT,,,
DAYCO,7713,Tensor genérico,TENSOR,,,,,https://webcateu.dayco.ws/img/products/7713.jpg,https://www.dayco.com/la-es/catalog/?search=7713,Auxiliar,TENSIONER&PULLEY,,,
DAYCO,ATB2086,Tensor de distribución,TENSOR,,,058109243B (AUDI) | GT60440 (GMB),,https://webcateu.dayco.ws/img/products/ATB2086.jpg,https://www.dayco.com/la-es/catalog/?search=ATB2086,Principal,TENSIONER&PULLEY,,,
DAYCO,ATB2313,Tensor de distribución,TENSOR,,,06B109243 (AUDI),,https://webcateu.dayco.ws/img/products/ATB2313.jpg,https://www.dayco.com/la-es/catalog/?search=ATB2313,Principal,TENSIONER&PULLEY,,,
DAYCO,APV2530,Tensor auxiliar,TENSOR,,,06F903315 (AUDI) | 06F903315 (SEAT) | 06F903315 (SKODA) | 06F903315 (VOLKSWAGEN),,https://webcateu.dayco.ws/img/products/APV2530.jpg,https://www.dayco.com/la-es/catalog/?search=APV2530,Auxiliar,TENSIONER&PULLEY,,,
DAYCO,087STP5M100HT,Correa de distribución,CORREA DE DISTRIBUCIÓN,,,04E121605 (VOLKSWAGEN) | 04E121605E (SEAT) | 04E121605F (VOLKSWAGEN) | 4E121605E (AUDI) | 4E121605E (SKODA) | 4E121605E (VOLKSWAGEN),,https://webcateu.dayco.ws/img/products/TB.jpg,https://www.dayco.com/la-es/catalog/?search=087STP5M100HT,Principal,TIMING BELT,,,
DAYCO,7938,Tensor genérico,TENSOR,,,,,https://webcateu.dayco.ws/img/products/7938.jpg,https://www.dayco.com/la-es/catalog/?search=7938,Auxiliar,TENSIONER&PULLEY,,,
DAYCO,KTBWP12120,Kit de bomba de agua,KIT BOMBA DE AGUA,,,,,https://webcateu.dayco.ws/img/products/KTBWP12120.jpg,https://www.dayco.com/la-es/catalog/?search=KTBWP12120,Principal,KIT WATER PUMP,,,
DAYCO,KTB402,Kit de distribución,KIT DISTRIBUCION,,,037198119 (AUDI) | 037198119 (SEAT) | 037198119 (SKODA) | 037198119 (VOLKSWAGEN) | 6K0198004 (AUDI) | 6K0198004 (SEAT) | 6K0198004 (SKODA) | 6K0198004 (VOLKSWAGEN),,https://webcateu.dayco.ws/img/products/KTB402.jpg,https://www.dayco.com/la-es/catalog/?search=KTB402,Principal,TIMING BELT KIT,,,
DAYCO,KTC1631,Kit cadena de distribución,KIT DISTRIBUCION,,,,,https://webcateu.dayco.ws/img/products/KTC1631.jpg,https://www.dayco.com/la-es/catalog/?search=KTC1631,Principal,CHAIN KIT,,,
DAYCO,KTC1732,Kit cadena de distribución,KIT DISTRIBUCION,,,,,https://webcateu.dayco.ws/img/products/KTC1732.jpg,https://www.dayco.com/la-es/catalog/?search=KTC1732,Principal,CHAIN KIT,,,
DAYCO,KTC1733,Kit cadena de distribución,KIT DISTRIBUCION,,,,,https://webcateu.dayco.ws/img/products/KTC1733.jpg,https://www.dayco.com/la-es/catalog/?search=KTC1733,Principal,CHAIN KIT,,,
DAYCO,6DPK1285,Correa Poly-V,CORREA POLY-V,,,06G260849 (VOLKSWAGEN),,https://webcateu.dayco.ws/img/products/6PK.jpg,https://www.dayco.com/la-es/catalog/?search=6DPK1285,Auxiliar,POLY-V,,,
DAYCO,5PK1065,Correa Poly-V,CORREA POLY-V,,,07K145933E (AUDI) | 07K145933E (VOLKSWAGEN) | 7621046 (FIAT) | 9091602191 (TOYOTA) | 9091602192 (TOYOTA) | 981953 (VOLVO) | 99365-21070 (TOYOTA) | 99365-51060 (TOYOTA) | 99365-51070 (TOYOTA) | 99365-71070 (TOYOTA) | 9936501060 (TOYOTA) | 9936521060 (TOYOTA) | 9936581070 (TOYOTA) | F20115909A (MAZDA) | F20115909A8C (MAZDA) | F20115909A9C (MAZDA) | F23015909 (MAZDA) | F801-15-909B (MAZDA) | F801-15-909C (MAZDA) | FE4N15909A (MAZDA) | GB32-69-850B (MAZDA) | MB946603 (MITSUBISHI) | MD325599 (MITSUBISHI) | MD375935 (MITSUBISHI),,https://webcateu.dayco.ws/img/products/5PK.jpg,https://www.dayco.com/la-es/catalog/?search=5PK1065,Auxiliar,POLY-V,,,
DAYCO,135SHX254,Correa de distribución,CORREA DE DISTRIBUCIÓN,,,068109119 (AUDI) | 068109119 (VOLKSWAGEN) | 068109119A (VOLKSWAGEN) | 068109119E (AUDI) | 068109119E (VOLKSWAGEN) | 068109119F (AUDI) | 068109119F (VOLKSWAGEN),,https://webcateu.dayco.ws/img/products/TB.jpg,https://www.dayco.com/la-es/catalog/?search=135SHX254,Principal,TIMING BELT,,,
DAYCO,7781,Tensor genérico,TENSOR,,,,,https://webcateu.dayco.ws/img/products/7781.jpg,https://www.dayco.com/la-es/catalog/?search=7781,Auxiliar,TENSIONER&PULLEY,,,
DAYCO,ATB2179,Tensor de distribución,TENSOR,,,068109243 (AUDI) | 068109243 (SEAT) | 068109243 (SKODA) | 068109243 (VOLKSWAGEN) | 068109243B (AUDI) | 068109243B (SEAT) | 068109243B (VOLKSWAGEN) | 068109243C (AUDI) | 068109243C (SEAT) | 068109243C (SKODA) | 068109243C (VOLKSWAGEN) | 068109243F (AUDI) | 068109243F (SEAT) | 068109243F (SKODA) | 068109243F (VOLKSWAGEN) | GT80280 (GMB),,https://webcateu.dayco.ws/img/products/ATB2179.jpg,https://www.dayco.com/la-es/catalog/?search=ATB2179,Principal,TENSIONER&PULLEY,,,
DAYCO,KIT-9001,Kit de distribución,KIT DISTRIBUCION,,,,,https://webcateu.dayco.ws/img/products/KIT-9001.jpg,https://www.dayco.com/la-es/catalog/?search=KIT-9001,Principal,TIMING BELT KIT,,,
DAYCO,KTB204,Kit de distribución,KIT DISTRIBUCION,,,,,https://webcateu.dayco.ws/img/products/KTB204.jpg,https://www.dayco.com/la-es/catalog/?search=KTB204,Principal,TIMING BELT KIT,,,
DAYCO,900090,Manguera,MANGUERA,,,,,https://webcateu.dayco.ws/img/products/900090.jpg,https://www.dayco.com/la-es/catalog/?search=900090,Refrigeración,HOSE,,,
DAYCO,700238,Manguera,MANGUERA,,,,,https://webcateu.dayco.ws/img/products/700238.jpg,https://www.dayco.com/la-es/catalog/?search=700238,Refrigeración,COOLING HOSE,,,
DAYCO,700172,Manguera,MANGUERA,,,,,https://webcateu.dayco.ws/img/products/700172.jpg,https://www.dayco.com/la-es/catalog/?search=700172,Refrigeración,COOLING HOSE,,,
DAYCO,700132,Manguera,MANGUERA,,,,,https://webcateu.dayco.ws/img/products/700132.jpg,https://www.dayco.com/la-es/catalog/?search=700132,Refrigeración,COOLING HOSE,,,
DAYCO,700126,Manguera,MANGUERA,,,,,https://webcateu.dayco.ws/img/products/700126.jpg,https://www.dayco.com/la-es/catalog/?search=700126,Refrigeración,COOLING HOSE,,,
DAYCO,700241,Manguera,MANGUERA,,,,,https://webcateu.dayco.ws/img/products/700241.jpg,https://www.dayco.com/la-es/catalog/?search=700241,Refrigeración,COOLING HOSE,,,
DAYCO,8PK1550HD,Correa Poly-V,CORREA POLY-V,,,681-997-15-93 (FREIGHTLINER) | 7422670505 (RENAULT) | 981937 (VOLVO),,https://webcateu.dayco.ws/img/products/8PK.jpg,https://www.dayco.com/la-es/catalog/?search=8PK1550HD,Auxiliar,POLY-V,,,
DAYCO,700005,Manguera,MANGUERA,,,,,https://webcateu.dayco.ws/img/products/700005.jpg,https://www.dayco.com/la-es/catalog/?search=700005,Refrigeración,COOLING HOSE,,,
DAYCO,5PK1300,Correa Poly-V,CORREA POLY-V,,,0159974792 (MERCEDES-BENZ) | 058903137B (AUDI) | 058903137C (AUDI) | 058903137C (VOLKSWAGEN) | 058903137E (AUDI) | 058903137E (VOLKSWAGEN) | 06B903137 (AUDI) | 06B903137 (SEAT) | 06B903137 (SKODA) | 06B903137 (VOLKSWAGEN) | 06B903137A (AUDI) | 06B903137A (VOLKSWAGEN) | 06B903137E (AUDI) | 06B903137E (SEAT) | 06B903137E (SKODA) | 06B903137E (VOLKSWAGEN) | 06B903137G (VOLKSWAGEN) | 06B90313E (VOLKSWAGEN) | 166453 (FERRARI) | 3030503 (CUMMINS) | 9936501300 (TOYOTA) | 9936551300 (TOYOTA) | A0159974792 (MERCEDES-BENZ) | MD331884 (MITSUBISHI) | MD373622 (MITSUBISHI),,https://webcateu.dayco.ws/img/products/5PK.jpg,https://www.dayco.com/la-es/catalog/?search=5PK1300,Auxiliar,POLY-V,,,
DAYCO,7861,Tensor genérico,TENSOR,,,,,https://webcateu.dayco.ws/img/products/7861.jpg,https://www.dayco.com/la-es/catalog/?search=7861,Auxiliar,TENSIONER&PULLEY,,,
DAYCO,ATB2144,Tensor de distribución,TENSOR,,,058109479 (AUDI) | 058109479A (AUDI) | 058109479B (AUDI) | 058109479B (VOLKSWAGEN),,https://webcateu.dayco.ws/img/products/ATB2144.jpg,https://www.dayco.com/la-es/catalog/?search=ATB2144,Principal,TENSIONER&PULLEY,,,
DAYCO,148STP8M230HT,Correa de distribución,CORREA DE DISTRIBUCIÓN,,,06D109119B (AUDI) | 06D109119B (SEAT) | 06D109119B (SKODA) | 06D109119B (VOLKSWAGEN) | 06D109119D (AUDI) | 06D109119D (VOLKSWAGEN) | 250334 (VOLVO),,https://webcateu.dayco.ws/img/products/TB.jpg,https://www.dayco.com/la-es/catalog/?search=148STP8M230HT,Principal,TIMING BELT,,,
DAYCO,6PK975,Correa Poly-V,CORREA POLY-V,,,037903137C (SEAT) | 037903137C (VOLKSWAGEN) | 037903137F (SEAT) | 037903137F (VOLKSWAGEN) | 037903137G (AUDI) | 037903137G (SEAT) | 037903137G (SKODA) | 037903137G (VOLKSWAGEN) | 11287798112 (MINI) | 1229549 (FORD) | 1539584 (FORD) | 1689148 (FORD) | 30637495 (VOLVO) | 31251758 (VOLVO) | 31316870 (VOLVO) | 4M5Q6C301DA (FORD) | 5750.FW (CITROEN) | 5750.YS (PEUGEOT) | 5750FV (CITROEN) | 5750FV (PEUGEOT) | 5750FW (PEUGEOT) | 5750VN (PEUGEOT) | 5750YQ (CITROEN) | 5750YQ (PEUGEOT) | 5750YS (CITROEN) | 60571125 (ALFA ROMEO) | 60571125 (FIAT) | 60625590 (ALFA ROMEO) | 60625590 (FIAT) | 6M5Q6C301EA (FORD) | 9514169KA0 (SUZUKI) | 95VW6C301EA (FORD) | 96423837 (MAZDA) | 9642383780 (CITROEN) | 9642383780 (FORD) | 9642383980 (CITROEN) | 9642383980 (FORD) | 9682237380 (MINI) | 9682237380 (PEUGEOT) | AV6Q6C301DA (FORD) | DN3415909 (MAZDA) | Y60115909 (MAZDA) | Y60115909A (MAZDA),,https://webcateu.dayco.ws/img/products/6PK.jpg,https://www.dayco.com/la-es/catalog/?search=6PK975,Auxiliar,POLY-V,,,
DAYCO,152STP8M254H,Correa de distribución,CORREA DE DISTRIBUCIÓN,,,,,https://webcateu.dayco.ws/img/products/TB.jpg,https://www.dayco.com/la-es/catalog/?search=152STP8M254H,Principal,TIMING BELT,,,
DAYCO,153STP8M250H,Correa de distribución,CORREA DE DISTRIBUCIÓN,,,058109119B (AUDI) | 058109119B (VOLKSWAGEN) | 058109119C (AUDI) | 058109119C (VOLKSWAGEN) | 059109119C (AUDI) | 059109119C (VOLKSWAGEN),,https://webcateu.dayco.ws/img/products/TB.jpg,https://www.dayco.com/la-es/catalog/?search=153STP8M250H,Principal,TIMING BELT,,,
DAYCO,11A0528C,Correa de transmisión,CORREA DE TRANSMISIÓN,,,,,https://webcateu.dayco.ws/img/products/VEE.jpg,https://www.dayco.com/la-es/catalog/?search=11A0528C,Transmisión,RAW-EDGE(V),,,
DAYCO,253STP8M300H,Correa de distribución,CORREA DE DISTRIBUCIÓN,,,078109119C (AUDI) | 078109119C (VOLKSWAGEN) | 078109119G (AUDI) | 078109119G (VOLKSWAGEN) | 078109119H (AUDI) | 078109119H (SKODA) | 078109119H (VOLKSWAGEN) | 078109119J (AUDI) | 078109119J (VOLKSWAGEN) | 078903137H (VOLKSWAGEN),,https://webcateu.dayco.ws/img/products/TB.jpg,https://www.dayco.com/la-es/catalog/?search=253STP8M300H,Principal,TIMING BELT,,,
DAYCO,APV2302,Tensor auxiliar,TENSOR,,,078.903.133 AB (AUDI) | 078.903.133 B (AUDI) | 078.903.133 Q (AUDI) | 078.903.133 T (AUDI),,https://webcateu.dayco.ws/img/products/APV2302.jpg,https://www.dayco.com/la-es/catalog/?search=APV2302,Auxiliar,TENSIONER&PULLEY,,,
DAYCO,6PK1035,Correa Poly-V,CORREA POLY-V,,,037903137H (AUDI) | 037903137H (SEAT) | 037903137H (SKODA) | 037903137H (VOLKSWAGEN) | 06A260849G (AUDI) | 06A260849G (SEAT) | 06A260849G (SKODA) | 06A260849G (VOLKSWAGEN) | 119200 (NISSAN) | 119200E000 (NISSAN) | 1192053J0010 (NISSAN) | 46451885 (FIAT) | 46474063 (FIAT) | 46540546 (ALFA ROMEO) | 46540546 (FIAT) | 46540546 (LANCIA) | 5750FE (PEUGEOT) | 60813506 (ALFA ROMEO) | 60813506 (FIAT) | 60813506 (LANCIA) | 60814847 (ALFA ROMEO) | 60814847 (FIAT) | 60814847 (LANCIA) | 71739615 (ALFA ROMEO) | 71739615 (FIAT) | 7766684 (ALFA ROMEO) | 7766684 (FIAT) | 7766684 (LANCIA) | 90080-21040 (TOYOTA) | 90080-91147 (LEXUS) | 9008021040 (LEXUS) | 9008091087 (TOYOTA) | 9008091147 (TOYOTA) | 9675749480 (CITROEN) | 9675749480 (PEUGEOT) | 9936621040 (FORD) | 9936621040 (TOYOTA) | 9936631040 (LEXUS) | 9936631040 (TOYOTA),,https://webcateu.dayco.ws/img/products/6PK.jpg,https://www.dayco.com/la-es/catalog/?search=6PK1035,Auxiliar,POLY-V,,,
DAYCO,700006,Manguera,MANGUERA,,,,,https://webcateu.dayco.ws/img/products/700006.jpg,https://www.dayco.com/la-es/catalog/?search=700006,Refrigeración,COOLING HOSE,,,
DAYCO,10A0960C,Correa de transmisión,CORREA DE TRANSMISIÓN,,,0029979592 (MERCEDES-BENZ) | 0039976892 (MERCEDES-BENZ) | 0049978092 (MERCEDES-BENZ) | 0069971892 (MERCEDES-BENZ) | 11511706710 (BMW) | 11511711091 (BMW) | 12311254885 (BMW) | 12311288475 (BMW) | 1340718 (GENERAL MOTORS) | 1340735 (GENERAL MOTORS) | 1340753 (GENERAL MOTORS) | 25211-32000 (HYUNDAI) | 25211-32400 (HYUNDAI) | 31110-671-003 (HONDA) | 31110-689-0030 (HONDA) | 4025787 (FIAT) | 404E8620 (FORD) | 4483457 (FIAT) | 4610657 (FIAT) | 4616155 (FIAT) | 575014 (PEUGEOT) | 5992345 (FIAT) | 7560223 (FIAT) | 7580223 (FIAT) | 8825967 (BEDFORD) | 90169079 (GENERAL MOTORS) | 90410387 (GENERAL MOTORS) | 90916-02123 (TOYOTA) | 960285 (VOLVO) | 99321-50961 (TOYOTA) | 99332-60975 (TOYOTA) | E30118381 (MAZDA) | E356-18-381 (MAZDA) | MD025523 (MITSUBISHI) | MH014065 (MITSUBISHI) | MH014066 (MITSUBISHI) | N370-13-813A (MAZDA),,https://webcateu.dayco.ws/img/products/VEE.jpg,https://www.dayco.com/la-es/catalog/?search=10A0960C,Transmisión,RAW-EDGE(V),,,
DAYCO,73243,Manguera,MANGUERA,,,049.121.063-N (VOLKSWAGEN),,https://webcateu.dayco.ws/img/products/73243.jpg,https://www.dayco.com/la-es/catalog/?search=73243,Refrigeración,COOLING HOSE,,,
DAYCO,73211,Manguera,MANGUERA,,,3251211015 (VOLKSWAGEN),,https://webcateu.dayco.ws/img/products/73211.jpg,https://www.dayco.com/la-es/catalog/?search=73211,Refrigeración,COOLING HOSE,,,
DAYCO,73210,Manguera,MANGUERA,,,261210531 (VOLKSWAGEN),,https://webcateu.dayco.ws/img/products/73210.jpg,https://www.dayco.com/la-es/catalog/?search=73210,Refrigeración,COOLING HOSE,,,
DAYCO,700163,Manguera,MANGUERA,,,,,https://webcateu.dayco.ws/img/products/700163.jpg,https://www.dayco.com/la-es/catalog/?search=700163,Refrigeración,COOLING HOSE,,,
DAYCO,137SHX254H,Correa de distribución,CORREA DE DISTRIBUCIÓN,,,,,https://webcateu.dayco.ws/img/products/TB.jpg,https://www.dayco.com/la-es/catalog/?search=137SHX254H,Principal,TIMING BELT,,,
DAYCO,900003,Manguera,MANGUERA,,,,,https://webcateu.dayco.ws/img/products/900003.jpg,https://www.dayco.com/la-es/catalog/?search=900003,Refrigeración,COOLING HOSE,,,
DAYCO,900004,Manguera,MANGUERA,,,,,https://webcateu.dayco.ws/img/products/900004.jpg,https://www.dayco.com/la-es/catalog/?search=900004,Refrigeración,COOLING HOSE,,,
DAYCO,900005,Manguera,MANGUERA,,,,,https://webcateu.dayco.ws/img/products/900005.jpg,https://www.dayco.com/la-es/catalog/?search=900005,Refrigeración,COOLING HOSE,,,
DAYCO,900006,Manguera,MANGUERA,,,,,https://webcateu.dayco.ws/img/products/900006.jpg,https://www.dayco.com/la-es/catalog/?search=900006,Refrigeración,COOLING HOSE,,,
DAYCO,900007,Manguera,MANGUERA,,,,,https://webcateu.dayco.ws/img/products/900007.jpg,https://www.dayco.com/la-es/catalog/?search=900007,Refrigeración,COOLING HOSE,,,
DAYCO,900008,Manguera,MANGUERA,,,,,https://webcateu.dayco.ws/img/products/900008.jpg,https://www.dayco.com/la-es/catalog/?search=900008,Refrigeración,COOLING HOSE,,,
DAYCO,900009,Manguera,MANGUERA,,,,,https://webcateu.dayco.ws/img/products/900009.jpg,https://www.dayco.com/la-es/catalog/?search=900009,Refrigeración,COOLING HOSE,,,
DAYCO,900010,Manguera,MANGUERA,,,,,https://webcateu.dayco.ws/img/products/900010.jpg,https://www.dayco.com/la-es/catalog/?search=900010,Refrigeración,COOLING HOSE,,,
DAYCO,900011,Manguera,MANGUERA,,,,,https://webcateu.dayco.ws/img/products/900011.jpg,https://www.dayco.com/la-es/catalog/?search=900011,Refrigeración,COOLING HOSE,,,
DAYCO,7849,Tensor genérico,TENSOR,,,,,https://webcateu.dayco.ws/img/products/7849.jpg,https://www.dayco.com/la-es/catalog/?search=7849,Auxiliar,TENSIONER&PULLEY,,,
DAYCO,700233,Manguera,MANGUERA,,,,,https://webcateu.dayco.ws/img/products/700233.jpg,https://www.dayco.com/la-es/catalog/?search=700233,Refrigeración,COOLING HOSE,,,
DAYCO,900083,Manguera,MANGUERA,,,,,https://webcateu.dayco.ws/img/products/900083.jpg,https://www.dayco.com/la-es/catalog/?search=900083,Refrigeración,HOSE,,,
DAYCO,900089,Manguera,MANGUERA,,,,,https://webcateu.dayco.ws/img/products/900089.jpg,https://www.dayco.com/la-es/catalog/?search=900089,Refrigeración,HOSE,,,
DAYCO,700060,Manguera,MANGUERA,,,,,https://webcateu.dayco.ws/img/products/700060.jpg,https://www.dayco.com/la-es/catalog/?search=700060,Refrigeración,COOLING HOSE,,,
DAYCO,700136,Manguera,MANGUERA,,,,,https://webcateu.dayco.ws/img/products/700136.jpg,https://www.dayco.com/la-es/catalog/?search=700136,Refrigeración,COOLING HOSE,,,
DAYCO,13A0975C,Correa de transmisión,CORREA DE TRANSMISIÓN,,,0019974992 (MERCEDES-BENZ) | 01978-10964 (NISSAN) | 01978-11004 (NISSAN) | 0305-18-381 (MAZDA) | 0605183891 (MAZDA) | 1000459 (FORD) | 11718-AA020 (SUBARU) | 11720-10G00 (NISSAN) | 11720-10G01 (NISSAN) | 11720-T6200 (NISSAN) | 11720-V0701 (NISSAN) | 11720-V0702 (NISSAN) | 11720-V0703 (NISSAN) | 11720-V0710 (NISSAN) | 1172010G01JP (NISSAN) | 1172010G01KE (NISSAN) | 11720AD200 (NISSAN) | 11721-31297-7 (NISSAN) | 11721-31535-6 (NISSAN) | 11920-C6000 (NISSAN) | 1200056 (TALBOT) | 23127-36000 (HYUNDAI) | 4982548 (FORD) | 57231-31000 (HYUNDAI) | 60513156 (FIAT) | 73036-GA120 (SUBARU) | 8531-78-022 (MAZDA) | 9009982006 (TOYOTA) | 90916-02144 (TOYOTA) | 9091602461 (TOYOTA) | 958489 (VOLVO) | 967107 (VOLVO) | 973489 (VOLVO) | 9765243010 (HYUNDAI) | 9771333310 (HYUNDAI) | 977134A080 (HYUNDAI) | 979277 (VOLVO) | 979631 (VOLVO) | 99322-00960 (TOYOTA) | 99322-00980 (TOYOTA) | 99322-50985 (TOYOTA) | 9932200975 (TOYOTA) | 9933260980 (TOYOTA) | 99522-10964 (TOYOTA) | 99522-10976 (TOYOTA) | 99522-10980 (TOYOTA) | 99919212850 (PORSCHE) | A0019974992 (MERCEDES-BENZ) | A172A10G0AGA (NISSAN) | MB167067 (MITSUBISHI) | MB192976 (MITSUBISHI) | MB553792 (MITSUBISHI) | MD127134 (MITSUBISHI) | MD185956 (MITSUBISHI) | MD185963 (MITSUBISHI) | N326-15-908 (MAZDA) | WL8115908B9A (MAZDA) | WLL715908A (MAZDA) | Y70118381 (MAZDA),,https://webcateu.dayco.ws/img/products/VEE.jpg,https://www.dayco.com/la-es/catalog/?search=13A0975C,Transmisión,RAW-EDGE(V),,,
DAYCO,13A1250C,Correa de transmisión,CORREA DE TRANSMISIÓN,,,,,https://webcateu.dayco.ws/img/products/VEE.jpg,https://www.dayco.com/la-es/catalog/?search=13A1250C,Transmisión,RAW-EDGE(V),,,
DAYCO,13A1255C,Correa de transmisión,CORREA DE TRANSMISIÓN,,,,,https://webcateu.dayco.ws/img/products/VEE.jpg,https://www.dayco.com/la-es/catalog/?search=13A1255C,Transmisión,RAW-EDGE(V),,,
DAYCO,163STP8M267H,Correa de distribución,CORREA DE DISTRIBUCIÓN,,,13566-03010 (TOYOTA) | 13566-70060 (TOYOTA) | 13566-70070 (TOYOTA) | 13566-74011 (TOYOTA) | 13566-74012 (TOYOTA) | 13566-74020 (TOYOTA) | 13566-79095 (TOYOTA) | 13568-03020 (TOYOTA) | 13568-74010 (TOYOTA) | 13568-74011 (TOYOTA) | 13568-74020 (TOYOTA) | 13568-79025 (TOYOTA) | 13568-79095 (TOYOTA) | 1356803010 (TOYOTA) | 1356809040 (TOYOTA) | 1356809041 (TOYOTA) | 135683010 (TOYOTA) | 135683020 (TOYOTA) | 1356874012 (TOYOTA) | 1356874013 (TOYOTA) | 1356879215 (TOYOTA) | 1356879225 (TOYOTA) | 135689041 (TOYOTA) | VT164 (IVECO),,https://webcateu.dayco.ws/img/products/TB.jpg,https://www.dayco.com/la-es/catalog/?search=163STP8M267H,Principal,TIMING BELT,,,
DAYCO,3PK760,Correa Poly-V,CORREA POLY-V,,,31110PK30030 (HONDA) | 31110PK30031 (HONDA) | 31110PM3014 (HONDA) | 31110PM3024 (HONDA) | 31110PM5305 (HONDA) | 31110PM5505 (HONDA) | 31110PM5A11 (HONDA) | 90916-02177 (TOYOTA) | 9091602177 (LEXUS) | 909160217783 (TOYOTA) | 9091602205 (TOYOTA) | 9091602318 (TOYOTA) | 9936300760 (TOYOTA) | 9936350760 (TOYOTA) | 9936370760 (TOYOTA) | 9936380760 (TOYOTA) | F20118381 (MAZDA) | F20118381A (MAZDA) | F20118381A9C (MAZDA) | F20118381X (MAZDA) | GFB360 (ROVER) | GFB367 (ROVER),,https://webcateu.dayco.ws/img/products/3PK.jpg,https://www.dayco.com/la-es/catalog/?search=3PK760,Auxiliar,POLY-V,,,
DAYCO,5PK1005,Correa Poly-V,CORREA POLY-V,,,11281435280 (BMW) | 11281742029 (BMW) | 11287636376 (BMW) | 3285039 (CUMMINS) | 60596949 (ALFA ROMEO) | 60596949 (FIAT) | 7658133 (FIAT) | 7670173 (FIAT) | 7670173 (INNOCENTI) | 9091602219 (TOYOTA) | 9091602295 (TOYOTA) | 9091602296 (TOYOTA) | 9091602355 (TOYOTA) | 909160235583 (TOYOTA) | 9091602356 (TOYOTA) | 96144934 (DAEWOO) | 9936501000 (TOYOTA) | 9936502295 (TOYOTA) | 9936551000 (TOYOTA) | 9936561000 (TOYOTA) | 9936581000 (TOYOTA) | 99919220650 (PORSCHE) | 99919220750 (PORSCHE) | F80715907A (MAZDA) | GFB51005 (ROVER) | GFB91002 (ROVER) | KL4715908 (MAZDA) | KL4715908A (MAZDA) | KL7015908 (MAZDA) | KL7015908A (MAZDA) | PQS000220 (LAND ROVER) | PQS000220 (ROVER),,https://webcateu.dayco.ws/img/products/5PK.jpg,https://www.dayco.com/la-es/catalog/?search=5PK1005,Auxiliar,POLY-V,,,
DAYCO,7PK1905S,Correa Poly-V,CORREA POLY-V,,,1033063 (TOYOTA) | 9091602652 (TOYOTA),,https://webcateu.dayco.ws/img/products/7PK.jpg,https://www.dayco.com/la-es/catalog/?search=7PK1905S,Auxiliar,POLY-V,,,
DAYCO,1120,Tensor genérico,TENSOR,,,,,https://webcateu.dayco.ws/img/products/1120.jpg,https://www.dayco.com/la-es/catalog/?search=1120,Auxiliar,TENSIONER&PULLEY,,,
DAYCO,117SHP+210H,Correa de distribución,CORREA DE DISTRIBUCIÓN,,,1356616050 (TOYOTA) | 13568-19185 (TOYOTA) | 1356809020 (TOYOTA) | 1356816040 (TOYOTA) | 1356816050 (TOYOTA) | 1356816051 (TOYOTA) | 1356819045 (TOYOTA) | 1356819046 (TOYOTA) | 94854403 (TOYOTA) | E030000701 (GEELY),,https://webcateu.dayco.ws/img/products/TB.jpg,https://www.dayco.com/la-es/catalog/?search=117SHP+210H,Principal,TIMING BELT,,,
DAYCO,1188,Tensor genérico,TENSOR,,,,,https://webcateu.dayco.ws/img/products/1188.jpg,https://www.dayco.com/la-es/catalog/?search=1188,Auxiliar,TENSIONER&PULLEY,,,
DAYCO,1313,Tensor genérico,TENSOR,,,,,https://webcateu.dayco.ws/img/products/1313.jpg,https://www.dayco.com/la-es/catalog/?search=1313,Auxiliar,TENSIONER&PULLEY,,,
DAYCO,3PK625,Correa Poly-V,CORREA POLY-V,,,9936300630 (TOYOTA) | 9936330630 (TOYOTA) | 9936370630 (TOYOTA) | 9936390630 (TOYOTA),,https://webcateu.dayco.ws/img/products/3PK.jpg,https://www.dayco.com/la-es/catalog/?search=3PK625,Auxiliar,POLY-V,,,
DAYCO,5PK975,Correa Poly-V,CORREA POLY-V,,,11281736988 (BMW) | 11287833266 (BMW) | 1340724 (GENERAL MOTORS) | 1340724 (OPEL) | 46413020 (FIAT) | 46770222 (FIAT) | 513863K (CUMMINS) | 575079 (PEUGEOT) | 60808793 (ALFA ROMEO) | 60808793 (FIAT) | 71739911 (FIAT) | 7706132 (FIAT) | 7706132 (LANCIA) | 9004831005 (DAIHATSU) | 9004831500 (DAIHATSU) | 9008091050 (TOYOTA) | 9008091055 (TOYOTA) | 90299503 (GENERAL MOTORS) | 90299503 (OPEL) | 90299503 (VAUXHALL) | 93502642 (PEUGEOT) | 96144933 (DAEWOO) | 9936500960 (TOYOTA) | 9936500980 (TOYOTA) | 9936510980 (TOYOTA) | 9936520970 (TOYOTA) | 99365209708P (TOYOTA) | 9936520980 (TOYOTA) | EBC11306 (DAIMLER) | EBC11306 (JAGUAR) | F80215907 (MAZDA) | F80215907A (MAZDA) | F80215907X (MAZDA) | MD325262 (MITSUBISHI) | NBD3700BA (JAGUAR),,https://webcateu.dayco.ws/img/products/5PK.jpg,https://www.dayco.com/la-es/catalog/?search=5PK975,Auxiliar,POLY-V,,,
DAYCO,73261,Manguera,MANGUERA,,,165720D130 (TOYOTA),,https://webcateu.dayco.ws/img/products/73261.jpg,https://www.dayco.com/la-es/catalog/?search=73261,Refrigeración,COOLING HOSE,,,
DAYCO,73277,Manguera,MANGUERA,,,165710D140 (TOYOTA),,https://webcateu.dayco.ws/img/products/73277.jpg,https://www.dayco.com/la-es/catalog/?search=73277,Refrigeración,COOLING HOSE,,,
DAYCO,7722,Tensor genérico,TENSOR,,,,,https://webcateu.dayco.ws/img/products/7722.jpg,https://www.dayco.com/la-es/catalog/?search=7722,Auxiliar,TENSIONER&PULLEY,,,
DAYCO,7828,Tensor genérico,TENSOR,,,,,https://webcateu.dayco.ws/img/products/7828.jpg,https://www.dayco.com/la-es/catalog/?search=7828,Auxiliar,TENSIONER&PULLEY,,,
DAYCO,APV2260,Tensor auxiliar,TENSOR,,,16620-0D021 (TOYOTA) | 16620-0W090 (TOYOTA) | 16620-0W091 (TOYOTA) | 16620-0W092 (TOYOTA) | 16620-0W092-C (TOYOTA) | 166200W093 (TOYOTA) | 1662022010 (TOYOTA) | 1662022011 (TOYOTA) | 1662022012 (TOYOTA) | 1662022013 (TOYOTA),,https://webcateu.dayco.ws/img/products/APV2260.jpg,https://www.dayco.com/la-es/catalog/?search=APV2260,Auxiliar,TENSIONER&PULLEY,,,
DAYCO,APV2914,Tensor auxiliar,TENSOR,,,88440-17010 (TOYOTA),,https://webcateu.dayco.ws/img/products/APV2914.jpg,https://www.dayco.com/la-es/catalog/?search=APV2914,Auxiliar,TENSIONER&PULLEY,,,
DAYCO,APV2915,Tensor auxiliar,TENSOR,,,16620-0D020 (TOYOTA),,https://webcateu.dayco.ws/img/products/APV2915.jpg,https://www.dayco.com/la-es/catalog/?search=APV2915,Auxiliar,TENSIONER&PULLEY,,,
DAYCO,ATB2166,Tensor de distribución,TENSOR,,,1350502030 (TOYOTA) | 1350515050 (TOYOTA) | 1350515060 (TOYOTA) | GT80430 (GMB),,https://webcateu.dayco.ws/img/products/ATB2166.jpg,https://www.dayco.com/la-es/catalog/?search=ATB2166,Principal,TENSIONER&PULLEY,,,
DAYCO,KTB808,Kit de distribución,KIT DISTRIBUCION,,,,,https://webcateu.dayco.ws/img/products/KTB808.jpg,https://www.dayco.com/la-es/catalog/?search=KTB808,Principal,TIMING BELT KIT,,,
DAYCO,KTC1044,Kit cadena de distribución,KIT DISTRIBUCION,,,,,https://webcateu.dayco.ws/img/products/KTC1044.jpg,https://www.dayco.com/la-es/catalog/?search=KTC1044,Principal,CHAIN KIT,,,
DAYCO,121SHP+210H,Correa de distribución,CORREA DE DISTRIBUCIÓN,,,1356809030 (TOYOTA) | 1356816060 (TOYOTA) | 1356816061 (TOYOTA) | 1356816070 (TOYOTA) | 1356819055 (TOYOTA) | 1356819056 (TOYOTA) | 94854404 (TOYOTA),,https://webcateu.dayco.ws/img/products/TB.jpg,https://www.dayco.com/la-es/catalog/?search=121SHP+210H,Principal,TIMING BELT,,,
DAYCO,KTB812,Kit de distribución,KIT DISTRIBUCION,,,,,https://webcateu.dayco.ws/img/products/KTB812.jpg,https://www.dayco.com/la-es/catalog/?search=KTB812,Principal,TIMING BELT KIT,,,
DAYCO,6PK1230,Correa Poly-V,CORREA POLY-V,,,1011685 (FORD) | 12065042180 (MERCEDES-BENZ) | 1650769 (FORD) | 46747484 (ALFA ROMEO) | 46747484 (FIAT) | 46747484 (LANCIA) | 46747485 (FIAT) | 85523462 (CHERY) | 88WF6C301A1A (FORD) | 90916-W2033 (TOYOTA) | 9091602664 (TOYOTA) | 90916W2018 (TOYOTA) | 9146899 (VOLVO) | 9771339850 (HYUNDAI) | 977133F000 (KIA) | 99366K1230 (TOYOTA) | A11-3701315 (CHERY),,https://webcateu.dayco.ws/img/products/6PK.jpg,https://www.dayco.com/la-es/catalog/?search=6PK1230,Auxiliar,POLY-V,,,
DAYCO,6PK1145,Correa Poly-V,CORREA POLY-V,,,90916-T2046 (TOYOTA),,https://webcateu.dayco.ws/img/products/6PK.jpg,https://www.dayco.com/la-es/catalog/?search=6PK1145,Auxiliar,POLY-V,,,
DAYCO,7PK1180,Correa Poly-V,CORREA POLY-V,,,11287789074 (MINI) | 11287791336 (MINI) | 11287801391 (MINI) | 60573075 (ALFA ROMEO) | 60573075 (FIAT) | 60573075 (LANCIA) | 60808954 (ALFA ROMEO) | 60808954 (FIAT) | 60808954 (LANCIA) | 9091602558 (TOYOTA),,https://webcateu.dayco.ws/img/products/7PK.jpg,https://www.dayco.com/la-es/catalog/?search=7PK1180,Auxiliar,POLY-V,,,
DAYCO,KTC1609,Kit cadena de distribución,KIT DISTRIBUCION,,,,,https://webcateu.dayco.ws/img/products/KTC1609.jpg,https://www.dayco.com/la-es/catalog/?search=KTC1609,Principal,CHAIN KIT,,,
DAYCO,KTC1605,Kit cadena de distribución,KIT DISTRIBUCION,,,,,https://webcateu.dayco.ws/img/products/KTC1605.jpg,https://www.dayco.com/la-es/catalog/?search=KTC1605,Principal,CHAIN KIT,,,
DAYCO,APV3031,Tensor auxiliar,TENSOR,,,16620-31010 (TOYOTA) | 16620-31011 (TOYOTA) | 16620-31012 (TOYOTA),,https://webcateu.dayco.ws/img/products/APV3031.jpg,https://www.dayco.com/la-es/catalog/?search=APV3031,Auxiliar,TENSIONER&PULLEY,,,
DAYCO,2060,Tensor genérico,TENSOR,,,,,https://webcateu.dayco.ws/img/products/2060.jpg,https://www.dayco.com/la-es/catalog/?search=2060,Auxiliar,TENSIONER&PULLEY,,,
DAYCO,APV2913,Tensor auxiliar,TENSOR,,,88440-35030 (TOYOTA),,https://webcateu.dayco.ws/img/products/APV2913.jpg,https://www.dayco.com/la-es/catalog/?search=APV2913,Auxiliar,TENSIONER&PULLEY,,,
DAYCO,129SP310H,Correa de distribución,CORREA DE DISTRIBUCIÓN,,,13568-54070 (TOYOTA) | 13568-59065 (TOYOTA) | 13568-59066 (TOYOTA) | 1356854071 (TOYOTA) | 1356854080 (TOYOTA) | 1356859067 (TOYOTA) | 1356859106 (TOYOTA) | J13568-54070 (VOLKSWAGEN) | J1356859066 (VOLKSWAGEN),,https://webcateu.dayco.ws/img/products/TB.jpg,https://www.dayco.com/la-es/catalog/?search=129SP310H,Principal,TIMING BELT,,,
DAYCO,7779,Tensor genérico,TENSOR,,,,,https://webcateu.dayco.ws/img/products/7779.jpg,https://www.dayco.com/la-es/catalog/?search=7779,Auxiliar,TENSIONER&PULLEY,,,
DAYCO,ATB2257,Tensor de distribución,TENSOR,,,1350554020 (TOYOTA) | 1350554021 (TOYOTA) | GT80470 (GMB) | J1350354021 (VOLKSWAGEN) | J1350554021 (VOLKSWAGEN),,https://webcateu.dayco.ws/img/products/ATB2257.jpg,https://www.dayco.com/la-es/catalog/?search=ATB2257,Principal,TENSIONER&PULLEY,,,
DAYCO,13A1045C/2,Correa de transmisión,CORREA DE TRANSMISIÓN,,,,,https://webcateu.dayco.ws/img/products/VEE.jpg,https://www.dayco.com/la-es/catalog/?search=13A1045C/2,Transmisión,RAW-EDGE(V),,,
DAYCO,13A1220C,Correa de transmisión,CORREA DE TRANSMISIÓN,,,,,https://webcateu.dayco.ws/img/products/VEE.jpg,https://www.dayco.com/la-es/catalog/?search=13A1220C,Transmisión,RAW-EDGE(V),,,
DAYCO,13A1000C/2,Correa de transmisión,CORREA DE TRANSMISIÓN,,,,,https://webcateu.dayco.ws/img/products/VEE.jpg,https://www.dayco.com/la-es/catalog/?search=13A1000C/2,Transmisión,RAW-EDGE(V),,,
DAYCO,73250,Manguera,MANGUERA,,,165720L050 (TOYOTA),,https://webcateu.dayco.ws/img/products/73250.jpg,https://www.dayco.com/la-es/catalog/?search=73250,Refrigeración,COOLING HOSE,,,
DAYCO,73272,Manguera,MANGUERA,,,165710L050 (TOYOTA),,https://webcateu.dayco.ws/img/products/73272.jpg,https://www.dayco.com/la-es/catalog/?search=73272,Refrigeración,COOLING HOSE,,,
DAYCO,102SP250H,Correa de distribución,CORREA DE DISTRIBUCIÓN,,,13568-67010 (TOYOTA) | 1356869085 (TOYOTA),,https://webcateu.dayco.ws/img/products/TB.jpg,https://www.dayco.com/la-es/catalog/?search=102SP250H,Principal,TIMING BELT,,,
DAYCO,2061,Tensor genérico,TENSOR,,,,,https://webcateu.dayco.ws/img/products/2061.jpg,https://www.dayco.com/la-es/catalog/?search=2061,Auxiliar,TENSIONER&PULLEY,,,
DAYCO,2062,Tensor genérico,TENSOR,,,,,https://webcateu.dayco.ws/img/products/2062.jpg,https://www.dayco.com/la-es/catalog/?search=2062,Auxiliar,TENSIONER&PULLEY,,,
DAYCO,2063,Tensor genérico,TENSOR,,,,,https://webcateu.dayco.ws/img/products/2063.jpg,https://www.dayco.com/la-es/catalog/?search=2063,Auxiliar,TENSIONER&PULLEY,,,
DAYCO,097SP250H,Correa de distribución,CORREA DE DISTRIBUCIÓN,,,13568-09131 (TOYOTA) | 13568-30011 (TOYOTA) | 1356809130 (TOYOTA) | 135680L010 (TOYOTA) | 1356830010 (TOYOTA) | 1356839010 (TOYOTA) | 1356839015 (TOYOTA) | 1356839016 (TOYOTA),,https://webcateu.dayco.ws/img/products/TB.jpg,https://www.dayco.com/la-es/catalog/?search=097SP250H,Principal,TIMING BELT,,,
DAYCO,7PK1095,Correa Poly-V,CORREA POLY-V,,,9091602523 (TOYOTA) | 90916T2005 (TOYOTA),,https://webcateu.dayco.ws/img/products/7PK.jpg,https://www.dayco.com/la-es/catalog/?search=7PK1095,Auxiliar,POLY-V,,,
DAYCO,7PK1515,Correa Poly-V,CORREA POLY-V,,,,,https://webcateu.dayco.ws/img/products/7PK.jpg,https://www.dayco.com/la-es/catalog/?search=7PK1515,Auxiliar,POLY-V,,,
DAYCO,KIT-9063,Kit de distribución,KIT DISTRIBUCION,,,,,https://webcateu.dayco.ws/img/products/KIT-9063.jpg,https://www.dayco.com/la-es/catalog/?search=KIT-9063,Principal,TIMING BELT KIT,,,
DAYCO,KIT-9064,Kit de distribución,KIT DISTRIBUCION,,,,,https://webcateu.dayco.ws/img/products/KIT-9064.jpg,https://www.dayco.com/la-es/catalog/?search=KIT-9064,Principal,TIMING BELT KIT,,,
DAYCO,KTB528,Kit de distribución,KIT DISTRIBUCION,,,,,https://webcateu.dayco.ws/img/products/KTB528.jpg,https://www.dayco.com/la-es/catalog/?search=KTB528,Principal,TIMING BELT KIT,,,
DAYCO,KTB817,Kit de distribución,KIT DISTRIBUCION,,,,,https://webcateu.dayco.ws/img/products/KTB817.jpg,https://www.dayco.com/la-es/catalog/?search=KTB817,Principal,TIMING BELT KIT,,,
DAYCO,APV3012,Tensor auxiliar,TENSOR,,,16620-0L020 (TOYOTA) | 16620-30020 (TOYOTA) | 16620-30030 (TOYOTA) | 16620-30031 (TOYOTA),,https://webcateu.dayco.ws/img/products/APV3012.jpg,https://www.dayco.com/la-es/catalog/?search=APV3012,Auxiliar,TENSIONER&PULLEY,,,
DAYCO,7791,Tensor genérico,TENSOR,,,,,https://webcateu.dayco.ws/img/products/7791.jpg,https://www.dayco.com/la-es/catalog/?search=7791,Auxiliar,TENSIONER&PULLEY,,,
DAYCO,ATB2266,Tensor de distribución,TENSOR,,,135050L010 (TOYOTA) | 1350567040 (TOYOTA) | 1350567041 (TOYOTA) | 1350567042 (TOYOTA) | GT90210 (GMB),,https://webcateu.dayco.ws/img/products/ATB2266.jpg,https://www.dayco.com/la-es/catalog/?search=ATB2266,Principal,TENSIONER&PULLEY,,,
DAYCO,7902,Tensor genérico,TENSOR,,,,,https://webcateu.dayco.ws/img/products/7902.jpg,https://www.dayco.com/la-es/catalog/?search=7902,Auxiliar,TENSIONER&PULLEY,,,
DAYCO,ATB2532,Tensor de distribución,TENSOR,,,13540-0L010 (TOYOTA) | 13540-67020 (TOYOTA) | 1354067010 (TOYOTA),,https://webcateu.dayco.ws/img/products/ATB2532.jpg,https://www.dayco.com/la-es/catalog/?search=ATB2532,Principal,TENSIONER&PULLEY,,,
DAYCO,7936,Tensor genérico,TENSOR,,,,,https://webcateu.dayco.ws/img/products/7936.jpg,https://www.dayco.com/la-es/catalog/?search=7936,Auxiliar,TENSIONER&PULLEY,,,
DAYCO,7982,Tensor genérico,TENSOR,,,,,https://webcateu.dayco.ws/img/products/7982.jpg,https://www.dayco.com/la-es/catalog/?search=7982,Auxiliar,TENSIONER&PULLEY,,,
DAYCO,APV3398,Tensor auxiliar,TENSOR,,,,,https://webcateu.dayco.ws/img/products/APV3398.jpg,https://www.dayco.com/la-es/catalog/?search=APV3398,Auxiliar,TENSIONER&PULLEY,,,
DAYCO,KTC1731,Kit cadena de distribución,KIT DISTRIBUCION,,,,,https://webcateu.dayco.ws/img/products/KTC1731.jpg,https://www.dayco.com/la-es/catalog/?search=KTC1731,Principal,CHAIN KIT,,,
DAYCO,7PK2300,Correa Poly-V,CORREA POLY-V,,,,,https://webcateu.dayco.ws/img/products/7PK.jpg,https://www.dayco.com/la-es/catalog/?search=7PK2300,Auxiliar,POLY-V,,,
DAYCO,7987,Tensor genérico,TENSOR,,,,,https://webcateu.dayco.ws/img/products/7987.jpg,https://www.dayco.com/la-es/catalog/?search=7987,Auxiliar,TENSIONER&PULLEY,,,
DAYCO,KTC1725,Kit cadena de distribución,KIT DISTRIBUCION,,,,,https://webcateu.dayco.ws/img/products/KTC1725.jpg,https://www.dayco.com/la-es/catalog/?search=KTC1725,Principal,CHAIN KIT,,,
DAYCO,7975,Tensor genérico,TENSOR,,,,,https://webcateu.dayco.ws/img/products/7975.jpg,https://www.dayco.com/la-es/catalog/?search=7975,Auxiliar,TENSIONER&PULLEY,,,
DAYCO,4PK938,Correa Poly-V,CORREA POLY-V,,,0K71W18381 (KIA) | 0K94115908 (KIA) | 0K9AA15907 (KIA) | 11950D4200 (NISSAN) | 11950D4202 (NISSAN) | 11950D4210 (NISSAN) | 1340A083 (MITSUBISHI) | 2312728240 (HYUNDAI) | 46406340 (FIAT) | 46406340 (INNOCENTI) | 46473645 (FIAT) | 4918069G00 (SUZUKI) | 4918086000 (SUZUKI) | 71739609 (FIAT) | 7753474 (FIAT) | 7761146 (FIAT) | 85523017 (CHERY) | 9008091092 (TOYOTA) | 9497000740 (SUZUKI) | 9514160A10 (SUZUKI) | 9771328240 (HYUNDAI) | 9936400940 (TOYOTA) | 9936420940 (TOYOTA) | 9936430940 (TOYOTA) | 9936450940 (TOYOTA) | 9936490940 (TOYOTA) | A1950D4200 (NISSAN) | MB568898 (MITSUBISHI) | MB958696 (MITSUBISHI) | MD069672 (MITSUBISHI) | MD186122 (MITSUBISHI) | MD191218 (MITSUBISHI) | MD326780 (MITSUBISHI) | MD338461 (MITSUBISHI) | MD568898 (MITSUBISHI) | MR148271 (MITSUBISHI) | SMD326780 (CHERY),,https://webcateu.dayco.ws/img/products/4PK.jpg,https://www.dayco.com/la-es/catalog/?search=4PK938,Auxiliar,POLY-V,,,
DAYCO,APV2379,Tensor auxiliar,TENSOR,,,166200W110 (TOYOTA) | 1662028010 (TOYOTA) | 1662028011 (TOYOTA) | 1662028012 (TOYOTA) | 1662028070 (TOYOTA) | 1662028071 (TOYOTA) | 1662028090 (TOYOTA),,https://webcateu.dayco.ws/img/products/APV2379.jpg,https://www.dayco.com/la-es/catalog/?search=APV2379,Auxiliar,TENSIONER&PULLEY,,,
DAYCO,7944,Tensor genérico,TENSOR,,,,,https://webcateu.dayco.ws/img/products/7944.jpg,https://www.dayco.com/la-es/catalog/?search=7944,Auxiliar,TENSIONER&PULLEY,,,
DAYCO,7PK1930,Correa Poly-V,CORREA POLY-V,,,252123A000 (HYUNDAI) | 9008091214 (TOYOTA) | 9091602502 (TOYOTA) | 9091602503 (TOYOTA) | 9091602513 (TOYOTA) | 9091602598 (TOYOTA) | 9091602599 (TOYOTA) | 90916A2005 (TOYOTA) | 90916C2001 (TOYOTA) | 90916C2101 (TOYOTA) | 90916T2014 (TOYOTA),,https://webcateu.dayco.ws/img/products/7PK.jpg,https://www.dayco.com/la-es/catalog/?search=7PK1930,Auxiliar,POLY-V,,,
DAYCO,6PK1255,Correa Poly-V,CORREA POLY-V,,,252122B020 (HYUNDAI) | 252122B020 (KIA) | 252122B720 (HYUNDAI) | 254723126343 (TATA) | 55202585 (FIAT) | 71746482 (FIAT) | 9.091602668E9 (LEXUS) | 9.091602668E9 (TOYOTA) | 9091602668 (LEXUS) | 9091602668 (TOYOTA),,https://webcateu.dayco.ws/img/products/6PK.jpg,https://www.dayco.com/la-es/catalog/?search=6PK1255,Auxiliar,POLY-V,,,
DAYCO,7853,Tensor genérico,TENSOR,,,,,https://webcateu.dayco.ws/img/products/7853.jpg,https://www.dayco.com/la-es/catalog/?search=7853,Auxiliar,TENSIONER&PULLEY,,,
DAYCO,APV2754,Tensor auxiliar,TENSOR,,,31170-RWK-005 (HONDA) | 31170-RWK-015 (HONDA) | 31170-RWK-025 (HONDA) | 31170-RWKA-005 (HONDA) | 31170-RZP-G01 (HONDA) | 31170-RZP-G02 (HONDA) | 31170-RZP-G03 (HONDA) | 31170-RZP-G04 (HONDA) | 31170-RZPA-G01 (HONDA) | 3117051BH02 (HONDA) | 31170R0A005 (HONDA) | 31170RNAA03 (HONDA) | 31170RWK035 (HONDA),,https://webcateu.dayco.ws/img/products/APV2754.jpg,https://www.dayco.com/la-es/catalog/?search=APV2754,Auxiliar,TENSIONER&PULLEY,,,
DAYCO,070SP160H,Correa de distribución,CORREA DE DISTRIBUCIÓN,,,13405-PAA-A02 (HONDA) | 13405-PP0-004 (AUSTIN) | 13405-PP0-004 (HONDA) | 13405-PTO-004 (HONDA) | 134055PP0004 (AUSTIN) | 13405PAAA01 (HONDA) | 13405PAAA03 (HONDA) | 13405PP0004 (MG) | 13405PP0004 (ROVER) | 13405PP0004 (TRIUMPH) | 13405PT0004 (HONDA) | GTB1292 (AUSTIN) | GTB1292 (MG) | GTB1292 (ROVER) | GTB1292 (TRIUMPH) | GTB9004 (ROVER) | LIB100000EVA (ROVER) | VT219 (IVECO),,https://webcateu.dayco.ws/img/products/TB.jpg,https://www.dayco.com/la-es/catalog/?search=070SP160H,Principal,TIMING BELT,,,
DAYCO,113SP240H,Correa de distribución,CORREA DE DISTRIBUCIÓN,,,06141-P50-305 (HONDA) | 06141PT0305 (HONDA) | 14400-P45-00 (HONDA) | 14400-P45-000 (HONDA) | 14400-P45-010 (HONDA) | 14400-P45-G00 (HONDA) | 14400-P45-G01 (HONDA) | 14400-PT0-004 (HONDA) | 14400-PTO-004 (HONDA) | 14400P4500 (AUSTIN) | 14400P4500 (MG) | 14400P4500 (ROVER) | 14400P4500 (TRIUMPH) | 14400P45000 (AUSTIN) | 14400P45000 (MG) | 14400P45000 (ROVER) | 14400P45000 (TRIUMPH) | 14400P45010 (AUSTIN) | 14400P45010 (MG) | 14400P45010 (ROVER) | 14400P45010 (TRIUMPH) | GTB1291 (AUSTIN) | GTB1291 (MG) | GTB1291 (ROVER) | GTB1291 (TRIUMPH) | GTB2005 (AUSTIN) | GTB2005 (MG) | GTB2005 (ROVER) | GTB2005 (TRIUMPH) | GTB2005XS (AUSTIN) | GTB2005XS (MG) | GTB2005XS (ROVER) | GTB2005XS (TRIUMPH) | LHN100370EVA (ROVER),,https://webcateu.dayco.ws/img/products/TB.jpg,https://www.dayco.com/la-es/catalog/?search=113SP240H,Principal,TIMING BELT,,,
DAYCO,1227,Tensor genérico,TENSOR,,,,,https://webcateu.dayco.ws/img/products/1227.jpg,https://www.dayco.com/la-es/catalog/?search=1227,Auxiliar,TENSIONER&PULLEY,,,
DAYCO,4PK1050,Correa Poly-V,CORREA POLY-V,,,500341618 (IVECO) | 56992-P44-G03 (HONDA) | 56992P04004 (HONDA) | 56992P04J02 (HONDA) | 56992P0A003 (HONDA) | 56992P0A004 (HONDA) | 56992PAAA01 (HONDA) | 56992PT0004 (HONDA) | 7700854326 (RENAULT) | 7701064337 (RENAULT) | 9008091090 (TOYOTA) | OK94115908 (KIA),,https://webcateu.dayco.ws/img/products/4PK.jpg,https://www.dayco.com/la-es/catalog/?search=4PK1050,Auxiliar,POLY-V,,,
DAYCO,112SP240H,Correa de distribución,CORREA DE DISTRIBUCIÓN,,,06141P0A305 (HONDA) | 06141PEA305 (HONDA) | 14400P0A004 (HONDA) | 14400PAAA01 (HONDA) | 14400PAAA02 (HONDA) | 14400PDAE01 (HONDA) | 14400POA004 (HONDA),,https://webcateu.dayco.ws/img/products/TB.jpg,https://www.dayco.com/la-es/catalog/?search=112SP240H,Principal,TIMING BELT,,,
DAYCO,104SP240H,Correa de distribución,CORREA DE DISTRIBUCIÓN,,,06141P28305 (HONDA) | 104RU24B333 (HONDA) | 14400-P28-004 (HONDA) | 14400-P2F-A01 (HONDA) | 14400P1HE01 (HONDA) | 14400P2E004 (HONDA) | LHN000060 (ROVER) | LHN100690 (ROVER) | VT303 (IVECO),,https://webcateu.dayco.ws/img/products/TB.jpg,https://www.dayco.com/la-es/catalog/?search=104SP240H,Principal,TIMING BELT,,,
DAYCO,4PK1120,Correa Poly-V,CORREA POLY-V,,,,,https://webcateu.dayco.ws/img/products/4PK.jpg,https://www.dayco.com/la-es/catalog/?search=4PK1120,Auxiliar,POLY-V,,,
DAYCO,7974,Tensor genérico,TENSOR,,,,,https://webcateu.dayco.ws/img/products/7974.jpg,https://www.dayco.com/la-es/catalog/?search=7974,Auxiliar,TENSIONER&PULLEY,,,
DAYCO,5PK1137,Correa Poly-V,CORREA POLY-V,,,11281738518 (BMW) | 11720-BN700 (NISSAN) | 1738519 (BMW) | 2521239800 (HYUNDAI) | 38920-RB0-004 (HONDA) | 5750.SY (CITROEN) | 5750SY (PEUGEOT) | 8200020924 (DACIA) | 8200020924 (RENAULT) | 96010219 (CITROEN) | 99365-21140 (TOYOTA) | 99365-71140 (TOYOTA),,https://webcateu.dayco.ws/img/products/5PK.jpg,https://www.dayco.com/la-es/catalog/?search=5PK1137,Auxiliar,POLY-V,,,
DAYCO,7917,Tensor genérico,TENSOR,,,,,https://webcateu.dayco.ws/img/products/7917.jpg,https://www.dayco.com/la-es/catalog/?search=7917,Auxiliar,TENSIONER&PULLEY,,,
DAYCO,APV3194,Tensor auxiliar,TENSOR,,,31170-RB0-J01 (HONDA) | 31170-RE2-E01 (HONDA) | 31170-RSJ-E01 (HONDA),,https://webcateu.dayco.ws/img/products/APV3194.jpg,https://www.dayco.com/la-es/catalog/?search=APV3194,Auxiliar,TENSIONER&PULLEY,,,
DAYCO,KTC1603,Kit cadena de distribución,KIT DISTRIBUCION,,,,,https://webcateu.dayco.ws/img/products/KTC1603.jpg,https://www.dayco.com/la-es/catalog/?search=KTC1603,Principal,CHAIN KIT,,,
DAYCO,7766,Tensor genérico,TENSOR,,,,,https://webcateu.dayco.ws/img/products/7766.jpg,https://www.dayco.com/la-es/catalog/?search=7766,Auxiliar,TENSIONER&PULLEY,,,
DAYCO,ATB2054,Tensor de distribución,TENSOR,,,14510P08003 (HONDA) | 14510P08004 (HONDA) | 14510P2A003 (HONDA) | 14510P2A004 (HONDA) | 14510P2AJ01 (HONDA) | 14520P2A305 (HONDA) | 14520P2A306 (HONDA) | GT90040 (GMB) | LHP100790 (ROVER),,https://webcateu.dayco.ws/img/products/ATB2054.jpg,https://www.dayco.com/la-es/catalog/?search=ATB2054,Principal,TENSIONER&PULLEY,,,
DAYCO,106SP240H,Correa de distribución,CORREA DE DISTRIBUCIÓN,,,06141PM3305 (HONDA) | 14400-PM3-004 (HONDA) | 14400P1JE01 (HONDA),,https://webcateu.dayco.ws/img/products/TB.jpg,https://www.dayco.com/la-es/catalog/?search=106SP240H,Principal,TIMING BELT,,,
DAYCO,KTB392,Kit de distribución,KIT DISTRIBUCION,,,,,https://webcateu.dayco.ws/img/products/KTB392.jpg,https://www.dayco.com/la-es/catalog/?search=KTB392,Principal,TIMING BELT KIT,,,
DAYCO,4PK830,Correa Poly-V,CORREA POLY-V,,,11720-70J00 (NISSAN) | 11720-BX000 (NISSAN) | 11720-BX005 (NISSAN) | 117202F200 (NISSAN) | 1172070J05 (NISSAN) | 11920-77A00 (NISSAN) | 11920-77A10 (NISSAN) | 11920-Q5200 (NISSAN) | 1192077A00TM (NISSAN) | 1300011-E00 (GREAT WALL MOTOR) | 1800183180 (GEELY) | 25183067 (CHRYSLER) | 25183067 (DAEWOO) | 5001869385 (RENAULT) | 7040340 (FORD) | 71749435 (FIAT) | 7788553 (FIAT) | 8103580J23#A00 (TOYOTA) | 8845887102 (DAIHATSU) | 8845887103 (DAIHATSU) | 9091602341 (TOYOTA) | 9514150F01 (SUZUKI) | 9514157B50 (SUZUKI) | 9514160A00 (SUZUKI) | 9514170F01 (SUZUKI) | 96610564 (CHRYSLER) | 96610564 (DAEWOO) | 9771322260 (HYUNDAI) | 99364-50830 (DAIHATSU) | 99364-50830 (TOYOTA) | 99364-70830 (TOYOTA) | 99364-80830 (TOYOTA) | 9936470830000 (DAIHATSU) | 9936480830000 (DAIHATSU) | GMB40823 (ROVER),,https://webcateu.dayco.ws/img/products/4PK.jpg,https://www.dayco.com/la-es/catalog/?search=4PK830,Auxiliar,POLY-V,,,
DAYCO,104SP220H,Correa de distribución,CORREA DE DISTRIBUCIÓN,,,104RU22B333 (HONDA) | 14400-PMM-A01 (HONDA) | 14400PLM004 (HONDA) | 14400PLM014 (HONDA) | 14400PMMA02 (HONDA) | 14400PMMA03 (HONDA) | 5636376 (GENERAL MOTORS) | 5636376 (ISUZU) | 5636376 (OPEL) | 5636376 (VAUXHALL) | 897143724 (HONDA) | 8971437240 (ISUZU) | 97143724 (ISUZU) | 97143724 (OPEL) | 97143724 (VAUXHALL),,https://webcateu.dayco.ws/img/products/TB.jpg,https://www.dayco.com/la-es/catalog/?search=104SP220H,Principal,TIMING BELT,,,
DAYCO,4PK1010,Correa Poly-V,CORREA POLY-V,,,,,https://webcateu.dayco.ws/img/products/4PK.jpg,https://www.dayco.com/la-es/catalog/?search=4PK1010,Auxiliar,POLY-V,,,
DAYCO,6PK986,Correa Poly-V,CORREA POLY-V,,,31110PLR003 (HONDA) | 38920PLR003 (HONDA) | 38920PLR004 (HONDA) | 38920PLR505 (HONDA) | 38920PMET01 (HONDA) | 46462950 (FIAT) | 46751834 (FIAT) | 46770217 (FIAT) | 71719396 (FIAT) | 7780556 (FIAT) | 7780557 (FIAT),,https://webcateu.dayco.ws/img/products/6PK.jpg,https://www.dayco.com/la-es/catalog/?search=6PK986,Auxiliar,POLY-V,,,
DAYCO,7756,Tensor genérico,TENSOR,,,,,https://webcateu.dayco.ws/img/products/7756.jpg,https://www.dayco.com/la-es/catalog/?search=7756,Auxiliar,TENSIONER&PULLEY,,,
DAYCO,ATB2551,Tensor de distribución,TENSOR,,,04145-PLC-315 (HONDA) | 14510-PLC-034 (HONDA) | 14510-PLC-315 (HONDA) | 14520-PLC-305 (HONDA) | 14520-PLC-325 (HONDA) | 14520-PLC-335 (HONDA) | 14520-PLC-355 (HONDA),,https://webcateu.dayco.ws/img/products/ATB2551.jpg,https://www.dayco.com/la-es/catalog/?search=ATB2551,Principal,TENSIONER&PULLEY,,,
DAYCO,KIT-9035,Kit de distribución,KIT DISTRIBUCION,,,,,https://webcateu.dayco.ws/img/products/KIT-9035.jpg,https://www.dayco.com/la-es/catalog/?search=KIT-9035,Principal,TIMING BELT KIT,,,
DAYCO,KTB780,Kit de distribución,KIT DISTRIBUCION,,,,,https://webcateu.dayco.ws/img/products/KTB780.jpg,https://www.dayco.com/la-es/catalog/?search=KTB780,Principal,TIMING BELT KIT,,,
DAYCO,KTC1208,Kit cadena de distribución,KIT DISTRIBUCION,,,,,https://webcateu.dayco.ws/img/products/KTC1208.jpg,https://www.dayco.com/la-es/catalog/?search=KTC1208,Principal,CHAIN KIT,,,
DAYCO,KTC1597,Kit cadena de distribución,KIT DISTRIBUCION,,,,,https://webcateu.dayco.ws/img/products/KTC1597.jpg,https://www.dayco.com/la-es/catalog/?search=KTC1597,Principal,CHAIN KIT,,,
DAYCO,7PK1710S,Correa Poly-V,CORREA POLY-V,,,3111059B014 (HONDA),,https://webcateu.dayco.ws/img/products/7PK.jpg,https://www.dayco.com/la-es/catalog/?search=7PK1710S,Auxiliar,POLY-V,,,
DAYCO,4PK890,Correa Poly-V,CORREA POLY-V,,,034903137B (AUDI) | 0539003137A (AUDI) | 11281437875 (BMW) | 11281739470 (BMW) | 11281743193 (BMW) | 11720AA000 (NISSAN) | 119650-71E00 (NISSAN) | 1743193 (BMW) | 25212-23700 (HYUNDAI) | 2521223700 (KIA) | 2521223721 (HYUNDAI) | 2521223721 (KIA) | 4668180AB (CHRYSLER) | 4668180AB (DODGE) | 4918164J00 (SUZUKI) | 4PK890 (HYUNDAI) | 5096317AA (CHRYSLER) | 64551739470 (BMW) | 73323AC010 (SUBARU) | 73323FA000 (SUBARU) | 9051952 (GENERAL MOTORS) | 99364-00890 (TOYOTA) | 99364-20890 (TOYOTA) | 99364-50890 (TOYOTA) | 99364-70890 (TOYOTA) | AHU2174 (AUSTIN) | AHU2174 (MG) | B366-15-907 (MAZDA) | B50115908 (MAZDA) | B596-15-907 (MAZDA) | B66015907 (MAZDA) | B66015908 (MAZDA) | B660159088C (MAZDA) | B660159089C (MAZDA) | B660159089F (MAZDA) | B6BF15907 (MAZDA) | B6BF183819F (MAZDA) | B6BF18381A (MAZDA) | B6BF18381A9F (MAZDA) | B6BF18381B (MAZDA) | BP2515908 (MAZDA) | BP2515908A (MAZDA) | GFB80890 (AUSTIN) | GFB80890 (MG) | GFB80890 (ROVER) | GMB40890 (AUSTIN) | GMB40890 (MG) | GMB40890 (ROVER) | MB36615907A (KIA) | MB938467 (CHRYSLER) | MD337406 (MITSUBISHI) | MD368855 (MITSUBISHI) | OK21A18381 (KIA) | ZL0115907 (MAZDA),,https://webcateu.dayco.ws/img/products/4PK.jpg,https://www.dayco.com/la-es/catalog/?search=4PK890,Auxiliar,POLY-V,,,
DAYCO,7PK1740,Correa Poly-V,CORREA POLY-V,,,1172000Q0F (NISSAN) | 117205X00B (NISSAN) | 38920PNB003 (HONDA),,https://webcateu.dayco.ws/img/products/7PK.jpg,https://www.dayco.com/la-es/catalog/?search=7PK1740,Auxiliar,POLY-V,,,
DAYCO,7PK2060,Correa Poly-V,CORREA POLY-V,,,,,https://webcateu.dayco.ws/img/products/7PK.jpg,https://www.dayco.com/la-es/catalog/?search=7PK2060,Auxiliar,POLY-V,,,
DAYCO,73258,Manguera,MANGUERA,,,19502RC0M000 (HONDA),,https://webcateu.dayco.ws/img/products/73258.jpg,https://www.dayco.com/la-es/catalog/?search=73258,Refrigeración,COOLING HOSE,,,
DAYCO,73259,Manguera,MANGUERA,,,19501RC0M000 (HONDA),,https://webcateu.dayco.ws/img/products/73259.jpg,https://www.dayco.com/la-es/catalog/?search=73259,Refrigeración,COOLING HOSE,,,
DAYCO,KTC1632,Kit cadena de distribución,KIT DISTRIBUCION,,,,,https://webcateu.dayco.ws/img/products/KTC1632.jpg,https://www.dayco.com/la-es/catalog/?search=KTC1632,Principal,CHAIN KIT,,,
DAYCO,6PK2115S,Correa Poly-V,CORREA POLY-V,,,,,https://webcateu.dayco.ws/img/products/6PK.jpg,https://www.dayco.com/la-es/catalog/?search=6PK2115S,Auxiliar,POLY-V,,,
DAYCO,6PK2135,Correa Poly-V,CORREA POLY-V,,,0029930996 (MERCEDES-BENZ) | 0119971792 (MERCEDES-BENZ) | 0139974592 (MERCEDES-BENZ) | 25212-2B000 (HYUNDAI) | 252122B000 (KIA) | 29930996 (MERCEDES-BENZ) | 38920RCAA01 (HONDA) | 38920RCAA03 (HONDA) | 38920RCAA05 (HONDA) | 56992R70A01 (HONDA) | A0029930996 (MERCEDES-BENZ) | A0139974592 (MERCEDES-BENZ),,https://webcateu.dayco.ws/img/products/6PK.jpg,https://www.dayco.com/la-es/catalog/?search=6PK2135,Auxiliar,POLY-V,,,
DAYCO,7PK2195,Correa Poly-V,CORREA POLY-V,,,,,https://webcateu.dayco.ws/img/products/7PK.jpg,https://www.dayco.com/la-es/catalog/?search=7PK2195,Auxiliar,POLY-V,,,
DAYCO,73262,Manguera,MANGUERA,,,19501RNDM001 (HONDA),,https://webcateu.dayco.ws/img/products/73262.jpg,https://www.dayco.com/la-es/catalog/?search=73262,Refrigeración,COOLING HOSE,,,
DAYCO,73268,Manguera,MANGUERA,,,19502RNDM001 (HONDA),,https://webcateu.dayco.ws/img/products/73268.jpg,https://www.dayco.com/la-es/catalog/?search=73268,Refrigeración,COOLING HOSE,,,
DAYCO,4PK1025,Correa Poly-V,CORREA POLY-V,,,0K2JV15909 (KIA) | 11720-V5301 (NISSAN) | 11720-V5313 (NISSAN) | 11720V5300 (NISSAN) | 11720V5302 (NISSAN) | 11720V5302TM (NISSAN) | 11720V5303 (NISSAN) | 11720V5312 (NISSAN) | 167071 (PEUGEOT) | 400942 (PEUGEOT) | 400986 (PEUGEOT) | 49181-77E00 (SUBARU) | 49181-77E00 (SUZUKI) | 4918177 (SUZUKI) | 56992-P13-003 (HONDA) | 56992-PDE-E01 (HONDA) | 56992-PTO-003 (HONDA) | 56992-PTO-004 (HONDA) | 56992P11003 (HONDA) | 56992P13030 (HONDA) | 56992P76003 (HONDA) | 56992PSA004 (HONDA) | 56992PSA505 (HONDA) | 5750L7 (PEUGEOT) | 6453A0 (PEUGEOT) | 91536227 (CITROEN) | 91536227 (PEUGEOT) | 95666985 (CITROEN) | 95666985 (PEUGEOT) | 9605062 (PEUGEOT) | 96050625 (PEUGEOT) | 97518683 (PEUGEOT) | EBC11220 (JAGUAR) | J50315908 (MAZDA) | JE4815908 (MAZDA) | OK2JV15909 (KIA),,https://webcateu.dayco.ws/img/products/4PK.jpg,https://www.dayco.com/la-es/catalog/?search=4PK1025,Auxiliar,POLY-V,,,
DAYCO,5PK946,Correa Poly-V,CORREA POLY-V,,,11281433948 (BMW) | 11281437874 (BMW) | 11720-0C805 (NISSAN) | 117200C800 (NISSAN) | 12578062 (CADILLAC) | 31110-P12-A01 (HONDA) | 31110-P12-A02 (HONDA) | 31110-PB0-004 (HONDA) | 31110-PTO-003 (HONDA) | 31110P12505 (HONDA) | A17200C800 (NISSAN) | MD192809 (MITSUBISHI),,https://webcateu.dayco.ws/img/products/5PK.jpg,https://www.dayco.com/la-es/catalog/?search=5PK946,Auxiliar,POLY-V,,,
DAYCO,900056,Manguera,MANGUERA,,,,,https://webcateu.dayco.ws/img/products/900056.jpg,https://www.dayco.com/la-es/catalog/?search=900056,Refrigeración,HOSE,,,
DAYCO,900057,Manguera,MANGUERA,,,,,https://webcateu.dayco.ws/img/products/900057.jpg,https://www.dayco.com/la-es/catalog/?search=900057,Refrigeración,HOSE,,,
DAYCO,7PK1260,Correa Poly-V,CORREA POLY-V,,,11720EB70B (NISSAN),,https://webcateu.dayco.ws/img/products/7PK.jpg,https://www.dayco.com/la-es/catalog/?search=7PK1260,Auxiliar,POLY-V,,,
DAYCO,KTC1633,Kit cadena de distribución,KIT DISTRIBUCION,,,,,https://webcateu.dayco.ws/img/products/KTC1633.jpg,https://www.dayco.com/la-es/catalog/?search=KTC1633,Principal,CHAIN KIT,,,
DAYCO,7PK1270,Correa Poly-V,CORREA POLY-V,,,,,https://webcateu.dayco.ws/img/products/7PK.jpg,https://www.dayco.com/la-es/catalog/?search=7PK1270,Auxiliar,POLY-V,,,
DAYCO,7933,Tensor genérico,TENSOR,,,,,https://webcateu.dayco.ws/img/products/7933.jpg,https://www.dayco.com/la-es/catalog/?search=7933,Auxiliar,TENSIONER&PULLEY,,,
DAYCO,APV2842,Tensor auxiliar,TENSOR,,,11955-5X00D (NISSAN) | 119555X00E (NISSAN),,https://webcateu.dayco.ws/img/products/APV2842.jpg,https://www.dayco.com/la-es/catalog/?search=APV2842,Auxiliar,TENSIONER&PULLEY,,,
DAYCO,7PK1666,Correa Poly-V,CORREA POLY-V,,,11720-5152R (NISSAN),,https://webcateu.dayco.ws/img/products/7PK.jpg,https://www.dayco.com/la-es/catalog/?search=7PK1666,Auxiliar,POLY-V,,,
DAYCO,5PK854EE,Correa Poly-V,CORREA POLY-V,,,,,https://webcateu.dayco.ws/img/products/5PK.jpg,https://www.dayco.com/la-es/catalog/?search=5PK854EE,Auxiliar,POLY-V,,,
DAYCO,2096,Tensor genérico,TENSOR,,,,,https://webcateu.dayco.ws/img/products/2096.jpg,https://www.dayco.com/la-es/catalog/?search=2096,Auxiliar,TENSIONER&PULLEY,,,
DAYCO,900060,Manguera,MANGUERA,,,,,https://webcateu.dayco.ws/img/products/900060.jpg,https://www.dayco.com/la-es/catalog/?search=900060,Refrigeración,HOSE,,,
DAYCO,APV3073,Tensor auxiliar,TENSOR,,,11927-1HC0A (NISSAN) | 11927-ED000 (NISSAN) | 11927-ED00B (NISSAN) | 119271HC0A (RENAULT) | 119271HC0D (NISSAN) | 119275HW0A (NISSAN),,https://webcateu.dayco.ws/img/products/APV3073.jpg,https://www.dayco.com/la-es/catalog/?search=APV3073,Auxiliar,TENSIONER&PULLEY,,,
DAYCO,900058,Manguera,MANGUERA,,,,,https://webcateu.dayco.ws/img/products/900058.jpg,https://www.dayco.com/la-es/catalog/?search=900058,Refrigeración,HOSE,,,
DAYCO,900059,Manguera,MANGUERA,,,,,https://webcateu.dayco.ws/img/products/900059.jpg,https://www.dayco.com/la-es/catalog/?search=900059,Refrigeración,HOSE,,,
DAYCO,900061,Manguera,MANGUERA,,,,,https://webcateu.dayco.ws/img/products/900061.jpg,https://www.dayco.com/la-es/catalog/?search=900061,Refrigeración,HOSE,,,
DAYCO,KTC1606,Kit cadena de distribución,KIT DISTRIBUCION,,,,,https://webcateu.dayco.ws/img/products/KTC1606.jpg,https://www.dayco.com/la-es/catalog/?search=KTC1606,Principal,CHAIN KIT,,,
DAYCO,133SP254H,Correa de distribución,CORREA DE DISTRIBUCIÓN,,,130280B700 (NISSAN) | 130280B725 (NISSAN) | 130280B785 (NISSAN) | 340278 (PEUGEOT) | 340285 (PEUGEOT) | 91541318 (PEUGEOT),,https://webcateu.dayco.ws/img/products/TB.jpg,https://www.dayco.com/la-es/catalog/?search=133SP254H,Principal,TIMING BELT,,,
DAYCO,KTB684,Kit de distribución,KIT DISTRIBUCION,,,,,https://webcateu.dayco.ws/img/products/KTB684.jpg,https://www.dayco.com/la-es/catalog/?search=KTB684,Principal,TIMING BELT KIT,,,
DAYCO,7755,Tensor genérico,TENSOR,,,,,https://webcateu.dayco.ws/img/products/7755.jpg,https://www.dayco.com/la-es/catalog/?search=7755,Auxiliar,TENSIONER&PULLEY,,,
DAYCO,ATB2479,Tensor de distribución,TENSOR,,,13070-5L300 (NISSAN) | 13070-73L00 (NISSAN) | 13070-V5001 (NISSAN) | 1307042L00 (NISSAN) | GT80340 (GMB),,https://webcateu.dayco.ws/img/products/ATB2479.jpg,https://www.dayco.com/la-es/catalog/?search=ATB2479,Principal,TENSIONER&PULLEY,,,
DAYCO,5PK1290,Correa Poly-V,CORREA POLY-V,,,0119979192 (MERCEDES-BENZ) | 0119979392 (MERCEDES-BENZ) | 0129977692 (MERCEDES-BENZ) | 0139971492 (MERCEDES-BENZ) | 0149973292 (MERCEDES-BENZ) | 12578060 (CADILLAC) | A0119979192 (MERCEDES-BENZ) | A0119979392 (MERCEDES-BENZ) | A0129977692 (MERCEDES-BENZ) | A0139971492 (MERCEDES-BENZ) | A0149973292 (MERCEDES-BENZ),,https://webcateu.dayco.ws/img/products/5PK.jpg,https://www.dayco.com/la-es/catalog/?search=5PK1290,Auxiliar,POLY-V,,,
DAYCO,13A1150C,Correa de transmisión,CORREA DE TRANSMISIÓN,,,0029976892 (MERCEDES-BENZ) | 0049978492 (MERCEDES-BENZ) | 0049979992 (MERCEDES-BENZ) | 007753012567 (MERCEDES-BENZ) | 02117-14523 (NISSAN) | 02117-15023 (NISSAN) | 02117-16023 (NISSAN) | 11720-02N00 (NISSAN) | 11720-06J01 (NISSAN) | 11720-06J02 (NISSAN) | 11720-0F000 (NISSAN) | 11720-43G01 (NISSAN) | 11720-43G02 (NISSAN) | 11720-43G03 (NISSAN) | 11720-43G91 (NISSAN) | 1172002N02 (NISSAN) | 1172002N04 (NISSAN) | 1172002N0C (NISSAN) | 1172043G0A (NISSAN) | 1172069T01 (NISSAN) | 11950-43G00 (NISSAN) | 11950-43G01 (NISSAN) | 11950-80W00 (NISSAN) | 11950-G2401 (NISSAN) | 11950-OF300 (NISSAN) | 119500F300 (NISSAN) | 13H480 (ROVER) | 1540766 (FORD) | 1660475 (FORD) | 1776433 (FORD) | 1952551 (FORD) | 1956127 (FORD) | 255272916 (VOLKSWAGEN) | 2706E8620 (FORD) | 5026973 (FORD) | 5134215 (BEDFORD) | 6096292 (FORD) | 6166102 (FORD) | 6182476 (FORD) | 622E8620A (FORD) | 723F8620AAA (FORD) | 73036-GA130 (SUBARU) | 80TF6C301BA (FORD) | 86EF6C301AA (FORD) | 88EF6C301CA (FORD) | 980468 (VOLVO) | 99919225450 (PORSCHE) | A0029976892 (MERCEDES-BENZ) | A0029979092 (MERCEDES-BENZ) | A0039970692 (MERCEDES-BENZ) | A0039976992 (MERCEDES-BENZ) | A0049978492 (MERCEDES-BENZ) | A0049979992 (MERCEDES-BENZ) | A007753012567 (MERCEDES-BENZ) | A195A43G0AGA (NISSAN) | MB636553 (MITSUBISHI) | MD180582 (MITSUBISHI) | RFJ518381A9A (MAZDA),,https://webcateu.dayco.ws/img/products/VEE.jpg,https://www.dayco.com/la-es/catalog/?search=13A1150C,Transmisión,RAW-EDGE(V),,,
DAYCO,6PK2255,Correa Poly-V,CORREA POLY-V,,,0089971892 (MERCEDES-BENZ) | 0089977092 (SSANGYONG) | 0159970292 (MERCEDES-BENZ) | 53012009 (JEEP) | 53013298AA (JEEP) | 6659970392 (SSANGYONG) | 68027636AA (JEEP) | 89977092 (MERCEDES-BENZ) | 9091602231 (TOYOTA) | 9091602463 (LEXUS) | A0089971892 (MERCEDES-BENZ) | A6129970092 (MERCEDES-BENZ) | A6659970392 (SSANGYONG) | LF1915909 (MAZDA) | LF1915909A (MAZDA) | LF1915909B (MAZDA) | LF9J-15-909A (MAZDA) | LFA115909 (MAZDA),,https://webcateu.dayco.ws/img/products/6PK.jpg,https://www.dayco.com/la-es/catalog/?search=6PK2255,Auxiliar,POLY-V,,,
DAYCO,092SP220H,Correa de distribución,CORREA DE DISTRIBUCIÓN,,,145813 (PROTON) | 2431222010 (HYUNDAI) | 2431222020 (HYUNDAI) | MD145813 (MITSUBISHI) | MD145813 (PROTON) | MD197129 (MITSUBISHI) | XD145813 (MITSUBISHI),,https://webcateu.dayco.ws/img/products/TB.jpg,https://www.dayco.com/la-es/catalog/?search=092SP220H,Principal,TIMING BELT,,,
DAYCO,4PK610,Correa Poly-V,CORREA POLY-V,,,11281341779 (BMW) | 12311341779 (BMW) | 12311342087 (BMW) | 1341779 (BMW) | 5723122000 (DAIHATSU) | 5723122000 (HYUNDAI) | 5723129050 (HYUNDAI),,https://webcateu.dayco.ws/img/products/4PK.jpg,https://www.dayco.com/la-es/catalog/?search=4PK610,Auxiliar,POLY-V,,,
DAYCO,4PK900,Correa Poly-V,CORREA POLY-V,,,"0K20A15908 (KIA) | 1,195071E+16 (NISSAN) | 1195071 (NISSAN) | 1195071E00 (NISSAN) | 1195071E10 (NISSAN) | 128037 (PEUGEOT) | 17521-82J00 (SUZUKI) | 17521M68K00 (SUZUKI) | 2521222020 (HYUNDAI) | 2521222030 (HYUNDAI) | 4663182 (FIAT) | 4751659 (CHRYSLER) | 4892444AA (CHRYSLER) | 4892749AA (CHRYSLER) | 4892749AA (DODGE) | 4918060G10 (SUBARU) | 4918060G10 (SUZUKI) | 5750.WX (CITROEN) | 5750WX (PEUGEOT) | 71749443 (FIAT) | 73323AC011 (SUBARU) | 90916W2031 (TOYOTA) | 9936420900 (TOYOTA) | 9936430900 (LEXUS) | 9936430900 (TOYOTA) | 9936450900 (TOYOTA) | AS0115907C (MAZDA)",,https://webcateu.dayco.ws/img/products/4PK.jpg,https://www.dayco.com/la-es/catalog/?search=4PK900,Auxiliar,POLY-V,,,
DAYCO,ATB2438,Tensor de distribución,TENSOR,,,24410-22000 (HYUNDAI) | 24410-22020 (HYUNDAI) | 2441026000 (HYUNDAI) | 2441026000 (KIA) | GT10022 (GMB),,https://webcateu.dayco.ws/img/products/ATB2438.jpg,https://www.dayco.com/la-es/catalog/?search=ATB2438,Principal,TENSIONER&PULLEY,,,
DAYCO,KTB598,Kit de distribución,KIT DISTRIBUCION,,,,,https://webcateu.dayco.ws/img/products/KTB598.jpg,https://www.dayco.com/la-es/catalog/?search=KTB598,Principal,TIMING BELT KIT,,,
DAYCO,105SP220H,Correa de distribución,CORREA DE DISTRIBUCIÓN,,,24312-26001 (KIA) | 2431226000 (HYUNDAI) | 2431226001 (HYUNDAI) | 2431226050 (HYUNDAI),,https://webcateu.dayco.ws/img/products/TB.jpg,https://www.dayco.com/la-es/catalog/?search=105SP220H,Principal,TIMING BELT,,,
DAYCO,101SHP+200H,Correa de distribución,CORREA DE DISTRIBUCIÓN,,,2431202270 (HYUNDAI) | 2431202270 (KIA) | 2431202701 (HYUNDAI) | 2431202701 (KIA),,https://webcateu.dayco.ws/img/products/TB.jpg,https://www.dayco.com/la-es/catalog/?search=101SHP+200H,Principal,TIMING BELT,,,
DAYCO,KIT-9033,Kit de distribución,KIT DISTRIBUCION,,,,,https://webcateu.dayco.ws/img/products/KIT-9033.jpg,https://www.dayco.com/la-es/catalog/?search=KIT-9033,Principal,TIMING BELT KIT,,,
DAYCO,KTB506,Kit de distribución,KIT DISTRIBUCION,,,,,https://webcateu.dayco.ws/img/products/KTB506.jpg,https://www.dayco.com/la-es/catalog/?search=KTB506,Principal,TIMING BELT KIT,,,
DAYCO,7700,Tensor genérico,TENSOR,,,,,https://webcateu.dayco.ws/img/products/7700.jpg,https://www.dayco.com/la-es/catalog/?search=7700,Auxiliar,TENSIONER&PULLEY,,,
DAYCO,ATB2366,Tensor de distribución,TENSOR,,,24410-02510 (HYUNDAI) | 2441002100 (HYUNDAI) | 2441002550 (HYUNDAI) | 2441002550 (KIA) | GT10240 (GMB),,https://webcateu.dayco.ws/img/products/ATB2366.jpg,https://www.dayco.com/la-es/catalog/?search=ATB2366,Principal,TENSIONER&PULLEY,,,
DAYCO,6PK2475,Correa Poly-V,CORREA POLY-V,,,059903137AC (AUDI) | 059903137AC (SEAT) | 059903137AC (SKODA) | 059903137AC (VOLKSWAGEN) | 059903137AK (PORSCHE) | 059903137R (VOLKSWAGEN) | 077903137G (AUDI) | 077903137H (AUDI) | 077903137L (AUDI) | 109978992 (MERCEDES-BENZ) | 25212-3C100 (KIA) | 252122G770 (KIA) | 252123C100 (HYUNDAI) | 252123C200 (HYUNDAI) | 252123C200 (KIA) | 53006870 (JEEP) | 53010269 (JEEP) | 59903137R (AUDI) | 59903137R (SEAT) | 59903137R (SKODA) | 6E903137AE (AUDI) | 95510293400 (PORSCHE) | 95810221600 (PORSCHE) | A0109978992 (MERCEDES-BENZ),,https://webcateu.dayco.ws/img/products/6PK.jpg,https://www.dayco.com/la-es/catalog/?search=6PK2475,Auxiliar,POLY-V,,,
DAYCO,113SP254H,Correa de distribución,CORREA DE DISTRIBUCIÓN,,,2431223201 (HYUNDAI) | 2431223202 (HYUNDAI) | 2431223202 (KIA) | 2431223400 (HYUNDAI),,https://webcateu.dayco.ws/img/products/TB.jpg,https://www.dayco.com/la-es/catalog/?search=113SP254H,Principal,TIMING BELT,,,
DAYCO,111SP254H,Correa de distribución,CORREA DE DISTRIBUCIÓN,,,13028-57J00 (NISSAN) | 13028-57J01 (NISSAN) | 13028-57J25 (NISSAN) | 130282J600 (NISSAN) | 130282J685 (NISSAN) | 1302857J52 (NISSAN) | 24312-23001 (HYUNDAI) | 24312-23002 (KIA) | 2431223002 (HYUNDAI),,https://webcateu.dayco.ws/img/products/TB.jpg,https://www.dayco.com/la-es/catalog/?search=111SP254H,Principal,TIMING BELT,,,
DAYCO,6PK1285,Correa Poly-V,CORREA POLY-V,,,252122E820 (HYUNDAI),,https://webcateu.dayco.ws/img/products/6PK.jpg,https://www.dayco.com/la-es/catalog/?search=6PK1285,Auxiliar,POLY-V,,,
DAYCO,1202,Tensor genérico,TENSOR,,,,,https://webcateu.dayco.ws/img/products/1202.jpg,https://www.dayco.com/la-es/catalog/?search=1202,Auxiliar,TENSIONER&PULLEY,,,
DAYCO,APV2931,Tensor auxiliar,TENSOR,,,0K9BV10770 (KIA),,https://webcateu.dayco.ws/img/products/APV2931.jpg,https://www.dayco.com/la-es/catalog/?search=APV2931,Auxiliar,TENSIONER&PULLEY,,,
DAYCO,APV2998,Tensor auxiliar,TENSOR,,,25281-2B000 (HYUNDAI) | 25281-2B000 (KIA) | 25281-2B010 (HYUNDAI) | 25281-2B010 (KIA) | 25281-2B020 (HYUNDAI) | 25281-2B020 (KIA) | 252812B030 (HYUNDAI),,https://webcateu.dayco.ws/img/products/APV2998.jpg,https://www.dayco.com/la-es/catalog/?search=APV2998,Auxiliar,TENSIONER&PULLEY,,,
DAYCO,092SHX190H,Correa de distribución,CORREA DE DISTRIBUCIÓN,,,24312-24000 (HYUNDAI) | 24312-24010 (HYUNDAI) | 2431224050 (HYUNDAI) | MD100814 (MITSUBISHI) | MD100814 (PROTON) | MD113564 (HYUNDAI) | MD113564 (MITSUBISHI) | MD113564 (PROTON) | MD116786 (HYUNDAI) | MD116786 (MITSUBISHI) | MD197128 (MITSUBISHI) | XD113564 (MITSUBISHI),,https://webcateu.dayco.ws/img/products/TB.jpg,https://www.dayco.com/la-es/catalog/?search=092SHX190H,Principal,TIMING BELT,,,
DAYCO,065SHP+127H,Correa de distribución,CORREA DE DISTRIBUCIÓN,,,23356-33110 (HYUNDAI) | 23356-33120 (HYUNDAI) | 23356-33150 (HYUNDAI) | 23356-33160 (HYUNDAI) | 2335633130 (HYUNDAI) | 2335633140 (HYUNDAI) | 2335633160 (KIA) | 2335633160 (MITSUBISHI) | 85953029 (CHERY) | MD115977 (MITSUBISHI) | MD145716 (MITSUBISHI) | MD171749 (MITSUBISHI) | MD182295 (CHRYSLER) | MD182295 (MITSUBISHI) | MD182295 (PROTON) | MD192295 (MITSUBISHI) | MR192295 (MITSUBISHI) | MR984778 (MITSUBISHI) | SMD182295 (CHERY) | SMD182295 (GREAT WALL MOTOR),,https://webcateu.dayco.ws/img/products/TB.jpg,https://www.dayco.com/la-es/catalog/?search=065SHP+127H,Principal,TIMING BELT,,,
DAYCO,1301,Tensor genérico,TENSOR,,,,,https://webcateu.dayco.ws/img/products/1301.jpg,https://www.dayco.com/la-es/catalog/?search=1301,Auxiliar,TENSIONER&PULLEY,,,
DAYCO,151SP290H,Correa de distribución,CORREA DE DISTRIBUCIÓN,,,24312-33010 (HYUNDAI) | 24312-33020 (HYUNDAI) | 24312-33030 (HYUNDAI) | 24312-33040 (HYUNDAI) | 24312-33050 (HYUNDAI) | 24312-33060 (HYUNDAI) | MD110041 (MITSUBISHI) | MD133116 (MITSUBISHI) | MD133118 (MITSUBISHI) | MD145714 (MITSUBISHI) | MD182201 (MITSUBISHI) | MD197139 (MITSUBISHI) | MD199418 (MITSUBISHI),,https://webcateu.dayco.ws/img/products/TB.jpg,https://www.dayco.com/la-es/catalog/?search=151SP290H,Principal,TIMING BELT,,,
DAYCO,153SP290H,Correa de distribución,CORREA DE DISTRIBUCIÓN,,,1145A038 (MITSUBISHI) | 24312-33160 (KIA) | 2431233110 (HYUNDAI) | 2431233120 (HYUNDAI) | 2431233130 (HYUNDAI) | 2431233140 (HYUNDAI) | 2431233150 (HYUNDAI) | 2431233160 (HYUNDAI) | MD110029 (MITSUBISHI) | MD133115 (MITSUBISHI) | MD145713 (MITSUBISHI) | MD171748 (MITSUBISHI) | MD182291 (MITSUBISHI) | MD197142 (MITSUBISHI) | MD326025 (MITSUBISHI) | MD326059 (HYUNDAI) | MD326059 (MITSUBISHI) | MD327394 (MITSUBISHI) | MN187466 (MITSUBISHI) | XD182291 (MITSUBISHI) | XD326059 (MITSUBISHI),,https://webcateu.dayco.ws/img/products/TB.jpg,https://www.dayco.com/la-es/catalog/?search=153SP290H,Principal,TIMING BELT,,,
DAYCO,2049,Tensor genérico,TENSOR,,,,,https://webcateu.dayco.ws/img/products/2049.jpg,https://www.dayco.com/la-es/catalog/?search=2049,Auxiliar,TENSIONER&PULLEY,,,
DAYCO,2052,Tensor genérico,TENSOR,,,,,https://webcateu.dayco.ws/img/products/2052.jpg,https://www.dayco.com/la-es/catalog/?search=2052,Auxiliar,TENSIONER&PULLEY,,,
DAYCO,2055,Tensor genérico,TENSOR,,,,,https://webcateu.dayco.ws/img/products/2055.jpg,https://www.dayco.com/la-es/catalog/?search=2055,Auxiliar,TENSIONER&PULLEY,,,
DAYCO,4PK990,Correa Poly-V,CORREA POLY-V,,,11720-13000 (NISSAN) | 1172050A00 (NISSAN) | 1172050A10 (NISSAN) | 25212-33160 (KIA) | 2521233100 (HYUNDAI) | 2521233150 (HYUNDAI) | 2521233160 (HYUNDAI) | 56992-PK1-0040 (HONDA) | 73036GA100 (SUBARU) | B612-15-909 (MAZDA) | B660-15-909 (MAZDA) | B661-15-909 (MAZDA) | B6DG15909 (MAZDA) | MB657285 (MITSUBISHI) | MD137594 (MITSUBISHI) | MD186126 (MITSUBISHI) | MD188125 (MITSUBISHI) | SEOES284 (SOUTH EAST) | Z50115909 (MAZDA) | Z50215909 (MAZDA),,https://webcateu.dayco.ws/img/products/4PK.jpg,https://www.dayco.com/la-es/catalog/?search=4PK990,Auxiliar,POLY-V,,,
DAYCO,ATB2010,Tensor de distribución,TENSOR,,,24410-32533 (HYUNDAI) | 2445033010 (HYUNDAI) | 2445033020 (HYUNDAI) | 2445033020 (KIA) | GT10060 (GMB) | MD129355 (MITSUBISHI),,https://webcateu.dayco.ws/img/products/ATB2010.jpg,https://www.dayco.com/la-es/catalog/?search=ATB2010,Principal,TENSIONER&PULLEY,,,
DAYCO,ATB2011,Tensor de distribución,TENSOR,,,2481033021 (HYUNDAI) | 2481033024 (HYUNDAI) | 2481033024 (KIA) | 2481038001 (HYUNDAI) | 2484038001 (HYUNDAI) | 30874227 (VOLVO) | EG60085 (TAISHAN SCOOTER) | GT10050 (GMB) | MD121993 (MITSUBISHI) | MD156604 (MITSUBISHI) | MD192731 (MITSUBISHI),,https://webcateu.dayco.ws/img/products/ATB2011.jpg,https://www.dayco.com/la-es/catalog/?search=ATB2011,Principal,TENSIONER&PULLEY,,,
DAYCO,ATB2261,Tensor de distribución,TENSOR,,,23357-22130 (HYUNDAI) | 2335732120 (HYUNDAI) | 2335733120 (HYUNDAI) | 2335733130 (HYUNDAI) | GT10070 (GMB) | MD115976 (MITSUBISHI) | MD185544 (MITSUBISHI) | MD192068 (MITSUBISHI) | MD325473 (MITSUBISHI),,https://webcateu.dayco.ws/img/products/ATB2261.jpg,https://www.dayco.com/la-es/catalog/?search=ATB2261,Principal,TENSIONER&PULLEY,,,
DAYCO,1299,Tensor genérico,TENSOR,,,,,https://webcateu.dayco.ws/img/products/1299.jpg,https://www.dayco.com/la-es/catalog/?search=1299,Auxiliar,TENSIONER&PULLEY,,,
DAYCO,2065,Tensor genérico,TENSOR,,,,,https://webcateu.dayco.ws/img/products/2065.jpg,https://www.dayco.com/la-es/catalog/?search=2065,Auxiliar,TENSIONER&PULLEY,,,
DAYCO,7916,Tensor genérico,TENSOR,,,,,https://webcateu.dayco.ws/img/products/7916.jpg,https://www.dayco.com/la-es/catalog/?search=7916,Auxiliar,TENSIONER&PULLEY,,,
DAYCO,APV2989,Tensor auxiliar,TENSOR,,,25281-25000 (HYUNDAI) | 25281-25000 (KIA) | GAT10010 (GMB),,https://webcateu.dayco.ws/img/products/APV2989.jpg,https://www.dayco.com/la-es/catalog/?search=APV2989,Auxiliar,TENSIONER&PULLEY,,,
DAYCO,KTC1127,Kit cadena de distribución,KIT DISTRIBUCION,,,,,https://webcateu.dayco.ws/img/products/KTC1127.jpg,https://www.dayco.com/la-es/catalog/?search=KTC1127,Principal,CHAIN KIT,,,
DAYCO,KTC1474,Kit cadena de distribución,KIT DISTRIBUCION,,,,,https://webcateu.dayco.ws/img/products/KTC1474.jpg,https://www.dayco.com/la-es/catalog/?search=KTC1474,Principal,CHAIN KIT,,,
DAYCO,7757,Tensor genérico,TENSOR,,,,,https://webcateu.dayco.ws/img/products/7757.jpg,https://www.dayco.com/la-es/catalog/?search=7757,Auxiliar,TENSIONER&PULLEY,,,
DAYCO,7789,Tensor genérico,TENSOR,,,,,https://webcateu.dayco.ws/img/products/7789.jpg,https://www.dayco.com/la-es/catalog/?search=7789,Auxiliar,TENSIONER&PULLEY,,,
DAYCO,ATB2099,Tensor de distribución,TENSOR,,,23357-42000 (HYUNDAI) | 2335742010 (HYUNDAI) | 2335742020 (HYUNDAI) | 2335742030 (HYUNDAI) | GT10130 (GMB) | MD050125 (MITSUBISHI),,https://webcateu.dayco.ws/img/products/ATB2099.jpg,https://www.dayco.com/la-es/catalog/?search=ATB2099,Principal,TENSIONER&PULLEY,,,
DAYCO,ATB2114,Tensor de distribución,TENSOR,,,24317-42000 (HYUNDAI) | 24317-42010 (HYUNDAI) | 2431742020 (HYUNDAI) | GT10140 (GMB) | MD050135 (MITSUBISHI) | MD329625 (MITSUBISHI),,https://webcateu.dayco.ws/img/products/ATB2114.jpg,https://www.dayco.com/la-es/catalog/?search=ATB2114,Principal,TENSIONER&PULLEY,,,
DAYCO,13A0800C,Correa de transmisión,CORREA DE TRANSMISIÓN,,,007753012555 (MERCEDES-BENZ) | 0099973792 (MERCEDES-BENZ) | 02117-79523 (NISSAN) | 02117-80523 (NISSAN) | 02117-80528 (NISSAN) | 02626084A (AUDI) | 050260849 (AUDI) | 050260849 (VOLKSWAGEN) | 075145271 (AUDI) | 075145271 (VOLKSWAGEN) | 11720-16A01 (NISSAN) | 11720-16A10 (NISSAN) | 11720-25A00 (NISSAN) | 11920-01M01 (NISSAN) | 11920-01M10 (NISSAN) | 11920-H8900 (NISSAN) | 11950-W4410 (NISSAN) | 12686954 (BMW) | 1315082 (BMW) | 14625J (TALBOT) | 1706826 (BMW) | 17068264 (BMW) | 1711058 (BMW) | 17110584 (BMW) | 38920-671-003 (HONDA) | 50260849 (AUDI) | 50260849 (VOLKSWAGEN) | 60704054 (FIAT) | 64521268695 (BMW) | 64521276093 (BMW) | 64521289592 (BMW) | 64521354948 (BMW) | 64521706626 (BMW) | 64521706826 (BMW) | 64521711056 (BMW) | 645221354948 (BMW) | 7074658 (VAUXHALL) | 7080860 (VAUXHALL) | 75145271 (AUDI) | 75145271 (VOLKSWAGEN) | 7629316 (FIAT) | 7753012555 (MERCEDES-BENZ) | 90916-02113 (TOYOTA) | 99973792 (MERCEDES-BENZ) | A0019974192 (MERCEDES-BENZ) | A00775302555 (MERCEDES-BENZ) | A0099973792 (MERCEDES-BENZ) | C32690 (JAGUAR) | ERC4272 (ROVER) | ETC4272 (AUSTIN) | ETC4272 (ROVER) | MB332253 (MITSUBISHI) | MB553430 (MITSUBISHI) | MD185960 (MITSUBISHI),,https://webcateu.dayco.ws/img/products/VEE.jpg,https://www.dayco.com/la-es/catalog/?search=13A0800C,Transmisión,RAW-EDGE(V),,,
DAYCO,149SP254H1,Correa de distribución,CORREA DE DISTRIBUCIÓN,,,24312-35000 (HYUNDAI) | 24312-35010 (HYUNDAI) | 24312-35040 (HYUNDAI) | 5096327AA (CHRYSLER) | 5096327AA (DODGE) | 5096327AA (MITSUBISHI) | 5096327AB (CHRYSLER) | MD100679 (CHRYSLER) | MD100679 (DODGE) | MD100679 (MITSUBISHI) | MD111247 (MITSUBISHI) | MD111427 (DODGE) | MD111427 (MITSUBISHI) | MD197145 (MITSUBISHI) | XD111427 (MITSUBISHI),,https://webcateu.dayco.ws/img/products/TB.jpg,https://www.dayco.com/la-es/catalog/?search=149SP254H1,Principal,TIMING BELT,,,
DAYCO,5PK1352,Correa Poly-V,CORREA POLY-V,,,,,https://webcateu.dayco.ws/img/products/5PK.jpg,https://www.dayco.com/la-es/catalog/?search=5PK1352,Auxiliar,POLY-V,,,
DAYCO,1231,Tensor genérico,TENSOR,,,,,https://webcateu.dayco.ws/img/products/1231.jpg,https://www.dayco.com/la-es/catalog/?search=1231,Auxiliar,TENSIONER&PULLEY,,,
DAYCO,13A0780C,Correa de transmisión,CORREA DE TRANSMISIÓN,,,0019974192 (MERCEDES-BENZ) | 0029979492 (MERCEDES-BENZ) | 1172005E60 (NISSAN) | 1172005E70 (NISSAN) | 1172005E70JP (NISSAN) | 1172005E70KE (NISSAN) | 99332-10786 (TOYOTA) | A172A05E7AGA (NISSAN) | MB166386 (MITSUBISHI) | MD185964 (MITSUBISHI),,https://webcateu.dayco.ws/img/products/VEE.jpg,https://www.dayco.com/la-es/catalog/?search=13A0780C,Transmisión,RAW-EDGE(V),,,
DAYCO,13A0945C,Correa de transmisión,CORREA DE TRANSMISIÓN,,,,,https://webcateu.dayco.ws/img/products/VEE.jpg,https://www.dayco.com/la-es/catalog/?search=13A0945C,Transmisión,RAW-EDGE(V),,,
DAYCO,099SHP+190H,Correa de distribución,CORREA DE DISTRIBUCIÓN,,,1351487205 (DAIHATSU) | 2335642500 (HYUNDAI) | 2335642500 (KIA) | MD300473 (MITSUBISHI) | MD310484 (MITSUBISHI) | XD310484 (MITSUBISHI),,https://webcateu.dayco.ws/img/products/TB.jpg,https://www.dayco.com/la-es/catalog/?search=099SHP+190H,Principal,TIMING BELT,,,
DAYCO,163SP254H,Correa de distribución,CORREA DE DISTRIBUCIÓN,,,13028-2P125 (FAW GROUP) | 24315-42200 (HYUNDAI) | 24315-42200 (KIA) | 7700100119 (RENAULT) | 7700863011 (RENAULT) | 7700875412 (RENAULT) | MD300470 (MITSUBISHI) | MD306981 (MITSUBISHI) | XD300470 (MITSUBISHI),,https://webcateu.dayco.ws/img/products/TB.jpg,https://www.dayco.com/la-es/catalog/?search=163SP254H,Principal,TIMING BELT,,,
DAYCO,7777,Tensor genérico,TENSOR,,,,,https://webcateu.dayco.ws/img/products/7777.jpg,https://www.dayco.com/la-es/catalog/?search=7777,Auxiliar,TENSIONER&PULLEY,,,
DAYCO,ATB2125,Tensor de distribución,TENSOR,,,24410-35000 (HYUNDAI) | 24410-35010 (HYUNDAI) | 24410-35020 (HYUNDAI) | 24410-35060 (HYUNDAI) | GT10080 (GMB) | MD104575 (MITSUBISHI) | MD104578 (CHRYSLER) | MD104578 (MITSUBISHI),,https://webcateu.dayco.ws/img/products/ATB2125.jpg,https://www.dayco.com/la-es/catalog/?search=ATB2125,Principal,TENSIONER&PULLEY,,,
DAYCO,7758,Tensor genérico,TENSOR,,,,,https://webcateu.dayco.ws/img/products/7758.jpg,https://www.dayco.com/la-es/catalog/?search=7758,Auxiliar,TENSIONER&PULLEY,,,
DAYCO,ATB2113,Tensor de distribución,TENSOR,,,2441032000 (HYUNDAI) | 2441032010 (HYUNDAI) | 2441032020 (HYUNDAI) | 2441032040 (HYUNDAI) | GT10031 (GMB) | MD011536 (MITSUBISHI),,https://webcateu.dayco.ws/img/products/ATB2113.jpg,https://www.dayco.com/la-es/catalog/?search=ATB2113,Principal,TENSIONER&PULLEY,,,
DAYCO,7953,Tensor genérico,TENSOR,,,,,https://webcateu.dayco.ws/img/products/7953.jpg,https://www.dayco.com/la-es/catalog/?search=7953,Auxiliar,TENSIONER&PULLEY,,,
DAYCO,APV2785,Tensor auxiliar,TENSOR,,,25281-4A010 (HYUNDAI) | 25281-4A010 (KIA),,https://webcateu.dayco.ws/img/products/APV2785.jpg,https://www.dayco.com/la-es/catalog/?search=APV2785,Auxiliar,TENSIONER&PULLEY,,,
DAYCO,083SHX190H,Correa de distribución,CORREA DE DISTRIBUCIÓN,,,23356-42011 (HYUNDAI) | MD050119 (MITSUBISHI) | MD050175 (MITSUBISHI) | MD079943 (MITSUBISHI) | MD152622 (MITSUBISHI) | MD363481 (MITSUBISHI),,https://webcateu.dayco.ws/img/products/TB.jpg,https://www.dayco.com/la-es/catalog/?search=083SHX190H,Principal,TIMING BELT,,,
DAYCO,KTB268,Kit de distribución,KIT DISTRIBUCION,,,,,https://webcateu.dayco.ws/img/products/KTB268.jpg,https://www.dayco.com/la-es/catalog/?search=KTB268,Principal,TIMING BELT KIT,,,
DAYCO,163SHX254H,Correa de distribución,CORREA DE DISTRIBUCIÓN,,,2431242101 (HYUNDAI) | MD050130 (MITSUBISHI) | MD060461 (MITSUBISHI) | MD099707 (MITSUBISHI) | MD134377 (MITSUBISHI) | XD134377 (MITSUBISHI),,https://webcateu.dayco.ws/img/products/TB.jpg,https://www.dayco.com/la-es/catalog/?search=163SHX254H,Principal,TIMING BELT,,,
DAYCO,KIT-9049,Kit de distribución,KIT DISTRIBUCION,,,,,https://webcateu.dayco.ws/img/products/KIT-9049.jpg,https://www.dayco.com/la-es/catalog/?search=KIT-9049,Principal,TIMING BELT KIT,,,
DAYCO,KTB400,Kit de distribución,KIT DISTRIBUCION,,,HYUNKD071 (HYUNDAI),,https://webcateu.dayco.ws/img/products/KTB400.jpg,https://www.dayco.com/la-es/catalog/?search=KTB400,Principal,TIMING BELT KIT,,,
DAYCO,KTC1722,Kit cadena de distribución,KIT DISTRIBUCION,,,,,https://webcateu.dayco.ws/img/products/KTC1722.jpg,https://www.dayco.com/la-es/catalog/?search=KTC1722,Principal,CHAIN KIT,,,
DAYCO,KTC1728,Kit cadena de distribución,KIT DISTRIBUCION,,,,,https://webcateu.dayco.ws/img/products/KTC1728.jpg,https://www.dayco.com/la-es/catalog/?search=KTC1728,Principal,CHAIN KIT,,,
DAYCO,KTC1594,Kit cadena de distribución,KIT DISTRIBUCION,,,,,https://webcateu.dayco.ws/img/products/KTC1594.jpg,https://www.dayco.com/la-es/catalog/?search=KTC1594,Principal,CHAIN KIT,,,
DAYCO,KTC1596,Kit cadena de distribución,KIT DISTRIBUCION,,,,,https://webcateu.dayco.ws/img/products/KTC1596.jpg,https://www.dayco.com/la-es/catalog/?search=KTC1596,Principal,CHAIN KIT,,,
DAYCO,1298,Tensor genérico,TENSOR,,,,,https://webcateu.dayco.ws/img/products/1298.jpg,https://www.dayco.com/la-es/catalog/?search=1298,Auxiliar,TENSIONER&PULLEY,,,
DAYCO,900012,Manguera,MANGUERA,,,,,https://webcateu.dayco.ws/img/products/900012.jpg,https://www.dayco.com/la-es/catalog/?search=900012,Refrigeración,HOSE,,,
DAYCO,900013,Manguera,MANGUERA,,,,,https://webcateu.dayco.ws/img/products/900013.jpg,https://www.dayco.com/la-es/catalog/?search=900013,Refrigeración,HOSE,,,
DAYCO,900014,Manguera,MANGUERA,,,,,https://webcateu.dayco.ws/img/products/900014.jpg,https://www.dayco.com/la-es/catalog/?search=900014,Refrigeración,HOSE,,,
DAYCO,900015,Manguera,MANGUERA,,,,,https://webcateu.dayco.ws/img/products/900015.jpg,https://www.dayco.com/la-es/catalog/?search=900015,Refrigeración,HOSE,,,
DAYCO,900016,Manguera,MANGUERA,,,,,https://webcateu.dayco.ws/img/products/900016.jpg,https://www.dayco.com/la-es/catalog/?search=900016,Refrigeración,HOSE,,,
DAYCO,900020,Manguera,MANGUERA,,,,,https://webcateu.dayco.ws/img/products/900020.jpg,https://www.dayco.com/la-es/catalog/?search=900020,Refrigeración,HOSE,,,
DAYCO,900049,Manguera,MANGUERA,,,,,https://webcateu.dayco.ws/img/products/900049.jpg,https://www.dayco.com/la-es/catalog/?search=900049,Refrigeración,HOSE,,,
DAYCO,900067,Manguera,MANGUERA,,,,,https://webcateu.dayco.ws/img/products/900067.jpg,https://www.dayco.com/la-es/catalog/?search=900067,Refrigeración,HOSE,,,
DAYCO,900050,Manguera,MANGUERA,,,,,https://webcateu.dayco.ws/img/products/900050.jpg,https://www.dayco.com/la-es/catalog/?search=900050,Refrigeración,HOSE,,,
DAYCO,900051,Manguera,MANGUERA,,,,,https://webcateu.dayco.ws/img/products/900051.jpg,https://www.dayco.com/la-es/catalog/?search=900051,Refrigeración,HOSE,,,
DAYCO,900052,Manguera,MANGUERA,,,,,https://webcateu.dayco.ws/img/products/900052.jpg,https://www.dayco.com/la-es/catalog/?search=900052,Refrigeración,HOSE,,,
DAYCO,900053,Manguera,MANGUERA,,,,,https://webcateu.dayco.ws/img/products/900053.jpg,https://www.dayco.com/la-es/catalog/?search=900053,Refrigeración,HOSE,,,
DAYCO,10A1090C/2,Correa de transmisión,CORREA DE TRANSMISIÓN,,,MZ690278 (MITSUBISHI),,https://webcateu.dayco.ws/img/products/VEE.jpg,https://www.dayco.com/la-es/catalog/?search=10A1090C/2,Transmisión,RAW-EDGE(V),,,
DAYCO,7PK1650S,Correa Poly-V,CORREA POLY-V,,,25212-4A850 (HYUNDAI),,https://webcateu.dayco.ws/img/products/7PK.jpg,https://www.dayco.com/la-es/catalog/?search=7PK1650S,Auxiliar,POLY-V,,,
DAYCO,1209,Tensor genérico,TENSOR,,,,,https://webcateu.dayco.ws/img/products/1209.jpg,https://www.dayco.com/la-es/catalog/?search=1209,Auxiliar,TENSIONER&PULLEY,,,
DAYCO,7705,Tensor genérico,TENSOR,,,,,https://webcateu.dayco.ws/img/products/7705.jpg,https://www.dayco.com/la-es/catalog/?search=7705,Auxiliar,TENSIONER&PULLEY,,,
DAYCO,900022,Manguera,MANGUERA,,,,,https://webcateu.dayco.ws/img/products/900022.jpg,https://www.dayco.com/la-es/catalog/?search=900022,Refrigeración,HOSE,,,
DAYCO,ATB2436,Tensor de distribución,TENSOR,,,24810-23400 (HYUNDAI) | 24810-23500 (HYUNDAI) | 2481023011 (HYUNDAI) | 2481023050 (HYUNDAI) | GT10160 (GMB),,https://webcateu.dayco.ws/img/products/ATB2436.jpg,https://www.dayco.com/la-es/catalog/?search=ATB2436,Principal,TENSIONER&PULLEY,,,
DAYCO,ATB2599,Tensor de distribución,TENSOR,,,24410-23050 (HYUNDAI) | 24410-23050 (KIA),,https://webcateu.dayco.ws/img/products/ATB2599.jpg,https://www.dayco.com/la-es/catalog/?search=ATB2599,Principal,TENSIONER&PULLEY,,,
DAYCO,KIT-9034,Kit de distribución,KIT DISTRIBUCION,,,,,https://webcateu.dayco.ws/img/products/KIT-9034.jpg,https://www.dayco.com/la-es/catalog/?search=KIT-9034,Principal,TIMING BELT KIT,,,
DAYCO,KTB951,Kit de distribución,KIT DISTRIBUCION,,,,,https://webcateu.dayco.ws/img/products/KTB951.jpg,https://www.dayco.com/la-es/catalog/?search=KTB951,Principal,TIMING BELT KIT,,,
DAYCO,6PK2160,Correa Poly-V,CORREA POLY-V,,,0039930396 (MERCEDES-BENZ) | 0119971992 (MERCEDES-BENZ) | 0119971992 (SSANGYONG) | 0129972692 (MERCEDES-BENZ) | 0129975292 (MERCEDES-BENZ) | 0139972692 (MERCEDES-BENZ) | 0149971192 (MERCEDES-BENZ) | 0149971292 (MERCEDES-BENZ) | 0149971292 (SSANGYONG) | 062260849B (AUDI) | 062260849B (SEAT) | 062260849B (SKODA) | 062260849B (VOLKSWAGEN) | 1F1E8620AB (FORD) | 2521225010 (HYUNDAI) | 2521225010 (KIA) | 3023786 (FORD) | 4004766 (FORD) | 4187984 (FORD) | 4188176 (FORD) | A0019933496 (MERCEDES-BENZ) | A0039930396 (MERCEDES-BENZ) | A0119971992 (MERCEDES-BENZ) | A0119975292 (MERCEDES-BENZ) | A0129975292 (MERCEDES-BENZ) | F3DE8620C1A (FORD) | F7PE8620AA (FORD) | LF1715909 (MAZDA) | LF1715909A (MAZDA) | LF1715909B (MAZDA) | LFJ515909B (MAZDA) | XF2E8620JA (FORD) | XF2E8620JB (FORD),,https://webcateu.dayco.ws/img/products/6PK.jpg,https://www.dayco.com/la-es/catalog/?search=6PK2160,Auxiliar,POLY-V,,,
DAYCO,KTC1743,Kit cadena de distribución,KIT DISTRIBUCION,,,,,https://webcateu.dayco.ws/img/products/KTC1743.jpg,https://www.dayco.com/la-es/catalog/?search=KTC1743,Principal,CHAIN KIT,,,
DAYCO,1411,Tensor genérico,TENSOR,,,,,https://webcateu.dayco.ws/img/products/1411.jpg,https://www.dayco.com/la-es/catalog/?search=1411,Auxiliar,TENSIONER&PULLEY,,,
DAYCO,1276,Tensor genérico,TENSOR,,,,,https://webcateu.dayco.ws/img/products/1276.jpg,https://www.dayco.com/la-es/catalog/?search=1276,Auxiliar,TENSIONER&PULLEY,,,
DAYCO,1279,Tensor genérico,TENSOR,,,,,https://webcateu.dayco.ws/img/products/1279.jpg,https://www.dayco.com/la-es/catalog/?search=1279,Auxiliar,TENSIONER&PULLEY,,,
DAYCO,207SHP+320H,Correa de distribución,CORREA DE DISTRIBUCIÓN,,,2431237100 (HYUNDAI) | 2431237100 (KIA) | 2431237400 (HYUNDAI) | 2431237400 (KIA) | 2431237500 (HYUNDAI) | 2431237500 (KIA),,https://webcateu.dayco.ws/img/products/TB.jpg,https://www.dayco.com/la-es/catalog/?search=207SHP+320H,Principal,TIMING BELT,,,
DAYCO,APV2485,Tensor auxiliar,TENSOR,,,25281-37120 (HYUNDAI),,https://webcateu.dayco.ws/img/products/APV2485.jpg,https://www.dayco.com/la-es/catalog/?search=APV2485,Auxiliar,TENSIONER&PULLEY,,,
DAYCO,ATB2352,Tensor de distribución,TENSOR,,,24810-37100 (HYUNDAI) | 2481037120 (HYUNDAI) | GT10111 (GMB),,https://webcateu.dayco.ws/img/products/ATB2352.jpg,https://www.dayco.com/la-es/catalog/?search=ATB2352,Principal,TENSIONER&PULLEY,,,
DAYCO,ATB2440,Tensor de distribución,TENSOR,,,24450-37100 (HYUNDAI) | 2445037120 (HYUNDAI) | 2484037110 (HYUNDAI) | 2484037120 (HYUNDAI) | GT10101 (GMB),,https://webcateu.dayco.ws/img/products/ATB2440.jpg,https://www.dayco.com/la-es/catalog/?search=ATB2440,Principal,TENSIONER&PULLEY,,,
DAYCO,KTB673,Kit de distribución,KIT DISTRIBUCION,,,,,https://webcateu.dayco.ws/img/products/KTB673.jpg,https://www.dayco.com/la-es/catalog/?search=KTB673,Principal,TIMING BELT KIT,,,
DAYCO,7970,Tensor genérico,TENSOR,,,,,https://webcateu.dayco.ws/img/products/7970.jpg,https://www.dayco.com/la-es/catalog/?search=7970,Auxiliar,TENSIONER&PULLEY,,,
DAYCO,219SHP+320H,Correa de distribución,CORREA DE DISTRIBUCIÓN,,,243123E100 (HYUNDAI) | 243123E100 (KIA) | 243123E500 (HYUNDAI) | 243123E500 (KIA) | 243133E50 (HYUNDAI),,https://webcateu.dayco.ws/img/products/TB.jpg,https://www.dayco.com/la-es/catalog/?search=219SHP+320H,Principal,TIMING BELT,,,
DAYCO,4PK946,Correa Poly-V,CORREA POLY-V,,,005435171 (SKODA) | 047903137L (AUDI) | 047903137L (SEAT) | 047903137L (SKODA) | 047903137L (VOLKSWAGEN) | 11920-AG900 (INFINITI) | 11920-AG900 (NISSAN) | 1192004U00 (NISSAN) | 1192006P01 (NISSAN) | 1192060U01 (NISSAN) | 1195004U00 (NISSAN) | 11950AR000 (INFINITI) | 11950AR000 (NISSAN) | 1280.28 (CITROEN) | 128026 (FIAT) | 128026 (PEUGEOT) | 128028 (PEUGEOT) | 128060 (CITROEN) | 128060 (PEUGEOT) | 17521-52E00 (SUBARU) | 17521-52E00 (SUZUKI) | 17521052 (SUZUKI) | 17521052E00 (SUZUKI) | 1752152 (SUBARU) | 1752166J00 (SUZUKI) | 25183097 (CHEVROLET) | 25183097 (DAEWOO) | 25212-38000 (HYUNDAI) | 25212-38001 (HYUNDAI) | 31110PD2003 (HONDA) | 31110PD2003EH (HONDA) | 31110PD2004 (HONDA) | 31110PD2013 (HONDA) | 31110PD2305 (HONDA) | 31110PD23050 (HONDA) | 31110PD2505 (HONDA) | 4410543 (FIAT) | 44105435 (SKODA) | 441054351716 (SKODA) | 46403146 (FIAT) | 46549918 (FIAT) | 46751835 (FIAT) | 48180-52E00 (SUZUKI) | 4818052 (SUZUKI) | 49180-40950-B00 (SUZUKI) | 56992PY3004 (HONDA) | 6U0903137 (AUDI) | 6U0903137 (SEAT) | 6U0903137 (SKODA) | 6U0903137 (VOLKSWAGEN) | 6U0903137A (SKODA) | 71739621 (ALFA ROMEO) | 71739621 (FIAT) | 71739621 (LANCIA) | 71749460 (FIAT) | 809213040 (SUBARU) | 85523082 (CHERY) | 9047828 (GENERAL MOTORS) | 9047828 (SUZUKI) | 9091602223 (TOYOTA) | 9514160B10 (SUZUKI) | 9514164A10 (SUZUKI) | 96135989 (CITROEN) | 96135989 (PEUGEOT) | 96610562 (CHEVROLET) | 96610562 (DAEWOO) | 9771323300 (HYUNDAI) | 9771323700 (KIA) | B301-15-909 (KIA) | B301-15-909 (MAZDA) | B6C715909 (MAZDA) | BP5A15909A (MAZDA) | BPE815909A (MAZDA) | BPF3-15-909A (MAZDA) | MB568899 (MITSUBISHI) | MD184973 (MITSUBISHI) | MD189473 (MITSUBISHI),,https://webcateu.dayco.ws/img/products/4PK.jpg,https://www.dayco.com/la-es/catalog/?search=4PK946,Auxiliar,POLY-V,,,
DAYCO,122SHX190H,Correa de distribución,CORREA DE DISTRIBUCIÓN,,,2413232010 (HYUNDAI) | 24312-32820 (HYUNDAI) | 24312-32830 (HYUNDAI) | 2431232010 (HYUNDAI) | 2431232840 (HYUNDAI) | MD015701 (MITSUBISHI) | MD041390 (HYUNDAI) | MD041390 (MITSUBISHI) | MD041930 (MITSUBISHI) | MD098491 (HYUNDAI) | MD098491 (MITSUBISHI) | MD102249 (HYUNDAI) | MD102249 (MITSUBISHI) | MD113790 (HYUNDAI) | MD113790 (MITSUBISHI) | MD140228 (MITSUBISHI) | MD197136 (MITSUBISHI) | XD140228 (MITSUBISHI),,https://webcateu.dayco.ws/img/products/TB.jpg,https://www.dayco.com/la-es/catalog/?search=122SHX190H,Principal,TIMING BELT,,,
DAYCO,5PK1238,Correa Poly-V,CORREA POLY-V,,,25212-35010 (HYUNDAI) | 252124X000 (HYUNDAI) | 4205K1242PG (RENAULT) | 5010477337A (RENAULT) | 55350857 (OPEL) | 93182274 (GENERAL MOTORS) | 93182274 (VAUXHALL) | MD134958 (MITSUBISHI) | MD187461 (MITSUBISHI),,https://webcateu.dayco.ws/img/products/5PK.jpg,https://www.dayco.com/la-es/catalog/?search=5PK1238,Auxiliar,POLY-V,,,
DAYCO,122SP190H,Correa de distribución,CORREA DE DISTRIBUCIÓN,,,24312-32560 (HYUNDAI) | MD189521 (MITSUBISHI),,https://webcateu.dayco.ws/img/products/TB.jpg,https://www.dayco.com/la-es/catalog/?search=122SP190H,Principal,TIMING BELT,,,
DAYCO,13A0660C,Correa de transmisión,CORREA DE TRANSMISIÓN,,,,,https://webcateu.dayco.ws/img/products/VEE.jpg,https://www.dayco.com/la-es/catalog/?search=13A0660C,Transmisión,RAW-EDGE(V),,,
DAYCO,2048,Tensor genérico,TENSOR,,,,,https://webcateu.dayco.ws/img/products/2048.jpg,https://www.dayco.com/la-es/catalog/?search=2048,Auxiliar,TENSIONER&PULLEY,,,
DAYCO,7707,Tensor genérico,TENSOR,,,,,https://webcateu.dayco.ws/img/products/7707.jpg,https://www.dayco.com/la-es/catalog/?search=7707,Auxiliar,TENSIONER&PULLEY,,,
DAYCO,ATB2458,Tensor de distribución,TENSOR,,,24410-23400 (HYUNDAI) | 24410-23500 (HYUNDAI) | 2441023011 (HYUNDAI) | GT10150 (GMB),,https://webcateu.dayco.ws/img/products/ATB2458.jpg,https://www.dayco.com/la-es/catalog/?search=ATB2458,Principal,TENSIONER&PULLEY,,,
DAYCO,KTB800,Kit de distribución,KIT DISTRIBUCION,,,,,https://webcateu.dayco.ws/img/products/KTB800.jpg,https://www.dayco.com/la-es/catalog/?search=KTB800,Principal,TIMING BELT KIT,,,
DAYCO,1158,Tensor genérico,TENSOR,,,,,https://webcateu.dayco.ws/img/products/1158.jpg,https://www.dayco.com/la-es/catalog/?search=1158,Auxiliar,TENSIONER&PULLEY,,,
DAYCO,13A0885C,Correa de transmisión,CORREA DE TRANSMISIÓN,,,60805195 (FIAT),,https://webcateu.dayco.ws/img/products/VEE.jpg,https://www.dayco.com/la-es/catalog/?search=13A0885C,Transmisión,RAW-EDGE(V),,,
DAYCO,13A1125C,Correa de transmisión,CORREA DE TRANSMISIÓN,,,0019976892 (MERCEDES-BENZ) | 007753012510 (MERCEDES-BENZ) | 02117-11022 (NISSAN) | 02117-12523 (NISSAN) | 055260849 (VOLKSWAGEN) | 074903137AN (VOLKSWAGEN) | 075018381A (MAZDA) | 0K016-18-381 (KIA) | 0K016-18-381B (KIA) | 0KW0118381 (KIA) | 11720P8010 (NISSAN) | 11750-Y4011 (NISSAN) | 11750G9600 (NISSAN) | 11750V2000 (NISSAN) | 11750V2000TM (NISSAN) | 1208742 (TALBOT) | 13H1448 (ROVER) | 195172383400 (ALFA ROMEO) | 211711023 (NISSAN) | 38920PC0003 (HONDA) | 5000789901 (RENAULT) | 561239 (FIAT) | 572192 (FIAT) | 6008693 (FORD) | 6076173 (FORD) | 6339100 (BEDFORD) | 723F8620ABA (FORD) | 813F8620HBA (FORD) | 90019202650 (PORSCHE) | 958540 (VOLVO) | 960512 (VOLVO) | 966392 (VOLVO) | 967118 (VOLVO) | 99332-11120 (TOYOTA) | 99332-51120 (TOYOTA) | 99332-51135 (TOYOTA) | 99919214850 (PORSCHE) | 99919230550 (PORSCHE) | A1750V2000 (NISSAN) | C27844 (JAGUAR) | E30115907 (MAZDA) | RF0118381 (MAZDA),,https://webcateu.dayco.ws/img/products/VEE.jpg,https://www.dayco.com/la-es/catalog/?search=13A1125C,Transmisión,RAW-EDGE(V),,,
DAYCO,164STP8M254H,Correa de distribución,CORREA DE DISTRIBUCIÓN,,,0K01612205 (KIA) | 0K15012205 (KIA) | 13028HC330 (NISSAN) | OK01612205 (KIA) | R20112205 (MAZDA) | R20112205A (MAZDA) | R20112SF0 (MAZDA),,https://webcateu.dayco.ws/img/products/TB.jpg,https://www.dayco.com/la-es/catalog/?search=164STP8M254H,Principal,TIMING BELT,,,
DAYCO,ATB2615,Tensor de distribución,TENSOR,,,,,https://webcateu.dayco.ws/img/products/ATB2615.jpg,https://www.dayco.com/la-es/catalog/?search=ATB2615,Principal,TENSIONER&PULLEY,,,
DAYCO,13A1135C,Correa de transmisión,CORREA DE TRANSMISIÓN,,,,,https://webcateu.dayco.ws/img/products/VEE.jpg,https://www.dayco.com/la-es/catalog/?search=13A1135C,Transmisión,RAW-EDGE(V),,,
DAYCO,13A1230C,Correa de transmisión,CORREA DE TRANSMISIÓN,,,,,https://webcateu.dayco.ws/img/products/VEE.jpg,https://www.dayco.com/la-es/catalog/?search=13A1230C,Transmisión,RAW-EDGE(V),,,
DAYCO,KTB943,Kit de distribución,KIT DISTRIBUCION,,,,,https://webcateu.dayco.ws/img/products/KTB943.jpg,https://www.dayco.com/la-es/catalog/?search=KTB943,Principal,TIMING BELT KIT,,,
DAYCO,17A1130C,Correa de transmisión,CORREA DE TRANSMISIÓN,,,,,https://webcateu.dayco.ws/img/products/VEE.jpg,https://www.dayco.com/la-es/catalog/?search=17A1130C,Transmisión,RAW-EDGE(V),,,
DAYCO,6PK1575,Correa Poly-V,CORREA POLY-V,,,04792070 (CHRYSLER) | 04792442 (CHRYSLER) | 06D903137A (AUDI) | 1040760 (FORD) | 4792070 (CHRYSLER) | 4792442 (CHRYSLER) | 4792442AA (CHRYSLER) | 5086571AA (CHRYSLER) | 7239510 (FORD),,https://webcateu.dayco.ws/img/products/6PK.jpg,https://www.dayco.com/la-es/catalog/?search=6PK1575,Auxiliar,POLY-V,,,
DAYCO,5PK1588,Correa Poly-V,CORREA POLY-V,,,028903137AI (AUDI) | 028903137AI (VOLKSWAGEN) | 028903137AJ (AUDI) | 028903137AJ (VOLKSWAGEN) | 028903137AR (AUDI) | 028903137AR (SEAT) | 028903137AR (SKODA) | 028903137AR (VOLKSWAGEN) | 0K55315987 (HYUNDAI) | 0K55315987 (KIA) | 7596679 (SAAB) | 93185054 (SAAB) | OK55315987 (HYUNDAI) | OK55315987 (KIA),,https://webcateu.dayco.ws/img/products/5PK.jpg,https://www.dayco.com/la-es/catalog/?search=5PK1588,Auxiliar,POLY-V,,,
DAYCO,1185,Tensor genérico,TENSOR,,,,,https://webcateu.dayco.ws/img/products/1185.jpg,https://www.dayco.com/la-es/catalog/?search=1185,Auxiliar,TENSIONER&PULLEY,,,
DAYCO,168SHP+254H,Correa de distribución,CORREA DE DISTRIBUCIÓN,,,0K95412205 (KIA) | FE312205 (MAZDA) | FE3N-12-205 (MAZDA) | FE3N12205X (MAZDA),,https://webcateu.dayco.ws/img/products/TB.jpg,https://www.dayco.com/la-es/catalog/?search=168SHP+254H,Principal,TIMING BELT,,,
DAYCO,145SHP+220H,Correa de distribución,CORREA DE DISTRIBUCIÓN,,,0K203-12-205 (KIA) | B597-12-205 (MAZDA) | B65712205 (MAZDA) | B6S7-12-205A (MAZDA) | B6S712205 (MAZDA) | B6S712205B (MAZDA) | B6S712205C (MAZDA) | B6S712205C9A (MAZDA) | B6S712205D (MAZDA) | OB59712205 (KIA),,https://webcateu.dayco.ws/img/products/TB.jpg,https://www.dayco.com/la-es/catalog/?search=145SHP+220H,Principal,TIMING BELT,,,
DAYCO,4PK1015,Correa Poly-V,CORREA POLY-V,,,1U5115904 (MAZDA) | 4431887401000 (DAIHATSU) | 500329310 (IVECO) | 982157 (VOLVO) | B58815909 (MAZDA) | B6S715909 (MAZDA) | B6S7159099F (MAZDA) | B6S715909A9F (MAZDA),,https://webcateu.dayco.ws/img/products/4PK.jpg,https://www.dayco.com/la-es/catalog/?search=4PK1015,Auxiliar,POLY-V,,,
DAYCO,107SHP+220H,Correa de distribución,CORREA DE DISTRIBUCIÓN,,,0K201-12-205 (KIA) | B366-12-205A (MAZDA) | BP01-12-205 (MAZDA) | BP01-12-205B9A (MAZDA) | BP01-12-SF0 (MAZDA) | BP0112205A (MAZDA) | BP0112205B (MAZDA) | BP02-12-205 (MAZDA) | BP0212205A (MAZDA) | BP0212205B (MAZDA) | BP0212205B90 (MAZDA) | BP112205 (MAZDA) | KK35012205 (KIA) | MBP0112205B (KIA) | OK201-12-205 (KIA),,https://webcateu.dayco.ws/img/products/TB.jpg,https://www.dayco.com/la-es/catalog/?search=107SHP+220H,Principal,TIMING BELT,,,
DAYCO,7PK2285,Correa Poly-V,CORREA POLY-V,,,0139974492 (MERCEDES-BENZ) | 0149971692 (MERCEDES-BENZ) | 25212-4A000 (HYUNDAI) | 252124A000 (DAIHATSU) | 252124A000 (KIA) | 252124A001 (HYUNDAI) | 252124A001 (KIA) | 53008744 (JEEP) | 53010289 (JEEP) | 6289970292 (MERCEDES-BENZ) | 6289970492 (MERCEDES-BENZ) | 9091602640 (TOYOTA) | A0139974492 (MERCEDES-BENZ) | A0149971692 (MERCEDES-BENZ),,https://webcateu.dayco.ws/img/products/7PK.jpg,https://www.dayco.com/la-es/catalog/?search=7PK2285,Auxiliar,POLY-V,,,
DAYCO,108SP254H,Correa de distribución,CORREA DE DISTRIBUCIÓN,,,0K97212205 (KIA) | FE1H12205 (MAZDA) | FE1H12205A (MAZDA) | FE1H12205A9A (MAZDA) | FE1H12205X (MAZDA) | FE1H12SF0 (MAZDA) | FE1J12205 (MAZDA) | FE1J12205A (MAZDA) | FEIH12205A (MAZDA) | FEIH12205A9A (MAZDA) | FF1H-12-205A (MAZDA) | OK97212205 (KIA),,https://webcateu.dayco.ws/img/products/TB.jpg,https://www.dayco.com/la-es/catalog/?search=108SP254H,Principal,TIMING BELT,,,
DAYCO,1186,Tensor genérico,TENSOR,,,,,https://webcateu.dayco.ws/img/products/1186.jpg,https://www.dayco.com/la-es/catalog/?search=1186,Auxiliar,TENSIONER&PULLEY,,,
DAYCO,ATB2124,Tensor de distribución,TENSOR,,,0K972-12-730 (KIA) | 0K973-12-730 (KIA) | 3895193 (FORD) | FE1H-12-730 (KIA) | FE1H-12-730A (MAZDA) | GT20020 (GMB) | XM34-6M250-AA (FORD) | XM346M250AA (FORD),,https://webcateu.dayco.ws/img/products/ATB2124.jpg,https://www.dayco.com/la-es/catalog/?search=ATB2124,Principal,TENSIONER&PULLEY,,,
DAYCO,2-13A1475HD,Correa de transmisión,CORREA DE TRANSMISIÓN,,,,,https://webcateu.dayco.ws/img/products/VEE.jpg,https://www.dayco.com/la-es/catalog/?search=2-13A1475HD,Transmisión,RAW-EDGE(V),,,
DAYCO,2x13A1475HD,Correa de transmisión,CORREA DE TRANSMISIÓN,,,1242264 (DAF) | 3178230 (VOLVO) | 3579970092 (MERCEDES-BENZ) | 978807 (VOLVO),,https://webcateu.dayco.ws/img/products/VEE.jpg,https://www.dayco.com/la-es/catalog/?search=2x13A1475HD,Transmisión,RAW-EDGE(V),,,
DAYCO,700046,Manguera,MANGUERA,,,,,https://webcateu.dayco.ws/img/products/700046.jpg,https://www.dayco.com/la-es/catalog/?search=700046,Refrigeración,COOLING HOSE,,,
DAYCO,700048,Manguera,MANGUERA,,,,,https://webcateu.dayco.ws/img/products/700048.jpg,https://www.dayco.com/la-es/catalog/?search=700048,Refrigeración,COOLING HOSE,,,
DAYCO,700052,Manguera,MANGUERA,,,,,https://webcateu.dayco.ws/img/products/700052.jpg,https://www.dayco.com/la-es/catalog/?search=700052,Refrigeración,COOLING HOSE,,,
DAYCO,700054,Manguera,MANGUERA,,,,,https://webcateu.dayco.ws/img/products/700054.jpg,https://www.dayco.com/la-es/catalog/?search=700054,Refrigeración,COOLING HOSE,,,
DAYCO,700062,Manguera,MANGUERA,,,,,https://webcateu.dayco.ws/img/products/700062.jpg,https://www.dayco.com/la-es/catalog/?search=700062,Refrigeración,COOLING HOSE,,,
DAYCO,700186,Manguera,MANGUERA,,,,,https://webcateu.dayco.ws/img/products/700186.jpg,https://www.dayco.com/la-es/catalog/?search=700186,Refrigeración,COOLING HOSE,,,
DAYCO,900032,Manguera,MANGUERA,,,,,https://webcateu.dayco.ws/img/products/900032.jpg,https://www.dayco.com/la-es/catalog/?search=900032,Refrigeración,HOSE,,,
DAYCO,700193,Manguera,MANGUERA,,,,,https://webcateu.dayco.ws/img/products/700193.jpg,https://www.dayco.com/la-es/catalog/?search=700193,Refrigeración,COOLING HOSE,,,
DAYCO,700199,Manguera,MANGUERA,,,,,https://webcateu.dayco.ws/img/products/700199.jpg,https://www.dayco.com/la-es/catalog/?search=700199,Refrigeración,COOLING HOSE,,,
DAYCO,2-13A1375HD,Correa de transmisión,CORREA DE TRANSMISIÓN,,,,,https://webcateu.dayco.ws/img/products/VEE.jpg,https://www.dayco.com/la-es/catalog/?search=2-13A1375HD,Transmisión,RAW-EDGE(V),,,
DAYCO,2x13A1375HD,Correa de transmisión,CORREA DE TRANSMISIÓN,,,3769970192 (MERCEDES-BENZ) | 3769970692 (MERCEDES-BENZ) | 6349970292 (MERCEDES-BENZ) | 99976692 (MERCEDES-BENZ) | A3769970192 (MERCEDES-BENZ) | A3769970692 (MERCEDES-BENZ) | A6349970292 (MERCEDES-BENZ),,https://webcateu.dayco.ws/img/products/VEE.jpg,https://www.dayco.com/la-es/catalog/?search=2x13A1375HD,Transmisión,RAW-EDGE(V),,,
DAYCO,13A1325HD,Correa de transmisión,CORREA DE TRANSMISIÓN,,,0009978892 (MERCEDES-BENZ) | 0009979892 (MERCEDES-BENZ) | 0019972392 (MERCEDES-BENZ) | 0029970492 (MERCEDES-BENZ) | 0039973392 (MERCEDES-BENZ) | 0039976292 (MERCEDES-BENZ) | 0039977792 (MERCEDES-BENZ) | 0049971792 (MERCEDES-BENZ) | 0049978892 (MERCEDES-BENZ) | 0067671 (DAF) | 007753012514 (MERCEDES-BENZ) | 007753012515 (MERCEDES-BENZ) | 0396574 (DAF) | 0677716 (DAF) | 1256081 (DAF) | 205637 (SCANIA) | 211749 (DAF) | 23260849 (RENAULT) | 3144678R1 (CASE IH) | 39973392 (CASE IH) | 4716471 (IVECO) | 4787023 (IVECO) | 4838527 (IVECO) | 4838851 (IVECO) | 4855023 (IVECO) | 503476579 (IVECO) | 684121300 (VOLVO) | 684121325 (VOLVO) | 71803562 (DODGE) | 814199 (SCANIA) | 952260 (VOLVO) | 958503 (VOLVO) | 958548 (VOLVO) | 960475 (VOLVO) | 960519 (VOLVO) | 966390 (VOLVO) | 966397 (VOLVO) | 966398 (VOLVO) | 967194 (VOLVO) | 98464713 (IVECO) | 99459239 (IVECO) | 99977792 (MERCEDES-BENZ),,https://webcateu.dayco.ws/img/products/VEE.jpg,https://www.dayco.com/la-es/catalog/?search=13A1325HD,Transmisión,RAW-EDGE(V),,,
DAYCO,13A0925HD,Correa de transmisión,CORREA DE TRANSMISIÓN,,,59970992 (MERCEDES-BENZ),,https://webcateu.dayco.ws/img/products/VEE.jpg,https://www.dayco.com/la-es/catalog/?search=13A0925HD,Transmisión,RAW-EDGE(V),,,
DAYCO,13A1700HD,Correa de transmisión,CORREA DE TRANSMISIÓN,,,0039970492 (MERCEDES-BENZ) | 0039973792 (MERCEDES-BENZ) | 0059973092 (MERCEDES-BENZ) | 1420909 (SAAB) | 1420909 (SCANIA) | 1420911 (SCANIA) | 4813560 (NEW HOLLAND) | 4830921 (IVECO) | 4843795 (IVECO) | 61690043 (IVECO) | 98434544 (IVECO),,https://webcateu.dayco.ws/img/products/VEE.jpg,https://www.dayco.com/la-es/catalog/?search=13A1700HD,Transmisión,RAW-EDGE(V),,,
DAYCO,700115,Manguera,MANGUERA,,,,,https://webcateu.dayco.ws/img/products/700115.jpg,https://www.dayco.com/la-es/catalog/?search=700115,Refrigeración,COOLING HOSE,,,
DAYCO,1271,Tensor genérico,TENSOR,,,,,https://webcateu.dayco.ws/img/products/1271.jpg,https://www.dayco.com/la-es/catalog/?search=1271,Auxiliar,TENSIONER&PULLEY,,,
DAYCO,2-13A1015HD,Correa de transmisión,CORREA DE TRANSMISIÓN,,,,,https://webcateu.dayco.ws/img/products/VEE.jpg,https://www.dayco.com/la-es/catalog/?search=2-13A1015HD,Transmisión,RAW-EDGE(V),,,
DAYCO,2-13A1025HD,Correa de transmisión,CORREA DE TRANSMISIÓN,,,,,https://webcateu.dayco.ws/img/products/VEE.jpg,https://www.dayco.com/la-es/catalog/?search=2-13A1025HD,Transmisión,RAW-EDGE(V),,,
DAYCO,900033,Manguera,MANGUERA,,,,,https://webcateu.dayco.ws/img/products/900033.jpg,https://www.dayco.com/la-es/catalog/?search=900033,Refrigeración,HOSE,,,
DAYCO,2x13A1300HD,Correa de transmisión,CORREA DE TRANSMISIÓN,,,0029973492 (MERCEDES-BENZ) | 0039979692 (MERCEDES-BENZ) | 0215357 (DAF) | 0252807 (DAF) | 977319 (VOLVO) | 98420262 (IVECO) | 98420263 (IVECO) | 99977692 (MERCEDES-BENZ) | A0029973492 (MERCEDES-BENZ) | A0039979692 (MERCEDES-BENZ) | A0099977692 (MERCEDES-BENZ),,https://webcateu.dayco.ws/img/products/VEE.jpg,https://www.dayco.com/la-es/catalog/?search=2x13A1300HD,Transmisión,RAW-EDGE(V),,,
DAYCO,2-13A1350HD,Correa de transmisión,CORREA DE TRANSMISIÓN,,,,,https://webcateu.dayco.ws/img/products/VEE.jpg,https://www.dayco.com/la-es/catalog/?search=2-13A1350HD,Transmisión,RAW-EDGE(V),,,
DAYCO,2x13A1350HD,Correa de transmisión,CORREA DE TRANSMISIÓN,,,0109975292 (DAIMLER) | 0109975292 (MERCEDES-BENZ) | 99976592 (MERCEDES-BENZ) | A0109975292 (DAIMLER),,https://webcateu.dayco.ws/img/products/VEE.jpg,https://www.dayco.com/la-es/catalog/?search=2x13A1350HD,Transmisión,RAW-EDGE(V),,,
DAYCO,2x13A1020HD,Correa de transmisión,CORREA DE TRANSMISIÓN,,,,,https://webcateu.dayco.ws/img/products/VEE.jpg,https://www.dayco.com/la-es/catalog/?search=2x13A1020HD,Transmisión,RAW-EDGE(V),,,
DAYCO,6PK2285,Correa Poly-V,CORREA POLY-V,,,,,https://webcateu.dayco.ws/img/products/6PK.jpg,https://www.dayco.com/la-es/catalog/?search=6PK2285,Auxiliar,POLY-V,,,
DAYCO,700050,Manguera,MANGUERA,,,,,https://webcateu.dayco.ws/img/products/700050.jpg,https://www.dayco.com/la-es/catalog/?search=700050,Refrigeración,COOLING HOSE,,,
DAYCO,700064,Manguera,MANGUERA,,,,,https://webcateu.dayco.ws/img/products/700064.jpg,https://www.dayco.com/la-es/catalog/?search=700064,Refrigeración,COOLING HOSE,,,
DAYCO,13A1575HD,Correa de transmisión,CORREA DE TRANSMISIÓN,,,005.997.2892 (MERCEDES-BENZ) | 4724877 (IVECO) | 59972892 (MERCEDES-BENZ) | 61321356 (IVECO) | 99444353 (IVECO),,https://webcateu.dayco.ws/img/products/VEE.jpg,https://www.dayco.com/la-es/catalog/?search=13A1575HD,Transmisión,RAW-EDGE(V),,,
DAYCO,700119,Manguera,MANGUERA,,,,,https://webcateu.dayco.ws/img/products/700119.jpg,https://www.dayco.com/la-es/catalog/?search=700119,Refrigeración,COOLING HOSE,,,
DAYCO,APV2908,Tensor auxiliar,TENSOR,,,A0049818425 (MERCEDES-BENZ),,https://webcateu.dayco.ws/img/products/APV2908.jpg,https://www.dayco.com/la-es/catalog/?search=APV2908,Auxiliar,TENSIONER&PULLEY,,,
DAYCO,1138,Tensor genérico,TENSOR,,,,,https://webcateu.dayco.ws/img/products/1138.jpg,https://www.dayco.com/la-es/catalog/?search=1138,Auxiliar,TENSIONER&PULLEY,,,
DAYCO,700167,Manguera,MANGUERA,,,,,https://webcateu.dayco.ws/img/products/700167.jpg,https://www.dayco.com/la-es/catalog/?search=700167,Refrigeración,COOLING HOSE,,,
DAYCO,700146,Manguera,MANGUERA,,,,,https://webcateu.dayco.ws/img/products/700146.jpg,https://www.dayco.com/la-es/catalog/?search=700146,Refrigeración,COOLING HOSE,,,
DAYCO,700147,Manguera,MANGUERA,,,,,https://webcateu.dayco.ws/img/products/700147.jpg,https://www.dayco.com/la-es/catalog/?search=700147,Refrigeración,COOLING HOSE,,,
DAYCO,2-13A1750HD,Correa de transmisión,CORREA DE TRANSMISIÓN,,,,,https://webcateu.dayco.ws/img/products/VEE.jpg,https://www.dayco.com/la-es/catalog/?search=2-13A1750HD,Transmisión,RAW-EDGE(V),,,
DAYCO,2x13A1150HD,Correa de transmisión,CORREA DE TRANSMISIÓN,,,1334960 (DAF),,https://webcateu.dayco.ws/img/products/VEE.jpg,https://www.dayco.com/la-es/catalog/?search=2x13A1150HD,Transmisión,RAW-EDGE(V),,,
DAYCO,2x13A1750HD,Correa de transmisión,CORREA DE TRANSMISIÓN,,,3459977292 (MERCEDES-BENZ) | A0039977792 (MERCEDES-BENZ) | A3459977292 (MERCEDES-BENZ),,https://webcateu.dayco.ws/img/products/VEE.jpg,https://www.dayco.com/la-es/catalog/?search=2x13A1750HD,Transmisión,RAW-EDGE(V),,,
DAYCO,2-13A1325HD,Correa de transmisión,CORREA DE TRANSMISIÓN,,,,,https://webcateu.dayco.ws/img/products/VEE.jpg,https://www.dayco.com/la-es/catalog/?search=2-13A1325HD,Transmisión,RAW-EDGE(V),,,
DAYCO,2x13A1325HD,Correa de transmisión,CORREA DE TRANSMISIÓN,,,1145064 (DAF) | 1525889 (DAF) | 99977892 (MERCEDES-BENZ),,https://webcateu.dayco.ws/img/products/VEE.jpg,https://www.dayco.com/la-es/catalog/?search=2x13A1325HD,Transmisión,RAW-EDGE(V),,,
DAYCO,8PK1370HD,Correa Poly-V,CORREA POLY-V,,,21190817 (VOLVO),,https://webcateu.dayco.ws/img/products/8PK.jpg,https://www.dayco.com/la-es/catalog/?search=8PK1370HD,Auxiliar,POLY-V,,,
DAYCO,8PK1780HD,Correa Poly-V,CORREA POLY-V,,,04133154 (DEUTZ AG (MOTOREN)) | 3289279 (CUMMINS) | 3904029 (CUMMINS) | 3911582 (CUMMINS) | 3949114 (CUMMINS) | 9069934396 (MERCEDES-BENZ) | A9069934396 (MERCEDES-BENZ),,https://webcateu.dayco.ws/img/products/8PK.jpg,https://www.dayco.com/la-es/catalog/?search=8PK1780HD,Auxiliar,POLY-V,,,
DAYCO,1288,Tensor genérico,TENSOR,,,,,https://webcateu.dayco.ws/img/products/1288.jpg,https://www.dayco.com/la-es/catalog/?search=1288,Auxiliar,TENSIONER&PULLEY,,,
DAYCO,7856,Tensor genérico,TENSOR,,,,,https://webcateu.dayco.ws/img/products/7856.jpg,https://www.dayco.com/la-es/catalog/?search=7856,Auxiliar,TENSIONER&PULLEY,,,
DAYCO,APV1102,Tensor auxiliar,TENSOR,,,9062000370 (MERCEDES-BENZ) | 9062001270 (MERCEDES-BENZ) | 9062004670 (MERCEDES-BENZ) | A9062001270 (MERCEDES-BENZ),,https://webcateu.dayco.ws/img/products/APV1102.jpg,https://www.dayco.com/la-es/catalog/?search=APV1102,Auxiliar,TENSIONER&PULLEY,,,
DAYCO,700116,Manguera,MANGUERA,,,,,https://webcateu.dayco.ws/img/products/700116.jpg,https://www.dayco.com/la-es/catalog/?search=700116,Refrigeración,COOLING HOSE,,,
DAYCO,700198,Manguera,MANGUERA,,,,,https://webcateu.dayco.ws/img/products/700198.jpg,https://www.dayco.com/la-es/catalog/?search=700198,Refrigeración,COOLING HOSE,,,
DAYCO,APV1096,Tensor auxiliar,TENSOR,,,4572001970 (MERCEDES-BENZ) | 4602000970 (MERCEDES-BENZ) | A4572001970 (MERCEDES-BENZ),,https://webcateu.dayco.ws/img/products/APV1096.jpg,https://www.dayco.com/la-es/catalog/?search=APV1096,Auxiliar,TENSIONER&PULLEY,,,
DAYCO,1275,Tensor genérico,TENSOR,,,,,https://webcateu.dayco.ws/img/products/1275.jpg,https://www.dayco.com/la-es/catalog/?search=1275,Auxiliar,TENSIONER&PULLEY,,,
DAYCO,7840,Tensor genérico,TENSOR,,,,,https://webcateu.dayco.ws/img/products/7840.jpg,https://www.dayco.com/la-es/catalog/?search=7840,Auxiliar,TENSIONER&PULLEY,,,
DAYCO,700096,Manguera,MANGUERA,,,,,https://webcateu.dayco.ws/img/products/700096.jpg,https://www.dayco.com/la-es/catalog/?search=700096,Refrigeración,COOLING HOSE,,,
DAYCO,2-13A1400HD,Correa de transmisión,CORREA DE TRANSMISIÓN,,,,,https://webcateu.dayco.ws/img/products/VEE.jpg,https://www.dayco.com/la-es/catalog/?search=2-13A1400HD,Transmisión,RAW-EDGE(V),,,
DAYCO,APV1105,Tensor auxiliar,TENSOR,,,9062000570 (MERCEDES-BENZ) | 9062001570 (MERCEDES-BENZ) | 9062001870 (MERCEDES-BENZ),,https://webcateu.dayco.ws/img/products/APV1105.jpg,https://www.dayco.com/la-es/catalog/?search=APV1105,Auxiliar,TENSIONER&PULLEY,,,
DAYCO,APV1095,Tensor auxiliar,TENSOR,,,4572000070 (MERCEDES-BENZ) | 4572001770 (MERCEDES-BENZ) | 4572002570 (MERCEDES-BENZ) | 4572003470 (MERCEDES-BENZ) | A457 200 3470 (MERCEDES-BENZ) | A4572003470 (MERCEDES-BENZ),,https://webcateu.dayco.ws/img/products/APV1095.jpg,https://www.dayco.com/la-es/catalog/?search=APV1095,Auxiliar,TENSIONER&PULLEY,,,
DAYCO,7834,Tensor genérico,TENSOR,,,,,https://webcateu.dayco.ws/img/products/7834.jpg,https://www.dayco.com/la-es/catalog/?search=7834,Auxiliar,TENSIONER&PULLEY,,,
DAYCO,13A1150HD,Correa de transmisión,CORREA DE TRANSMISIÓN,,,0192145 (DAF) | 215356 (DAF) | 3040499 (CUMMINS) | 544262 (DAF) | 814192 (SCANIA) | 98466498 (IVECO) | 98466498 (NEW HOLLAND),,https://webcateu.dayco.ws/img/products/VEE.jpg,https://www.dayco.com/la-es/catalog/?search=13A1150HD,Transmisión,RAW-EDGE(V),,,
DAYCO,13A1765HD,Correa de transmisión,CORREA DE TRANSMISIÓN,,,,,https://webcateu.dayco.ws/img/products/VEE.jpg,https://www.dayco.com/la-es/catalog/?search=13A1765HD,Transmisión,RAW-EDGE(V),,,
DAYCO,700166,Manguera,MANGUERA,,,,,https://webcateu.dayco.ws/img/products/700166.jpg,https://www.dayco.com/la-es/catalog/?search=700166,Refrigeración,COOLING HOSE,,,
DAYCO,2-13A1150HD,Correa de transmisión,CORREA DE TRANSMISIÓN,,,,,https://webcateu.dayco.ws/img/products/VEE.jpg,https://www.dayco.com/la-es/catalog/?search=2-13A1150HD,Transmisión,RAW-EDGE(V),,,
DAYCO,700056,Manguera,MANGUERA,,,,,https://webcateu.dayco.ws/img/products/700056.jpg,https://www.dayco.com/la-es/catalog/?search=700056,Refrigeración,COOLING HOSE,,,
DAYCO,700058,Manguera,MANGUERA,,,,,https://webcateu.dayco.ws/img/products/700058.jpg,https://www.dayco.com/la-es/catalog/?search=700058,Refrigeración,COOLING HOSE,,,
DAYCO,700110,Manguera,MANGUERA,,,,,https://webcateu.dayco.ws/img/products/700110.jpg,https://www.dayco.com/la-es/catalog/?search=700110,Refrigeración,COOLING HOSE,,,
DAYCO,700108,Manguera,MANGUERA,,,,,https://webcateu.dayco.ws/img/products/700108.jpg,https://www.dayco.com/la-es/catalog/?search=700108,Refrigeración,COOLING HOSE,,,
DAYCO,700113,Manguera,MANGUERA,,,,,https://webcateu.dayco.ws/img/products/700113.jpg,https://www.dayco.com/la-es/catalog/?search=700113,Refrigeración,COOLING HOSE,,,
DAYCO,13A1585HD,Correa de transmisión,CORREA DE TRANSMISIÓN,,,,,https://webcateu.dayco.ws/img/products/VEE.jpg,https://www.dayco.com/la-es/catalog/?search=13A1585HD,Transmisión,RAW-EDGE(V),,,
DAYCO,700095,Manguera,MANGUERA,,,,,https://webcateu.dayco.ws/img/products/700095.jpg,https://www.dayco.com/la-es/catalog/?search=700095,Refrigeración,COOLING HOSE,,,
DAYCO,APV2409,Tensor auxiliar,TENSOR,,,0005500633 (MERCEDES-BENZ) | 5500633 (MERCEDES-BENZ) | A0005500633 (MERCEDES-BENZ),,https://webcateu.dayco.ws/img/products/APV2409.jpg,https://www.dayco.com/la-es/catalog/?search=APV2409,Auxiliar,TENSIONER&PULLEY,,,
DAYCO,APV2411,Tensor auxiliar,TENSOR,,,5500433 (MERCEDES-BENZ) | A 000 550 04 33 (MERCEDES-BENZ) | A0005500433 (MERCEDES-BENZ),,https://webcateu.dayco.ws/img/products/APV2411.jpg,https://www.dayco.com/la-es/catalog/?search=APV2411,Auxiliar,TENSIONER&PULLEY,,,
DAYCO,APV2456,Tensor auxiliar,TENSOR,,,0005500833 (MERCEDES-BENZ) | 0005501633 (EVOBUS) | 0005501733 (MERCEDES-BENZ) | 5501633 (MERCEDES-BENZ) | A0005500833 (MERCEDES-BENZ) | A0005501633 (MERCEDES-BENZ) | A0005502333 (MERCEDES-BENZ) | A0005502533 (MERCEDES-BENZ),,https://webcateu.dayco.ws/img/products/APV2456.jpg,https://www.dayco.com/la-es/catalog/?search=APV2456,Auxiliar,TENSIONER&PULLEY,,,
DAYCO,1219,Tensor genérico,TENSOR,,,,,https://webcateu.dayco.ws/img/products/1219.jpg,https://www.dayco.com/la-es/catalog/?search=1219,Auxiliar,TENSIONER&PULLEY,,,
DAYCO,1224,Tensor genérico,TENSOR,,,,,https://webcateu.dayco.ws/img/products/1224.jpg,https://www.dayco.com/la-es/catalog/?search=1224,Auxiliar,TENSIONER&PULLEY,,,
DAYCO,1263,Tensor genérico,TENSOR,,,,,https://webcateu.dayco.ws/img/products/1263.jpg,https://www.dayco.com/la-es/catalog/?search=1263,Auxiliar,TENSIONER&PULLEY,,,
DAYCO,9PK2295HD,Correa Poly-V,CORREA POLY-V,,,0159973792 (MERCEDES-BENZ) | 149976892 (MERCEDES-BENZ) | 5419971092 (MERCEDES-BENZ) | A0149976892 (MERCEDES-BENZ) | A0159973792 (MERCEDES-BENZ) | A5419971092 (MERCEDES-BENZ),,https://webcateu.dayco.ws/img/products/9PK.jpg,https://www.dayco.com/la-es/catalog/?search=9PK2295HD,Auxiliar,POLY-V,,,
DAYCO,9PK1680HD,Correa Poly-V,CORREA POLY-V,,,,,https://webcateu.dayco.ws/img/products/9PK.jpg,https://www.dayco.com/la-es/catalog/?search=9PK1680HD,Auxiliar,POLY-V,,,
DAYCO,APV2907,Tensor auxiliar,TENSOR,,,2R0903119D (VOLKSWAGEN) | 2Z0145285 (VOLKSWAGEN),,https://webcateu.dayco.ws/img/products/APV2907.jpg,https://www.dayco.com/la-es/catalog/?search=APV2907,Auxiliar,TENSIONER&PULLEY,,,
DAYCO,9PK2010HD,Correa Poly-V,CORREA POLY-V,,,A0009939296 (MERCEDES-BENZ) | A0019930096 (MERCEDES-BENZ),,https://webcateu.dayco.ws/img/products/9PK.jpg,https://www.dayco.com/la-es/catalog/?search=9PK2010HD,Auxiliar,POLY-V,,,
DAYCO,1290,Tensor genérico,TENSOR,,,,,https://webcateu.dayco.ws/img/products/1290.jpg,https://www.dayco.com/la-es/catalog/?search=1290,Auxiliar,TENSIONER&PULLEY,,,
DAYCO,13A1750HD,Correa de transmisión,CORREA DE TRANSMISIÓN,,,0039974792 (MERCEDES-BENZ) | 0059974192 (MERCEDES-BENZ) | 0067687 (DAF) | 0168923 (DAF) | 4639586 (IVECO) | 98497761 (IVECO) | A.005.997.41.92 (MERCEDES-BENZ),,https://webcateu.dayco.ws/img/products/VEE.jpg,https://www.dayco.com/la-es/catalog/?search=13A1750HD,Transmisión,RAW-EDGE(V),,,
DAYCO,7945,Tensor genérico,TENSOR,,,,,https://webcateu.dayco.ws/img/products/7945.jpg,https://www.dayco.com/la-es/catalog/?search=7945,Auxiliar,TENSIONER&PULLEY,,,
DAYCO,APV1098,Tensor auxiliar,TENSOR,,,5412000470 (MERCEDES-BENZ) | 5412001670 (MERCEDES-BENZ) | 5412002370 (MERCEDES-BENZ) | 5412002770 (MERCEDES-BENZ) | A5412001670 (MERCEDES-BENZ) | A5412002370 (MERCEDES-BENZ) | A5412002770 (MERCEDES-BENZ),,https://webcateu.dayco.ws/img/products/APV1098.jpg,https://www.dayco.com/la-es/catalog/?search=APV1098,Auxiliar,TENSIONER&PULLEY,,,
DAYCO,700168,Manguera,MANGUERA,,,,,https://webcateu.dayco.ws/img/products/700168.jpg,https://www.dayco.com/la-es/catalog/?search=700168,Refrigeración,COOLING HOSE,,,
DAYCO,1291,Tensor genérico,TENSOR,,,,,https://webcateu.dayco.ws/img/products/1291.jpg,https://www.dayco.com/la-es/catalog/?search=1291,Auxiliar,TENSIONER&PULLEY,,,
DAYCO,1292,Tensor genérico,TENSOR,,,,,https://webcateu.dayco.ws/img/products/1292.jpg,https://www.dayco.com/la-es/catalog/?search=1292,Auxiliar,TENSIONER&PULLEY,,,
DAYCO,APV2114,Tensor auxiliar,TENSOR,,,1192000470 (MERCEDES-BENZ),,https://webcateu.dayco.ws/img/products/APV2114.jpg,https://www.dayco.com/la-es/catalog/?search=APV2114,Auxiliar,TENSIONER&PULLEY,,,
DAYCO,700188,Manguera,MANGUERA,,,,,https://webcateu.dayco.ws/img/products/700188.jpg,https://www.dayco.com/la-es/catalog/?search=700188,Refrigeración,COOLING HOSE,,,
DAYCO,13A0975HD,Correa de transmisión,CORREA DE TRANSMISIÓN,,,0009931995 (MERCEDES-BENZ) | 0009975192 (MERCEDES-BENZ) | 0019974092 (MERCEDES-BENZ) | 0019976092 (MERCEDES-BENZ) | 0049973692 (MERCEDES-BENZ) | 0069970592 (MERCEDES-BENZ) | 0069976992 (MERCEDES-BENZ) | 007753012504 (MERCEDES-BENZ) | 007753112541 (MERCEDES-BENZ) | 0119973192 (MERCEDES-BENZ) | 0231296 (DAF) | 2416712 (IVECO) | 2419104 (IVECO) | 42522447 (DEUTZ AG (MOTOREN)) | 42522447 (IVECO) | 6990592 (MERCEDES-BENZ) | 98437996 (IVECO) | 98465813 (IVECO) | A0009931995 (EVOBUS) | A0009931995 (MERCEDES-BENZ) | A0009975192 (MERCEDES-BENZ) | A0019974092 (MERCEDES-BENZ) | A0019976092 (MERCEDES-BENZ) | A0049973692 (MERCEDES-BENZ) | A0069970592 (MERCEDES-BENZ) | A0069976992 (MERCEDES-BENZ) | A007753012504 (MERCEDES-BENZ) | A0119973192 (MERCEDES-BENZ) | A07753112541 (MERCEDES-BENZ),,https://webcateu.dayco.ws/img/products/VEE.jpg,https://www.dayco.com/la-es/catalog/?search=13A0975HD,Transmisión,RAW-EDGE(V),,,
DAYCO,700044,Manguera,MANGUERA,,,,,https://webcateu.dayco.ws/img/products/700044.jpg,https://www.dayco.com/la-es/catalog/?search=700044,Refrigeración,COOLING HOSE,,,
DAYCO,700107,Manguera,MANGUERA,,,,,https://webcateu.dayco.ws/img/products/700107.jpg,https://www.dayco.com/la-es/catalog/?search=700107,Refrigeración,COOLING HOSE,,,
DAYCO,2-13A1275HD,Correa de transmisión,CORREA DE TRANSMISIÓN,,,,,https://webcateu.dayco.ws/img/products/VEE.jpg,https://www.dayco.com/la-es/catalog/?search=2-13A1275HD,Transmisión,RAW-EDGE(V),,,
DAYCO,1212,Tensor genérico,TENSOR,,,,,https://webcateu.dayco.ws/img/products/1212.jpg,https://www.dayco.com/la-es/catalog/?search=1212,Auxiliar,TENSIONER&PULLEY,,,
DAYCO,APV2935,Tensor auxiliar,TENSOR,,,05080319AA (CHRYSLER) | A0002020419 (MERCEDES-BENZ),,https://webcateu.dayco.ws/img/products/APV2935.jpg,https://www.dayco.com/la-es/catalog/?search=APV2935,Auxiliar,TENSIONER&PULLEY,,,
DAYCO,1285,Tensor genérico,TENSOR,,,,,https://webcateu.dayco.ws/img/products/1285.jpg,https://www.dayco.com/la-es/catalog/?search=1285,Auxiliar,TENSIONER&PULLEY,,,
DAYCO,700191,Manguera,MANGUERA,,,,,https://webcateu.dayco.ws/img/products/700191.jpg,https://www.dayco.com/la-es/catalog/?search=700191,Refrigeración,COOLING HOSE,,,
DAYCO,1412,Tensor genérico,TENSOR,,,,,https://webcateu.dayco.ws/img/products/1412.jpg,https://www.dayco.com/la-es/catalog/?search=1412,Auxiliar,TENSIONER&PULLEY,,,
DAYCO,1176,Tensor genérico,TENSOR,,,,,https://webcateu.dayco.ws/img/products/1176.jpg,https://www.dayco.com/la-es/catalog/?search=1176,Auxiliar,TENSIONER&PULLEY,,,
DAYCO,APV2205,Tensor auxiliar,TENSOR,,,1662020119 (MERCEDES-BENZ) | 1662020419 (MERCEDES-BENZ) | 1662020819 (MERCEDES-BENZ) | 2262020019 (MERCEDES-BENZ) | 2662020019 (MERCEDES-BENZ) | 6682020519 (MERCEDES-BENZ) | A1662020119 (MERCEDES-BENZ) | A1662020419 (MERCEDES-BENZ) | A1662020819 (MERCEDES-BENZ) | A2662020019 (MERCEDES-BENZ) | A6682020519 (MERCEDES-BENZ),,https://webcateu.dayco.ws/img/products/APV2205.jpg,https://www.dayco.com/la-es/catalog/?search=APV2205,Auxiliar,TENSIONER&PULLEY,,,
DAYCO,APV2254,Tensor auxiliar,TENSOR,,,1022001270 (MERCEDES-BENZ) | 1022003370 (MERCEDES-BENZ) | 1022003470 (MERCEDES-BENZ) | 1022006070 (MERCEDES-BENZ) | 1022006670 (MERCEDES-BENZ) | 1022006970 (MERCEDES-BENZ) | 1022007570 (MERCEDES-BENZ),,https://webcateu.dayco.ws/img/products/APV2254.jpg,https://www.dayco.com/la-es/catalog/?search=APV2254,Auxiliar,TENSIONER&PULLEY,,,
DAYCO,700194,Manguera,MANGUERA,,,,,https://webcateu.dayco.ws/img/products/700194.jpg,https://www.dayco.com/la-es/catalog/?search=700194,Refrigeración,COOLING HOSE,,,
DAYCO,7865,Tensor genérico,TENSOR,,,,,https://webcateu.dayco.ws/img/products/7865.jpg,https://www.dayco.com/la-es/catalog/?search=7865,Auxiliar,TENSIONER&PULLEY,,,
DAYCO,APV2232,Tensor auxiliar,TENSOR,,,05080241AB (DODGE) | 05080243AA (DODGE) | 0508241AA (JEEP) | 5080241AA (JEEP) | 5080243AA (JEEP) | 611 200 05 70 S1 (MERCEDES-BENZ) | 611 202 00 19 (MERCEDES-BENZ) | 6112000270 (MERCEDES-BENZ) | 6112000370 (MERCEDES-BENZ) | 6112000470 (MERCEDES-BENZ) | 6112000570 (MERCEDES-BENZ) | 6462000270 (MERCEDES-BENZ) | 6462000570 (MERCEDES-BENZ) | 68001798AA (CHRYSLER) | 68001798AA (DODGE) | 68001798AB (JEEP) | A6112000270 (MERCEDES-BENZ) | A6112000370 (MERCEDES-BENZ) | A6112000470 (MERCEDES-BENZ) | A6112000570 (MERCEDES-BENZ) | A6462000570 (MERCEDES-BENZ),,https://webcateu.dayco.ws/img/products/APV2232.jpg,https://www.dayco.com/la-es/catalog/?search=APV2232,Auxiliar,TENSIONER&PULLEY,,,
DAYCO,6PK2263HD,Correa Poly-V,CORREA POLY-V,,,,,https://webcateu.dayco.ws/img/products/6PK.jpg,https://www.dayco.com/la-es/catalog/?search=6PK2263HD,Auxiliar,POLY-V,,,
DAYCO,6PK2270S,Correa Poly-V,CORREA POLY-V,,,,,https://webcateu.dayco.ws/img/products/6PK.jpg,https://www.dayco.com/la-es/catalog/?search=6PK2270S,Auxiliar,POLY-V,,,
DAYCO,KTC1723,Kit cadena de distribución,KIT DISTRIBUCION,,,,,https://webcateu.dayco.ws/img/products/KTC1723.jpg,https://www.dayco.com/la-es/catalog/?search=KTC1723,Principal,CHAIN KIT,,,
DAYCO,APV2446,Tensor auxiliar,TENSOR,,,4572002970 (MERCEDES-BENZ) | 4572003170 (MERCEDES-BENZ) | 4572004170 (MERCEDES-BENZ) | 4572004370 (MERCEDES-BENZ) | 4572004570 (MERCEDES-BENZ) | A4572002970 (MERCEDES-BENZ) | A4572003170 (MERCEDES-BENZ) | A4572004170 (MERCEDES-BENZ) | A4572004370 (MERCEDES-BENZ) | A4572004570 (MERCEDES-BENZ),,https://webcateu.dayco.ws/img/products/APV2446.jpg,https://www.dayco.com/la-es/catalog/?search=APV2446,Auxiliar,TENSIONER&PULLEY,,,
DAYCO,1269,Tensor genérico,TENSOR,,,,,https://webcateu.dayco.ws/img/products/1269.jpg,https://www.dayco.com/la-es/catalog/?search=1269,Auxiliar,TENSIONER&PULLEY,,,
DAYCO,7869,Tensor genérico,TENSOR,,,,,https://webcateu.dayco.ws/img/products/7869.jpg,https://www.dayco.com/la-es/catalog/?search=7869,Auxiliar,TENSIONER&PULLEY,,,
DAYCO,700201,Manguera,MANGUERA,,,,,https://webcateu.dayco.ws/img/products/700201.jpg,https://www.dayco.com/la-es/catalog/?search=700201,Refrigeración,COOLING HOSE,,,
DAYCO,9PK2338HD,Correa Poly-V,CORREA POLY-V,,,0019932496 (MERCEDES-BENZ) | 0039939996 (MERCEDES-BENZ) | 19932496 (MERCEDES-BENZ) | 39939996 (MERCEDES-BENZ) | A0019932496 (MERCEDES-BENZ) | A0039939996 (MERCEDES-BENZ),,https://webcateu.dayco.ws/img/products/9PK.jpg,https://www.dayco.com/la-es/catalog/?search=9PK2338HD,Auxiliar,POLY-V,,,
DAYCO,7951,Tensor genérico,TENSOR,,,,,https://webcateu.dayco.ws/img/products/7951.jpg,https://www.dayco.com/la-es/catalog/?search=7951,Auxiliar,TENSIONER&PULLEY,,,
DAYCO,9PK2870HD,Correa Poly-V,CORREA POLY-V,,,19937296 (MERCEDES-BENZ) | 5429970392 (MERCEDES-BENZ) | 9937896 (MERCEDES-BENZ) | A0019937296 (MERCEDES-BENZ),,https://webcateu.dayco.ws/img/products/9PK.jpg,https://www.dayco.com/la-es/catalog/?search=9PK2870HD,Auxiliar,POLY-V,,,
DAYCO,APV2458,Tensor auxiliar,TENSOR,,,5412000370 (MERCEDES-BENZ) | 5412001070 (MERCEDES-BENZ) | 5412001170 (MERCEDES-BENZ) | 5412001870 (MERCEDES-BENZ) | 5412001970 (MERCEDES-BENZ) | 5412002470 (MERCEDES-BENZ) | 5412002570 (MERCEDES-BENZ) | 5412003070 (MERCEDES-BENZ) | A5412001170 (MERCEDES-BENZ),,https://webcateu.dayco.ws/img/products/APV2458.jpg,https://www.dayco.com/la-es/catalog/?search=APV2458,Auxiliar,TENSIONER&PULLEY,,,
DAYCO,APV1097,Tensor auxiliar,TENSOR,,,5412000870 (MERCEDES-BENZ) | 5412001570 (MERCEDES-BENZ),,https://webcateu.dayco.ws/img/products/APV1097.jpg,https://www.dayco.com/la-es/catalog/?search=APV1097,Auxiliar,TENSIONER&PULLEY,,,
DAYCO,1204,Tensor genérico,TENSOR,,,,,https://webcateu.dayco.ws/img/products/1204.jpg,https://www.dayco.com/la-es/catalog/?search=1204,Auxiliar,TENSIONER&PULLEY,,,
DAYCO,APV1092,Tensor auxiliar,TENSOR,,,4572001070 (MERCEDES-BENZ) | 5501933 (MERCEDES-BENZ) | A0005501933 (MERCEDES-BENZ) | A4572001070 (MERCEDES-BENZ),,https://webcateu.dayco.ws/img/products/APV1092.jpg,https://www.dayco.com/la-es/catalog/?search=APV1092,Auxiliar,TENSIONER&PULLEY,,,
DAYCO,10PK1630HD,Correa Poly-V,CORREA POLY-V,,,,,https://webcateu.dayco.ws/img/products/10PK.jpg,https://www.dayco.com/la-es/catalog/?search=10PK1630HD,Auxiliar,POLY-V,,,
DAYCO,7910,Tensor genérico,TENSOR,,,,,https://webcateu.dayco.ws/img/products/7910.jpg,https://www.dayco.com/la-es/catalog/?search=7910,Auxiliar,TENSIONER&PULLEY,,,
DAYCO,APV1109,Tensor auxiliar,TENSOR,,,0962002470 (MERCEDES-BENZ) | 9062002470 (MERCEDES-BENZ) | 9062003170 (MERCEDES-BENZ) | 962002470 (MERCEDES-BENZ) | A9062002470 (MERCEDES-BENZ),,https://webcateu.dayco.ws/img/products/APV1109.jpg,https://www.dayco.com/la-es/catalog/?search=APV1109,Auxiliar,TENSIONER&PULLEY,,,
DAYCO,700118,Manguera,MANGUERA,,,,,https://webcateu.dayco.ws/img/products/700118.jpg,https://www.dayco.com/la-es/catalog/?search=700118,Refrigeración,COOLING HOSE,,,
DAYCO,APV1055,Tensor auxiliar,TENSOR,,,9062000270 (MERCEDES-BENZ) | 9062001470 (MERCEDES-BENZ) | 9062001770 (MERCEDES-BENZ) | 9062002070 (MERCEDES-BENZ) | A9062002070 (MERCEDES-BENZ),,https://webcateu.dayco.ws/img/products/APV1055.jpg,https://www.dayco.com/la-es/catalog/?search=APV1055,Auxiliar,TENSIONER&PULLEY,,,
DAYCO,7835,Tensor genérico,TENSOR,,,,,https://webcateu.dayco.ws/img/products/7835.jpg,https://www.dayco.com/la-es/catalog/?search=7835,Auxiliar,TENSIONER&PULLEY,,,
DAYCO,8PK1410HD,Correa Poly-V,CORREA POLY-V,,,04126610 (DEUTZ AG (MOTOREN)),,https://webcateu.dayco.ws/img/products/8PK.jpg,https://www.dayco.com/la-es/catalog/?search=8PK1410HD,Auxiliar,POLY-V,,,
DAYCO,1264,Tensor genérico,TENSOR,,,,,https://webcateu.dayco.ws/img/products/1264.jpg,https://www.dayco.com/la-es/catalog/?search=1264,Auxiliar,TENSIONER&PULLEY,,,
DAYCO,APV2451,Tensor auxiliar,TENSOR,,,4572000170 (MERCEDES-BENZ) | 4572001570 (MERCEDES-BENZ) | 4572002170 (MERCEDES-BENZ) | 4572003970 (MERCEDES-BENZ) | A4572001570 (MERCEDES-BENZ),,https://webcateu.dayco.ws/img/products/APV2451.jpg,https://www.dayco.com/la-es/catalog/?search=APV2451,Auxiliar,TENSIONER&PULLEY,,,
DAYCO,1270,Tensor genérico,TENSOR,,,,,https://webcateu.dayco.ws/img/products/1270.jpg,https://www.dayco.com/la-es/catalog/?search=1270,Auxiliar,TENSIONER&PULLEY,,,
DAYCO,7866,Tensor genérico,TENSOR,,,,,https://webcateu.dayco.ws/img/products/7866.jpg,https://www.dayco.com/la-es/catalog/?search=7866,Auxiliar,TENSIONER&PULLEY,,,
DAYCO,APV1110,Tensor auxiliar,TENSOR,,,9062002670 (MERCEDES-BENZ) | A9062002670 (MERCEDES-BENZ),,https://webcateu.dayco.ws/img/products/APV1110.jpg,https://www.dayco.com/la-es/catalog/?search=APV1110,Auxiliar,TENSIONER&PULLEY,,,
DAYCO,7855,Tensor genérico,TENSOR,,,,,https://webcateu.dayco.ws/img/products/7855.jpg,https://www.dayco.com/la-es/catalog/?search=7855,Auxiliar,TENSIONER&PULLEY,,,
DAYCO,APV2817,Tensor auxiliar,TENSOR,,,9062003770 (MERCEDES-BENZ) | 9062004570 (MERCEDES-BENZ) | 9062005970 (MERCEDES-BENZ) | 9062006770 (MERCEDES-BENZ) | A9062004570 (MERCEDES-BENZ),,https://webcateu.dayco.ws/img/products/APV2817.jpg,https://www.dayco.com/la-es/catalog/?search=APV2817,Auxiliar,TENSIONER&PULLEY,,,
DAYCO,7863,Tensor genérico,TENSOR,,,,,https://webcateu.dayco.ws/img/products/7863.jpg,https://www.dayco.com/la-es/catalog/?search=7863,Auxiliar,TENSIONER&PULLEY,,,
DAYCO,700192,Manguera,MANGUERA,,,,,https://webcateu.dayco.ws/img/products/700192.jpg,https://www.dayco.com/la-es/catalog/?search=700192,Refrigeración,COOLING HOSE,,,
DAYCO,2067,Tensor genérico,TENSOR,,,,,https://webcateu.dayco.ws/img/products/2067.jpg,https://www.dayco.com/la-es/catalog/?search=2067,Auxiliar,TENSIONER&PULLEY,,,
DAYCO,10PK2017HD,Correa Poly-V,CORREA POLY-V,,,1183490 (DEUTZ AG (MOTOREN)) | 149975492 (MERCEDES-BENZ) | 1779746 (SCANIA) | 1779747 (SCANIA) | 1935423 (SCANIA) | 19936096 (MERCEDES-BENZ) | A149975492 (MERCEDES-BENZ),,https://webcateu.dayco.ws/img/products/10PK.jpg,https://www.dayco.com/la-es/catalog/?search=10PK2017HD,Auxiliar,POLY-V,,,
DAYCO,700059,Manguera,MANGUERA,,,,,https://webcateu.dayco.ws/img/products/700059.jpg,https://www.dayco.com/la-es/catalog/?search=700059,Refrigeración,COOLING HOSE,,,
DAYCO,700184,Manguera,MANGUERA,,,,,https://webcateu.dayco.ws/img/products/700184.jpg,https://www.dayco.com/la-es/catalog/?search=700184,Refrigeración,COOLING HOSE,,,
DAYCO,8PK1615HD,Correa Poly-V,CORREA POLY-V,,,0049930096 (MERCEDES-BENZ) | 504049146 (IVECO) | A0049930096 (MERCEDES-BENZ),,https://webcateu.dayco.ws/img/products/8PK.jpg,https://www.dayco.com/la-es/catalog/?search=8PK1615HD,Auxiliar,POLY-V,,,
DAYCO,9PK2100HD,Correa Poly-V,CORREA POLY-V,,,149976092 (MERCEDES-BENZ) | A0149976092 (MERCEDES-BENZ),,https://webcateu.dayco.ws/img/products/9PK.jpg,https://www.dayco.com/la-es/catalog/?search=9PK2100HD,Auxiliar,POLY-V,,,
DAYCO,10PK2050HD,Correa Poly-V,CORREA POLY-V,,,,,https://webcateu.dayco.ws/img/products/10PK.jpg,https://www.dayco.com/la-es/catalog/?search=10PK2050HD,Auxiliar,POLY-V,,,
DAYCO,700117,Manguera,MANGUERA,,,,,https://webcateu.dayco.ws/img/products/700117.jpg,https://www.dayco.com/la-es/catalog/?search=700117,Refrigeración,COOLING HOSE,,,
DAYCO,8PK1646HD,Correa Poly-V,CORREA POLY-V,,,0019934296 (MERCEDES-BENZ) | 0049930296 (MERCEDES-BENZ) | 19931396 (MERCEDES-BENZ) | 19934296 (MERCEDES-BENZ) | 49930296 (MERCEDES-BENZ) | A0019931396 (MERCEDES-BENZ) | A0019934296 (MERCEDES-BENZ),,https://webcateu.dayco.ws/img/products/8PK.jpg,https://www.dayco.com/la-es/catalog/?search=8PK1646HD,Auxiliar,POLY-V,,,
DAYCO,APV1107,Tensor auxiliar,TENSOR,,,9042000170 (MERCEDES-BENZ) | 9062002270 (MERCEDES-BENZ) | D053298 (MERCEDES-BENZ),,https://webcateu.dayco.ws/img/products/APV1107.jpg,https://www.dayco.com/la-es/catalog/?search=APV1107,Auxiliar,TENSIONER&PULLEY,,,
DAYCO,7923,Tensor genérico,TENSOR,,,,,https://webcateu.dayco.ws/img/products/7923.jpg,https://www.dayco.com/la-es/catalog/?search=7923,Auxiliar,TENSIONER&PULLEY,,,
DAYCO,700200,Manguera,MANGUERA,,,,,https://webcateu.dayco.ws/img/products/700200.jpg,https://www.dayco.com/la-es/catalog/?search=700200,Refrigeración,COOLING HOSE,,,
DAYCO,6PK2145,Correa Poly-V,CORREA POLY-V,,,0089972292 (MERCEDES-BENZ) | 0089973892 (MERCEDES-BENZ) | 0109977992 (MERCEDES-BENZ) | 010997799264 (MERCEDES-BENZ) | 0109978692 (MERCEDES-BENZ) | 0119972892 (MERCEDES-BENZ) | 074145933T (VOLKSWAGEN) | 109970692 (MERCEDES-BENZ) | 11288570646 (BMW) | 51768740 (ALFA ROMEO) | 51780011 (ALFA ROMEO) | 51780011 (FIAT) | 53013352AC (JEEP) | 6119973592 (MERCEDES-BENZ) | A0089972292 (MERCEDES-BENZ) | A0089973892 (MERCEDES-BENZ) | A0099979192 (MERCEDES-BENZ) | A0109970692 (MERCEDES-BENZ) | A0109977992 (MERCEDES-BENZ) | A010997799264 (MERCEDES-BENZ) | A0109978692 (MERCEDES-BENZ) | A0119971792 (MERCEDES-BENZ) | A0119972892 (MERCEDES-BENZ),,https://webcateu.dayco.ws/img/products/6PK.jpg,https://www.dayco.com/la-es/catalog/?search=6PK2145,Auxiliar,POLY-V,,,
DAYCO,7983,Tensor genérico,TENSOR,,,,,https://webcateu.dayco.ws/img/products/7983.jpg,https://www.dayco.com/la-es/catalog/?search=7983,Auxiliar,TENSIONER&PULLEY,,,
DAYCO,7992,Tensor genérico,TENSOR,,,,,https://webcateu.dayco.ws/img/products/7992.jpg,https://www.dayco.com/la-es/catalog/?search=7992,Auxiliar,TENSIONER&PULLEY,,,
DAYCO,7996,Tensor genérico,TENSOR,,,,,https://webcateu.dayco.ws/img/products/7996.jpg,https://www.dayco.com/la-es/catalog/?search=7996,Auxiliar,TENSIONER&PULLEY,,,
DAYCO,6PK1865,Correa Poly-V,CORREA POLY-V,,,0119973792 (MERCEDES-BENZ) | 0139974892 (MERCEDES-BENZ) | 03D145933AC (SKODA) | 078903137AQ (AUDI) | 078903137AQ (VOLKSWAGEN) | 1.13600015701E11 (GEELY) | 113600015701 (GEELY) | 1340510 (GENERAL MOTORS) | 1340510 (OPEL) | 1340510 (VAUXHALL) | 1340651 (GENERAL MOTORS) | 1340651 (OPEL) | 1340651 (VAUXHALL) | 1340659 (GENERAL MOTORS) | 1340659 (OPEL) | 1340666 (GENERAL MOTORS) | 1340666 (OPEL) | 1340666 (VAUXHALL) | 24413295 (OPEL) | 24413295DM (GENERAL MOTORS) | 5750.K6 (CITROEN) | 5750.WE (CITROEN) | 5750K6 (PEUGEOT) | 5750K7 (PEUGEOT) | 5750WE (PEUGEOT) | 78903137AO (AUDI) | 90581628 (OPEL) | 90581642 (OPEL) | 90581642 (VAUXHALL) | 91126402 (OPEL) | 91126402 (VAUXHALL) | 91131979 (OPEL) | 91131979 (VAUXHALL) | 9118624 (OPEL) | 9118624 (VAUXHALL) | 9194939 (GENERAL MOTORS) | 9194939 (OPEL) | 9196546 (GENERAL MOTORS) | 9196546 (OPEL) | 9196546 (VAUXHALL) | 9196547 (GENERAL MOTORS) | 9196547 (OPEL) | 9196547 (VAUXHALL) | 96140606 (CITROEN) | 96140606 (PEUGEOT) | A0119973792 (MERCEDES-BENZ) | Z60115909A (MAZDA),,https://webcateu.dayco.ws/img/products/6PK.jpg,https://www.dayco.com/la-es/catalog/?search=6PK1865,Auxiliar,POLY-V,,,
DAYCO,7PK2415,Correa Poly-V,CORREA POLY-V,,,,,https://webcateu.dayco.ws/img/products/7PK.jpg,https://www.dayco.com/la-es/catalog/?search=7PK2415,Auxiliar,POLY-V,,,
DAYCO,6PK2195,Correa Poly-V,CORREA POLY-V,,,0089978792 (MERCEDES-BENZ) | 0109971992 (MERCEDES-BENZ) | 0109979192 (MERCEDES-BENZ) | 0129970592 (MERCEDES-BENZ) | 0129974792 (MERCEDES-BENZ) | 0139971192 (MERCEDES-BENZ) | 0139972292 (MERCEDES-BENZ) | 0149970992 (MERCEDES-BENZ) | 1303929 (FORD) | 1340A150 (MITSUBISHI) | 1416245 (FORD) | 2S6G6C301BA (FORD) | 2S6G6C301CA (FORD) | 30731937 (VOLVO) | 3S5Q6C301BA (FORD) | 4071946 (FORD) | 53008722 (CHRYSLER) | 53008722 (JEEP) | 53010288 (JEEP) | 53013905AA (JEEP) | 6119972592 (MERCEDES-BENZ) | 6G9Q6C301CA (FORD) | 9091602437 (LEXUS) | 99366C2200 (LEXUS) | A0109979192 (MERCEDES-BENZ) | A0119972192 (MERCEDES-BENZ) | A0119975592 (MERCEDES-BENZ) | A0129970592 (MERCEDES-BENZ) | A0129970992 (MERCEDES-BENZ) | A0129974792 (MERCEDES-BENZ) | A0139971192 (MERCEDES-BENZ) | A0139972292 (MERCEDES-BENZ) | A0149970992 (MERCEDES-BENZ) | A6119972592 (MERCEDES-BENZ) | XL2E8620BA (FORD) | XL2Z8620BA (FORD),,https://webcateu.dayco.ws/img/products/6PK.jpg,https://www.dayco.com/la-es/catalog/?search=6PK2195,Auxiliar,POLY-V,,,
DAYCO,7986,Tensor genérico,TENSOR,,,,,https://webcateu.dayco.ws/img/products/7986.jpg,https://www.dayco.com/la-es/catalog/?search=7986,Auxiliar,TENSIONER&PULLEY,,,
DAYCO,8PK1230HD,Correa Poly-V,CORREA POLY-V,,,3034348 (CUMMINS) | 3288625 (CUMMINS) | 4898546 (IVECO) | 9069973092 (MERCEDES-BENZ) | 979956 (VOLVO) | C3034348 (DAF),,https://webcateu.dayco.ws/img/products/8PK.jpg,https://www.dayco.com/la-es/catalog/?search=8PK1230HD,Auxiliar,POLY-V,,,
DAYCO,8PK1988HD,Correa Poly-V,CORREA POLY-V,,,00099344696 (MERCEDES-BENZ) | 0009934696 (MERCEDES-BENZ) | 1389011 (SAAB) | 1389011 (SCANIA) | 1389028 (SAAB) | 1389028 (SCANIA) | 1454280 (SCANIA) | 1800521 (SCANIA) | 1888463 (SCANIA) | 3930254 (CUMMINS) | 9069933696 (MERCEDES-BENZ) | 9069973292 (MERCEDES-BENZ) | 99344696 (MERCEDES-BENZ) | 9934696 (MERCEDES-BENZ),,https://webcateu.dayco.ws/img/products/8PK.jpg,https://www.dayco.com/la-es/catalog/?search=8PK1988HD,Auxiliar,POLY-V,,,
DAYCO,1218,Tensor genérico,TENSOR,,,,,https://webcateu.dayco.ws/img/products/1218.jpg,https://www.dayco.com/la-es/catalog/?search=1218,Auxiliar,TENSIONER&PULLEY,,,
DAYCO,APV2938,Tensor auxiliar,TENSOR,,,A0005500733 (MERCEDES-BENZ),,https://webcateu.dayco.ws/img/products/APV2938.jpg,https://www.dayco.com/la-es/catalog/?search=APV2938,Auxiliar,TENSIONER&PULLEY,,,
DAYCO,1197,Tensor genérico,TENSOR,,,,,https://webcateu.dayco.ws/img/products/1197.jpg,https://www.dayco.com/la-es/catalog/?search=1197,Auxiliar,TENSIONER&PULLEY,,,
DAYCO,7946,Tensor genérico,TENSOR,,,,,https://webcateu.dayco.ws/img/products/7946.jpg,https://www.dayco.com/la-es/catalog/?search=7946,Auxiliar,TENSIONER&PULLEY,,,
DAYCO,APV2980,Tensor auxiliar,TENSOR,,,2662000670 (MERCEDES-BENZ) | 2662000970 (MERCEDES-BENZ) | A1662000570 (MERCEDES-BENZ) | A2662000670 (MERCEDES-BENZ) | A6402002570 (MERCEDES-BENZ),,https://webcateu.dayco.ws/img/products/APV2980.jpg,https://www.dayco.com/la-es/catalog/?search=APV2980,Auxiliar,TENSIONER&PULLEY,,,
DAYCO,7962,Tensor genérico,TENSOR,,,,,https://webcateu.dayco.ws/img/products/7962.jpg,https://www.dayco.com/la-es/catalog/?search=7962,Auxiliar,TENSIONER&PULLEY,,,
DAYCO,7PK2035S,Correa Poly-V,CORREA POLY-V,,,JEEP-0019937596 (MERCEDES-BENZ),,https://webcateu.dayco.ws/img/products/7PK.jpg,https://www.dayco.com/la-es/catalog/?search=7PK2035S,Auxiliar,POLY-V,,,
DAYCO,APV2782,Tensor auxiliar,TENSOR,,,5175588AA (CHRYSLER) | 6422000070 (MERCEDES-BENZ) | 6422001370 (CHRYSLER) | 68040 206AA (CHRYSLER) | 68040 206AA (JEEP) | A6422000070 (MERCEDES-BENZ) | A6422001370 (MERCEDES-BENZ),,https://webcateu.dayco.ws/img/products/APV2782.jpg,https://www.dayco.com/la-es/catalog/?search=APV2782,Auxiliar,TENSIONER&PULLEY,,,
DAYCO,APV2829,Tensor auxiliar,TENSOR,,,6512000270 (MERCEDES-BENZ) | A6512000270 (MERCEDES-BENZ),,https://webcateu.dayco.ws/img/products/APV2829.jpg,https://www.dayco.com/la-es/catalog/?search=APV2829,Auxiliar,TENSIONER&PULLEY,,,
DAYCO,700114,Manguera,MANGUERA,,,,,https://webcateu.dayco.ws/img/products/700114.jpg,https://www.dayco.com/la-es/catalog/?search=700114,Refrigeración,COOLING HOSE,,,
DAYCO,700169,Manguera,MANGUERA,,,,,https://webcateu.dayco.ws/img/products/700169.jpg,https://www.dayco.com/la-es/catalog/?search=700169,Refrigeración,COOLING HOSE,,,
DAYCO,700195,Manguera,MANGUERA,,,,,https://webcateu.dayco.ws/img/products/700195.jpg,https://www.dayco.com/la-es/catalog/?search=700195,Refrigeración,COOLING HOSE,,,
DAYCO,700109,Manguera,MANGUERA,,,,,https://webcateu.dayco.ws/img/products/700109.jpg,https://www.dayco.com/la-es/catalog/?search=700109,Refrigeración,COOLING HOSE,,,
DAYCO,13A0965HD,Correa de transmisión,CORREA DE TRANSMISIÓN,,,8942228791 (ISUZU) | 9433881 (CHEVROLET) | D4TE-8620-AA (FORD),,https://webcateu.dayco.ws/img/products/VEE.jpg,https://www.dayco.com/la-es/catalog/?search=13A0965HD,Transmisión,RAW-EDGE(V),,,
DAYCO,13A0945HD,Correa de transmisión,CORREA DE TRANSMISIÓN,,,,,https://webcateu.dayco.ws/img/products/VEE.jpg,https://www.dayco.com/la-es/catalog/?search=13A0945HD,Transmisión,RAW-EDGE(V),,,
DAYCO,700145,Manguera,MANGUERA,,,,,https://webcateu.dayco.ws/img/products/700145.jpg,https://www.dayco.com/la-es/catalog/?search=700145,Refrigeración,COOLING HOSE,,,
DAYCO,2-13A1880HD,Correa de transmisión,CORREA DE TRANSMISIÓN,,,,,https://webcateu.dayco.ws/img/products/VEE.jpg,https://www.dayco.com/la-es/catalog/?search=2-13A1880HD,Transmisión,RAW-EDGE(V),,,
DAYCO,700112,Manguera,MANGUERA,,,,,https://webcateu.dayco.ws/img/products/700112.jpg,https://www.dayco.com/la-es/catalog/?search=700112,Refrigeración,COOLING HOSE,,,
DAYCO,700156,Manguera,MANGUERA,,,,,https://webcateu.dayco.ws/img/products/700156.jpg,https://www.dayco.com/la-es/catalog/?search=700156,Refrigeración,COOLING HOSE,,,
DAYCO,13A1010C,Correa de transmisión,CORREA DE TRANSMISIÓN,,,,,https://webcateu.dayco.ws/img/products/VEE.jpg,https://www.dayco.com/la-es/catalog/?search=13A1010C,Transmisión,RAW-EDGE(V),,,
DAYCO,APV4172,Tensor auxiliar,TENSOR,,,A0002002370 (MERCEDES-BENZ),,https://webcateu.dayco.ws/img/products/APV4172.jpg,https://www.dayco.com/la-es/catalog/?search=APV4172,Auxiliar,TENSIONER&PULLEY,,,
DAYCO,700197,Manguera,MANGUERA,,,,,https://webcateu.dayco.ws/img/products/700197.jpg,https://www.dayco.com/la-es/catalog/?search=700197,Refrigeración,COOLING HOSE,,,
DAYCO,2x13A1015HD,Correa de transmisión,CORREA DE TRANSMISIÓN,,,,,https://webcateu.dayco.ws/img/products/VEE.jpg,https://www.dayco.com/la-es/catalog/?search=2x13A1015HD,Transmisión,RAW-EDGE(V),,,
DAYCO,2x13A1880HD,Correa de transmisión,CORREA DE TRANSMISIÓN,,,,,https://webcateu.dayco.ws/img/products/VEE.jpg,https://www.dayco.com/la-es/catalog/?search=2x13A1880HD,Transmisión,RAW-EDGE(V),,,
DAYCO,13A1880HD,Correa de transmisión,CORREA DE TRANSMISIÓN,,,4736963 (IVECO) | 4745406 (IVECO),,https://webcateu.dayco.ws/img/products/VEE.jpg,https://www.dayco.com/la-es/catalog/?search=13A1880HD,Transmisión,RAW-EDGE(V),,,
DAYCO,700143,Manguera,MANGUERA,,,,,https://webcateu.dayco.ws/img/products/700143.jpg,https://www.dayco.com/la-es/catalog/?search=700143,Refrigeración,COOLING HOSE,,,
DAYCO,700144,Manguera,MANGUERA,,,,,https://webcateu.dayco.ws/img/products/700144.jpg,https://www.dayco.com/la-es/catalog/?search=700144,Refrigeración,COOLING HOSE,,,
DAYCO,700196,Manguera,MANGUERA,,,,,https://webcateu.dayco.ws/img/products/700196.jpg,https://www.dayco.com/la-es/catalog/?search=700196,Refrigeración,COOLING HOSE,,,
DAYCO,2x13A1950HD,Correa de transmisión,CORREA DE TRANSMISIÓN,,,,,https://webcateu.dayco.ws/img/products/VEE.jpg,https://www.dayco.com/la-es/catalog/?search=2x13A1950HD,Transmisión,RAW-EDGE(V),,,
DAYCO,13A1950HD,Correa de transmisión,CORREA DE TRANSMISIÓN,,,0039974892 (MERCEDES-BENZ) | 0090050 (DAF) | 0394662 (DAF) | 111502423 (VOLVO) | 1283100 (DAF) | 8M-3092 (CATERPILLAR),,https://webcateu.dayco.ws/img/products/VEE.jpg,https://www.dayco.com/la-es/catalog/?search=13A1950HD,Transmisión,RAW-EDGE(V),,,
DAYCO,13A1205HD,Correa de transmisión,CORREA DE TRANSMISIÓN,,,,,https://webcateu.dayco.ws/img/products/VEE.jpg,https://www.dayco.com/la-es/catalog/?search=13A1205HD,Transmisión,RAW-EDGE(V),,,
DAYCO,13A1045HD,Correa de transmisión,CORREA DE TRANSMISIÓN,,,,,https://webcateu.dayco.ws/img/products/VEE.jpg,https://www.dayco.com/la-es/catalog/?search=13A1045HD,Transmisión,RAW-EDGE(V),,,
DAYCO,700051,Manguera,MANGUERA,,,,,https://webcateu.dayco.ws/img/products/700051.jpg,https://www.dayco.com/la-es/catalog/?search=700051,Refrigeración,COOLING HOSE,,,
DAYCO,2x13A1400HD,Correa de transmisión,CORREA DE TRANSMISIÓN,,,0039975692 (MERCEDES-BENZ) | 0079974092 (MERCEDES-BENZ) | 0099976792 (MERCEDES-BENZ) | 0211144 (DAF) | 3829970592 (MERCEDES-BENZ) | 977320 (VOLVO) | 977573 (VOLVO) | A0039975692 (MERCEDES-BENZ) | A0079974092 (MERCEDES-BENZ) | A0099976792 (MERCEDES-BENZ) | A3829970592 (MERCEDES-BENZ),,https://webcateu.dayco.ws/img/products/VEE.jpg,https://www.dayco.com/la-es/catalog/?search=2x13A1400HD,Transmisión,RAW-EDGE(V),,,
DAYCO,13A1800HD,Correa de transmisión,CORREA DE TRANSMISIÓN,,,4772213 (IVECO) | 4829322 (IVECO),,https://webcateu.dayco.ws/img/products/VEE.jpg,https://www.dayco.com/la-es/catalog/?search=13A1800HD,Transmisión,RAW-EDGE(V),,,
DAYCO,2-13A1800HD,Correa de transmisión,CORREA DE TRANSMISIÓN,,,,,https://webcateu.dayco.ws/img/products/VEE.jpg,https://www.dayco.com/la-es/catalog/?search=2-13A1800HD,Transmisión,RAW-EDGE(V),,,
DAYCO,13A1100HD,Correa de transmisión,CORREA DE TRANSMISIÓN,,,0029973692 (MERCEDES-BENZ) | 007753012509 (MERCEDES-BENZ) | 01161683 (IVECO) | 5006208074 (IVECO) | 527267 (PEGASO) | 59971392 (MERCEDES-BENZ) | 59971492 (MERCEDES-BENZ) | 978716 (VOLVO) | 98435378 (IVECO) | A0019979492 (MERCEDES-BENZ) | A0029973692 (MERCEDES-BENZ) | A0029975492 (MERCEDES-BENZ) | A0059971392 (MERCEDES-BENZ) | A007753012509 (MERCEDES-BENZ) | A0079974992 (MERCEDES-BENZ),,https://webcateu.dayco.ws/img/products/VEE.jpg,https://www.dayco.com/la-es/catalog/?search=13A1100HD,Transmisión,RAW-EDGE(V),,,
DAYCO,2x13A1800HD,Correa de transmisión,CORREA DE TRANSMISIÓN,,,1301860 (DAF),,https://webcateu.dayco.ws/img/products/VEE.jpg,https://www.dayco.com/la-es/catalog/?search=2x13A1800HD,Transmisión,RAW-EDGE(V),,,
DAYCO,700111,Manguera,MANGUERA,,,,,https://webcateu.dayco.ws/img/products/700111.jpg,https://www.dayco.com/la-es/catalog/?search=700111,Refrigeración,COOLING HOSE,,,
DAYCO,2-13A1450HD,Correa de transmisión,CORREA DE TRANSMISIÓN,,,A6649978192 (MERCEDES-BENZ),,https://webcateu.dayco.ws/img/products/VEE.jpg,https://www.dayco.com/la-es/catalog/?search=2-13A1450HD,Transmisión,RAW-EDGE(V),,,
DAYCO,2-13A1425HD,Correa de transmisión,CORREA DE TRANSMISIÓN,,,,,https://webcateu.dayco.ws/img/products/VEE.jpg,https://www.dayco.com/la-es/catalog/?search=2-13A1425HD,Transmisión,RAW-EDGE(V),,,
DAYCO,700190,Manguera,MANGUERA,,,,,https://webcateu.dayco.ws/img/products/700190.jpg,https://www.dayco.com/la-es/catalog/?search=700190,Refrigeración,COOLING HOSE,,,
DAYCO,1283,Tensor genérico,TENSOR,,,,,https://webcateu.dayco.ws/img/products/1283.jpg,https://www.dayco.com/la-es/catalog/?search=1283,Auxiliar,TENSIONER&PULLEY,,,
DAYCO,APV2941,Tensor auxiliar,TENSOR,,,A4572003270 (MERCEDES-BENZ),,https://webcateu.dayco.ws/img/products/APV2941.jpg,https://www.dayco.com/la-es/catalog/?search=APV2941,Auxiliar,TENSIONER&PULLEY,,,
DAYCO,7864,Tensor genérico,TENSOR,,,,,https://webcateu.dayco.ws/img/products/7864.jpg,https://www.dayco.com/la-es/catalog/?search=7864,Auxiliar,TENSIONER&PULLEY,,,
DAYCO,2-13A1595HD,Correa de transmisión,CORREA DE TRANSMISIÓN,,,,,https://webcateu.dayco.ws/img/products/VEE.jpg,https://www.dayco.com/la-es/catalog/?search=2-13A1595HD,Transmisión,RAW-EDGE(V),,,
DAYCO,8PK2045HD,Correa Poly-V,CORREA POLY-V,,,,,https://webcateu.dayco.ws/img/products/8PK.jpg,https://www.dayco.com/la-es/catalog/?search=8PK2045HD,Auxiliar,POLY-V,,,
DAYCO,2-13A1680HD,Correa de transmisión,CORREA DE TRANSMISIÓN,,,,,https://webcateu.dayco.ws/img/products/VEE.jpg,https://www.dayco.com/la-es/catalog/?search=2-13A1680HD,Transmisión,RAW-EDGE(V),,,
DAYCO,8PK1895HD,Correa Poly-V,CORREA POLY-V,,,1943456 (DAF),,https://webcateu.dayco.ws/img/products/8PK.jpg,https://www.dayco.com/la-es/catalog/?search=8PK1895HD,Auxiliar,POLY-V,,,
DAYCO,9PK2045HD,Correa Poly-V,CORREA POLY-V,,,A009931296 (MERCEDES-BENZ),,https://webcateu.dayco.ws/img/products/9PK.jpg,https://www.dayco.com/la-es/catalog/?search=9PK2045HD,Auxiliar,POLY-V,,,
DAYCO,700120,Manguera,MANGUERA,,,,,https://webcateu.dayco.ws/img/products/700120.jpg,https://www.dayco.com/la-es/catalog/?search=700120,Refrigeración,COOLING HOSE,,,
DAYCO,13A1015HD,Correa de transmisión,CORREA DE TRANSMISIÓN,,,7C8236 (CATERPILLAR),,https://webcateu.dayco.ws/img/products/VEE.jpg,https://www.dayco.com/la-es/catalog/?search=13A1015HD,Transmisión,RAW-EDGE(V),,,
DAYCO,900074,Manguera,MANGUERA,,,,,https://webcateu.dayco.ws/img/products/900074.jpg,https://www.dayco.com/la-es/catalog/?search=900074,Refrigeración,HOSE,,,
DAYCO,2x13A1595HD,Correa de transmisión,CORREA DE TRANSMISIÓN,,,,,https://webcateu.dayco.ws/img/products/VEE.jpg,https://www.dayco.com/la-es/catalog/?search=2x13A1595HD,Transmisión,RAW-EDGE(V),,,
DAYCO,700055,Manguera,MANGUERA,,,,,https://webcateu.dayco.ws/img/products/700055.jpg,https://www.dayco.com/la-es/catalog/?search=700055,Refrigeración,COOLING HOSE,,,
DAYCO,13A1400HD,Correa de transmisión,CORREA DE TRANSMISIÓN,,,0029976492 (MERCEDES-BENZ) | 0039974292 (MERCEDES-BENZ) | 007753012517 (MERCEDES-BENZ) | 0079973992 (MERCEDES-BENZ) | 0099976492 (MERCEDES-BENZ) | 141-1311243 (LAZ) | 39974392 (MERCEDES-BENZ) | 4743015 (IVECO) | 4766727100 (IVECO) | 4843796 (FIAT) | 4847396 (IVECO) | 61318427 (IVECO) | 66-1308020 (GAZ) | 814202 (SCANIA) | 81836785 (NEW HOLLAND) | 98465839 (IVECO) | A0019972592 (MERCEDES-BENZ) | A0019975092 (MERCEDES-BENZ) | A0029976492 (MERCEDES-BENZ) | A0039974292 (MERCEDES-BENZ) | A0039974392 (MERCEDES-BENZ) | A007753012517 (MERCEDES-BENZ),,https://webcateu.dayco.ws/img/products/VEE.jpg,https://www.dayco.com/la-es/catalog/?search=13A1400HD,Transmisión,RAW-EDGE(V),,,
DAYCO,700157,Manguera,MANGUERA,,,,,https://webcateu.dayco.ws/img/products/700157.jpg,https://www.dayco.com/la-es/catalog/?search=700157,Refrigeración,COOLING HOSE,,,
DAYCO,1265,Tensor genérico,TENSOR,,,,,https://webcateu.dayco.ws/img/products/1265.jpg,https://www.dayco.com/la-es/catalog/?search=1265,Auxiliar,TENSIONER&PULLEY,,,
DAYCO,4PK980,Correa Poly-V,CORREA POLY-V,,,46428896 (FIAT) | S1340A009 (SOUTH EAST),,https://webcateu.dayco.ws/img/products/4PK.jpg,https://www.dayco.com/la-es/catalog/?search=4PK980,Auxiliar,POLY-V,,,
DAYCO,7PK1545,Correa Poly-V,CORREA POLY-V,,,,,https://webcateu.dayco.ws/img/products/7PK.jpg,https://www.dayco.com/la-es/catalog/?search=7PK1545,Auxiliar,POLY-V,,,
DAYCO,700026,Manguera,MANGUERA,,,,,https://webcateu.dayco.ws/img/products/700026.jpg,https://www.dayco.com/la-es/catalog/?search=700026,Refrigeración,COOLING HOSE,,,
DAYCO,1228,Tensor genérico,TENSOR,,,,,https://webcateu.dayco.ws/img/products/1228.jpg,https://www.dayco.com/la-es/catalog/?search=1228,Auxiliar,TENSIONER&PULLEY,,,
DAYCO,1253,Tensor genérico,TENSOR,,,,,https://webcateu.dayco.ws/img/products/1253.jpg,https://www.dayco.com/la-es/catalog/?search=1253,Auxiliar,TENSIONER&PULLEY,,,
DAYCO,APV2121,Tensor auxiliar,TENSOR,,,11281184243 (BMW) | 1340827 (GENERAL MOTORS) | 1340827 (OPEL) | 55350960 (GENERAL MOTORS) | 55350960 (OPEL) | 55350960 (VAUXHALL) | 6112340193 (MERCEDES-BENZ) | 6112340293 (MERCEDES-BENZ) | 6340551 (OPEL) | 90529913 (GENERAL MOTORS) | 90529913 (OPEL) | 90529913 (VAUXHALL) | A6112340193 (MERCEDES-BENZ),,https://webcateu.dayco.ws/img/products/APV2121.jpg,https://www.dayco.com/la-es/catalog/?search=APV2121,Auxiliar,TENSIONER&PULLEY,,,
DAYCO,APV2134,Tensor auxiliar,TENSOR,,,0002020919 (MERCEDES-BENZ) | 05080246AA (CHRYSLER) | 059903341J (VOLKSWAGEN) | 059903341J (AUDI) | 1132020319 (MERCEDES-BENZ) | 2020019 (MERCEDES-BENZ) | 2722020000 (MERCEDES-BENZ) | 2722020819 (MERCEDES-BENZ) | 2722021019 (MERCEDES-BENZ) | 5080246AA (CHRYSLER) | A0002020019 (MERCEDES-BENZ) | A0002020919 (MERCEDES-BENZ) | A1132020319 (MERCEDES-BENZ) | A2722020000 (MERCEDES-BENZ) | A2722021019 (MERCEDES-BENZ) | K05184638AD (FIAT),,https://webcateu.dayco.ws/img/products/APV2134.jpg,https://www.dayco.com/la-es/catalog/?search=APV2134,Auxiliar,TENSIONER&PULLEY,,,
DAYCO,7941,Tensor genérico,TENSOR,,,,,https://webcateu.dayco.ws/img/products/7941.jpg,https://www.dayco.com/la-es/catalog/?search=7941,Auxiliar,TENSIONER&PULLEY,,,
DAYCO,APV2982,Tensor auxiliar,TENSOR,,,6512001870 (MERCEDES-BENZ),,https://webcateu.dayco.ws/img/products/APV2982.jpg,https://www.dayco.com/la-es/catalog/?search=APV2982,Auxiliar,TENSIONER&PULLEY,,,
DAYCO,6PK1125EE,Correa Poly-V,CORREA POLY-V,,,,,https://webcateu.dayco.ws/img/products/6PK.jpg,https://www.dayco.com/la-es/catalog/?search=6PK1125EE,Auxiliar,POLY-V,,,
DAYCO,1205,Tensor genérico,TENSOR,,,,,https://webcateu.dayco.ws/img/products/1205.jpg,https://www.dayco.com/la-es/catalog/?search=1205,Auxiliar,TENSIONER&PULLEY,,,
DAYCO,APV2934,Tensor auxiliar,TENSOR,,,A6112300115 (MERCEDES-BENZ),,https://webcateu.dayco.ws/img/products/APV2934.jpg,https://www.dayco.com/la-es/catalog/?search=APV2934,Auxiliar,TENSIONER&PULLEY,,,
DAYCO,13A1250HD,Correa de transmisión,CORREA DE TRANSMISIÓN,,,0029974192 (MERCEDES-BENZ) | 0029979192 (MERCEDES-BENZ) | 0139970792 (MERCEDES-BENZ) | 0378324 (DAF) | 0378724 (DAF) | 1236816 (DAF) | 170856 (SCANIA) | 23255702 (RENAULT) | 268448 (DAF) | 3324338M1 (MASSEY FERGUSON) | 39970792 (MERCEDES-BENZ) | 39975292 (MERCEDES-BENZ) | 5000042711 (RENAULT) | 5000046526 (RENAULT) | 5000626261 (RENAULT) | 5000686366 (RENAULT) | 5000686893 (RENAULT) | 7753012513 (MERCEDES-BENZ) | 7753012540 (MERCEDES-BENZ) | 814196 (SCANIA) | 958545 (VOLVO) | 966388 (VOLVO) | 977572 (VOLVO) | 98434372 (IVECO) | 98454854 (FIAT) | 98454854 (IVECO) | 98454854 (NEW HOLLAND) | 9978692 (MERCEDES-BENZ) | A0009978692 (MERCEDES-BENZ) | A0029974192 (MERCEDES-BENZ) | A0029979192 (MERCEDES-BENZ) | A0039970792 (MERCEDES-BENZ) | A0039975292 (MERCEDES-BENZ) | A007753012513 (MERCEDES-BENZ) | K308448 (CASE IH),,https://webcateu.dayco.ws/img/products/VEE.jpg,https://www.dayco.com/la-es/catalog/?search=13A1250HD,Transmisión,RAW-EDGE(V),,,
DAYCO,13A1255HD,Correa de transmisión,CORREA DE TRANSMISIÓN,,,98432111 (IVECO),,https://webcateu.dayco.ws/img/products/VEE.jpg,https://www.dayco.com/la-es/catalog/?search=13A1255HD,Transmisión,RAW-EDGE(V),,,
DAYCO,239STP8M254H,Correa de distribución,CORREA DE DISTRIBUCIÓN,,,078109119A (AUDI) | 078109119D (AUDI) | 078109119D (VOLKSWAGEN) | 078903119A (AUDI) | VT210 (IVECO),,https://webcateu.dayco.ws/img/products/TB.jpg,https://www.dayco.com/la-es/catalog/?search=239STP8M254H,Principal,TIMING BELT,,,
DAYCO,1293,Tensor genérico,TENSOR,,,,,https://webcateu.dayco.ws/img/products/1293.jpg,https://www.dayco.com/la-es/catalog/?search=1293,Auxiliar,TENSIONER&PULLEY,,,
DAYCO,1282,Tensor genérico,TENSOR,,,,,https://webcateu.dayco.ws/img/products/1282.jpg,https://www.dayco.com/la-es/catalog/?search=1282,Auxiliar,TENSIONER&PULLEY,,,
DAYCO,APV2787,Tensor auxiliar,TENSOR,,,06E903133A (AUDI) | 06E903133B (AUDI) | 06E903133D (VOLKSWAGEN) | 06E903133E (AUDI) | 6E903133Q (AUDI),,https://webcateu.dayco.ws/img/products/APV2787.jpg,https://www.dayco.com/la-es/catalog/?search=APV2787,Auxiliar,TENSIONER&PULLEY,,,
DAYCO,APV2600,Tensor auxiliar,TENSOR,,,31216066 (VOLVO) | 31401193 (VOLVO) | 6G9N11948AC (FORD),,https://webcateu.dayco.ws/img/products/APV2600.jpg,https://www.dayco.com/la-es/catalog/?search=APV2600,Auxiliar,TENSIONER&PULLEY,,,
DAYCO,APV2310,Tensor auxiliar,TENSOR,,,06B.903.133 (AUDI) | 06B.903.133 A (AUDI) | 06B903133E (AUDI),,https://webcateu.dayco.ws/img/products/APV2310.jpg,https://www.dayco.com/la-es/catalog/?search=APV2310,Auxiliar,TENSIONER&PULLEY,,,
DAYCO,6PK2415,Correa Poly-V,CORREA POLY-V,,,0099971692 (MERCEDES-BENZ) | 0109975892 (MERCEDES-BENZ) | 0109978192 (MERCEDES-BENZ) | 0119970592 (MERCEDES-BENZ) | 0119974792 (MERCEDES-BENZ) | 059903137AG (VOLKSWAGEN) | 06E903137A (AUDI) | 06E903137J (AUDI) | 1159970392 (MERCEDES-BENZ) | 12576747 (GENERAL MOTORS) | 1559970392 (MERCEDES-BENZ) | 252122F300 (HYUNDAI) | 252122F300 (KIA) | 3501607 (FORD) | 530010314 (JEEP) | 53010314 (JEEP) | 55563222 (SAAB) | 559034 (SAAB) | 5590344 (SAAB) | 59903137AG (AUDI) | A0099971692 (MERCEDES-BENZ) | A0109975892 (MERCEDES-BENZ) | A0109978192 (MERCEDES-BENZ) | A0119970592 (MERCEDES-BENZ) | A0119974792 (MERCEDES-BENZ),,https://webcateu.dayco.ws/img/products/6PK.jpg,https://www.dayco.com/la-es/catalog/?search=6PK2415,Auxiliar,POLY-V,,,
DAYCO,1121,Tensor genérico,TENSOR,,,,,https://webcateu.dayco.ws/img/products/1121.jpg,https://www.dayco.com/la-es/catalog/?search=1121,Auxiliar,TENSIONER&PULLEY,,,
DAYCO,APV2010,Tensor auxiliar,TENSOR,,,11282245087 (BMW) | 11311726699 (BMW) | 1726699 (BMW) | 1748321 (BMW) | 1854422 (OPEL) | 1854433 (OPEL) | 1854436 (OPEL) | 2244172 (BMW) | 2244173 (BMW) | 2245087 (BMW) | 64551726699 (BMW) | 64551748321 (BMW) | 64552244172 (BMW) | 64552244173 (BMW) | 90509750 (OPEL) | 90511911 (OPEL) | 90541734 (OPEL),,https://webcateu.dayco.ws/img/products/APV2010.jpg,https://www.dayco.com/la-es/catalog/?search=APV2010,Auxiliar,TENSIONER&PULLEY,,,
DAYCO,1117,Tensor genérico,TENSOR,,,,,https://webcateu.dayco.ws/img/products/1117.jpg,https://www.dayco.com/la-es/catalog/?search=1117,Auxiliar,TENSIONER&PULLEY,,,
DAYCO,APV2109,Tensor auxiliar,TENSOR,,,047145276B (SKODA) | 11281748131 (BMW) | 1748131 (BMW),,https://webcateu.dayco.ws/img/products/APV2109.jpg,https://www.dayco.com/la-es/catalog/?search=APV2109,Auxiliar,TENSIONER&PULLEY,,,
DAYCO,1199,Tensor genérico,TENSOR,,,,,https://webcateu.dayco.ws/img/products/1199.jpg,https://www.dayco.com/la-es/catalog/?search=1199,Auxiliar,TENSIONER&PULLEY,,,
DAYCO,APV2151,Tensor auxiliar,TENSOR,,,11281435594 (BMW) | 1435594 (BMW),,https://webcateu.dayco.ws/img/products/APV2151.jpg,https://www.dayco.com/la-es/catalog/?search=APV2151,Auxiliar,TENSIONER&PULLEY,,,
DAYCO,1118,Tensor genérico,TENSOR,,,,,https://webcateu.dayco.ws/img/products/1118.jpg,https://www.dayco.com/la-es/catalog/?search=1118,Auxiliar,TENSIONER&PULLEY,,,
DAYCO,APV2208,Tensor auxiliar,TENSOR,,,11281726181 (BMW) | 11281730571 (BMW) | 11281738061 (BMW) | 11281738605 (BMW) | 11281748130 (BMW) | 11287841228 (BMW) | 11287841531 (BMW) | 1726181 (BMW) | 1738061 (BMW) | 1738605 (BMW) | 1748130 (BMW) | 7841228 (BMW),,https://webcateu.dayco.ws/img/products/APV2208.jpg,https://www.dayco.com/la-es/catalog/?search=APV2208,Auxiliar,TENSIONER&PULLEY,,,
DAYCO,5PK862,Correa Poly-V,CORREA POLY-V,,,11281437450 (BMW) | 4007AY (PEUGEOT) | 5750SF (CITROEN) | 5750SF (PEUGEOT) | 60606518 (ALFA ROMEO) | 60606518 (FIAT) | 60606518 (LANCIA) | F32Z8620G (MAZDA) | K805-18-381A (MAZDA) | K80518381B (MAZDA),,https://webcateu.dayco.ws/img/products/5PK.jpg,https://www.dayco.com/la-es/catalog/?search=5PK862,Auxiliar,POLY-V,,,
DAYCO,10A0865C,Correa de transmisión,CORREA DE TRANSMISIÓN,,,11231709636 (BMW) | 11231709638 (BMW) | 11720-E011 (NISSAN) | 11720-E3000 (NISSAN) | 11720-E3010 (NISSAN) | 11720-E3011 (NISSAN) | 11720-E3015 (NISSAN) | 11720-S0101 (NISSAN) | 133481 (SAAB) | 13H1329 (ROVER) | 1473889 (FORD) | 21067-78500 (NISSAN) | 32411270869 (BMW) | 3244271 (VOLVO) | 427169 (TALBOT) | 4458068 (FIAT) | 60503994 (FIAT) | 60556707 (FIAT) | 71719641 (FIAT) | 71HF6620AB (FORD) | 71HF6620CA (FORD) | 7652117 (FIAT) | 7692828 (FIAT) | 7692829 (FIAT) | 76HF8620CA (FORD) | 76HF8820BA (FORD) | 7763319 (FIAT) | 90916-02024 (TOYOTA) | GFB120 (ROVER) | MD011351 (MITSUBISHI) | MD030768 (MITSUBISHI),,https://webcateu.dayco.ws/img/products/VEE.jpg,https://www.dayco.com/la-es/catalog/?search=10A0865C,Transmisión,RAW-EDGE(V),,,
DAYCO,7PK1605,Correa Poly-V,CORREA POLY-V,,,11281736986 (BMW) | 11281742012 (BMW) | 11287636363 (BMW) | 17366999 (BMW) | KJ0118381A (MAZDA),,https://webcateu.dayco.ws/img/products/7PK.jpg,https://www.dayco.com/la-es/catalog/?search=7PK1605,Auxiliar,POLY-V,,,
DAYCO,1201,Tensor genérico,TENSOR,,,,,https://webcateu.dayco.ws/img/products/1201.jpg,https://www.dayco.com/la-es/catalog/?search=1201,Auxiliar,TENSIONER&PULLEY,,,
DAYCO,7PK1630,Correa Poly-V,CORREA POLY-V,,,,,https://webcateu.dayco.ws/img/products/7PK.jpg,https://www.dayco.com/la-es/catalog/?search=7PK1630,Auxiliar,POLY-V,,,
DAYCO,1200,Tensor genérico,TENSOR,,,,,https://webcateu.dayco.ws/img/products/1200.jpg,https://www.dayco.com/la-es/catalog/?search=1200,Auxiliar,TENSIONER&PULLEY,,,
DAYCO,13A1000C,Correa de transmisión,CORREA DE TRANSMISIÓN,,,0019972692 (MERCEDES-BENZ) | 0029971992 (MERCEDES-BENZ) | 0059976892 (MERCEDES-BENZ) | 01978-10994 (NISSAN) | 0605-18-381 (MAZDA) | 11231315353 (BMW) | 11720-17S00 (NISSAN) | 11720-17S10 (NISSAN) | 11720-V0705 (NISSAN) | 11720-V0706 (NISSAN) | 11720-V0707 (NISSAN) | 11720-V0708 (NISSAN) | 11950-11M03 (NISSAN) | 11950-11M10 (NISSAN) | 1214507 (TALBOT) | 1228192 (TALBOT) | 1646286 (FORD) | 21066-R8300 (NISSAN) | 3208961 (VOLVO) | 3815689 (FORD) | 5718143100 (HYUNDAI) | 611612 (LAND ROVER) | 611612 (ROVER) | 614670 (LAND ROVER) | 645753 (PEUGEOT) | 8-94141-7200 (ISUZU) | 8-94478-1731 (ISUZU) | 90916-02133 (TOYOTA) | 90916-02169 (TOYOTA) | 90916-02183 (TOYOTA) | 90916-02315 (TOYOTA) | 90916-02381 (TOYOTA) | 90916-02385 (TOYOTA) | 94257037 (GENERAL MOTORS) | 94478173 (GENERAL MOTORS) | 97119226 (VAUXHALL) | 99332-00985 (TOYOTA) | 99332-11000 (TOYOTA) | 9933210980 (TOYOTA) | 99919228650 (PORSCHE) | F2J4-18-381 (MAZDA) | FE46-18-381 (MAZDA) | GFB303 (ROVER) | JF0115908 (MAZDA) | MD063845 (MITSUBISHI) | MD070584 (MITSUBISHI) | MD071350 (MITSUBISHI) | MD083704 (MITSUBISHI) | MD095193 (MITSUBISHI) | MD100349 (MITSUBISHI) | MD316009 (MITSUBISHI) | V87VB6C301BA (FORD),,https://webcateu.dayco.ws/img/products/VEE.jpg,https://www.dayco.com/la-es/catalog/?search=13A1000C,Transmisión,RAW-EDGE(V),,,
DAYCO,130SLDD150H,Correa de distribución,CORREA DE DISTRIBUCIÓN,,,55221254 (ALFA ROMEO) | 55221254 (FIAT) | 55221254 (LANCIA) | 60620887 (ALFA ROMEO) | 60620887 (FIAT) | 60620887 (LANCIA) | 60812382 (ALFA ROMEO) | 60812382 (FIAT) | 60812382 (LANCIA),,https://webcateu.dayco.ws/img/products/TB.jpg,https://www.dayco.com/la-es/catalog/?search=130SLDD150H,Principal,TIMING BELT,,,
DAYCO,7727,Tensor genérico,TENSOR,,,,,https://webcateu.dayco.ws/img/products/7727.jpg,https://www.dayco.com/la-es/catalog/?search=7727,Auxiliar,TENSIONER&PULLEY,,,
DAYCO,7731,Tensor genérico,TENSOR,,,,,https://webcateu.dayco.ws/img/products/7731.jpg,https://www.dayco.com/la-es/catalog/?search=7731,Auxiliar,TENSIONER&PULLEY,,,
DAYCO,7PK1952,Correa Poly-V,CORREA POLY-V,,,,,https://webcateu.dayco.ws/img/products/7PK.jpg,https://www.dayco.com/la-es/catalog/?search=7PK1952,Auxiliar,POLY-V,,,
DAYCO,ATB2318,Tensor de distribución,TENSOR,,,55221253 (ALFA ROMEO) | 60608908 (ALFA ROMEO) | 60620441 (ALFA ROMEO) | 60620443 (ALFA ROMEO) | 60620443 (FIAT) | 60620443 (LANCIA) | 6066 7496 (ALFA ROMEO) | 60667496 (FIAT) | 60667496 (LANCIA) | 60812381 (ALFA ROMEO) | 60812384 (ALFA ROMEO),,https://webcateu.dayco.ws/img/products/ATB2318.jpg,https://www.dayco.com/la-es/catalog/?search=ATB2318,Principal,TENSIONER&PULLEY,,,
DAYCO,1246,Tensor genérico,TENSOR,,,,,https://webcateu.dayco.ws/img/products/1246.jpg,https://www.dayco.com/la-es/catalog/?search=1246,Auxiliar,TENSIONER&PULLEY,,,
DAYCO,APV2193,Tensor auxiliar,TENSOR,,,60602136 (ALFA ROMEO) | 60602136 (FIAT) | 60602136 (LANCIA) | 60812349 (ALFA ROMEO) | 60812349 (FIAT) | 60812349 (LANCIA),,https://webcateu.dayco.ws/img/products/APV2193.jpg,https://www.dayco.com/la-es/catalog/?search=APV2193,Auxiliar,TENSIONER&PULLEY,,,
DAYCO,1237,Tensor genérico,TENSOR,,,,,https://webcateu.dayco.ws/img/products/1237.jpg,https://www.dayco.com/la-es/catalog/?search=1237,Auxiliar,TENSIONER&PULLEY,,,
DAYCO,1247,Tensor genérico,TENSOR,,,,,https://webcateu.dayco.ws/img/products/1247.jpg,https://www.dayco.com/la-es/catalog/?search=1247,Auxiliar,TENSIONER&PULLEY,,,
DAYCO,7PK1220,Correa Poly-V,CORREA POLY-V,,,7597169 (FIAT) | 7597169 (LANCIA),,https://webcateu.dayco.ws/img/products/7PK.jpg,https://www.dayco.com/la-es/catalog/?search=7PK1220,Auxiliar,POLY-V,,,
DAYCO,APV2857,Tensor auxiliar,TENSOR,,,60513907 (ALFA ROMEO),,https://webcateu.dayco.ws/img/products/APV2857.jpg,https://www.dayco.com/la-es/catalog/?search=APV2857,Auxiliar,TENSIONER&PULLEY,,,
DAYCO,1236,Tensor genérico,TENSOR,,,,,https://webcateu.dayco.ws/img/products/1236.jpg,https://www.dayco.com/la-es/catalog/?search=1236,Auxiliar,TENSIONER&PULLEY,,,
DAYCO,1238,Tensor genérico,TENSOR,,,,,https://webcateu.dayco.ws/img/products/1238.jpg,https://www.dayco.com/la-es/catalog/?search=1238,Auxiliar,TENSIONER&PULLEY,,,
DAYCO,174SP+280H,Correa de distribución,CORREA DE DISTRIBUCIÓN,,,60561244 (ALFA ROMEO) | 60561244 (FIAT) | 60810652 (LANCIA) | 60812141 (FIAT) | 60812141 (LANCIA),,https://webcateu.dayco.ws/img/products/TB.jpg,https://www.dayco.com/la-es/catalog/?search=174SP+280H,Principal,TIMING BELT,,,
DAYCO,APV2858,Tensor auxiliar,TENSOR,,,60561614 (ALFA ROMEO) | 60810641 (ALFA ROMEO),,https://webcateu.dayco.ws/img/products/APV2858.jpg,https://www.dayco.com/la-es/catalog/?search=APV2858,Auxiliar,TENSIONER&PULLEY,,,
DAYCO,ATB2574,Tensor de distribución,TENSOR,,,60580235 (ALFA ROMEO),,https://webcateu.dayco.ws/img/products/ATB2574.jpg,https://www.dayco.com/la-es/catalog/?search=ATB2574,Principal,TENSIONER&PULLEY,,,
DAYCO,ATB2575,Tensor de distribución,TENSOR,,,60561649 (ALFA ROMEO) | 60810644 (ALFA ROMEO),,https://webcateu.dayco.ws/img/products/ATB2575.jpg,https://www.dayco.com/la-es/catalog/?search=ATB2575,Principal,TENSIONER&PULLEY,,,
DAYCO,103SP254H,Correa de distribución,CORREA DE DISTRIBUCIÓN,,,11407-71C00 (SUZUKI) | 11407-83C00 (SUZUKI) | 12761-71C00 (DAIHATSU) | 12761-77G00 (DAIHATSU) | 1276171C00 (SUZUKI) | 1276185C10 (SUZUKI),,https://webcateu.dayco.ws/img/products/TB.jpg,https://www.dayco.com/la-es/catalog/?search=103SP254H,Principal,TIMING BELT,,,
DAYCO,KTB377,Kit de distribución,KIT DISTRIBUCION,,,,,https://webcateu.dayco.ws/img/products/KTB377.jpg,https://www.dayco.com/la-es/catalog/?search=KTB377,Principal,TIMING BELT KIT,,,
DAYCO,097SP254H,Correa de distribución,CORREA DE DISTRIBUCIÓN,,,11407-70C00 (MARUTI SUZUKI) | 11407-70C00-000 (SUZUKI) | 1140770C00 (SUZUKI) | 11407M70C00 (MARUTI SUZUKI) | 12761-70C00-000 (SUZUKI) | 1276170C00 (SUZUKI) | 1276170C10 (SUZUKI) | 12761N70C10 (SUZUKI),,https://webcateu.dayco.ws/img/products/TB.jpg,https://www.dayco.com/la-es/catalog/?search=097SP254H,Principal,TIMING BELT,,,
DAYCO,4PK711EE,Correa Poly-V,CORREA POLY-V,,,,,https://webcateu.dayco.ws/img/products/4PK.jpg,https://www.dayco.com/la-es/catalog/?search=4PK711EE,Auxiliar,POLY-V,,,
DAYCO,5PK970,Correa Poly-V,CORREA POLY-V,,,,,https://webcateu.dayco.ws/img/products/5PK.jpg,https://www.dayco.com/la-es/catalog/?search=5PK970,Auxiliar,POLY-V,,,
DAYCO,089S190,Correa de distribución,CORREA DE DISTRIBUCIÓN,,,1140763B00 (SUZUKI) | 12761-63B00 (DAIHATSU) | 12761-82000 (DAIHATSU) | 12761-82000 (SUZUKI) | 12761-82010 (SUZUKI) | 1276163B00 (SUZUKI) | 12761A82000 (SUZUKI) | 12761B82000 (SUZUKI),,https://webcateu.dayco.ws/img/products/TB.jpg,https://www.dayco.com/la-es/catalog/?search=089S190,Principal,TIMING BELT,,,
DAYCO,089SP190H,Correa de distribución,CORREA DE DISTRIBUCIÓN,,,1140763 (SUBARU) | 1140763 (SUZUKI) | 1140763E00 (SUBARU) | 1140763E00 (SUZUKI) | 1140780C00 (SUZUKI) | 1176163 (NISSAN) | 1176163 (SUZUKI) | 1176163E00 (NISSAN) | 1176163E00 (SUZUKI) | 12761-63E00 (SUBARU) | 1276163 (SUZUKI) | 1276163E00 (SUZUKI) | 1276180C00 (SUZUKI) | 13028-KA021 (SUBARU) | 13028-KA080 (SUBARU) | 13028KA020 (SUBARU) | 13028KA021 (NISSAN) | 13160KA080 (SUBARU) | MD153723 (MITSUBISHI) | MD199072 (MITSUBISHI),,https://webcateu.dayco.ws/img/products/TB.jpg,https://www.dayco.com/la-es/catalog/?search=089SP190H,Principal,TIMING BELT,,,
DAYCO,089SP254H,Correa de distribución,CORREA DE DISTRIBUCIÓN,,,1274172F00 (SUZUKI) | 12761-72F00 (SUBARU) | 12761-72F10 (DAIHATSU) | 12761-72F10 (SUBARU) | 12761-M72F10 (SUZUKI) | 1276172F00 (SUZUKI) | 12761N72F00 (SUZUKI),,https://webcateu.dayco.ws/img/products/TB.jpg,https://www.dayco.com/la-es/catalog/?search=089SP254H,Principal,TIMING BELT,,,
DAYCO,3PK812,Correa Poly-V,CORREA POLY-V,,,31110PH30040 (HONDA) | 31110PH6003 (HONDA) | 31110PH6004 (HONDA) | 9091602122 (TOYOTA),,https://webcateu.dayco.ws/img/products/3PK.jpg,https://www.dayco.com/la-es/catalog/?search=3PK812,Auxiliar,POLY-V,,,
DAYCO,095SP+190H,Correa de distribución,CORREA DE DISTRIBUCIÓN,,,1140760A00 (SUZUKI) | 12761-85C00 (SUZUKI) | 1276160A00 (DAIHATSU) | 1276160A00 (SUBARU) | 1276160A00 (SUZUKI) | 1276160A01 (SUZUKI) | 1276175500 (SUZUKI),,https://webcateu.dayco.ws/img/products/TB.jpg,https://www.dayco.com/la-es/catalog/?search=095SP+190H,Principal,TIMING BELT,,,
DAYCO,ATB2098,Tensor de distribución,TENSOR,,,12810-82000 (SUZUKI) | 12810-82001 (SUZUKI) | 12810-82002 (SUZUKI) | 12810-82003 (SUZUKI) | 96065054 (SUZUKI) | GT80320 (GMB),,https://webcateu.dayco.ws/img/products/ATB2098.jpg,https://www.dayco.com/la-es/catalog/?search=ATB2098,Principal,TENSIONER&PULLEY,,,
DAYCO,KTB095,Kit de distribución,KIT DISTRIBUCION,,,,,https://webcateu.dayco.ws/img/products/KTB095.jpg,https://www.dayco.com/la-es/catalog/?search=KTB095,Principal,TIMING BELT KIT,,,
DAYCO,7714,Tensor genérico,TENSOR,,,,,https://webcateu.dayco.ws/img/products/7714.jpg,https://www.dayco.com/la-es/catalog/?search=7714,Auxiliar,TENSIONER&PULLEY,,,
DAYCO,ATB2101,Tensor de distribución,TENSOR,,,1281071000 (SUZUKI) | 1281071C00 (SUZUKI) | 1281071C01 (SUZUKI) | 1281071C02 (SUZUKI) | GT80640 (GMB),,https://webcateu.dayco.ws/img/products/ATB2101.jpg,https://www.dayco.com/la-es/catalog/?search=ATB2101,Principal,TENSIONER&PULLEY,,,
DAYCO,257SHP+320H,Correa de distribución,CORREA DE DISTRIBUCIÓN,,,MD140070 (MITSUBISHI) | MD161427 (MITSUBISHI) | MD183005 (MITSUBISHI) | MD193874 (MITSUBISHI) | MD197146 (MITSUBISHI) | XD193874 (MITSUBISHI),,https://webcateu.dayco.ws/img/products/TB.jpg,https://www.dayco.com/la-es/catalog/?search=257SHP+320H,Principal,TIMING BELT,,,
DAYCO,124SP290H,Correa de distribución,CORREA DE DISTRIBUCIÓN,,,85953026 (CHERY) | MB182294 (MITSUBISHI) | MD182294 (MITSUBISHI) | MD197144 (MITSUBISHI) | MD323455 (MITSUBISHI) | MD339052 (MITSUBISHI) | SMD182294 (GREAT WALL MOTOR) | XD182294 (MITSUBISHI),,https://webcateu.dayco.ws/img/products/TB.jpg,https://www.dayco.com/la-es/catalog/?search=124SP290H,Principal,TIMING BELT,,,
DAYCO,6PK1830,Correa Poly-V,CORREA POLY-V,,,11287532144 (BMW) | 11287549643 (BMW) | 11287628651 (BMW) | 4411412 (OPEL) | 46429930 (FIAT) | 46451888 (FIAT) | 46474064 (FIAT) | 46749664 (ALFA ROMEO) | 46749664 (FIAT) | 60814032 (ALFA ROMEO) | 60814032 (FIAT) | 60815622 (ALFA ROMEO) | 60815622 (FIAT) | 8200188959 (RENAULT) | MN128695 (MITSUBISHI) | MZ690267 (MITSUBISHI),,https://webcateu.dayco.ws/img/products/6PK.jpg,https://www.dayco.com/la-es/catalog/?search=6PK1830,Auxiliar,POLY-V,,,
DAYCO,ATB2339,Tensor de distribución,TENSOR,,,GT80800 (GMB) | MD182537 (MITSUBISHI) | MD334548 (MITSUBISHI) | MD334999 (MITSUBISHI) | MD369999 (MITSUBISHI) | SMD182537 (MITSUBISHI),,https://webcateu.dayco.ws/img/products/ATB2339.jpg,https://www.dayco.com/la-es/catalog/?search=ATB2339,Principal,TENSIONER&PULLEY,,,
DAYCO,2105,Tensor genérico,TENSOR,,,,,https://webcateu.dayco.ws/img/products/2105.jpg,https://www.dayco.com/la-es/catalog/?search=2105,Auxiliar,TENSIONER&PULLEY,,,
DAYCO,7980,Tensor genérico,TENSOR,,,,,https://webcateu.dayco.ws/img/products/7980.jpg,https://www.dayco.com/la-es/catalog/?search=7980,Auxiliar,TENSIONER&PULLEY,,,
DAYCO,KTC1729,Kit cadena de distribución,KIT DISTRIBUCION,,,,,https://webcateu.dayco.ws/img/products/KTC1729.jpg,https://www.dayco.com/la-es/catalog/?search=KTC1729,Principal,CHAIN KIT,,,
DAYCO,KTC1730,Kit cadena de distribución,KIT DISTRIBUCION,,,,,https://webcateu.dayco.ws/img/products/KTC1730.jpg,https://www.dayco.com/la-es/catalog/?search=KTC1730,Principal,CHAIN KIT,,,
DAYCO,5PK1320,Correa Poly-V,CORREA POLY-V,,,,,https://webcateu.dayco.ws/img/products/5PK.jpg,https://www.dayco.com/la-es/catalog/?search=5PK1320,Auxiliar,POLY-V,,,
DAYCO,ATB2358,Tensor de distribución,TENSOR,,,30873954 (VOLVO) | MD169592 (MITSUBISHI) | MD169592 (PROTON),,https://webcateu.dayco.ws/img/products/ATB2358.jpg,https://www.dayco.com/la-es/catalog/?search=ATB2358,Principal,TENSIONER&PULLEY,,,
DAYCO,156SHP+290H,Correa de distribución,CORREA DE DISTRIBUCIÓN,,,MD176389 (MITSUBISHI) | MD176389 (PROTON) | MD197134 (MITSUBISHI) | XD176389 (MITSUBISHI),,https://webcateu.dayco.ws/img/products/TB.jpg,https://www.dayco.com/la-es/catalog/?search=156SHP+290H,Principal,TIMING BELT,,,
DAYCO,111SHP+290H,Correa de distribución,CORREA DE DISTRIBUCIÓN,,,MD314456 (MITSUBISHI) | XD314456 (MITSUBISHI),,https://webcateu.dayco.ws/img/products/TB.jpg,https://www.dayco.com/la-es/catalog/?search=111SHP+290H,Principal,TIMING BELT,,,
DAYCO,KTB540,Kit de distribución,KIT DISTRIBUCION,,,,,https://webcateu.dayco.ws/img/products/KTB540.jpg,https://www.dayco.com/la-es/catalog/?search=KTB540,Principal,TIMING BELT KIT,,,
DAYCO,122SP290H,Correa de distribución,CORREA DE DISTRIBUCIÓN,,,MD329639 (MITSUBISHI) | SMD329639 (GREAT WALL MOTOR) | XD329639 (MITSUBISHI),,https://webcateu.dayco.ws/img/products/TB.jpg,https://www.dayco.com/la-es/catalog/?search=122SP290H,Principal,TIMING BELT,,,
DAYCO,123SP+290H,Correa de distribución,CORREA DE DISTRIBUCIÓN,,,85953025 (CHERY) | MB182293 (MITSUBISHI) | MD182293 (MITSUBISHI) | MD197141 (MITSUBISHI) | MD336149 (CHRYSLER) | MD336149 (DODGE) | MD336149 (MITSUBISHI) | MD338288 (MITSUBISHI) | SMD336149 (BEIJING GROUP) | SMR994968 (BEIJING GROUP) | XD182293 (MITSUBISHI),,https://webcateu.dayco.ws/img/products/TB.jpg,https://www.dayco.com/la-es/catalog/?search=123SP+290H,Principal,TIMING BELT,,,
DAYCO,055SHX127H,Correa de distribución,CORREA DE DISTRIBUCIÓN,,,23356-32010 (HYUNDAI) | 23356-32020 (HYUNDAI) | 23356-32030 (HYUNDAI) | 2335632050 (HYUNDAI) | 2335632051 (HYUNDAI) | MD015311 (MITSUBISHI) | MD016313 (MITSUBISHI) | MD040799 (MITSUBISHI) | MD041407 (MITSUBISHI) | MD106103 (HYUNDAI) | MD106103 (MITSUBISHI) | MD160103 (MITSUBISHI) | XD106103 (MITSUBISHI),,https://webcateu.dayco.ws/img/products/TB.jpg,https://www.dayco.com/la-es/catalog/?search=055SHX127H,Principal,TIMING BELT,,,
DAYCO,122SP240H,Correa de distribución,CORREA DE DISTRIBUCIÓN,,,2431232555 (HYUNDAI) | MD120487 (MITSUBISHI) | MD140227 (MITSUBISHI) | MD197137 (MITSUBISHI) | XD140227 (MITSUBISHI),,https://webcateu.dayco.ws/img/products/TB.jpg,https://www.dayco.com/la-es/catalog/?search=122SP240H,Principal,TIMING BELT,,,
DAYCO,2058,Tensor genérico,TENSOR,,,,,https://webcateu.dayco.ws/img/products/2058.jpg,https://www.dayco.com/la-es/catalog/?search=2058,Auxiliar,TENSIONER&PULLEY,,,
DAYCO,ATB2345,Tensor de distribución,TENSOR,,,24450-39810 (HYUNDAI) | 24450-39810 (KIA) | 2445035510 (HYUNDAI) | 2445035530 (HYUNDAI) | GT10100 (GMB) | MD140071 (CHRYSLER),,https://webcateu.dayco.ws/img/products/ATB2345.jpg,https://www.dayco.com/la-es/catalog/?search=ATB2345,Principal,TENSIONER&PULLEY,,,
DAYCO,APV2945,Tensor auxiliar,TENSOR,,,MD303884 (MITSUBISHI),,https://webcateu.dayco.ws/img/products/APV2945.jpg,https://www.dayco.com/la-es/catalog/?search=APV2945,Auxiliar,TENSIONER&PULLEY,,,
DAYCO,2059,Tensor genérico,TENSOR,,,,,https://webcateu.dayco.ws/img/products/2059.jpg,https://www.dayco.com/la-es/catalog/?search=2059,Auxiliar,TENSIONER&PULLEY,,,
DAYCO,ATB2336,Tensor de distribución,TENSOR,,,2481035500 (HYUNDAI) | 2481035510 (HYUNDAI) | 2481035530 (HYUNDAI) | 2481039810 (HYUNDAI) | 34810-35510 (HYUNDAI) | GT10110 (GMB) | MD151447 (MITSUBISHI) | MD319022 (MITSUBISHI),,https://webcateu.dayco.ws/img/products/ATB2336.jpg,https://www.dayco.com/la-es/catalog/?search=ATB2336,Principal,TENSIONER&PULLEY,,,
DAYCO,10A1075C/2,Correa de transmisión,CORREA DE TRANSMISIÓN,,,,,https://webcateu.dayco.ws/img/products/VEE.jpg,https://www.dayco.com/la-es/catalog/?search=10A1075C/2,Transmisión,RAW-EDGE(V),,,
DAYCO,17A1105C,Correa de transmisión,CORREA DE TRANSMISIÓN,,,,,https://webcateu.dayco.ws/img/products/VEE.jpg,https://www.dayco.com/la-es/catalog/?search=17A1105C,Transmisión,RAW-EDGE(V),,,
DAYCO,4PK1130,Correa Poly-V,CORREA POLY-V,,,04668249AB (CHRYSLER) | 4668249AB (CHRYSLER) | 4668249AB (DODGE) | 4668249AC (CHRYSLER) | 4668249AE (CHRYSLER) | 4668249AF (CHRYSLER) | 73036GA110 (SUBARU) | 7700260887 (RENAULT) | 8111131-B01 (CHANGAN),,https://webcateu.dayco.ws/img/products/4PK.jpg,https://www.dayco.com/la-es/catalog/?search=4PK1130,Auxiliar,POLY-V,,,
DAYCO,2057,Tensor genérico,TENSOR,,,,,https://webcateu.dayco.ws/img/products/2057.jpg,https://www.dayco.com/la-es/catalog/?search=2057,Auxiliar,TENSIONER&PULLEY,,,
DAYCO,APV2910,Tensor auxiliar,TENSOR,,,MB609139 (MITSUBISHI),,https://webcateu.dayco.ws/img/products/APV2910.jpg,https://www.dayco.com/la-es/catalog/?search=APV2910,Auxiliar,TENSIONER&PULLEY,,,
DAYCO,195SHP+320H,Correa de distribución,CORREA DE DISTRIBUCIÓN,,,1145A043 (MITSUBISHI) | MD322641 (MITSUBISHI) | XD322641 (MITSUBISHI),,https://webcateu.dayco.ws/img/products/TB.jpg,https://www.dayco.com/la-es/catalog/?search=195SHP+320H,Principal,TIMING BELT,,,
DAYCO,KTB894,Kit de distribución,KIT DISTRIBUCION,,,,,https://webcateu.dayco.ws/img/products/KTB894.jpg,https://www.dayco.com/la-es/catalog/?search=KTB894,Principal,TIMING BELT KIT,,,
DAYCO,KTC1744,Kit cadena de distribución,KIT DISTRIBUCION,,,,,https://webcateu.dayco.ws/img/products/KTC1744.jpg,https://www.dayco.com/la-es/catalog/?search=KTC1744,Principal,CHAIN KIT,,,
DAYCO,201SHP+320H,Correa de distribución,CORREA DE DISTRIBUCIÓN,,,MD358540 (MITSUBISHI) | MD358549 (MITSUBISHI),,https://webcateu.dayco.ws/img/products/TB.jpg,https://www.dayco.com/la-es/catalog/?search=201SHP+320H,Principal,TIMING BELT,,,
DAYCO,KTB439,Kit de distribución,KIT DISTRIBUCION,,,,,https://webcateu.dayco.ws/img/products/KTB439.jpg,https://www.dayco.com/la-es/catalog/?search=KTB439,Principal,TIMING BELT KIT,,,
DAYCO,7976,Tensor genérico,TENSOR,,,,,https://webcateu.dayco.ws/img/products/7976.jpg,https://www.dayco.com/la-es/catalog/?search=7976,Auxiliar,TENSIONER&PULLEY,,,
DAYCO,5PK1425,Correa Poly-V,CORREA POLY-V,,,,,https://webcateu.dayco.ws/img/products/5PK.jpg,https://www.dayco.com/la-es/catalog/?search=5PK1425,Auxiliar,POLY-V,,,
DAYCO,2056,Tensor genérico,TENSOR,,,,,https://webcateu.dayco.ws/img/products/2056.jpg,https://www.dayco.com/la-es/catalog/?search=2056,Auxiliar,TENSIONER&PULLEY,,,
DAYCO,APV2911,Tensor auxiliar,TENSOR,,,MR233147 (MITSUBISHI),,https://webcateu.dayco.ws/img/products/APV2911.jpg,https://www.dayco.com/la-es/catalog/?search=APV2911,Auxiliar,TENSIONER&PULLEY,,,
DAYCO,7PK2450S,Correa Poly-V,CORREA POLY-V,,,4451A044 (MITSUBISHI),,https://webcateu.dayco.ws/img/products/7PK.jpg,https://www.dayco.com/la-es/catalog/?search=7PK2450S,Auxiliar,POLY-V,,,
DAYCO,KTB891,Kit de distribución,KIT DISTRIBUCION,,,MITSKD055 (MITSUBISHI),,https://webcateu.dayco.ws/img/products/KTB891.jpg,https://www.dayco.com/la-es/catalog/?search=KTB891,Principal,TIMING BELT KIT,,,
DAYCO,6PK2625,Correa Poly-V,CORREA POLY-V,,,4451A062 (MITSUBISHI),,https://webcateu.dayco.ws/img/products/6PK.jpg,https://www.dayco.com/la-es/catalog/?search=6PK2625,Auxiliar,POLY-V,,,
DAYCO,7999,Tensor genérico,TENSOR,,,,,https://webcateu.dayco.ws/img/products/7999.jpg,https://www.dayco.com/la-es/catalog/?search=7999,Auxiliar,TENSIONER&PULLEY,,,
DAYCO,5PK1345,Correa Poly-V,CORREA POLY-V,,,71769084 (FIAT) | 7547752 (ALFA ROMEO) | 7547752 (FIAT) | 7547752 (LANCIA) | MD187462 (MITSUBISHI),,https://webcateu.dayco.ws/img/products/5PK.jpg,https://www.dayco.com/la-es/catalog/?search=5PK1345,Auxiliar,POLY-V,,,
DAYCO,187SHP+320H,Correa de distribución,CORREA DE DISTRIBUCIÓN,,,MD307487 (CHRYSLER) | MD307487 (MITSUBISHI) | MD317871 (MITSUBISHI) | XD307487 (MITSUBISHI),,https://webcateu.dayco.ws/img/products/TB.jpg,https://www.dayco.com/la-es/catalog/?search=187SHP+320H,Principal,TIMING BELT,,,
DAYCO,116SHP+290H,Correa de distribución,CORREA DE DISTRIBUCIÓN,,,MD191982 (MITSUBISHI) | MD310836 (MITSUBISHI) | XD191982 (MITSUBISHI),,https://webcateu.dayco.ws/img/products/TB.jpg,https://www.dayco.com/la-es/catalog/?search=116SHP+290H,Principal,TIMING BELT,,,
DAYCO,7788,Tensor genérico,TENSOR,,,,,https://webcateu.dayco.ws/img/products/7788.jpg,https://www.dayco.com/la-es/catalog/?search=7788,Auxiliar,TENSIONER&PULLEY,,,
DAYCO,APV2198,Tensor auxiliar,TENSOR,,,25281-35010 (HYUNDAI) | 25281-35020 (HYUNDAI) | 25281-35050 (HYUNDAI) | 25281-35060 (HYUNDAI) | 30873488 (VOLVO) | GT10090 (GMB) | MD102451 (MITSUBISHI) | MD166381 (MITSUBISHI) | MD308882 (MITSUBISHI) | MD327654 (MITSUBISHI) | MD368209 (MITSUBISHI),,https://webcateu.dayco.ws/img/products/APV2198.jpg,https://www.dayco.com/la-es/catalog/?search=APV2198,Auxiliar,TENSIONER&PULLEY,,,
DAYCO,7774,Tensor genérico,TENSOR,,,,,https://webcateu.dayco.ws/img/products/7774.jpg,https://www.dayco.com/la-es/catalog/?search=7774,Auxiliar,TENSIONER&PULLEY,,,
DAYCO,ATB2356,Tensor de distribución,TENSOR,,,GT90550 (GMB) | MD320174 (MITSUBISHI),,https://webcateu.dayco.ws/img/products/ATB2356.jpg,https://www.dayco.com/la-es/catalog/?search=ATB2356,Principal,TENSIONER&PULLEY,,,
DAYCO,KTB636,Kit de distribución,KIT DISTRIBUCION,,,,,https://webcateu.dayco.ws/img/products/KTB636.jpg,https://www.dayco.com/la-es/catalog/?search=KTB636,Principal,TIMING BELT KIT,,,
DAYCO,KTC1739,Kit cadena de distribución,KIT DISTRIBUCION,,,,,https://webcateu.dayco.ws/img/products/KTC1739.jpg,https://www.dayco.com/la-es/catalog/?search=KTC1739,Principal,CHAIN KIT,,,
DAYCO,121SHP+290H,Correa de distribución,CORREA DE DISTRIBUCIÓN,,,MD176387 (MITSUBISHI) | MD176387 (PROTON) | XD176387 (MITSUBISHI),,https://webcateu.dayco.ws/img/products/TB.jpg,https://www.dayco.com/la-es/catalog/?search=121SHP+290H,Principal,TIMING BELT,,,
DAYCO,KIT-9038,Kit de distribución,KIT DISTRIBUCION,,,,,https://webcateu.dayco.ws/img/products/KIT-9038.jpg,https://www.dayco.com/la-es/catalog/?search=KIT-9038,Principal,TIMING BELT KIT,,,
DAYCO,KTB521,Kit de distribución,KIT DISTRIBUCION,,,,,https://webcateu.dayco.ws/img/products/KTB521.jpg,https://www.dayco.com/la-es/catalog/?search=KTB521,Principal,TIMING BELT KIT,,,
DAYCO,7PK2265,Correa Poly-V,CORREA POLY-V,,,0009930695 (MERCEDES-BENZ) | 04301RBD305 (HONDA) | 252124A700 (HYUNDAI) | 38920RBDE01 (HONDA) | 38920RBDE02 (HONDA) | 4301RBD305 (HONDA) | 53011097 (JEEP) | 53011097AB (CHRYSLER) | 53011097AB (JEEP) | A0009930695 (MERCEDES-BENZ),,https://webcateu.dayco.ws/img/products/7PK.jpg,https://www.dayco.com/la-es/catalog/?search=7PK2265,Auxiliar,POLY-V,,,
DAYCO,APV2937,Tensor auxiliar,TENSOR,,,53009508 (CHRYSLER),,https://webcateu.dayco.ws/img/products/APV2937.jpg,https://www.dayco.com/la-es/catalog/?search=APV2937,Auxiliar,TENSIONER&PULLEY,,,
DAYCO,6PK2425,Correa Poly-V,CORREA POLY-V,,,0009933896 (MERCEDES-BENZ) | 0119974692 (MERCEDES-BENZ) | 10189265 (GENERAL MOTORS) | 119974692 (MERCEDES-BENZ) | 9933896 (MERCEDES-BENZ) | A0009933896 (MERCEDES-BENZ) | A0119974692 (MERCEDES-BENZ),,https://webcateu.dayco.ws/img/products/6PK.jpg,https://www.dayco.com/la-es/catalog/?search=6PK2425,Auxiliar,POLY-V,,,
DAYCO,1216,Tensor genérico,TENSOR,,,,,https://webcateu.dayco.ws/img/products/1216.jpg,https://www.dayco.com/la-es/catalog/?search=1216,Auxiliar,TENSIONER&PULLEY,,,
DAYCO,6PK2310,Correa Poly-V,CORREA POLY-V,,,0119978692 (MERCEDES-BENZ) | 0129973592 (MERCEDES-BENZ) | 119978692 (MERCEDES-BENZ) | 129973592 (MERCEDES-BENZ) | L32915909B (MAZDA) | L3C115909 (MAZDA) | L3C1159099F (MAZDA),,https://webcateu.dayco.ws/img/products/6PK.jpg,https://www.dayco.com/la-es/catalog/?search=6PK2310,Auxiliar,POLY-V,,,
DAYCO,APV2859,Tensor auxiliar,TENSOR,,,53006497 (DODGE) | 53010158AB (DODGE),,https://webcateu.dayco.ws/img/products/APV2859.jpg,https://www.dayco.com/la-es/catalog/?search=APV2859,Auxiliar,TENSIONER&PULLEY,,,
DAYCO,7990,Tensor genérico,TENSOR,,,,,https://webcateu.dayco.ws/img/products/7990.jpg,https://www.dayco.com/la-es/catalog/?search=7990,Auxiliar,TENSIONER&PULLEY,,,
DAYCO,1207,Tensor genérico,TENSOR,,,,,https://webcateu.dayco.ws/img/products/1207.jpg,https://www.dayco.com/la-es/catalog/?search=1207,Auxiliar,TENSIONER&PULLEY,,,
DAYCO,1208,Tensor genérico,TENSOR,,,,,https://webcateu.dayco.ws/img/products/1208.jpg,https://www.dayco.com/la-es/catalog/?search=1208,Auxiliar,TENSIONER&PULLEY,,,
DAYCO,1287,Tensor genérico,TENSOR,,,,,https://webcateu.dayco.ws/img/products/1287.jpg,https://www.dayco.com/la-es/catalog/?search=1287,Auxiliar,TENSIONER&PULLEY,,,
DAYCO,APV2933,Tensor auxiliar,TENSOR,,,A11-8111210CA (CHERY),,https://webcateu.dayco.ws/img/products/APV2933.jpg,https://www.dayco.com/la-es/catalog/?search=APV2933,Auxiliar,TENSIONER&PULLEY,,,
DAYCO,APV2942,Tensor auxiliar,TENSOR,,,A11-8111200CA (CHERY),,https://webcateu.dayco.ws/img/products/APV2942.jpg,https://www.dayco.com/la-es/catalog/?search=APV2942,Auxiliar,TENSIONER&PULLEY,,,
DAYCO,7989,Tensor genérico,TENSOR,,,,,https://webcateu.dayco.ws/img/products/7989.jpg,https://www.dayco.com/la-es/catalog/?search=7989,Auxiliar,TENSIONER&PULLEY,,,
DAYCO,7995,Tensor genérico,TENSOR,,,,,https://webcateu.dayco.ws/img/products/7995.jpg,https://www.dayco.com/la-es/catalog/?search=7995,Auxiliar,TENSIONER&PULLEY,,,
DAYCO,7997,Tensor genérico,TENSOR,,,,,https://webcateu.dayco.ws/img/products/7997.jpg,https://www.dayco.com/la-es/catalog/?search=7997,Auxiliar,TENSIONER&PULLEY,,,
DAYCO,2036,Tensor genérico,TENSOR,,,,,https://webcateu.dayco.ws/img/products/2036.jpg,https://www.dayco.com/la-es/catalog/?search=2036,Auxiliar,TENSIONER&PULLEY,,,
DAYCO,ATB2586,Tensor de distribución,TENSOR,,,3721007030 (CHERY),,https://webcateu.dayco.ws/img/products/ATB2586.jpg,https://www.dayco.com/la-es/catalog/?search=ATB2586,Principal,TENSIONER&PULLEY,,,
DAYCO,701743,Manguera,MANGUERA,,,,,https://webcateu.dayco.ws/img/products/701743.jpg,https://www.dayco.com/la-es/catalog/?search=701743,Refrigeración,HOSE,,,
DAYCO,APV1048,Tensor auxiliar,TENSOR,,,504046191 (IVECO) | 99436331 (IVECO) | 99471920 (IVECO),,https://webcateu.dayco.ws/img/products/APV1048.jpg,https://www.dayco.com/la-es/catalog/?search=APV1048,Auxiliar,TENSIONER&PULLEY,,,
DAYCO,700106,Manguera,MANGUERA,,,,,https://webcateu.dayco.ws/img/products/700106.jpg,https://www.dayco.com/la-es/catalog/?search=700106,Refrigeración,COOLING HOSE,,,
DAYCO,7903,Tensor genérico,TENSOR,,,,,https://webcateu.dayco.ws/img/products/7903.jpg,https://www.dayco.com/la-es/catalog/?search=7903,Auxiliar,TENSIONER&PULLEY,,,
DAYCO,APV1150,Tensor auxiliar,TENSOR,,,1611423880 (PEUGEOT) | 504086948 (FIAT) | 504086948 (IVECO) | 5802071335 (IVECO),,https://webcateu.dayco.ws/img/products/APV1150.jpg,https://www.dayco.com/la-es/catalog/?search=APV1150,Auxiliar,TENSIONER&PULLEY,,,
DAYCO,700182,Manguera,MANGUERA,,,,,https://webcateu.dayco.ws/img/products/700182.jpg,https://www.dayco.com/la-es/catalog/?search=700182,Refrigeración,COOLING HOSE,,,
DAYCO,4PK1102EE,Correa Poly-V,CORREA POLY-V,,,504048243 (FIAT) | 504048243 (IVECO) | 504087247 (FIAT) | 504087247 (IVECO) | 5802102076 (IVECO) | 6453TT (CITROEN) | 6453TT (PEUGEOT) | 6453XY (CITROEN) | 6453XY (PEUGEOT),,https://webcateu.dayco.ws/img/products/4PK.jpg,https://www.dayco.com/la-es/catalog/?search=4PK1102EE,Auxiliar,POLY-V,,,
DAYCO,7PK1322,Correa Poly-V,CORREA POLY-V,,,,,https://webcateu.dayco.ws/img/products/7PK.jpg,https://www.dayco.com/la-es/catalog/?search=7PK1322,Auxiliar,POLY-V,,,
DAYCO,KTC1023,Kit cadena de distribución,KIT DISTRIBUCION,,,,,https://webcateu.dayco.ws/img/products/KTC1023.jpg,https://www.dayco.com/la-es/catalog/?search=KTC1023,Principal,CHAIN KIT,,,
DAYCO,701742,Manguera,MANGUERA,,,,,https://webcateu.dayco.ws/img/products/701742.jpg,https://www.dayco.com/la-es/catalog/?search=701742,Refrigeración,HOSE,,,
DAYCO,701741,Manguera,MANGUERA,,,,,https://webcateu.dayco.ws/img/products/701741.jpg,https://www.dayco.com/la-es/catalog/?search=701741,Refrigeración,HOSE,,,
DAYCO,8PK1685HD,Correa Poly-V,CORREA POLY-V,,,3508742 (CATERPILLAR) | 3920430 (FREIGHTLINER) | 4898547 (IVECO),,https://webcateu.dayco.ws/img/products/8PK.jpg,https://www.dayco.com/la-es/catalog/?search=8PK1685HD,Auxiliar,POLY-V,,,
DAYCO,13A1310HD,Correa de transmisión,CORREA DE TRANSMISIÓN,,,,,https://webcateu.dayco.ws/img/products/VEE.jpg,https://www.dayco.com/la-es/catalog/?search=13A1310HD,Transmisión,RAW-EDGE(V),,,
DAYCO,10PK1725HD,Correa Poly-V,CORREA POLY-V,,,0139972792 (MERCEDES-BENZ) | 2133957 (SCANIA) | 3828041 (VOLVO) | 500328020 (IVECO) | A0139972792 (MERCEDES-BENZ),,https://webcateu.dayco.ws/img/products/10PK.jpg,https://www.dayco.com/la-es/catalog/?search=10PK1725HD,Auxiliar,POLY-V,,,
DAYCO,700103,Manguera,MANGUERA,,,,,https://webcateu.dayco.ws/img/products/700103.jpg,https://www.dayco.com/la-es/catalog/?search=700103,Refrigeración,COOLING HOSE,,,
DAYCO,17A1220HD,Correa de transmisión,CORREA DE TRANSMISIÓN,,,500301214 (IVECO) | 500301260 (ASTRA) | 500301260 (IVECO),,https://webcateu.dayco.ws/img/products/VEE.jpg,https://www.dayco.com/la-es/catalog/?search=17A1220HD,Transmisión,RAW-EDGE(V),,,
DAYCO,700189,Manguera,MANGUERA,,,,,https://webcateu.dayco.ws/img/products/700189.jpg,https://www.dayco.com/la-es/catalog/?search=700189,Refrigeración,COOLING HOSE,,,
DAYCO,700216,Manguera,MANGUERA,,,,,https://webcateu.dayco.ws/img/products/700216.jpg,https://www.dayco.com/la-es/catalog/?search=700216,Refrigeración,COOLING HOSE,,,
DAYCO,700142,Manguera,MANGUERA,,,,,https://webcateu.dayco.ws/img/products/700142.jpg,https://www.dayco.com/la-es/catalog/?search=700142,Refrigeración,COOLING HOSE,,,
DAYCO,12PK1830HD,Correa Poly-V,CORREA POLY-V,,,500341810 (IVECO),,https://webcateu.dayco.ws/img/products/12PK.jpg,https://www.dayco.com/la-es/catalog/?search=12PK1830HD,Auxiliar,POLY-V,,,
DAYCO,APV1060,Tensor auxiliar,TENSOR,,,,,https://webcateu.dayco.ws/img/products/APV1060.jpg,https://www.dayco.com/la-es/catalog/?search=APV1060,Auxiliar,TENSIONER&PULLEY,,,
DAYCO,700104,Manguera,MANGUERA,,,,,https://webcateu.dayco.ws/img/products/700104.jpg,https://www.dayco.com/la-es/catalog/?search=700104,Refrigeración,COOLING HOSE,,,
DAYCO,700105,Manguera,MANGUERA,,,,,https://webcateu.dayco.ws/img/products/700105.jpg,https://www.dayco.com/la-es/catalog/?search=700105,Refrigeración,COOLING HOSE,,,
DAYCO,KWD1001,Rodamiento de rueda,RODAMIENTO,3-2005 -> 6-2008 | 7-2008 -> 4-2015 | 11-2013 -> 4-2015 | 2-2006 -> 2-2010 | 10-2007 -> 12-2011 | 2-2006 -> 12-2011 | 2-2009 -> 2-2011 | 10-2008 -> 1-2017 | 2-2011 -> 2-2016 | 11-2006 -> 4-2011 | 2-2007 -> 4-2011 | 4-2011 -> 3-2015,Modelos: AUDI A3 | VOLKSWAGEN PASSAT | VOLKSWAGEN TIGUAN | VOLKSWAGEN VENTO | Ubicación: DELANTERO | ABS: C/ABS,VKBA3643 | VKBA 3643,,,https://www.dayco.com/la-es/catalog/?search=KWD1001,Rueda,WHEEL BEARING KIT,,DELANTERO,C/ABS
DAYCO,KWD1003,Rodamiento de rueda,RODAMIENTO,4-2010 -> 12-2023 | 4-2010 -> 3-2017 | 7-2011 -> 2-2015 | 5-1998 -> 11-2010 | 7-2003 -> 4-2004 | 7-2011 -> 1-2014 | 7-2013 -> 12-2023 | 7-2003 -> 7-2011 | 5-2002 -> 9-2003 | 8-2002 -> 6-2005 | 11-2012 -> 12-2023 | 6-2013 -> 8-2016,Modelos: CITROEN BERLINGO | CITROEN C3 | CITROEN C3 AIRCROSS | CITROEN C4 | CITROEN DS4 | FORD KA | PEUGEOT 207 1.4I | PEUGEOT 207 1.6 16V | PEUGEOT 207 1.9D | PEUGEOT 207 2.0 HDI | PEUGEOT 207 1.6 | PEUGEOT 208 1.6 VTI | PEUGEOT 208 1.5I | PEUGEOT 208 1.6 THP 200CV | PEUGEOT 208 1.6 THP 156CV | Ubicación: DELANTERO | C/ABS | ABS: C/ABS,BAH-0186 | VKBC 20011 | VKBC 20011 | DELANTERO,,,https://www.dayco.com/la-es/catalog/?search=KWD1003,Rueda,WHEEL BEARING KIT,,DELANTERO | C/ABS,C/ABS
DAYCO,KWD1004,Rodamiento de rueda,RODAMIENTO,10-2005 -> 1-2016 | 3-2015 -> 7-2017 | 10-2003 -> 11-2015 | 8-2008 -> 3-2010 | 5-2015 -> 10-2021 | 10-2006 -> 7-2010 | 11-2007 -> 11-2010 | 7-2010 -> 1-2015,Modelos: VOLKSWAGEN CROSSFOX | VOLKSWAGEN FOX | VOLKSWAGEN SURAN | Ubicación: DELANTERO | ABS: C/ABS,VKBA3569 | VKBA 3569,,,https://www.dayco.com/la-es/catalog/?search=KWD1004,Rueda,WHEEL BEARING KIT,,DELANTERO,C/ABS
DAYCO,KWD1005,Rodamiento de rueda,RODAMIENTO,11-2011 -> 3-2014 | 10-2006 -> 11-2016 | 4-2014 -> 12-2023 | 4-2014 -> 10-2022 | 2-2006 -> 2-2010 | 10-2007 -> 12-2011 | 2-2006 -> 12-2011 | 10-2008 -> 1-2017 | 5-2015 -> 10-2021 | 5-2015 -> 1-2022 | 10-2015 -> 9-2018 | 10-2015 -> 7-2017,Modelos: VOLKSWAGEN GOLF | VOLKSWAGEN NEW BEETLE | VOLKSWAGEN PASSAT | VOLKSWAGEN TIGUAN | VOLKSWAGEN VENTO | Ubicación: TRASERO | ABS: C/ABS,VKBA3644 | VKBA 3644,,,https://www.dayco.com/la-es/catalog/?search=KWD1005,Rueda,WHEEL BEARING KIT,,TRASERO,C/ABS
DAYCO,KWD1006,Rodamiento de rueda,RODAMIENTO,10-2005 -> 1-2016 | 10-2003 -> 11-2015 | 1-2001 -> 11-2009,Modelos: VOLKSWAGEN CROSSFOX | VOLKSWAGEN FOX | VOLKSWAGEN POLO CLASSIC | Ubicación: TRASERO | ABS: C/ABS,VKBC3567 | VKBC 3567,,,https://www.dayco.com/la-es/catalog/?search=KWD1006,Rueda,WHEEL BEARING KIT,,TRASERO,C/ABS
DAYCO,KWD1007,Rodamiento de rueda,RODAMIENTO,1-2012 -> 8-2015 | 8-2014 -> 8-2015 | 2-2016 -> 12-2023 BAH-0191 | 2-2016 -> 10-2022 BAH-0191 | 6-2013 -> 8-2016 | 12-2016 -> 12-2023 BAH-0191 | 3-2017 -> 12-2023 BAH-0191 | 3-1991 -> 8-2000 | 2-1996 -> 10-1998 | 6-1999 -> 11-2002 | 6-1999 -> 4-2008 | 6-2007 -> 11-2011,Modelos: NISSAN MARCH | NISSAN VERSA | RENAULT CLIO | RENAULT LOGAN | RENAULT MEGANE | RENAULT SANDERO | RENAULT SYMBOL | Ubicación: DELANTERO | C/ABS | ABS: C/ABS,BAH-0191 | VKBA 3637 | VKBA 3637 | DELANTERO,,,https://www.dayco.com/la-es/catalog/?search=KWD1007,Rueda,WHEEL BEARING KIT,,DELANTERO | C/ABS,C/ABS
DAYCO,KWD1009,Rodamiento de rueda,RODAMIENTO,BAF-0040 | 3-2017 -> 12-2023 | 9-2009 -> 12-2023 | 10-2012 -> 12-2023 | 2-2013 -> 12-2023 | 7-2001 -> 6-2005 | 6-2001 -> 10-2004 | 8-2001 -> 6-2005 | 7-2004 -> 2-2010 | 7-2005 -> 10-2007 | 7-2006 -> 8-2010 | 3-1999 -> 8-2001,Modelos: FIAT 500 1.4 8V EVO | FIAT 500 1.4 16V TJET | FIAT 500 1.4 16V FIRE MT | FIAT 500 1.4 16V FIRE AT | FIAT ARGO | FIAT PALIO | FIAT PUNTO | FIAT SIENA | FIAT UNO | Ubicación: C/ABS | TRASERO | ABS: C/ABS,VKBC 3540 | TRASERO | BAF-0040 | VKBC 3540,,,https://www.dayco.com/la-es/catalog/?search=KWD1009,Rueda,WHEEL BEARING KIT,,C/ABS | TRASERO,C/ABS
DAYCO,KWD1011,Rodamiento de rueda,RODAMIENTO,VKBA 6540 | 2018 -> | 2013 -> | 2012 -> 2020 | 2005 -> 2010 | 2010 -> 2011 | 1998 -> 2001 | 1998 -> 2000 | 2000 -> 2002 | 2002 -> 2006 | 2003 -> 2005 | 2002 -> 2005,Modelos: FIAT 500 1.4 16V 595 TURISMO | FIAT CRONOS | FIAT GRAND SIENA | FIAT IDEA | FIAT MAREA | FIAT PALIO | FIAT PUNTO | FIAT SIENA | FIAT STRADA | Ubicación: DELANTERO | ABS: ,VKBA 6540 | VKBA 6540 | VKBA 6540,,,https://www.dayco.com/la-es/catalog/?search=KWD1011,Rueda,WHEEL BEARING KIT,,DELANTERO,
DAYCO,KWD1012,Rodamiento de rueda,RODAMIENTO,6-2003 -> 4-2016 | 5-2000 -> 4-2006 | 5-2000 -> 4-2016 | 5-2005 -> 4-2016 | 3-1995 -> 10-1999 | 5-2002 -> 4-2011,Modelos: VOLKSWAGEN BORA | VOLKSWAGEN GOLF | Ubicación: DELANTERO | ABS: C/ABS,BAH-0049 | VKBC 20090,,,https://www.dayco.com/la-es/catalog/?search=KWD1012,Rueda,WHEEL BEARING KIT,,DELANTERO,C/ABS
DAYCO,KWD1013,Rodamiento de rueda,RODAMIENTO,2005 -> 2008 | 2006 -> 2008 | 2008 -> 2015 | 1997 -> 2001 | 2000 -> 2001 | 2000 -> 2004 | 2000 -> 2005 | 2001 -> 2003 | 2001 -> 2005 | 2003 -> 2005 | 2000 -> 2002 | 2005 -> 2016,Modelos: AUDI A3 | SEAT LEON | SEAT TOLEDO | VOLKSWAGEN BORA | VOLKSWAGEN GOLF | VOLKSWAGEN NEW BEETLE | Ubicación: TRASERO | ABS: ,VKBA 3456 | BAF-4104 BBX,,,https://www.dayco.com/la-es/catalog/?search=KWD1013,Rueda,WHEEL BEARING KIT,,TRASERO,
DAYCO,KWD1014,Rodamiento de rueda,RODAMIENTO,4-2010 -> 12-2023 | 4-2010 -> 3-2017 | 7-2011 -> 2-2015 | 5-1998 -> 11-2010 | 7-2003 -> 4-2004 | 7-2011 -> 1-2014 | 7-2013 -> 12-2023 | 7-2003 -> 7-2011 | 5-2002 -> 9-2003 | 8-2002 -> 6-2005 | 7-2003 -> 2-2011 | 7-2003 -> 2-2012,Modelos: CITROEN BERLINGO | CITROEN C3 | CITROEN C4 | PEUGEOT 206 2.0 16V | PEUGEOT 206 1.4I | PEUGEOT 206 1.6 16V | PEUGEOT 206 1.6 8V | PEUGEOT 206 1.9D | PEUGEOT 206 2.0 HDI | PEUGEOT 206 2.0 GTI | PEUGEOT 206 2.0 GTI 180 CV | PEUGEOT 206 2.0 RC | PEUGEOT 207 1.6 THP 175CV | PEUGEOT 207 1.6 THP 156CV | PEUGEOT 207 1.4 HDI | Ubicación: DELANTERO | C/ABS | ABS: C/ABS,BAH-0185 | VKBC 20010 | VKBC 20010 | DELANTERO,,,https://www.dayco.com/la-es/catalog/?search=KWD1014,Rueda,WHEEL BEARING KIT,,DELANTERO | C/ABS,C/ABS
DAYCO,KWD1017,Rodamiento de rueda,RODAMIENTO,5-2015 -> 7-2017 | 6-1999 -> 11-2002 | 6-2007 -> 11-2011 | 6-2006 -> 10-2009 | 7-1995 -> 9-2002 | 8-1996 -> 11-2001 | 1-1999 -> 1-2009 | 10-1999 -> 4-2007 | 2-2003 -> 1-2014 | 5-2008 -> 1-2014 | 2-2007 -> 9-2010 | 11-2013 -> 10-2022,Modelos: RENAULT CLIO | RENAULT EXPRESS | RENAULT KANGOO | RENAULT LOGAN | RENAULT MEGANE | RENAULT R19 | RENAULT SANDERO | RENAULT SYMBOL | Ubicación: DELANTERO | ABS: C/ABS,BAH-0094 | VKBC 4221,,,https://www.dayco.com/la-es/catalog/?search=KWD1017,Rueda,WHEEL BEARING KIT,,DELANTERO,C/ABS
DAYCO,KWD1018,Rodamiento de rueda,RODAMIENTO,1-2013 -> 12-2023 | 3-2007 -> 1-2018 | 11-2010 -> 4-2020 | 5-2010 -> 2-2011 | 10-2012 -> 12-2023 | 2-2013 -> 12-2023 | 6-2001 -> 10-2004 | 7-2001 -> 6-2005 | 7-2005 -> 10-2007 | 4-2007 -> 4-2012 | 4-2012 -> 4-2015 | 7-2006 -> 8-2010,Modelos: FIAT GRAND SIENA | FIAT IDEA | FIAT PALIO | FIAT PUNTO | FIAT SIENA | FIAT UNO | Ubicación: TRASERO | ABS: S/ABS,BAF-0013 | BAF-0013 AD/VK210,,,https://www.dayco.com/la-es/catalog/?search=KWD1018,Rueda,WHEEL BEARING KIT,,TRASERO,S/ABS
DAYCO,KWD1022,Rodamiento de rueda,RODAMIENTO,11-2012 -> 12-2023 | 6-2013 -> 8-2016 | 6-2013 -> 7-2016 | 4-2016 -> 1-2022 | 10-2017 -> 10-2022 | 4-2011 -> 11-2014 | 6-2007 -> 11-2014 | 6-2007 -> 12-2010 | 1-2007 -> 11-2009 | 11-2013 -> 2-2016 | 12-2010 -> 3-2016 | 6-2013 -> 3-2016,Modelos: CITROEN C3 | CITROEN C4 | CITROEN C4 AIRCROSS | CITROEN DS3 | CITROEN DS4 | FORD KA | PEUGEOT 207 1.6 THP 175CV | PEUGEOT 207 1.6 THP 156CV | PEUGEOT 207 1.6 THP 150CV | PEUGEOT 208 1.6 VTI | PEUGEOT 208 1.5I | PEUGEOT 208 1.6 THP 200CV | PEUGEOT 208 1.6 THP 156CV | PEUGEOT 208 1.6 THP 163CV | PEUGEOT 208 1.6 VTI TIPTRONIC | Ubicación: TRASERO | C/ABS | ABS: C/ABS,VKBA6544 | VKBA 6544 | VKBA 6544 | TRASERO,,,https://www.dayco.com/la-es/catalog/?search=KWD1022,Rueda,WHEEL BEARING KIT,,TRASERO | C/ABS,C/ABS
DAYCO,KWD1024,Rodamiento de rueda,RODAMIENTO,7-2003 -> 2-2011 | 7-2003 -> 2-2012 | 7-2005 -> 2-2012,Modelos: CITROEN C3 | Ubicación: DELANTERO | ABS: C/ABS,BAH-0072 | VKBC 20031,,,https://www.dayco.com/la-es/catalog/?search=KWD1024,Rueda,WHEEL BEARING KIT,,DELANTERO,C/ABS
DAYCO,KWD1025,Rodamiento de rueda,RODAMIENTO,VKBC 20013,Modelos: PEUGEOT 106 1.5D | PEUGEOT 206 1.4 8V | PEUGEOT 206 1.6 8V | PEUGEOT 206 1.6 16V | PEUGEOT 206 2.0 HDI | PEUGEOT 207 1.4 8V | Ubicación:  | ABS: C/ABS,DELANTERO | C/ABS,,,https://www.dayco.com/la-es/catalog/?search=KWD1025,Rueda,WHEEL BEARING KIT,,,C/ABS
DAYCO,KWD1028,Rodamiento de rueda,RODAMIENTO,3-2010 -> 10-2014 | 8-2008 -> 10-2014,Modelos: FORD FOCUS | Ubicación: TRASERO | ABS: C/ABS,VKBA3661 | VKBA 3661,,,https://www.dayco.com/la-es/catalog/?search=KWD1028,Rueda,WHEEL BEARING KIT,,TRASERO,C/ABS
DAYCO,KWD1029,Rodamiento de rueda,RODAMIENTO,BAH-0053 | - | 7-2007 -> 4-2020,Modelos: FIAT 500 1.4 8V FIRE | FIAT IDEA | FIAT PUNTO | FIAT QUBO | Ubicación: C/ABS | DELANTERO | ABS: C/ABS,VKBC 20130 | DELANTERO | BAH-0053 | VKBC 20130,,,https://www.dayco.com/la-es/catalog/?search=KWD1029,Rueda,WHEEL BEARING KIT,,C/ABS | DELANTERO,C/ABS
DAYCO,KWD1030,Rodamiento de rueda,RODAMIENTO,1-2003 -> 5-2011 | 1-2003 -> 10-2013 | 11-2010 -> 12-2023 | 5-2002 -> 11-2011 | 5-2002 -> 11-2013 | 6-2005 -> 12-2010 | 2-2000 -> 10-2003 | 5-2002 -> 10-2003 | 2011 -> | 2008 -> 2020 | 2016 -> | 2019 -> 2021,Modelos: FORD ECOSPORT | FORD FIESTA | FORD FOCUS | VOLKSWAGEN GOL | VOLKSWAGEN GOL TREND | VOLKSWAGEN SAVEIRO | Ubicación: DELANTERO | ABS: C/ABS,BAH-0106 | VKBA 3531,,,https://www.dayco.com/la-es/catalog/?search=KWD1030,Rueda,WHEEL BEARING KIT,,DELANTERO,C/ABS
DAYCO,KWD1033,Rodamiento de rueda,RODAMIENTO,10-2011 -> 8-2017 | 5-2012 -> 2-2014 | 10-2011 -> 2-2014 | 12-2010 -> 10-2014 | 10-2012 -> 10-2014 | 11-2013 -> 1-2022 | 11-2013 -> 4-2020 | 4-2018 -> 12-2023 | 4-2011 -> 4-2020 | 11-2011 -> 1-2014,Modelos: RENAULT DUSTER | RENAULT FLUENCE | RENAULT KANGOO | RENAULT MEGANE | Ubicación: DELANTERO | ABS: C/ABS,BAH-0249/ VKBA 6682 | VKBA 6682,,,https://www.dayco.com/la-es/catalog/?search=KWD1033,Rueda,WHEEL BEARING KIT,,DELANTERO,C/ABS
DAYCO,KWD1034,Rodamiento de rueda,RODAMIENTO,6-2009 -> 10-2013 | 5-2010 -> 2-2015 | 2-2012 -> 4-2015 | VKBA6549,Modelos: CITROEN C4 PICASSO | CITROEN DS4 | PEUGEOT 308 1.6 THP 152CV | PEUGEOT 308 1.6 THP 156CV | PEUGEOT 308 1.6 VTI | PEUGEOT 308 2.0 16V | PEUGEOT 308 1.6 HDI | PEUGEOT 308 1.6 THP 200CV | PEUGEOT 308 1.6 THP 163CV | PEUGEOT 308 1.6 THP 270CV | PEUGEOT 308 1.6 THP 163CV TIPTRONIC | PEUGEOT 408 2.0 16V | PEUGEOT 408 1.6 HDI | PEUGEOT 408 1.6 THP 163CV | PEUGEOT 408 1.6 VTI | Ubicación: TRASERO | C/ABS | ABS: C/ABS,VKBA6549 | VKBA 6549 | VKBA 6549 | TRASERO,,,https://www.dayco.com/la-es/catalog/?search=KWD1034,Rueda,WHEEL BEARING KIT,,TRASERO | C/ABS,C/ABS
DAYCO,KWD1037,Rodamiento de rueda,RODAMIENTO,2003 -> 2005 | 2000 -> 2003 | 2008 -> 2011 | 1999 -> 2000 | 1999 -> 2003 | 1994 -> 1996 | 1996 -> 1999 | 1994 -> 1997 | 1994 -> 1998 | 1997 -> 2000 | 1997 -> 1999 | 1993 -> 1996,Modelos: SEAT CORDOBA | SEAT IBIZA | SEAT INCA | SEAT TOLEDO | VOLKSWAGEN CADDY | VOLKSWAGEN GOLF | VOLKSWAGEN NEW BEETLE | VOLKSWAGEN PASSAT | VOLKSWAGEN POLO CLASSIC | Ubicación: DELANTERO | ABS: ,VKBA 1358 | BAHB 311443 B,,,https://www.dayco.com/la-es/catalog/?search=KWD1037,Rueda,WHEEL BEARING KIT,,DELANTERO,
DAYCO,KWD1039,Rodamiento de rueda,RODAMIENTO,1-2004 -> 3-2009 | 2-2002 -> 2-2012 | 3-2003 -> 5-2013 | 3-2003 -> 2-2006,Modelos: CHEVROLET CORSA | CHEVROLET MERIVA | Ubicación: DELANTERO | ABS: C/ABS,BAH-0274/ VKBA 3600 | BAH-0274/ VKBA 3600,,,https://www.dayco.com/la-es/catalog/?search=KWD1039,Rueda,WHEEL BEARING KIT,,DELANTERO,C/ABS
DAYCO,KWD1045,Rodamiento de rueda,RODAMIENTO,,Modelos: RENAULT DUSTER 4X4 | Ubicación: DELANTERO | ABS: ,VKBA3638,,,https://www.dayco.com/la-es/catalog/?search=KWD1045,Rueda,WHEEL BEARING KIT,,DELANTERO,
DAYCO,KWD1048,Rodamiento de rueda,RODAMIENTO,5-1986 -> 3-1994 | 6-1987 -> 9-1999 | 3-1994 -> 9-1995 | 3-1984 -> 3-1999 | 5-1986 -> 1-1989 | 5-1986 -> 4-1990 | 2-1990 -> 9-1993 | 3-1997 -> 8-2003 | 1-1992 -> 5-2000,Modelos: RENAULT R11 | RENAULT TWINGO | Ubicación: DELANTERO | ABS: C/ABS,BT2B445620 | VKBC 20006,,,https://www.dayco.com/la-es/catalog/?search=KWD1048,Rueda,WHEEL BEARING KIT,,DELANTERO,C/ABS
DAYCO,KWD1059,Rodamiento de rueda,RODAMIENTO,1-2009 -> 10-2013 | 1-2009 -> 5-2012 | 11-2013 -> 9-2014,Modelos: RENAULT SYMBOL | Ubicación: TRASERO | ABS: C/ABS,VKBA3639 | VKBA 3639,,,https://www.dayco.com/la-es/catalog/?search=KWD1059,Rueda,WHEEL BEARING KIT,,TRASERO,C/ABS
DAYCO,KWD1064,Rodamiento de rueda,RODAMIENTO,1997 -> 2000 | 2005 -> 2011 | 1997 -> 2006 | 1995 -> 2002 | 1996 -> 2001 | 2000 -> 2001 | 1990 -> 1995 | 1994 -> 1996 | 1991 -> 1993 | 1995 -> 1998 | 1996 -> 1998 | 1994 -> 1997,Modelos: FORD COURIER | FORD ESCORT | FORD FIESTA | FORD KA | FORD ORION | VOLKSWAGEN CROSSFOX | VOLKSWAGEN FOX | VOLKSWAGEN GOL | VOLKSWAGEN GOL TREND | VOLKSWAGEN GOLF | VOLKSWAGEN POINTER | VOLKSWAGEN POLO CLASSIC | VOLKSWAGEN SAVEIRO | VOLKSWAGEN SENDA | VOLKSWAGEN SURAN | Ubicación: DELANTERO | ABS: C/ABS,VKBA 4501 | VKBA 4501 | BAH-0036 | BAH-0036/VK210,,,https://www.dayco.com/la-es/catalog/?search=KWD1064,Rueda,WHEEL BEARING KIT,,DELANTERO,C/ABS
DAYCO,KWD1072,Rodamiento de rueda,RODAMIENTO,9-2009 -> 10-2021 | 5-2010 -> 10-2021 | 1-2009 -> 11-2009,Modelos: CHEVROLET AGILE | CHEVROLET CORSA | Ubicación: DELANTERO | ABS: C/ABS,BAHB-636114 | BAHB 636114 B/VK210,,,https://www.dayco.com/la-es/catalog/?search=KWD1072,Rueda,WHEEL BEARING KIT,,DELANTERO,C/ABS
DAYCO,KWD1075,Rodamiento de rueda,RODAMIENTO,2015 -> | 2013 ->,Modelos: RENAULT MASTER | Ubicación: DELANTERO | ABS: ,VKBC 20032 | VKBA6721,,,https://www.dayco.com/la-es/catalog/?search=KWD1075,Rueda,WHEEL BEARING KIT,,DELANTERO,
DAYCO,KWD1076,Rodamiento de rueda,RODAMIENTO,1999 -> 2000 | 1999 -> 2003 | 1997 -> 2000 | 2003 -> 2005 | 2000 -> 2005 | 2001 -> 2005 | 1995 -> 1999 | 2006 -> 2011 | 1995 -> 1998 | 1998 -> 2001 | 1993 -> 1994 | 1994 -> 1997,Modelos: SEAT CORDOBA | SEAT IBIZA | VOLKSWAGEN PASSAT | VOLKSWAGEN POINTER | Ubicación: TRASERO | ABS: ,VKBA3548,,,https://www.dayco.com/la-es/catalog/?search=KWD1076,Rueda,WHEEL BEARING KIT,,TRASERO,
DAYCO,KWD1088,Rodamiento de rueda,RODAMIENTO,2018 ->,Modelos: FIAT TIPO | Ubicación: DELANTERO | ABS: ,VKBA 3598,,,https://www.dayco.com/la-es/catalog/?search=KWD1088,Rueda,WHEEL BEARING KIT,,DELANTERO,
DAYCO,KWD1094,Rodamiento de rueda,RODAMIENTO,2008 -> 2011 | 2011 -> 2015 | 1998 -> 2010 | 2002 -> 2005 | 2003 -> 2004 | 2011 -> 2014 | 2010 -> | 2010 -> 2017 | 2013 -> | 2003 -> 2011 | 2003 -> 2012 | 2005 -> 2012,Modelos: CHEVROLET AVEO | CITROEN BERLINGO | CITROEN C3 | PEUGEOT 206 2.0 16V | PEUGEOT 206 1.4I | PEUGEOT 206 1.6 16V | PEUGEOT 206 1.6 8V | PEUGEOT 206 1.9D | PEUGEOT 206 2.0 HDI | PEUGEOT 206 2.0 GTI | PEUGEOT 206 2.0 GTI 180 CV | PEUGEOT 206 2.0 RC | PEUGEOT 207 1.4I | PEUGEOT 207 1.6 16V | PEUGEOT 207 1.9D | Ubicación: TRASERO | ABS: ,BT2B 445539 / VKBC 20212 | VKBA 3525 | VKBA 3525,,,https://www.dayco.com/la-es/catalog/?search=KWD1094,Rueda,WHEEL BEARING KIT,,TRASERO,
DAYCO,KWD1105,Rodamiento de rueda,RODAMIENTO,1999 -> 2003 | 2002 -> 2012 | 1998 -> 2001 | 2000 -> 2003 | 2005 -> 2010 | 2002 -> 2008 | 1998 -> 2003 | 2002 -> 2003 | 1996 -> 1998 | 2003 -> 2006 | 2004 -> 2005 | 2003 -> 2013,Modelos: CHEVROLET ASTRA | CHEVROLET CORSA | CHEVROLET MERIVA | CHEVROLET MONTANA | CHEVROLET VECTRA | CHEVROLET ZAFIRA | Ubicación: TRASERO | ABS: ,BAR-0029 D/VK108,,,https://www.dayco.com/la-es/catalog/?search=KWD1105,Rueda,WHEEL BEARING KIT,,TRASERO,
DAYCO,KWD1112,Rodamiento de rueda,RODAMIENTO,2007 -> 2020 | 1994 -> 1999,Modelos: FIAT PUNTO | Ubicación: DELANTERO | ABS: ,BAH-0013 D | VKBA 3414,,,https://www.dayco.com/la-es/catalog/?search=KWD1112,Rueda,WHEEL BEARING KIT,,DELANTERO,
DAYCO,KWD1119,Rodamiento de rueda,RODAMIENTO,2-2002 -> 12-2004 | 1-2004 -> 3-2009 | 2-2002 -> 2-2012,Modelos: CHEVROLET CORSA | Ubicación: TRASERO | ABS: C/ABS,VKBA3601 | VKBA 3601,,,https://www.dayco.com/la-es/catalog/?search=KWD1119,Rueda,WHEEL BEARING KIT,,TRASERO,C/ABS
DAYCO,KWD1124,Rodamiento de rueda,RODAMIENTO,4-2012 -> 4-2015 | 11-2010 -> 3-2017 | 12-2015 -> 7-2017,Modelos: FIAT PALIO | FIAT UNO | Ubicación: DELANTERO | ABS: C/ABS,BAH-0015 | BAH-0015 E/VK210,,,https://www.dayco.com/la-es/catalog/?search=KWD1124,Rueda,WHEEL BEARING KIT,,DELANTERO,C/ABS
DAYCO,KWD1132,Rodamiento de rueda,RODAMIENTO,,Modelos: RENAULT LOGAN II | RENAULT SANDERO II | Ubicación: TRASERO | ABS: ,2012-> | VKBA6658,,,https://www.dayco.com/la-es/catalog/?search=KWD1132,Rueda,WHEEL BEARING KIT,,TRASERO,
DAYCO,KWD1134,Rodamiento de rueda,RODAMIENTO,1996 -> 1998 | 2005 -> 2010 | 2002 -> 2012 | 2002 -> 2008 | 1998 -> 2003 | 1998 -> 2001 | 2000 -> 2003 | 2002 -> 2003 | 1999 -> 2003 | 1993 -> 1999 | 1996 -> 2006 | 2006 -> 2011,Modelos: CHEVROLET ASTRA | CHEVROLET VECTRA | Ubicación: DELANTERO | ABS: ,VKBA3410 | BAHB 636096 A/ VKBC 20029,,,https://www.dayco.com/la-es/catalog/?search=KWD1134,Rueda,WHEEL BEARING KIT,,DELANTERO,
DAYCO,KWD1141,Rodamiento de rueda,RODAMIENTO,2002 -> 2008 | 1998 -> 2003 | 2002 -> 2003 | 2005 -> 2010 | 2002 -> 2012 | 1998 -> 2001 | 2000 -> 2003 | 1999 -> 2003 | 1996 -> 1998 | 2006 -> 2011 | 1993 -> 1999 | 1996 -> 2006,Modelos: CHEVROLET ASTRA | CHEVROLET VECTRA | CHEVROLET ZAFIRA | Ubicación: DEL/TRAS | ABS: ,VKBC 3530 | BAR-0050 AC/VK108,,,https://www.dayco.com/la-es/catalog/?search=KWD1141,Rueda,WHEEL BEARING KIT,,DEL/TRAS,
DAYCO,KWD1147,Rodamiento de rueda,RODAMIENTO,,Modelos: HYUNDAI ACCENT ATOS | Ubicación: DELANTERO | ABS: ,BAHB 636193 C | VKBA 3907,,,https://www.dayco.com/la-es/catalog/?search=KWD1147,Rueda,WHEEL BEARING KIT,,DELANTERO,
DAYCO,KWD1165,Rodamiento de rueda,RODAMIENTO,,Modelos: FORD MONDEO | Ubicación: DELANTERO | ABS: ,VKBC20071 | BAH-0068 D,,,https://www.dayco.com/la-es/catalog/?search=KWD1165,Rueda,WHEEL BEARING KIT,,DELANTERO,
DAYCO,KWD1178,Rodamiento de rueda,RODAMIENTO,2016 -> 2020 | 2016 -> 2022 | 2013 -> 2016 | 2018 -> 2022 | 2017 -> 2022 | 2017 -> 2020 | 2011 -> 2014 | 2007 -> 2014 | 2007 -> 2010 | 2007 -> 2009 | 2013 -> 2017 | 2013 -> 2020,Modelos: CITROEN C3 | CITROEN C3 AIRCROSS | CITROEN C4 | CITROEN C4 LOUNGE | PEUGEOT 207 1.6 THP 175CV | PEUGEOT 207 1.6 THP 156CV | PEUGEOT 207 1.6 THP 150CV | PEUGEOT 208 1.6 THP 163CV | PEUGEOT 208 1.6 THP 200CV | PEUGEOT 208 1.6 THP 156CV | PEUGEOT 208 1.6 VTI | PEUGEOT 208 1.5I | PEUGEOT 307 2.0 HDI | PEUGEOT 307 2.0 | PEUGEOT 307 2.0 143CV | Ubicación: TRASERO | ABS: ,VKBA 3585 | BAF-0068 D | BAF-0068 D,,,https://www.dayco.com/la-es/catalog/?search=KWD1178,Rueda,WHEEL BEARING KIT,,TRASERO,
DAYCO,KWD1190,Rodamiento de rueda,RODAMIENTO,VKBA 4625A | 1988 -> 2001 | 1988 -> 1998 | 1994 -> 2001 | 1988 -> 1995 | 1991 -> 2000 | 1999 -> 2001 | 2002 -> 2006 | 2004 -> 2006 | 2005 -> 2015 | 2001 -> 2004 | 2001 -> 2005,Modelos: FIAT 147 1.1 | FIAT 147 1.3 | FIAT DUNA | FIAT FIORINO | FIAT PALIO | FIAT REGATTA | FIAT SIENA | FIAT SPAZIO | FIAT UNO | FIAT VIVACE | Ubicación: TRASERO | ABS: ,BAHB 633313 EA | VKBA 4625A | BAHB 633313 EA,,,https://www.dayco.com/la-es/catalog/?search=KWD1190,Rueda,WHEEL BEARING KIT,,TRASERO,
DAYCO,KWD1198,Rodamiento de rueda,RODAMIENTO,5-2006 -> 10-2011 | 5-2006 -> 11-2010 | 2-2005 -> 10-2011,Modelos: RENAULT MEGANE | Ubicación: TRASERO | ABS: C/ABS,VKBA3676 | VKBA 3676,,,https://www.dayco.com/la-es/catalog/?search=KWD1198,Rueda,WHEEL BEARING KIT,,TRASERO,C/ABS
DAYCO,KWD1210,Rodamiento de rueda,RODAMIENTO,12-2008 -> 9-2011,Modelos: CHEVROLET AVEO | Ubicación: DELANTERO | ABS: C/ABS,BAH-0092 | VKBC 20003,,,https://www.dayco.com/la-es/catalog/?search=KWD1210,Rueda,WHEEL BEARING KIT,,DELANTERO,C/ABS
DAYCO,KWD1227,Rodamiento de rueda,RODAMIENTO,2009 -> 2013,Modelos: RENAULT MASTER | Ubicación: DELANTERO | ABS: ,VKBA 3613,,,https://www.dayco.com/la-es/catalog/?search=KWD1227,Rueda,WHEEL BEARING KIT,,DELANTERO,
DAYCO,KWD1248,Rodamiento de rueda,RODAMIENTO,,Modelos: RENAULT TRAS.MASTER III | Ubicación: TRASERO | ABS: ,2015-> | VKBA 6722,,,https://www.dayco.com/la-es/catalog/?search=KWD1248,Rueda,WHEEL BEARING KIT,,TRASERO,
DAYCO,KWD1342,Rodamiento de rueda,RODAMIENTO,1991 -> 1997 | 1996 -> 2001 | 1995 -> 2002 | 2003 -> 2009 | 2002 -> 2003 | 2000 -> 2002 | 1997 -> 1999 | 1998 -> 1999 | 1999 -> 2009 | 1983 -> 1991 | 1992 -> 1999 | 1992 -> 1995,Modelos: RENAULT ESPACE | RENAULT EXPRESS | RENAULT KANGOO | RENAULT MEGANE | RENAULT R18 | RENAULT R21 | RENAULT R25 | RENAULT SCENIC | Ubicación: TRASERO | ABS: ,VKBA 968 | VKBA 968 A,,,https://www.dayco.com/la-es/catalog/?search=KWD1342,Rueda,WHEEL BEARING KIT,,TRASERO,
DAYCO,KWD1344,Rodamiento de rueda,RODAMIENTO,,Modelos: RENAULT TRAS.KANGOO | Ubicación: TRASERO | ABS: ,2014-> | VKBA3677,,,https://www.dayco.com/la-es/catalog/?search=KWD1344,Rueda,WHEEL BEARING KIT,,TRASERO,
DAYCO,KWD1345,Rodamiento de rueda,RODAMIENTO,2003/... | 2002/2003 | 1998/2010 | 2002/... | 2003/2005 | 1998/2003 | VKBA3587,Modelos: CITROEN BERLINGO | PEUGEOT PARTNER | Ubicación: DELANTERO | C/ABS | ABS: C/ABS,VKBA3587 | VKBA 3587 | VKBA 3587 | DELANTERO,,,https://www.dayco.com/la-es/catalog/?search=KWD1345,Rueda,WHEEL BEARING KIT,,DELANTERO | C/ABS,C/ABS
DAYCO,KWD1348,Rodamiento de rueda,RODAMIENTO,2011 -> 2012 | 2011 -> 2017 | 2012 -> 2014 | 2011 -> 2014,Modelos: RENAULT DUSTER | Ubicación: TRASERO | ABS: ,VKBA 7000,,,https://www.dayco.com/la-es/catalog/?search=KWD1348,Rueda,WHEEL BEARING KIT,,TRASERO,
DAYCO,KWD1392,Rodamiento de rueda,RODAMIENTO,2005 -> 2014 | 2005 -> 2015 | 2015 -> | 2016 -> | 2018 -> 2022 | 2020 -> | 2020 -> 2022 | 2021 -> 2022 | 2013 -> 2016,Modelos: TOYOTA HILUX | Ubicación: DELANTERO | ABS: ,VKBA 6900 A,,,https://www.dayco.com/la-es/catalog/?search=KWD1392,Rueda,WHEEL BEARING KIT,,DELANTERO,
DAYCO,KWD1399,Rodamiento de rueda,RODAMIENTO,1994 -> 1996 | 1991 -> 1994 | 1993 -> 1996 | 1991 -> 1996 | 1993 -> 1995 | 1995 -> 1998 | 1996 -> 1999 | 1997 -> 1998 | 1995 -> 1997 | 1997 -> 1999 | 1998 -> 1998 | 1995 -> 1999,Modelos: FORD GALAXY | VOLKSWAGEN GOL | VOLKSWAGEN GOL TREND | VOLKSWAGEN GOLF | VOLKSWAGEN POLO CLASSIC | VOLKSWAGEN SAVEIRO | VOLKSWAGEN SENDA | VOLKSWAGEN SURAN | VOLKSWAGEN VOYAGE | Ubicación: DELANTERO | ABS: ,VKBA 4500 | VKBC 20070/ BAHB 311315,,,https://www.dayco.com/la-es/catalog/?search=KWD1399,Rueda,WHEEL BEARING KIT,,DELANTERO,
DAYCO,KWD1417,Rodamiento de rueda,RODAMIENTO,4-1988 -> 10-2001 | 5-1988 -> 6-1998 | 8-1994 -> 10-2001 | 1-1991 -> 3-2000 | 1-1999 -> 10-2001 | 1-1989 -> 5-1997 | 5-1989 -> 7-1998 | 9-2009 -> 12-2023 | 7-2001 -> 6-2005 | 6-2001 -> 10-2004 | 2-2001 -> 5-2005 | 8-2001 -> 6-2005,Modelos: FIAT DUNA | FIAT FIORINO | FIAT PALIO | FIAT SIENA | FIAT UNO | Ubicación: DELANTERO | ABS: C/ABS,BAH-0031 | BAH-0031 D/VK210,,,https://www.dayco.com/la-es/catalog/?search=KWD1417,Rueda,WHEEL BEARING KIT,,DELANTERO,C/ABS
DAYCO,KWD1428,Rodamiento de rueda,RODAMIENTO,1-2003 -> 5-2011 | 1-2003 -> 10-2013 | 5-2002 -> 11-2011 | 5-2002 -> 11-2013 | 6-2005 -> 12-2010 | 2-2000 -> 10-2003 | 5-2002 -> 10-2003 | 10-2004 -> 12-2010 | 10-2003 -> 6-2005 | 10-2003 -> 7-2006 | 8-2008 -> 10-2014,Modelos: FORD ECOSPORT | FORD FIESTA | FORD FOCUS | Ubicación: TRASERO | ABS: C/ABS,VKBA3532 | VKBA 3532,,,https://www.dayco.com/la-es/catalog/?search=KWD1428,Rueda,WHEEL BEARING KIT,,TRASERO,C/ABS
DAYCO,KWD1451,Rodamiento de rueda,RODAMIENTO,2009 -> 2013 | 2006 -> 2009 | 1998 -> 2001 | 1999 -> 2008 | 2003 -> 2006,Modelos: RENAULT MASTER | Ubicación: TRASERO | ABS: ,VKBA 3501,,,https://www.dayco.com/la-es/catalog/?search=KWD1451,Rueda,WHEEL BEARING KIT,,TRASERO,
DAYCO,KWD1500,Rodamiento de rueda,RODAMIENTO,8-2009 -> 11-2012 BR930343 | 5-2001 -> 3-2004,Modelos: FORD RANGER | Ubicación: C/ABS | DELANTERO | ABS: C/ABS,BR930343 | DELANTERO | BR930343 | BR930343,,,https://www.dayco.com/la-es/catalog/?search=KWD1500,Rueda,WHEEL BEARING KIT,,C/ABS | DELANTERO,C/ABS
DAYCO,KWD1501,Rodamiento de rueda,RODAMIENTO,2-1996 -> 11-2001 | 3-1995 -> 10-1999,Modelos: CHEVROLET S-10 | Ubicación: DELANTERO | ABS: ,BR930064 | BR930064,,,https://www.dayco.com/la-es/catalog/?search=KWD1501,Rueda,WHEEL BEARING KIT,,DELANTERO,
DAYCO,KWD1502,Rodamiento de rueda,RODAMIENTO,4-2001 -> 7-2009 | 4-2001 -> 8-2010,Modelos: CHEVROLET ZAFIRA | Ubicación: DELANTERO | ABS: ,BAR-0048 | VKBC 20120,,,https://www.dayco.com/la-es/catalog/?search=KWD1502,Rueda,WHEEL BEARING KIT,,DELANTERO,
DAYCO,KWD1503,Rodamiento de rueda,RODAMIENTO,2-2013 -> 4-2016 | 2-2013 -> 2-2016 | 6-2013 -> 12-2023 | 12-2013 -> 2-2016 | 10-2015 -> 2-2016 | 4-1992 -> 10-1997 | 2-2005 -> 11-2016 | 2-2005 -> 3-2015 | 8-2005 -> 7-2014,Modelos: TOYOTA HILUX | Ubicación: TRASERO | ABS: ,VKBA6901 | VKBA 6901,,,https://www.dayco.com/la-es/catalog/?search=KWD1503,Rueda,WHEEL BEARING KIT,,TRASERO,
DAYCO,KWD1504,Rodamiento de rueda,RODAMIENTO,6-1994 -> 12-1996 | 1-1996 -> 5-2001 | 12-1995 -> 11-2007 | 2-1998 -> 10-2003 | 9-2011 -> 11-2013 | 4-2013 -> 4-2016 | 9-2013 -> 4-2016 | 8-2016 -> 12-2023,Modelos: CHEVROLET CORSA | CHEVROLET PRISMA | Ubicación: TRASERO | ABS: ,VKBA 4544 | VKBA 4544,,,https://www.dayco.com/la-es/catalog/?search=KWD1504,Rueda,WHEEL BEARING KIT,,TRASERO,
DAYCO,KWD1505,Rodamiento de rueda,RODAMIENTO,2-1998 -> 4-2009 | 2-1998 -> 12-2010 | 5-1993 -> 11-1995 | 5-1996 -> 11-1999 | 4-1998 -> 2-1998 | 6-1998 -> 5-2011 | 5-2002 -> 10-2009 | 1-2011 -> 12-2023 | 9-2008 -> 4-2020 | 5-1999 -> 11-2002 | 6-2001 -> 8-2012 | 2-1999 -> 7-2002,Modelos: VOLKSWAGEN CADDY | VOLKSWAGEN GOL | VOLKSWAGEN GOL TREND | VOLKSWAGEN GOLF | VOLKSWAGEN POLO CLASSIC | VOLKSWAGEN SAVEIRO | Ubicación: TRASERO | ABS: ,VKBA 4529 | VKBA 4529,,,https://www.dayco.com/la-es/catalog/?search=KWD1505,Rueda,WHEEL BEARING KIT,,TRASERO,
DAYCO,KWD1552,Rodamiento de rueda,RODAMIENTO,2009 -> 2012 | 2010 -> 2013 | 2012 -> 2017 | 2012 ->,Modelos: VOLKSWAGEN AMAROK | Ubicación: DELANTERO | ABS: ,VKBA 6746,,,https://www.dayco.com/la-es/catalog/?search=KWD1552,Rueda,WHEEL BEARING KIT,,DELANTERO,
DAYCO,KWD1629,Rodamiento de rueda,RODAMIENTO,2008 -> 2020 | 2016 -> | 2019 -> 2021 | 2020 -> | 2008 -> 2019,Modelos: VOLKSWAGEN GOL TREND | VOLKSWAGEN VOYAGE | Ubicación: S/ABS | ABS: S/ABS,VKBC 6768 | TRASERO,,,https://www.dayco.com/la-es/catalog/?search=KWD1629,Rueda,WHEEL BEARING KIT,,S/ABS,S/ABS
DAYCO,KWD1630,Rodamiento de rueda,RODAMIENTO,2008 -> 2020 | 2014 -> | 2015 -> 2022 | 2019 -> 2021 | 2008 -> 2019,Modelos: VOLKSWAGEN GOL TREND | VOLKSWAGEN UP! | VOLKSWAGEN VOYAGE | Ubicación: C/ABS | ABS: C/ABS,VKBC 6767 | TRASERO,,,https://www.dayco.com/la-es/catalog/?search=KWD1630,Rueda,WHEEL BEARING KIT,,C/ABS,C/ABS
DAYCO,KWD1632,Rodamiento de rueda,RODAMIENTO,2003 -> 2013 | 1999 -> 2002 | 2002 -> 2011 | 2002 -> 2013 | 2000 -> 2003 | 2002 -> 2003 | 2004 -> 2010 | 2003 -> 2005 | 2003 -> 2006 | 2008 -> 2014 | 2005 -> 2010,Modelos: FORD ECOSPORT | FORD FIESTA | FORD FOCUS | Ubicación: DELANTERO | ABS: C/ABS,BAH-0108 D | VKBC 20116,,,https://www.dayco.com/la-es/catalog/?search=KWD1632,Rueda,WHEEL BEARING KIT,,DELANTERO,C/ABS
DAYCO,KWD1633,Rodamiento de rueda,RODAMIENTO,VKBA 4533 | 1997 -> 1999 | 2001 -> 2008 | 1993 -> 1998 | 1994 -> 1997 | 1993 -> 1994,Modelos: FORD KA | FORD ORION | VOLKSWAGEN POINTER | Ubicación: S/ABS | ABS: S/ABS,TRASERO | S/ABS | VKBA 4533 | TRASERO,,,https://www.dayco.com/la-es/catalog/?search=KWD1633,Rueda,WHEEL BEARING KIT,,S/ABS,S/ABS
DAYCO,KWD1634,Rodamiento de rueda,RODAMIENTO,2001 -> 2002 | 1999 -> 2001 | 1995 -> 2002 | 1988 -> 1996 | 1996 -> 2001 | 2000 -> 2001 | 1990 -> 1995 | 1994 -> 1996 | 1991 -> 1993 | 1995 -> 1998 | 1996 -> 1998 | 1994 -> 1997,Modelos: FORD ESCORT | Ubicación: S/ABS | ABS: S/ABS,VKBA 4528 | TRASERO,,,https://www.dayco.com/la-es/catalog/?search=KWD1634,Rueda,WHEEL BEARING KIT,,S/ABS,S/ABS
