codigo,fuente,marca,modelo,version_motor,producto,familia,posicion,lado,oem,descripcion,info_original,anio,imagen_producto,url_ficha,pagina_pdf,proveedor
40075,GACRI,CHEVROLET,$10 $10 2.8 MOTOR MWM 510 MOTOR 2.4 L,$10 $10 2.8 MOTOR MWM 510 MOTOR 2.4 L,SOPORTE MOTOR,SOPORTE MOTOR,MOTOR,DERECHO,94708478 | 93285506 | 52037204,SOPORTE DE AMORTIGUADOR SOPORTE DE MOTOR AMBOS LADOS SOPORTE DE MOTOR DERECHO,40075 $10 $10 2.8 MOTOR MWM 510 MOTOR 2.4 L ORIGINAL: 94708478 ORIGINAL: 93285506 ORIGINAL: 52037204 SOPORTE DE AMORTIGUADOR SOPORTE DE MOTOR AMBOS LADOS SOPORTE DE MOTOR DERECHO CÓDIGO:,,,,10,GACRI
40082,GACRI,CHEVROLET,$10 MOTOR 3.6 L,$10 MOTOR 3.6 L,,,MOTOR,,52037207,40082 $10 MOTOR 3.6 L ORIGINAL: 52037207 CÓDIGO:,40082 $10 MOTOR 3.6 L ORIGINAL: 52037207 CÓDIGO:,,,,11,GACRI
40025,GACRI,CHEVROLET,180,OPEL K- - CHEVETTE,,,,,8984651 FUELLE CREMALLERA,40025 OPEL K-180 - CHEVETTE ORIGINAL: 8984651 FUELLE CREMALLERA CÓDIGO:,40025 OPEL K-180 - CHEVETTE ORIGINAL: 8984651 FUELLE CREMALLERA CÓDIGO:,,,,6,GACRI
40070,GACRI,CHEVROLET,AGILE,CORSA,SOPORTE MOTOR,SOPORTE MOTOR,MOTOR,IZQUIERDO,90538063,SOPORTE DE MOTOR IZQUIERDO,40070 CORSA - AGILE ORIGINAL: 90538063 SOPORTE DE MOTOR IZQUIERDO CÓDIGO:,,,,9,GACRI
40044,GACRI,CHEVROLET,ASTRA,HIDRAULICO - ZAFIRA 2.0,SOPORTE MOTOR,SOPORTE MOTOR,MOTOR,IZQUIERDO,90576062,SOPORTE DE MOTOR HIDRÁULICO IZQUIERDO,40044 HIDRAULICO ASTRA - ZAFIRA 2.0 ORIGINAL: 90576062 SOPORTE DE MOTOR HIDRÁULICO IZQUIERDO CÓDIGO:,,,,8,GACRI
40045,GACRI,CHEVROLET,ASTRA,NO HIDRAULICO - ZAFIRA 2.0,SOPORTE MOTOR,SOPORTE MOTOR,MOTOR,IZQUIERDO,90576062,SOPORTE DE MOTOR NO HIDRÁULICO IZQUIERDO,40045 NO HIDRAULICO ASTRA - ZAFIRA 2.0 ORIGINAL: 90576062 SOPORTE DE MOTOR NO HIDRÁULICO IZQUIERDO CÓDIGO:,,,,8,GACRI
40055,GACRI,CHEVROLET,ASTRA,MERIVA 98,BUJE BARRA ESTABILIZADORA,BUJE BARRA ESTABILIZADORA,BARRA ESTABILIZADORA,,90538865,"BUJE BARRA ESTABILIZADORA 17,5 MM","40055 ASTRA - MERIVA 98 ORIGINAL: 90538865 BUJE BARRA ESTABILIZADORA 17,5 MM CÓDIGO:",,,,9,GACRI
40062,GACRI,CHEVROLET,ASTRA,2.0 16V - ZAFIRA,SOPORTE MOTOR,SOPORTE MOTOR,MOTOR,DELANTERO,90575190,SOPORTE MOTOR DELANTERO,40062 ASTRA 2.0 16V - ZAFIRA ORIGINAL: 90575190 SOPORTE MOTOR DELANTERO CÓDIGO:,,,,8,GACRI
40063,GACRI,CHEVROLET,ASTRA,99,SOPORTE MOTOR,SOPORTE MOTOR,MOTOR,DELANTERO,90576048,SOPORTE MOTOR DELANTERO 05,40063 ASTRA 99 ORIGINAL: 90576048 SOPORTE MOTOR DELANTERO 05,,,,8,GACRI
40064,GACRI,CHEVROLET,ASTRA,2.0 - ZAFIRA,SOPORTE MOTOR,SOPORTE MOTOR,MOTOR,DERECHO,90576049,"SOPORTE DE MOTOR LADO DERECHO —MMMMMMMM¿M¿M¿M¿X¿X«A+44,","40064 ASTRA 2.0 - ZAFIRA ORIGINAL: 90576049 SOPORTE DE MOTOR LADO DERECHO —MMMMMMMM¿M¿M¿M¿X¿X«A+44, CÓDIGO:",,,,9,GACRI
40065,GACRI,CHEVROLET,ASTRA,MERIVA - ZAFIRA,SOPORTE MOTOR,SOPORTE MOTOR,MOTOR,,90575186,SOPORTE DE MOTOR,40065 ASTRA - MERIVA - ZAFIRA ORIGINAL: 90575186 SOPORTE DE MOTOR CÓDIGO:,,,,9,GACRI
40067,GACRI,CHEVROLET,ASTRA,ZAFIRA,SOPORTE,SOPORTE,,DELANTERO,90575192,SOPORTE DELANTERO FRONTAL A],40067 ASTRA - ZAFIRA ORIGINAL: 90575192 SOPORTE DELANTERO FRONTAL A] CÓDIGO:,,,,9,GACRI
40087,GACRI,CHEVROLET,ASTRA,ZAFIRA - CORSA L E A AFA VECTRA,SOPORTE MOTOR,SOPORTE MOTOR,MOTOR,IZQUIERDO / TRASERO,90538576 | 90538582 | 90495514,SOPORTE DE MOTOR LADO IZQUIERDO SOPORTE TRASERO DE MOTOR SOPORTE DE MOTOR TRASERO EY,40087 ASTRA - ZAFIRA - CORSA L E A AFA VECTRA ORIGINAL: 90538576 ORIGINAL: 90538582 ORIGINAL: 90495514 SOPORTE DE MOTOR LADO IZQUIERDO SOPORTE TRASERO DE MOTOR SOPORTE DE MOTOR TRASERO EY CÓDIGO:,,,,10,GACRI
40068,GACRI,CHEVROLET,AVEO,,SOPORTE MOTOR,SOPORTE MOTOR,MOTOR,DERECHO,96535431,SOPORTE DE MOTOR DERECHO,40068 AVEO ORIGINAL: 96535431 SOPORTE DE MOTOR DERECHO CÓDIGO:,,,,9,GACRI
40069,GACRI,CHEVROLET,AVEO,,SOPORTE MOTOR,SOPORTE MOTOR,MOTOR,IZQUIERDO,96535499,SOPORTE DE MOTOR IZQUIERDO,40069 AVEO ORIGINAL: 96535499 SOPORTE DE MOTOR IZQUIERDO CÓDIGO:,,,,9,GACRI
40071,GACRI,CHEVROLET,AVEO,,SOPORTE,SOPORTE,AMORTIGUADOR,,96653239,SOPORTE DE AMORTIGUADOR,40071 AVEO ORIGINAL: 96653239 SOPORTE DE AMORTIGUADOR CÓDIGO:,,,,9,GACRI
40072,GACRI,CHEVROLET,AVEO,G3,SOPORTE AMORTIGUADOR,SOPORTE AMORTIGUADOR,AMORTIGUADOR,,95015324,SOPORTE AMORTIGUADOR,40072 AVEO G3 ORIGINAL: 95015324 SOPORTE AMORTIGUADOR CÓDIGO:,,,,9,GACRI
40083,GACRI,CHEVROLET,AVEO,,SOPORTE MOTOR,SOPORTE MOTOR,MOTOR,TRASERO,96535410,SOPORTE DE MOTOR TRASERO,40083 AVEO ORIGINAL: 96535410 SOPORTE DE MOTOR TRASERO,,,,9,GACRI
40030,GACRI,CHEVROLET,CELTA,CORSA - - SUZUKI FUN,SOPORTE MOTOR,SOPORTE MOTOR,MOTOR,DERECHO,684294,SOPORTE DE MOTOR DERECHO,40030 CORSA - CELTA - SUZUKI FUN ORIGINAL: 684294 SOPORTE DE MOTOR DERECHO CÓDIGO:,,,,6,GACRI
40025,GACRI,CHEVROLET,CHEVETTE,OPEL K-180,,,,,8984651 FUELLE CREMALLERA,40025 OPEL K-180 - CHEVETTE ORIGINAL: 8984651 FUELLE CREMALLERA CÓDIGO:,40025 OPEL K-180 - CHEVETTE ORIGINAL: 8984651 FUELLE CREMALLERA CÓDIGO:,,,,6,GACRI
40084,GACRI,CHEVROLET,COBALT,PRISMA -SPIN-ONIX-SONIC,SOPORTE MOTOR,SOPORTE MOTOR,MOTOR,DERECHO / TRASERO,95493722,SOPORTE DE MOTOR DERECHO SOPORTE TRASERO DE MOTOR,40084 PRISMA -SPIN-ONIX-SONIC-COBALT ORIGINAL: 95493722 SOPORTE DE MOTOR DERECHO SOPORTE TRASERO DE MOTOR CÓDIGO:,,,,11,GACRI
40088,GACRI,CHEVROLET,COBALT,SONIC- -ONIX-SPIN-PRISMA 1,SOPORTE MOTOR,SOPORTE MOTOR,MOTOR,IZQUIERDO,95032353,SOPORTE DE MOTOR IZQUIERDO,40088 SONIC-COBALT-ONIX-SPIN-PRISMA 1 ORIGINAL: 95032353 SOPORTE DE MOTOR IZQUIERDO CÓDIGO:,,,,11,GACRI
40089,GACRI,CHEVROLET,COBALT,ONIX-SPIN- -PRISMA-SONIC,SOPORTE MOTOR,SOPORTE MOTOR,MOTOR,DERECHO,951644887 52068329,SOPORTE DE MOTOR DERECHO,40089 ONIX-SPIN-COBALT-PRISMA-SONIC ORIGINAL: 951644887 52068329 SOPORTE DE MOTOR DERECHO CÓDIGO:,,,,11,GACRI
40027,GACRI,CHEVROLET,CORSA,1.7 DIESEL,SOPORTE MOTOR,SOPORTE MOTOR,MOTOR,,93269291,SOPORTE DE MOTOR LADO CAJA GENERAL MOTORS,40027 CORSA 1.7 DIESEL ORIGINAL: 93269291 SOPORTE DE MOTOR LADO CAJA GENERAL MOTORS CÓDIGO:,,,,6,GACRI
40028,GACRI,CHEVROLET,CORSA,MONZA 1.6,SOPORTE MOTOR,SOPORTE MOTOR,MOTOR,IZQUIERDO,93201397,SOPORTE DE MOTOR IZQUIERDO,40028 CORSA MONZA 1.6 ORIGINAL: 93201397 SOPORTE DE MOTOR IZQUIERDO CÓDIGO:,,,,6,GACRI
40029,GACRI,CHEVROLET,CORSA,MONZA 1.6,SOPORTE MOTOR,SOPORTE MOTOR,MOTOR,DERECHO,93230328,SOPORTE DE MOTOR DERECHO,40029 CORSA MONZA 1.6 ORIGINAL: 93230328 SOPORTE DE MOTOR DERECHO CÓDIGO:,,,,6,GACRI
40030,GACRI,CHEVROLET,CORSA,CELTA - SUZUKI FUN,SOPORTE MOTOR,SOPORTE MOTOR,MOTOR,DERECHO,684294,SOPORTE DE MOTOR DERECHO,40030 CORSA - CELTA - SUZUKI FUN ORIGINAL: 684294 SOPORTE DE MOTOR DERECHO CÓDIGO:,,,,6,GACRI
40031,GACRI,CHEVROLET,CORSA,1.4 - 1.6 NAFTA,SOPORTE MOTOR,SOPORTE MOTOR,MOTOR,IZQUIERDO,90495170,SOPORTE DE MOTOR IZQUIERDO O,40031 CORSA 1.4 - 1.6 NAFTA ORIGINAL: 90495170 SOPORTE DE MOTOR IZQUIERDO O CÓDIGO:,,,,6,GACRI
40032,GACRI,CHEVROLET,CORSA,,SOPORTE,SOPORTE,AMORTIGUADOR,SUPERIOR,93267846,SOPORTE DE AMORTIGUADOR SUPERIOR,40032 CORSA ORIGINAL: 93267846 SOPORTE DE AMORTIGUADOR SUPERIOR CÓDIGO:,,,,6,GACRI
40033,GACRI,CHEVROLET,CORSA,,SOPORTE MOTOR,SOPORTE MOTOR,MOTOR,DERECHO,90445300,SOPORTE DE MOTOR DERECHO NAFTA CON AIRE,40033 CORSA ORIGINAL: 90445300 SOPORTE DE MOTOR DERECHO NAFTA CON AIRE CÓDIGO:,,,,6,GACRI
40034,GACRI,CHEVROLET,CORSA,IL,,,,,,40034 CHEVROLET CORSA IL,40034 CHEVROLET CORSA IL,,,,7,GACRI
40046,GACRI,CHEVROLET,CORSA,HIDRAULICO 11 - MERIVA,SOPORTE MOTOR,SOPORTE MOTOR,MOTOR,IZQUIERDO,93302282,SOPORTE DE MOTOR HIDRÁULICO IZQUIERDO,40046 HIDRAULICO CORSA 11 - MERIVA ORIGINAL: 93302282 SOPORTE DE MOTOR HIDRÁULICO IZQUIERDO CÓDIGO:,,,,7,GACRI
40047,GACRI,CHEVROLET,CORSA,NO HIDRAULICO |! - MERIVA,SOPORTE MOTOR,SOPORTE MOTOR,MOTOR,IZQUIERDO,93302282,SOPORTE DE MOTOR NO HIDRÁULICO IZQUIERDO,40047 NO HIDRAULICO CORSA |! - MERIVA ORIGINAL: 93302282 SOPORTE DE MOTOR NO HIDRÁULICO IZQUIERDO CÓDIGO:,,,,7,GACRI
40048,GACRI,CHEVROLET,CORSA,II - MERIVA,SOPORTE AMORTIGUADOR,SOPORTE AMORTIGUADOR,AMORTIGUADOR,,90538936,SOPORTE AMORTIGUADOR,40048 CORSA II - MERIVA ORIGINAL: 90538936 SOPORTE AMORTIGUADOR CÓDIGO:,,,,7,GACRI
40049,GACRI,CHEVROLET,CORSA,N2,BUJE BARRA ESTABILIZADORA,BUJE BARRA ESTABILIZADORA,BARRA ESTABILIZADORA,,90445098,BUJE BARRA ESTABILIZADORA E 22 MM,40049 CORSA N2 ORIGINAL: 90445098 BUJE BARRA ESTABILIZADORA E 22 MM CÓDIGO:,,,,6,GACRI
40050,GACRI,CHEVROLET,CORSA,,BUJE BARRA ESTABILIZADORA,BUJE BARRA ESTABILIZADORA,BARRA ESTABILIZADORA,,90445098,BUJE BARRA ESTABILIZADORA A 18 MM,40050 CORSA ORIGINAL: 90445098 BUJE BARRA ESTABILIZADORA A 18 MM CÓDIGO:,,,,6,GACRI
40051,GACRI,CHEVROLET,CORSA,M/NUEVO,SOPORTE TENSOR,SOPORTE TENSOR,TENSOR,DERECHO / DELANTERO,90445101,SOPORTE TENSOR DELANTERO DERECHO,40051 CORSA M/NUEVO ORIGINAL: 90445101 SOPORTE TENSOR DELANTERO DERECHO CÓDIGO:,,,,6,GACRI
40052,GACRI,CHEVROLET,CORSA,M/NUEVO,SOPORTE TENSOR,SOPORTE TENSOR,TENSOR,IZQUIERDO / DELANTERO,90445100,SOPORTE TENSOR DELANTERO IZQUIERDO,40052 CORSA M/NUEVO ORIGINAL: 90445100 SOPORTE TENSOR DELANTERO IZQUIERDO,,,,6,GACRI
40058,GACRI,CHEVROLET,CORSA,II - MERIVA,SOPORTE TENSOR,SOPORTE TENSOR,TENSOR,SUPERIOR,93302286,SOPORTE TENSOR SUPERIOR,40058 CORSA II - MERIVA ORIGINAL: 93302286 SOPORTE TENSOR SUPERIOR CÓDIGO:,,,,7,GACRI
40059,GACRI,CHEVROLET,CORSA,|! - MERIVA,SOPORTE,SOPORTE,,IZQUIERDO / DELANTERO,93302281,SOPORTE DELANTERO IZQUIERDO E,40059 CORSA |! - MERIVA ORIGINAL: 93302281 SOPORTE DELANTERO IZQUIERDO E CÓDIGO:,,,,7,GACRI
40060,GACRI,CHEVROLET,CORSA,II - MERIVA,SOPORTE,SOPORTE,,DERECHO,93302280,SOPORTE LADO DERECHO,40060 CORSA II - MERIVA ORIGINAL: 93302280 SOPORTE LADO DERECHO CÓDIGO:,,,,7,GACRI
40061,GACRI,CHEVROLET,CORSA,IL - MERIVA,SOPORTE TENSOR,SOPORTE TENSOR,TENSOR,INFERIOR,93302287,SOPORTE TENSOR INFERIOR,40061 CORSA IL - MERIVA ORIGINAL: 93302287 SOPORTE TENSOR INFERIOR CÓDIGO:,,,,7,GACRI
40066,GACRI,CHEVROLET,CORSA,,SOPORTE,SOPORTE,ESCAPE,,90280491,SOPORTE CAÑO DE ESCAPE _—_—MMMXN—T—|,40066 CORSA ORIGINAL: 90280491 SOPORTE CAÑO DE ESCAPE _—_—MMMXN—T—| CÓDIGO:,,,,7,GACRI
40070,GACRI,CHEVROLET,CORSA,AGILE,SOPORTE MOTOR,SOPORTE MOTOR,MOTOR,IZQUIERDO,90538063,SOPORTE DE MOTOR IZQUIERDO,40070 CORSA - AGILE ORIGINAL: 90538063 SOPORTE DE MOTOR IZQUIERDO CÓDIGO:,,,,9,GACRI
40087,GACRI,CHEVROLET,CORSA,ASTRA - ZAFIRA - L E A AFA VECTRA,SOPORTE MOTOR,SOPORTE MOTOR,MOTOR,IZQUIERDO / TRASERO,90538576 | 90538582 | 90495514,SOPORTE DE MOTOR LADO IZQUIERDO SOPORTE TRASERO DE MOTOR SOPORTE DE MOTOR TRASERO EY,40087 ASTRA - ZAFIRA - CORSA L E A AFA VECTRA ORIGINAL: 90538576 ORIGINAL: 90538582 ORIGINAL: 90495514 SOPORTE DE MOTOR LADO IZQUIERDO SOPORTE TRASERO DE MOTOR SOPORTE DE MOTOR TRASERO EY CÓDIGO:,,,,10,GACRI
40073,GACRI,CHEVROLET,CRUZE,,SOPORTE AMORTIGUADOR,SOPORTE AMORTIGUADOR,MOTOR,,13505132,SOPORTE AMORTIGUADOR GENERAL MOTORS,40073 CRUZE ORIGINAL: 13505132 SOPORTE AMORTIGUADOR GENERAL MOTORS CÓDIGO:,,,,11,GACRI
40086,GACRI,CHEVROLET,CRUZE,HIDRAULICO 2,SOPORTE MOTOR,SOPORTE MOTOR,MOTOR,DERECHO,13347455 13248475,SOPORTE DE MOTOR DERECHO,40086 HIDRAULICO CRUZE 2 ORIGINAL: 13347455 13248475 SOPORTE DE MOTOR DERECHO CÓDIGO:,,,,11,GACRI
40092,GACRI,CHEVROLET,CRUZE,,SOPORTE,SOPORTE,,IZQUIERDO,13248549,SOPORTE DE TRANSMISION LADO IZQ.,40092 CRUZE ORIGINAL: 13248549 SOPORTE DE TRANSMISION LADO IZQ.,,,,11,GACRI
40093,GACRI,CHEVROLET,CRUZE,,SOPORTE,SOPORTE,,IZQUIERDO,13248605,SOPORTE DE TRANSMISION LADO IZQ.,40093 CRUZE ORIGINAL: 13248605 SOPORTE DE TRANSMISION LADO IZQ.,,,,11,GACRI
40094,GACRI,CHEVROLET,CRUZE,,SOPORTE,SOPORTE,MOTOR,TRASERO,13248630,SOPORTE TRASERO DE MOTOR 0 NN,40094 CRUZE ORIGINAL: 13248630 SOPORTE TRASERO DE MOTOR 0 NN,,,,11,GACRI
40074,GACRI,CHEVROLET,I,,,,,,,40074 I CÓDIGO:,40074 I CÓDIGO:,,,,10,GACRI
40056,GACRI,CHEVROLET,LUV,ISUZU 4X2,BUJE BARRA ESTABILIZADORA,BUJE BARRA ESTABILIZADORA,BARRA ESTABILIZADORA,,94459459,BUJE BARRA ESTABILIZADORA O 26 MM SS),40056 LUV ISUZU 4X2 ORIGINAL: 94459459 BUJE BARRA ESTABILIZADORA O 26 MM SS) CÓDIGO:,,,,9,GACRI
40057,GACRI,CHEVROLET,LUV,ISUZU 4X4,BUJE BARRA ESTABILIZADORA,BUJE BARRA ESTABILIZADORA,MOTOR,,94459459,BUJE BARRA ESTABILIZADORA A 26 MM GENERAL MOTORS,40057 LUV ISUZU 4X4 ORIGINAL: 94459459 BUJE BARRA ESTABILIZADORA A 26 MM GENERAL MOTORS CÓDIGO:,,,,9,GACRI
2000,GACRI,CHEVROLET,MERIVA,,BUJE PARRILLA,BUJE PARRILLA,PARRILLA,,93390600,BUJE PARRILLA DELANTERA PARTE TRASERA,2000 - MERIVA ORIGINAL: 93390600 BUJE PARRILLA DELANTERA PARTE TRASERA CÓDIGO:,,,,7,GACRI
40046,GACRI,CHEVROLET,MERIVA,HIDRAULICO CORSA 11,SOPORTE MOTOR,SOPORTE MOTOR,MOTOR,IZQUIERDO,93302282,SOPORTE DE MOTOR HIDRÁULICO IZQUIERDO,40046 HIDRAULICO CORSA 11 - MERIVA ORIGINAL: 93302282 SOPORTE DE MOTOR HIDRÁULICO IZQUIERDO CÓDIGO:,,,,7,GACRI
40047,GACRI,CHEVROLET,MERIVA,NO HIDRAULICO CORSA |!,SOPORTE MOTOR,SOPORTE MOTOR,MOTOR,IZQUIERDO,93302282,SOPORTE DE MOTOR NO HIDRÁULICO IZQUIERDO,40047 NO HIDRAULICO CORSA |! - MERIVA ORIGINAL: 93302282 SOPORTE DE MOTOR NO HIDRÁULICO IZQUIERDO CÓDIGO:,,,,7,GACRI
40048,GACRI,CHEVROLET,MERIVA,CORSA II,SOPORTE AMORTIGUADOR,SOPORTE AMORTIGUADOR,AMORTIGUADOR,,90538936,SOPORTE AMORTIGUADOR,40048 CORSA II - MERIVA ORIGINAL: 90538936 SOPORTE AMORTIGUADOR CÓDIGO:,,,,7,GACRI
40055,GACRI,CHEVROLET,MERIVA,ASTRA - 98,BUJE BARRA ESTABILIZADORA,BUJE BARRA ESTABILIZADORA,BARRA ESTABILIZADORA,,90538865,"BUJE BARRA ESTABILIZADORA 17,5 MM","40055 ASTRA - MERIVA 98 ORIGINAL: 90538865 BUJE BARRA ESTABILIZADORA 17,5 MM CÓDIGO:",,,,9,GACRI
40058,GACRI,CHEVROLET,MERIVA,CORSA II,SOPORTE TENSOR,SOPORTE TENSOR,TENSOR,SUPERIOR,93302286,SOPORTE TENSOR SUPERIOR,40058 CORSA II - MERIVA ORIGINAL: 93302286 SOPORTE TENSOR SUPERIOR CÓDIGO:,,,,7,GACRI
40059,GACRI,CHEVROLET,MERIVA,CORSA |!,SOPORTE,SOPORTE,,IZQUIERDO / DELANTERO,93302281,SOPORTE DELANTERO IZQUIERDO E,40059 CORSA |! - MERIVA ORIGINAL: 93302281 SOPORTE DELANTERO IZQUIERDO E CÓDIGO:,,,,7,GACRI
40060,GACRI,CHEVROLET,MERIVA,CORSA II,SOPORTE,SOPORTE,,DERECHO,93302280,SOPORTE LADO DERECHO,40060 CORSA II - MERIVA ORIGINAL: 93302280 SOPORTE LADO DERECHO CÓDIGO:,,,,7,GACRI
40061,GACRI,CHEVROLET,MERIVA,CORSA IL,SOPORTE TENSOR,SOPORTE TENSOR,TENSOR,INFERIOR,93302287,SOPORTE TENSOR INFERIOR,40061 CORSA IL - MERIVA ORIGINAL: 93302287 SOPORTE TENSOR INFERIOR CÓDIGO:,,,,7,GACRI
40065,GACRI,CHEVROLET,MERIVA,ASTRA - - ZAFIRA,SOPORTE MOTOR,SOPORTE MOTOR,MOTOR,,90575186,SOPORTE DE MOTOR,40065 ASTRA - MERIVA - ZAFIRA ORIGINAL: 90575186 SOPORTE DE MOTOR CÓDIGO:,,,,9,GACRI
40084,GACRI,CHEVROLET,ONIX,PRISMA -SPIN- -SONIC-COBALT,SOPORTE MOTOR,SOPORTE MOTOR,MOTOR,DERECHO / TRASERO,95493722,SOPORTE DE MOTOR DERECHO SOPORTE TRASERO DE MOTOR,40084 PRISMA -SPIN-ONIX-SONIC-COBALT ORIGINAL: 95493722 SOPORTE DE MOTOR DERECHO SOPORTE TRASERO DE MOTOR CÓDIGO:,,,,11,GACRI
40088,GACRI,CHEVROLET,ONIX,SONIC-COBALT- -SPIN-PRISMA 1,SOPORTE MOTOR,SOPORTE MOTOR,MOTOR,IZQUIERDO,95032353,SOPORTE DE MOTOR IZQUIERDO,40088 SONIC-COBALT-ONIX-SPIN-PRISMA 1 ORIGINAL: 95032353 SOPORTE DE MOTOR IZQUIERDO CÓDIGO:,,,,11,GACRI
40089,GACRI,CHEVROLET,ONIX,SPIN-COBALT-PRISMA-SONIC,SOPORTE MOTOR,SOPORTE MOTOR,MOTOR,DERECHO,951644887 52068329,SOPORTE DE MOTOR DERECHO,40089 ONIX-SPIN-COBALT-PRISMA-SONIC ORIGINAL: 951644887 52068329 SOPORTE DE MOTOR DERECHO CÓDIGO:,,,,11,GACRI
40025,GACRI,CHEVROLET,OPEL K,180 - CHEVETTE,,,,,8984651 FUELLE CREMALLERA,40025 OPEL K-180 - CHEVETTE ORIGINAL: 8984651 FUELLE CREMALLERA CÓDIGO:,40025 OPEL K-180 - CHEVETTE ORIGINAL: 8984651 FUELLE CREMALLERA CÓDIGO:,,,,6,GACRI
40084,GACRI,CHEVROLET,PRISMA,SPIN-ONIX-SONIC-COBALT,SOPORTE MOTOR,SOPORTE MOTOR,MOTOR,DERECHO / TRASERO,95493722,SOPORTE DE MOTOR DERECHO SOPORTE TRASERO DE MOTOR,40084 PRISMA -SPIN-ONIX-SONIC-COBALT ORIGINAL: 95493722 SOPORTE DE MOTOR DERECHO SOPORTE TRASERO DE MOTOR CÓDIGO:,,,,11,GACRI
40088,GACRI,CHEVROLET,PRISMA,SONIC-COBALT-ONIX-SPIN- 1,SOPORTE MOTOR,SOPORTE MOTOR,MOTOR,IZQUIERDO,95032353,SOPORTE DE MOTOR IZQUIERDO,40088 SONIC-COBALT-ONIX-SPIN-PRISMA 1 ORIGINAL: 95032353 SOPORTE DE MOTOR IZQUIERDO CÓDIGO:,,,,11,GACRI
40089,GACRI,CHEVROLET,PRISMA,ONIX-SPIN-COBALT- -SONIC,SOPORTE MOTOR,SOPORTE MOTOR,MOTOR,DERECHO,951644887 52068329,SOPORTE DE MOTOR DERECHO,40089 ONIX-SPIN-COBALT-PRISMA-SONIC ORIGINAL: 951644887 52068329 SOPORTE DE MOTOR DERECHO CÓDIGO:,,,,11,GACRI
40078,GACRI,CHEVROLET,S10,MOTOR 2.4 L MOTOR 2.5 L MOTOR 2.5 L,SOPORTE MOTOR,SOPORTE MOTOR,MOTOR,DERECHO / IZQUIERDO,52037203 | 94768486 | 94768485,SOPORTE DE MOTOR IZQUIERDO SOPORTE DE MOTOR DERECHO SOPORTE DE MOTOR IZQUIERDO AF,40078 S10 MOTOR 2.4 L S10 MOTOR 2.5 L S10 MOTOR 2.5 L ORIGINAL: 52037203 ORIGINAL: 94768486 ORIGINAL: 94768485 SOPORTE DE MOTOR IZQUIERDO SOPORTE DE MOTOR DERECHO SOPORTE DE MOTOR IZQUIERDO AF CÓDIGO:,,,,10,GACRI
40081,GACRI,CHEVROLET,S10,MOTOR 4X2 MOTOR 4X4,SOPORTE CAJA,SOPORTE CAJA,MOTOR,IZQUIERDO,94771127 N' | 94771127 | 52037207,SOPORTE DE CAJA DE VELOCIDADES SOPORTE DE CAJA DE VELOCIDADES SOPORTE DE MOTOR IZQUIERDO 07,40081 S10 MOTOR 4X2 S10 MOTOR 4X4 S10 ORIGINAL: 94771127 N' ORIGINAL: 94771127 ORIGINAL: 52037207 SOPORTE DE CAJA DE VELOCIDADES SOPORTE DE CAJA DE VELOCIDADES SOPORTE DE MOTOR IZQUIERDO 07,,,,10,GACRI
40084,GACRI,CHEVROLET,SPIN,PRISMA - -ONIX-SONIC-COBALT,SOPORTE MOTOR,SOPORTE MOTOR,MOTOR,DERECHO / TRASERO,95493722,SOPORTE DE MOTOR DERECHO SOPORTE TRASERO DE MOTOR,40084 PRISMA -SPIN-ONIX-SONIC-COBALT ORIGINAL: 95493722 SOPORTE DE MOTOR DERECHO SOPORTE TRASERO DE MOTOR CÓDIGO:,,,,11,GACRI
40088,GACRI,CHEVROLET,SPIN,SONIC-COBALT-ONIX- -PRISMA 1,SOPORTE MOTOR,SOPORTE MOTOR,MOTOR,IZQUIERDO,95032353,SOPORTE DE MOTOR IZQUIERDO,40088 SONIC-COBALT-ONIX-SPIN-PRISMA 1 ORIGINAL: 95032353 SOPORTE DE MOTOR IZQUIERDO CÓDIGO:,,,,11,GACRI
40089,GACRI,CHEVROLET,SPIN,ONIX- -COBALT-PRISMA-SONIC,SOPORTE MOTOR,SOPORTE MOTOR,MOTOR,DERECHO,951644887 52068329,SOPORTE DE MOTOR DERECHO,40089 ONIX-SPIN-COBALT-PRISMA-SONIC ORIGINAL: 951644887 52068329 SOPORTE DE MOTOR DERECHO CÓDIGO:,,,,11,GACRI
40035,GACRI,CHEVROLET,VECTRA,,BUJE PARRILLA,BUJE PARRILLA,MOTOR,INFERIOR,,BUJE PARRILLA INFERIOR PARTE TRASERA (GRANDE) Q 61 GENERAL MOTORS A,40035 CHEVROLET VECTRA ORIGINAL: BUJE PARRILLA INFERIOR PARTE TRASERA (GRANDE) Q 61 GENERAL MOTORS A CÓDIGO:,,,,8,GACRI
40036,GACRI,CHEVROLET,VECTRA,,BUJE PARRILLA,BUJE PARRILLA,PARRILLA,INFERIOR,,BUJE PARRILLA INFERIOR PARTE DELANTERA (CHICO) M 35,40036 CHEVROLET VECTRA ORIGINAL: BUJE PARRILLA INFERIOR PARTE DELANTERA (CHICO) M 35 CÓDIGO:,,,,8,GACRI
40037,GACRI,CHEVROLET,VECTRA,HIDRAULICO,SOPORTE MOTOR,SOPORTE MOTOR,MOTOR,IZQUIERDO,90497967,SOPORTE MOTOR HIDRÁULICO LADO IZQ.,40037 HIDRAULICO VECTRA ORIGINAL: 90497967 SOPORTE MOTOR HIDRÁULICO LADO IZQ.,,,,7,GACRI
40038,GACRI,CHEVROLET,VECTRA,NO HIDRAULICO,SOPORTE MOTOR,SOPORTE MOTOR,MOTOR,IZQUIERDO,90497967,SOPORTE MOTOR NO HIDRÁULICO LADO IZQ.,40038 NO HIDRAULICO VECTRA ORIGINAL: 90497967 SOPORTE MOTOR NO HIDRÁULICO LADO IZQ.,,,,7,GACRI
40039,GACRI,CHEVROLET,VECTRA,HIDRAULICO,SOPORTE MOTOR,SOPORTE MOTOR,MOTOR,DERECHO,90495447,SOPORTE MOTOR HIDRÁULICO LADO DER.,40039 HIDRAULICO VECTRA ORIGINAL: 90495447 SOPORTE MOTOR HIDRÁULICO LADO DER.,,,,7,GACRI
40040,GACRI,CHEVROLET,VECTRA,NO HIDRAULICO,SOPORTE MOTOR,SOPORTE MOTOR,MOTOR,DERECHO,90495447,SOPORTE MOTOR NO HIDRÁULICO LADO DER.CUELLO RECTO,40040 NO HIDRAULICO VECTRA ORIGINAL: 90495447 SOPORTE MOTOR NO HIDRÁULICO LADO DER.CUELLO RECTO CÓDIGO:,,,,8,GACRI
40041,GACRI,CHEVROLET,VECTRA,HIDRAULICO CAJA AUTOMÁTICA N2,SOPORTE MOTOR,SOPORTE MOTOR,MOTOR,IZQUIERDO,90498423,SOPORTE MOTOR HIDRÁULICO LADO IZQ.CUELLO CURVO,40041 HIDRAULICO VECTRA CAJA AUTOMÁTICA N2 ORIGINAL: 90498423 SOPORTE MOTOR HIDRÁULICO LADO IZQ.CUELLO CURVO CÓDIGO:,,,,8,GACRI
40042,GACRI,CHEVROLET,VECTRA,NO HIDRAULICO CAJA AUTOMÁTICA N2,SOPORTE MOTOR,SOPORTE MOTOR,MOTOR,IZQUIERDO,90498423,SOPORTE MOTOR NO HIDRÁULICO LADO IZQ.,40042 NO HIDRAULICO VECTRA CAJA AUTOMÁTICA N2 ORIGINAL: 90498423 SOPORTE MOTOR NO HIDRÁULICO LADO IZQ.,,,,8,GACRI
40043,GACRI,CHEVROLET,VECTRA,AÑO 94,SOPORTE MOTOR,SOPORTE MOTOR,MOTOR,,90495327,SOPORTE DE MOTOR SOPORTES DE MOTOR,40043 VECTRA AÑO 94 ORIGINAL: 90495327 SOPORTE DE MOTOR SOPORTES DE MOTOR CÓDIGO:,,,,8,GACRI
40053,GACRI,CHEVROLET,VECTRA,,,,,,,40053 VECTRA,40053 VECTRA,,,,8,GACRI
40054,GACRI,CHEVROLET,VECTRA,,,,,,,40054 VECTRA,40054 VECTRA,,,,8,GACRI
40087,GACRI,CHEVROLET,VECTRA,ASTRA - ZAFIRA - CORSA L E A AFA,SOPORTE MOTOR,SOPORTE MOTOR,MOTOR,IZQUIERDO / TRASERO,90538576 | 90538582 | 90495514,SOPORTE DE MOTOR LADO IZQUIERDO SOPORTE TRASERO DE MOTOR SOPORTE DE MOTOR TRASERO EY,40087 ASTRA - ZAFIRA - CORSA L E A AFA VECTRA ORIGINAL: 90538576 ORIGINAL: 90538582 ORIGINAL: 90495514 SOPORTE DE MOTOR LADO IZQUIERDO SOPORTE TRASERO DE MOTOR SOPORTE DE MOTOR TRASERO EY CÓDIGO:,,,,10,GACRI
40044,GACRI,CHEVROLET,ZAFIRA,HIDRAULICO ASTRA - 2.0,SOPORTE MOTOR,SOPORTE MOTOR,MOTOR,IZQUIERDO,90576062,SOPORTE DE MOTOR HIDRÁULICO IZQUIERDO,40044 HIDRAULICO ASTRA - ZAFIRA 2.0 ORIGINAL: 90576062 SOPORTE DE MOTOR HIDRÁULICO IZQUIERDO CÓDIGO:,,,,8,GACRI
40045,GACRI,CHEVROLET,ZAFIRA,NO HIDRAULICO ASTRA - 2.0,SOPORTE MOTOR,SOPORTE MOTOR,MOTOR,IZQUIERDO,90576062,SOPORTE DE MOTOR NO HIDRÁULICO IZQUIERDO,40045 NO HIDRAULICO ASTRA - ZAFIRA 2.0 ORIGINAL: 90576062 SOPORTE DE MOTOR NO HIDRÁULICO IZQUIERDO CÓDIGO:,,,,8,GACRI
40062,GACRI,CHEVROLET,ZAFIRA,ASTRA 2.0 16V,SOPORTE MOTOR,SOPORTE MOTOR,MOTOR,DELANTERO,90575190,SOPORTE MOTOR DELANTERO,40062 ASTRA 2.0 16V - ZAFIRA ORIGINAL: 90575190 SOPORTE MOTOR DELANTERO CÓDIGO:,,,,8,GACRI
40064,GACRI,CHEVROLET,ZAFIRA,ASTRA 2.0,SOPORTE MOTOR,SOPORTE MOTOR,MOTOR,DERECHO,90576049,"SOPORTE DE MOTOR LADO DERECHO —MMMMMMMM¿M¿M¿M¿X¿X«A+44,","40064 ASTRA 2.0 - ZAFIRA ORIGINAL: 90576049 SOPORTE DE MOTOR LADO DERECHO —MMMMMMMM¿M¿M¿M¿X¿X«A+44, CÓDIGO:",,,,9,GACRI
40065,GACRI,CHEVROLET,ZAFIRA,ASTRA - MERIVA,SOPORTE MOTOR,SOPORTE MOTOR,MOTOR,,90575186,SOPORTE DE MOTOR,40065 ASTRA - MERIVA - ZAFIRA ORIGINAL: 90575186 SOPORTE DE MOTOR CÓDIGO:,,,,9,GACRI
40067,GACRI,CHEVROLET,ZAFIRA,ASTRA,SOPORTE,SOPORTE,,DELANTERO,90575192,SOPORTE DELANTERO FRONTAL A],40067 ASTRA - ZAFIRA ORIGINAL: 90575192 SOPORTE DELANTERO FRONTAL A] CÓDIGO:,,,,9,GACRI
40087,GACRI,CHEVROLET,ZAFIRA,ASTRA - - CORSA L E A AFA VECTRA,SOPORTE MOTOR,SOPORTE MOTOR,MOTOR,IZQUIERDO / TRASERO,90538576 | 90538582 | 90495514,SOPORTE DE MOTOR LADO IZQUIERDO SOPORTE TRASERO DE MOTOR SOPORTE DE MOTOR TRASERO EY,40087 ASTRA - ZAFIRA - CORSA L E A AFA VECTRA ORIGINAL: 90538576 ORIGINAL: 90538582 ORIGINAL: 90495514 SOPORTE DE MOTOR LADO IZQUIERDO SOPORTE TRASERO DE MOTOR SOPORTE DE MOTOR TRASERO EY CÓDIGO:,,,,10,GACRI
20014,GACRI,CITROEN,BERLINGO,HIDRAULICO XSARA - XANTIA,SOPORTE MOTOR,SOPORTE MOTOR,MOTOR,,1843.73,SOPORTE DE MOTOR HIDRÁULICO,20014 HIDRAULICO XSARA - XANTIA - BERLINGO ORIGINAL: 1843.73 SOPORTE DE MOTOR HIDRÁULICO CÓDIGO:,,,,65,GACRI
20015,GACRI,CITROEN,BERLINGO,XSARA - XANTIA,BUJE PARRILLA,BUJE PARRILLA,PARRILLA,,3523-401,BUJE PARRILLA SUSPENSIÓN DELANTERA €,20015 XSARA - XANTIA - BERLINGO ORIGINAL: 3523-401 BUJE PARRILLA SUSPENSIÓN DELANTERA € CÓDIGO:,,,,65,GACRI
20017,GACRI,CITROEN,BERLINGO,,SOPORTE PARRILLA,SOPORTE PARRILLA,PARRILLA,,3523-541 ARTIC. BRAZO PARRILLA A 19 MM,20017 BERLINGO ORIGINAL: 3523-541 ARTIC. BRAZO PARRILLA A 19 MM CÓDIGO:,20017 BERLINGO ORIGINAL: 3523-541 ARTIC. BRAZO PARRILLA A 19 MM CÓDIGO:,,,,65,GACRI
20018,GACRI,CITROEN,BERLINGO,HIDRAULICO,SOPORTE MOTOR,SOPORTE MOTOR,MOTOR,,1844.47,SOPORTE DE MOTOR HIDRÁULICO,20018 HIDRAULICO BERLINGO ORIGINAL: 1844.47 SOPORTE DE MOTOR HIDRÁULICO CÓDIGO:,,,,65,GACRI
20019,GACRI,CITROEN,BERLINGO,,SOPORTE,SOPORTE,,,5094-640,SOPORTE BARRA EST.,20019 BERLINGO ORIGINAL: 5094-640 SOPORTE BARRA EST.,,,,65,GACRI
20020,GACRI,CITROEN,BERLINGO,,SOPORTE,SOPORTE,,,5094-660,SOPORTE BARRA EST.,20020 BERLINGO ORIGINAL: 5094-660 SOPORTE BARRA EST.,,,,65,GACRI
20021,GACRI,CITROEN,BERLINGO,,SOPORTE,SOPORTE,,,5094-790,SOPORTE BARRA EST.,20021 BERLINGO ORIGINAL: 5094-790 SOPORTE BARRA EST.,,,,65,GACRI
20022,GACRI,CITROEN,BERLINGO,,SOPORTE,SOPORTE,,,5094-650,SOPORTE BARRA EST.,20022 BERLINGO ORIGINAL: 5094-650 SOPORTE BARRA EST.,,,,65,GACRI
20023,GACRI,CITROEN,BERLINGO,XSARA - XANTIA,BUJE,BUJE,MOTOR,CENTRAL,1809-160,BUJE CENTRAL DE MOTOR,20023 XSARA - XANTIA - BERLINGO ORIGINAL: 1809-160 BUJE CENTRAL DE MOTOR CÓDIGO:,,,,65,GACRI
20024,GACRI,CITROEN,BERLINGO,XSARA - XANTIA,SOPORTE MOTOR,SOPORTE MOTOR,MOTOR,IZQUIERDO,1843-950,SOPORTE DE MOTOR IZQUIERDO 62,20024 XSARA - XANTIA - BERLINGO ORIGINAL: 1843-950 SOPORTE DE MOTOR IZQUIERDO 62,,,,65,GACRI
20029,GACRI,CITROEN,BERLINGO,JUMPER,SOPORTE,SOPORTE,ESCAPE,,SIN,20029 BERLINGO - JUMPER ORIGINAL: SIN CÓDIGO SOPORTE CAÑO ESCAPE CITROÉN CÓDIGO:,20029 BERLINGO - JUMPER ORIGINAL: SIN CÓDIGO SOPORTE CAÑO ESCAPE CITROÉN CÓDIGO:,,,,66,GACRI
20032,GACRI,CITROEN,BERLINGO,XSARA - PICASSO,SOPORTE AMORTIGUADOR,SOPORTE AMORTIGUADOR,AMORTIGUADOR,DELANTERO,5038-240,SOPORTE AMORTIGUADOR DELANTERO,20032 BERLINGO - XSARA - PICASSO ORIGINAL: 5038-240 SOPORTE AMORTIGUADOR DELANTERO CÓDIGO:,,,,66,GACRI
20001,GACRI,CITROEN,C3,HIDRAULICO NAFTA,SOPORTE MOTOR,SOPORTE MOTOR,MOTOR,,1839.F6,SOPORTE DE MOTOR HIDRÁULICO,20001 HIDRAULICO C3 NAFTA ORIGINAL: 1839.F6 SOPORTE DE MOTOR HIDRÁULICO CÓDIGO:,,,,64,GACRI
20002,GACRI,CITROEN,C3,NO HIDRAULICO NAFTA,SOPORTE MOTOR,SOPORTE MOTOR,MOTOR,,1839.F6,SOPORTE DE MOTOR NO HIDRÁULICO 3,20002 NO HIDRAULICO C3 NAFTA ORIGINAL: 1839.F6 SOPORTE DE MOTOR NO HIDRÁULICO 3 CÓDIGO:,,,,64,GACRI
20003,GACRI,CITROEN,C3,HIDRAULICO NAFTA,SOPORTE MOTOR,SOPORTE MOTOR,MOTOR,DERECHO,1839.F0,SOPORTE DE MOTOR HIDRÁULICO LADO DERECHO 3,20003 HIDRAULICO C3 NAFTA ORIGINAL: 1839.F0 SOPORTE DE MOTOR HIDRÁULICO LADO DERECHO 3 CÓDIGO:,,,,64,GACRI
20004,GACRI,CITROEN,C3,NO HIDRAULICO NAFTA,SOPORTE MOTOR,SOPORTE MOTOR,MOTOR,DERECHO,1839.F0,SOPORTE DE MOTOR NO HIDRÁULICO LADO DERECHO,20004 NO HIDRAULICO C3 NAFTA ORIGINAL: 1839.F0 SOPORTE DE MOTOR NO HIDRÁULICO LADO DERECHO CÓDIGO:,,,,64,GACRI
20005,GACRI,CITROEN,C3,HIDRAULICO DIESEL,SOPORTE MOTOR,SOPORTE MOTOR,MOTOR,DERECHO,1807.W6,SOPORTE DE MOTOR HIDRÁULICO LADO DERECHO,20005 HIDRAULICO C3 DIESEL ORIGINAL: 1807.W6 SOPORTE DE MOTOR HIDRÁULICO LADO DERECHO CÓDIGO:,,,,64,GACRI
20006,GACRI,CITROEN,C3,NO HIDRAULICO DIESEL,SOPORTE MOTOR,SOPORTE MOTOR,MOTOR,DERECHO,1807.W6,SOPORTE DE MOTOR NO HIDRÁULICO LADO DERECHO,20006 NO HIDRAULICO C3 DIESEL ORIGINAL: 1807.W6 SOPORTE DE MOTOR NO HIDRÁULICO LADO DERECHO CÓDIGO:,,,,64,GACRI
20007,GACRI,CITROEN,C3,NAFTA / DIESEL,,,,,180659 BIELETA ANTIPAR EE,20007 C3 NAFTA / DIESEL ORIGINAL: 180659 BIELETA ANTIPAR EE CÓDIGO:,20007 C3 NAFTA / DIESEL ORIGINAL: 180659 BIELETA ANTIPAR EE CÓDIGO:,,,,64,GACRI
20008,GACRI,CITROEN,C4,HIDRAULICO 2.0 NAFTA,SOPORTE MOTOR,SOPORTE MOTOR,MOTOR,,1839.94,SOPORTE DE MOTOR HIDRÁULICO TE,20008 HIDRAULICO C4 2.0 NAFTA ORIGINAL: 1839.94 SOPORTE DE MOTOR HIDRÁULICO TE CÓDIGO:,,,,64,GACRI
20009,GACRI,CITROEN,C4,HIDRAULICO 2.0 HDI,SOPORTE MOTOR,SOPORTE MOTOR,MOTOR,,1839.93,SOPORTE DE MOTOR HIDRÁULICO,20009 HIDRAULICO C4 2.0 HDI ORIGINAL: 1839.93 SOPORTE DE MOTOR HIDRÁULICO CÓDIGO:,,,,64,GACRI
20010,GACRI,CITROEN,C4,HIDRAULICO 1.6 NAFTA,SOPORTE MOTOR,SOPORTE MOTOR,MOTOR,,1839.92,SOPORTE DE MOTOR HIDRÁULICO,20010 HIDRAULICO C4 1.6 NAFTA ORIGINAL: 1839.92 SOPORTE DE MOTOR HIDRÁULICO CÓDIGO:,,,,64,GACRI
20011,GACRI,CITROEN,C4,,SOPORTE AMORTIGUADOR,SOPORTE AMORTIGUADOR,AMORTIGUADOR,,5031-770,SOPORTE AMORTIGUADOR,20011 C4 ORIGINAL: 5031-770 SOPORTE AMORTIGUADOR CÓDIGO:,,,,64,GACRI
20012,GACRI,CITROEN,C4,,BUJE PARRILLA,BUJE PARRILLA,PARRILLA,,3523-770,BUJE PARRILLA SUSP.,20012 C4 ORIGINAL: 3523-770 BUJE PARRILLA SUSP.,,,,64,GACRI
20013,GACRI,CITROEN,C4,,BUJE PARRILLA,BUJE PARRILLA,PARRILLA,,3523-910,BUJE PARRILLA SUSP.,20013 C4 ORIGINAL: 3523-910 BUJE PARRILLA SUSP.,,,,65,GACRI
20030,GACRI,CITROEN,C4,HIDRAULICO 1.6,SOPORTE MOTOR,SOPORTE MOTOR,MOTOR,,1807GG,SOPORTE DE MOTOR HIDRÁULICO,20030 HIDRAULICO C4 1.6 ORIGINAL: 1807GG SOPORTE DE MOTOR HIDRÁULICO CÓDIGO:,,,,66,GACRI
20031,GACRI,CITROEN,C4,HIDRAULICO PICASSO GRAND PICASSO 1.6 HDI,SOPORTE MOTOR,SOPORTE MOTOR,MOTOR,,1807GF,SOPORTE DE MOTOR HIDRÁULICO,20031 HIDRAULICO C4 PICASSO GRAND PICASSO 1.6 HDI ORIGINAL: 1807GF SOPORTE DE MOTOR HIDRÁULICO CÓDIGO:,,,,66,GACRI
20025,GACRI,CITROEN,JUMPER,,BUJE PARRILLA,BUJE PARRILLA,PARRILLA,,3521-6507,BUJE PARRILLA DELANTERA C/CHAPA,20025 JUMPER ORIGINAL: 3521-6507 BUJE PARRILLA DELANTERA C/CHAPA CÓDIGO:,,,,66,GACRI
20026,GACRI,CITROEN,JUMPER,,BUJE PARRILLA,BUJE PARRILLA,PARRILLA,,3521-650D,BUJE PARRILLA DELANTERA,20026 JUMPER ORIGINAL: 3521-650D BUJE PARRILLA DELANTERA CÓDIGO:,,,,66,GACRI
20027,GACRI,CITROEN,JUMPER,N2,SOPORTE,SOPORTE,CAJA,,1308696080,SOPORTE DE CAJA M/N,20027 JUMPER N2 ORIGINAL: 1308696080 SOPORTE DE CAJA M/N CÓDIGO:,,,,66,GACRI
20028,GACRI,CITROEN,JUMPER,,SOPORTE,SOPORTE,CAJA,,1843.98,SOPORTE DE CAJA,20028 JUMPER ORIGINAL: 1843.98 SOPORTE DE CAJA CÓDIGO:,,,,66,GACRI
20029,GACRI,CITROEN,JUMPER,BERLINGO,SOPORTE,SOPORTE,ESCAPE,,SIN,20029 BERLINGO - JUMPER ORIGINAL: SIN CÓDIGO SOPORTE CAÑO ESCAPE CITROÉN CÓDIGO:,20029 BERLINGO - JUMPER ORIGINAL: SIN CÓDIGO SOPORTE CAÑO ESCAPE CITROÉN CÓDIGO:,,,,66,GACRI
20033,GACRI,CITROEN,JUMPER,,SOPORTE,SOPORTE,MOTOR,SUPERIOR,1846-65,SOPORTE SUPERIOR DE MOTOR,20033 JUMPER ORIGINAL: 1846-65 SOPORTE SUPERIOR DE MOTOR,,,,66,GACRI
20014,GACRI,CITROEN,XSARA,HIDRAULICO - XANTIA - BERLINGO,SOPORTE MOTOR,SOPORTE MOTOR,MOTOR,,1843.73,SOPORTE DE MOTOR HIDRÁULICO,20014 HIDRAULICO XSARA - XANTIA - BERLINGO ORIGINAL: 1843.73 SOPORTE DE MOTOR HIDRÁULICO CÓDIGO:,,,,65,GACRI
20015,GACRI,CITROEN,XSARA,XANTIA - BERLINGO,BUJE PARRILLA,BUJE PARRILLA,PARRILLA,,3523-401,BUJE PARRILLA SUSPENSIÓN DELANTERA €,20015 XSARA - XANTIA - BERLINGO ORIGINAL: 3523-401 BUJE PARRILLA SUSPENSIÓN DELANTERA € CÓDIGO:,,,,65,GACRI
20016,GACRI,CITROEN,XSARA,XANTIA,SOPORTE PARRILLA,SOPORTE PARRILLA,PARRILLA,,"3523-541 ARTIC. BRAZO PARRILLA A 19,6 MM SS)","20016 XSARA - XANTIA ORIGINAL: 3523-541 ARTIC. BRAZO PARRILLA A 19,6 MM SS) CÓDIGO:","20016 XSARA - XANTIA ORIGINAL: 3523-541 ARTIC. BRAZO PARRILLA A 19,6 MM SS) CÓDIGO:",,,,65,GACRI
20023,GACRI,CITROEN,XSARA,XANTIA - BERLINGO,BUJE,BUJE,MOTOR,CENTRAL,1809-160,BUJE CENTRAL DE MOTOR,20023 XSARA - XANTIA - BERLINGO ORIGINAL: 1809-160 BUJE CENTRAL DE MOTOR CÓDIGO:,,,,65,GACRI
20024,GACRI,CITROEN,XSARA,XANTIA - BERLINGO,SOPORTE MOTOR,SOPORTE MOTOR,MOTOR,IZQUIERDO,1843-950,SOPORTE DE MOTOR IZQUIERDO 62,20024 XSARA - XANTIA - BERLINGO ORIGINAL: 1843-950 SOPORTE DE MOTOR IZQUIERDO 62,,,,65,GACRI
20032,GACRI,CITROEN,XSARA,BERLINGO - - PICASSO,SOPORTE AMORTIGUADOR,SOPORTE AMORTIGUADOR,AMORTIGUADOR,DELANTERO,5038-240,SOPORTE AMORTIGUADOR DELANTERO,20032 BERLINGO - XSARA - PICASSO ORIGINAL: 5038-240 SOPORTE AMORTIGUADOR DELANTERO CÓDIGO:,,,,66,GACRI
1100,GACRI,FIAT,(LADO CAJA),(LADO CAJA),,,CAJA,,,1100 (LADO CAJA) CÓDIGO:,1100 (LADO CAJA) CÓDIGO:,,,,16,GACRI
1300,GACRI,FIAT,(LADO CAJA),(LADO CAJA),,,CAJA,,,1300 (LADO CAJA) CÓDIGO:,1300 (LADO CAJA) CÓDIGO:,,,,16,GACRI
1300,GACRI,FIAT,(LADO CAJA) SOPORTE DE MOTOR,(LADO CAJA),SOPORTE MOTOR,SOPORTE MOTOR,MOTOR,,,SOPORTE DE MOTOR,1300 (LADO CAJA) SOPORTE DE MOTOR,,,,16,GACRI
1500,GACRI,FIAT,(LADO CAJA) SOPORTE DE MOTOR (LADO CAJA) 13,(LADO CAJA),SOPORTE MOTOR,SOPORTE MOTOR,MOTOR,,,SOPORTE DE MOTOR (LADO CAJA) 13,1500 (LADO CAJA) SOPORTE DE MOTOR (LADO CAJA) 13,,,,16,GACRI
50010,GACRI,FIAT,125,,,,,,,50010 FIAT 125,50010 FIAT 125,,,,14,GACRI
50013,GACRI,FIAT,125,,,,,,,50013 FIAT 125,50013 FIAT 125,,,,14,GACRI
50026,GACRI,FIAT,125,,,,,,,50026 FIAT 125,50026 FIAT 125,,,,13,GACRI
50027,GACRI,FIAT,125,,,,,,,50027 FIAT 125,50027 FIAT 125,,,,14,GACRI
50028,GACRI,FIAT,125,,,,,,,50028 FIAT 125,50028 FIAT 125,,,,14,GACRI
50034,GACRI,FIAT,125,,SOPORTE DIFERENCIAL,SOPORTE DIFERENCIAL,TENSOR,,TENSOR DE DIFERENCIAL,50034 FIAT 125 ORIGINAL: TENSOR DE DIFERENCIAL CÓDIGO:,50034 FIAT 125 ORIGINAL: TENSOR DE DIFERENCIAL CÓDIGO:,,,,13,GACRI
50035,GACRI,FIAT,125,,,,,,,50035 FIAT 125,50035 FIAT 125,,,,14,GACRI
50040,GACRI,FIAT,125,,BUJE,BUJE,,,,BUJE TAPA DISTRIBUCIÓN E,50040 FIAT 125 ORIGINAL: BUJE TAPA DISTRIBUCIÓN E CÓDIGO:,,,,14,GACRI
50041,GACRI,FIAT,125,,BUJE,BUJE,,,,BUJE VARILLA DE ACELERADOR FIAT,50041 FIAT 125 ORIGINAL: BUJE VARILLA DE ACELERADOR FIAT CÓDIGO:,,,,14,GACRI
50043,GACRI,FIAT,125,,,,,,,50043 FIAT 125,50043 FIAT 125,,,,13,GACRI
50047,GACRI,FIAT,125,,,,,,,50047 FIAT 125,50047 FIAT 125,,,,13,GACRI
1600,GACRI,FIAT,128,,BUJE,BUJE,AMORTIGUADOR,,814677,BUJE DE AMORTIGUADOR CÓNICO,1600 - 128 ORIGINAL: 814677 BUJE DE AMORTIGUADOR CÓNICO CÓDIGO:,,,,14,GACRI
1600,GACRI,FIAT,128,,BUJE,BUJE,,DELANTERO,4094241,BUJE DE SUSPENSIÓN DELANTERO 11,1600 - 128 ORIGINAL: 4094241 BUJE DE SUSPENSIÓN DELANTERO 11,,,,14,GACRI
1600,GACRI,FIAT,128,147 - DUNA - UNO 125 N2,,,ESCAPE,,410256 | 4214979 | 424979 TAPÓN VARILLA NIVEL DE ACEITE SOSTÉN CAÑO DE ESCAPE SOSTÉN CAÑO DE ESCAPE,1600 - 147 - DUNA - UNO FIAT 128 FIAT 125 N2 ORIGINAL: 410256 ORIGINAL: 4214979 ORIGINAL: 424979 TAPÓN VARILLA NIVEL DE ACEITE SOSTÉN CAÑO DE ESCAPE SOSTÉN CAÑO DE ESCAPE CÓDIGO:,1600 - 147 - DUNA - UNO FIAT 128 FIAT 125 N2 ORIGINAL: 410256 ORIGINAL: 4214979 ORIGINAL: 424979 TAPÓN VARILLA NIVEL DE ACEITE SOSTÉN CAÑO DE ESCAPE SOSTÉN CAÑO DE ESCAPE CÓDIGO:,,,,15,GACRI
50005,GACRI,FIAT,128,,SOPORTE MOTOR,SOPORTE MOTOR,MOTOR,,4218081,SOPORTE DE MOTOR,50005 FIAT 128 ORIGINAL: 4218081 BUJE DE SOPORTE DE MOTOR CÓDIGO:,,,,17,GACRI
50006,GACRI,FIAT,128,147,,,ESCAPE,,4296059 SOSTÉN CAÑO DE ESCAPE,50006 FIAT 147 - 128 ORIGINAL: 4296059 SOSTÉN CAÑO DE ESCAPE CÓDIGO:,50006 FIAT 147 - 128 ORIGINAL: 4296059 SOSTÉN CAÑO DE ESCAPE CÓDIGO:,,,,17,GACRI
50015,GACRI,FIAT,128,,SOPORTE MOTOR,SOPORTE MOTOR,MOTOR,,4204386,SOPORTE DE MOTOR,50015 FIAT 128 ORIGINAL: 4204386 SOPORTE DE MOTOR,,,,16,GACRI
50016,GACRI,FIAT,128,,SOPORTE MOTOR,SOPORTE MOTOR,MOTOR,,4218081,SOPORTE DE MOTOR,50016 FIAT 128 ORIGINAL: 4218081 SOPORTE DE MOTOR,,,,16,GACRI
50029,GACRI,FIAT,128,147 (1100),SOPORTE CAJA,SOPORTE CAJA,CAJA,,4102856,MANCHÓN DE CAJA DE VELOCIDAD,50029 FIAT 128 - 147 (1100) ORIGINAL: 4102856 MANCHÓN DE CAJA DE VELOCIDAD CÓDIGO:,,,,17,GACRI
50037,GACRI,FIAT,128,,,,MOTOR,,940001137 | 94002057 | 94000562 BIELETA DE ANCLAJE MOTOR,50037 FIAT 128 FIAT 128 FIAT 128 ORIGINAL: 940001137 ORIGINAL: 94002057 ORIGINAL: 94000562 BIELETA DE ANCLAJE MOTOR,50037 FIAT 128 FIAT 128 FIAT 128 ORIGINAL: 940001137 ORIGINAL: 94002057 ORIGINAL: 94000562 BIELETA DE ANCLAJE MOTOR,,,,15,GACRI
50059,GACRI,FIAT,128,,BUJE,BUJE,TENSOR,,N2 | 4540587,BUJE TENSOR KIT DE REPARACIÓN BRAZO TENSOR KIT DE REPARACIÓN BRAZO TENSOR (SILICONADO),50059 FIAT 128 FIAT 128 FIAT 128 ORIGINAL: N2 ORIGINAL: 4540587 ORIGINAL: 4540587 BUJE TENSOR KIT DE REPARACIÓN BRAZO TENSOR KIT DE REPARACIÓN BRAZO TENSOR (SILICONADO) CÓDIGO:,,,,16,GACRI
50062,GACRI,FIAT,128,147 (1300),SOPORTE CAJA,SOPORTE CAJA,CAJA,,1471101,MANCHÓN DE CAJA DE VELOCIDAD,50062 FIAT 128 - 147 (1300) ORIGINAL: 1471101 MANCHÓN DE CAJA DE VELOCIDAD CÓDIGO:,,,,17,GACRI
50066,GACRI,FIAT,128,,,,,,,50066 FIAT 128,50066 FIAT 128,,,,15,GACRI
50071,GACRI,FIAT,128,,,,,,4144275 CUBRE PEDAL DE FRENO Y EMBRAGUE,50071 FIAT 128 ORIGINAL: 4144275 CUBRE PEDAL DE FRENO Y EMBRAGUE CÓDIGO:,50071 FIAT 128 ORIGINAL: 4144275 CUBRE PEDAL DE FRENO Y EMBRAGUE CÓDIGO:,,,,14,GACRI
50079,GACRI,FIAT,128,147 - DUNA - UNO - 147 - DUNA - UNO,,,CAJA,,4177472 | 4198251 | 4198250 PROTECTOR DE ACEITE C/RETÉN FUELLE DE CAJA DE DIRECCIÓN LARGO FUELLE DE CAJA DE DIRECCIÓN CORTO,50079 FIAT 128 FIAT 128 - 147 - DUNA - UNO FIAT 128 - 147 - DUNA - UNO ORIGINAL: 4177472 ORIGINAL: 4198251 ORIGINAL: 4198250 PROTECTOR DE ACEITE C/RETÉN FUELLE DE CAJA DE DIRECCIÓN LARGO FUELLE DE CAJA DE DIRECCIÓN CORTO CÓDIGO:,50079 FIAT 128 FIAT 128 - 147 - DUNA - UNO FIAT 128 - 147 - DUNA - UNO ORIGINAL: 4177472 ORIGINAL: 4198251 ORIGINAL: 4198250 PROTECTOR DE ACEITE C/RETÉN FUELLE DE CAJA DE DIRECCIÓN LARGO FUELLE DE CAJA DE DIRECCIÓN CORTO CÓDIGO:,,,,15,GACRI
50083,GACRI,FIAT,128,,,,,,4168822 TAPÓN DE SUSPENSIÓN POSTERIOR A,50083 FIAT 128 ORIGINAL: 4168822 TAPÓN DE SUSPENSIÓN POSTERIOR A CÓDIGO:,50083 FIAT 128 ORIGINAL: 4168822 TAPÓN DE SUSPENSIÓN POSTERIOR A CÓDIGO:,,,,14,GACRI
50103,GACRI,FIAT,128,,BUJE,BUJE,AMORTIGUADOR,DELANTERO / SUPERIOR,4227114,BUJE SUPERIOR DE AMORTIGUADOR DEL.,50103 FIAT 128 ORIGINAL: 4227114 BUJE SUPERIOR DE AMORTIGUADOR DEL.,,,,14,GACRI
50115,GACRI,FIAT,128,,SOPORTE MOTOR,SOPORTE MOTOR,MOTOR,,4218081,SOPORTE DE MOTOR,50115 FIAT 128 ORIGINAL: 4218081 SOPORTE DE MOTOR CÓDIGO:,,,,17,GACRI
50120,GACRI,FIAT,128,147,,,,,"4215015 | 4215015 GUARDAPOLVO HOMOCINÉTICA GUARDAPOLVO HOMOCINÉTICA FUELLE, GRASA Y ABRAZADERAS","50120 FIAT 128 FIAT 147 FIAT 128 ORIGINAL: 4215015 ORIGINAL: ORIGINAL: 4215015 GUARDAPOLVO HOMOCINÉTICA GUARDAPOLVO HOMOCINÉTICA FUELLE, GRASA Y ABRAZADERAS CÓDIGO:","50120 FIAT 128 FIAT 147 FIAT 128 ORIGINAL: 4215015 ORIGINAL: ORIGINAL: 4215015 GUARDAPOLVO HOMOCINÉTICA GUARDAPOLVO HOMOCINÉTICA FUELLE, GRASA Y ABRAZADERAS CÓDIGO:",,,,16,GACRI
50166,GACRI,FIAT,128,DUNA - FIORINO - UNO - 147 - DUNA - UNO PALIO - SIENA NY?,BUJE BARRA ESTABILIZADORA,BUJE BARRA ESTABILIZADORA,PARRILLA,,7567085 N2 | 1482311 N2 | 51744226,BUJE PARRILLA TRASERA (LADO EJE) BUJE LADO RÓTULA OSCILANTE A 10 MM BUJE BARRA ESTABILIZADORA,50166 DUNA - FIORINO - UNO 128 - 147 - DUNA - UNO PALIO - SIENA NY? ORIGINAL: 7567085 N2 ORIGINAL: 1482311 N2 ORIGINAL: 51744226 BUJE PARRILLA TRASERA (LADO EJE) BUJE LADO RÓTULA OSCILANTE A 10 MM BUJE BARRA ESTABILIZADORA CÓDIGO:,,,,24,GACRI
50048,GACRI,FIAT,128 SUPER EUROPA 128 SUPER EUROPA 147 NAFTERO,,SOPORTE MOTOR,SOPORTE MOTOR,MOTOR,,4204386 | 97053070 | 4395666,SOPORTE DE MOTOR,SOPORTE DE MOTOR,,,,16,GACRI
1600,GACRI,FIAT,147,DUNA - UNO 128 125 N2,,,ESCAPE,,410256 | 4214979 | 424979 TAPÓN VARILLA NIVEL DE ACEITE SOSTÉN CAÑO DE ESCAPE SOSTÉN CAÑO DE ESCAPE,1600 - 147 - DUNA - UNO FIAT 128 FIAT 125 N2 ORIGINAL: 410256 ORIGINAL: 4214979 ORIGINAL: 424979 TAPÓN VARILLA NIVEL DE ACEITE SOSTÉN CAÑO DE ESCAPE SOSTÉN CAÑO DE ESCAPE CÓDIGO:,1600 - 147 - DUNA - UNO FIAT 128 FIAT 125 N2 ORIGINAL: 410256 ORIGINAL: 4214979 ORIGINAL: 424979 TAPÓN VARILLA NIVEL DE ACEITE SOSTÉN CAÑO DE ESCAPE SOSTÉN CAÑO DE ESCAPE CÓDIGO:,,,,15,GACRI
50006,GACRI,FIAT,147,128,,,ESCAPE,,4296059 SOSTÉN CAÑO DE ESCAPE,50006 FIAT 147 - 128 ORIGINAL: 4296059 SOSTÉN CAÑO DE ESCAPE CÓDIGO:,50006 FIAT 147 - 128 ORIGINAL: 4296059 SOSTÉN CAÑO DE ESCAPE CÓDIGO:,,,,17,GACRI
50029,GACRI,FIAT,147,128 - (1100),SOPORTE CAJA,SOPORTE CAJA,CAJA,,4102856,MANCHÓN DE CAJA DE VELOCIDAD,50029 FIAT 128 - 147 (1100) ORIGINAL: 4102856 MANCHÓN DE CAJA DE VELOCIDAD CÓDIGO:,,,,17,GACRI
50049,GACRI,FIAT,147,DUNA - UNO - REGATTA,SOPORTE,SOPORTE,,,4331717,SOPORTE DE ELÁSTICO,50049 FIAT 147 - DUNA - UNO - REGATTA ORIGINAL: 4331717 SOPORTE DE ELÁSTICO CÓDIGO:,,,,19,GACRI
50056,GACRI,FIAT,147,DIESEL,SOPORTE MOTOR,SOPORTE MOTOR,MOTOR,,4471189,SOPORTE DE MOTOR (LADO CAJA),50056 FIAT 147 DIESEL ORIGINAL: 4471189 SOPORTE DE MOTOR (LADO CAJA) CÓDIGO:,,,,17,GACRI
50062,GACRI,FIAT,147,128 - (1300),SOPORTE CAJA,SOPORTE CAJA,CAJA,,1471101,MANCHÓN DE CAJA DE VELOCIDAD,50062 FIAT 128 - 147 (1300) ORIGINAL: 1471101 MANCHÓN DE CAJA DE VELOCIDAD CÓDIGO:,,,,17,GACRI
50064,GACRI,FIAT,147,REGATTA,BUJE BARRA ESTABILIZADORA,BUJE BARRA ESTABILIZADORA,BARRA ESTABILIZADORA,,45581594,BUJE BARRA ESTABILIZADORA A 22 MM,50064 FIAT 147 - REGATTA ORIGINAL: 45581594 BUJE BARRA ESTABILIZADORA A 22 MM CÓDIGO:,,,,18,GACRI
50079,GACRI,FIAT,147,128 128 - - DUNA - UNO 128 - - DUNA - UNO,,,CAJA,,4177472 | 4198251 | 4198250 PROTECTOR DE ACEITE C/RETÉN FUELLE DE CAJA DE DIRECCIÓN LARGO FUELLE DE CAJA DE DIRECCIÓN CORTO,50079 FIAT 128 FIAT 128 - 147 - DUNA - UNO FIAT 128 - 147 - DUNA - UNO ORIGINAL: 4177472 ORIGINAL: 4198251 ORIGINAL: 4198250 PROTECTOR DE ACEITE C/RETÉN FUELLE DE CAJA DE DIRECCIÓN LARGO FUELLE DE CAJA DE DIRECCIÓN CORTO CÓDIGO:,50079 FIAT 128 FIAT 128 - 147 - DUNA - UNO FIAT 128 - 147 - DUNA - UNO ORIGINAL: 4177472 ORIGINAL: 4198251 ORIGINAL: 4198250 PROTECTOR DE ACEITE C/RETÉN FUELLE DE CAJA DE DIRECCIÓN LARGO FUELLE DE CAJA DE DIRECCIÓN CORTO CÓDIGO:,,,,15,GACRI
50086,GACRI,FIAT,147,DUNA - UNO,,,,,4191524 TACO DE APOYO ELÁSTICO A,50086 FIAT 147 - DUNA - UNO ORIGINAL: 4191524 TACO DE APOYO ELÁSTICO A CÓDIGO:,50086 FIAT 147 - DUNA - UNO ORIGINAL: 4191524 TACO DE APOYO ELÁSTICO A CÓDIGO:,,,,19,GACRI
50090,GACRI,FIAT,147,DUNA - UNO - SEA,,,,,,TOPE DE SUSPENSIÓN,50090 FIAT DUNA - UNO - 147 SEA TOPE DE SUSPENSIÓN CÓDIGO:,,,,21,GACRI
50108,GACRI,FIAT,147,DIESEL,SOPORTE MOTOR,SOPORTE MOTOR,MOTOR,IZQUIERDO,5983379,SOPORTE DE MOTOR LADO IZQUIERDO,50108 FIAT 147 DIESEL ORIGINAL: 5983379 SOPORTE DE MOTOR LADO IZQUIERDO CÓDIGO,,,,17,GACRI
50110,GACRI,FIAT,147,DIESEL,SOPORTE MOTOR,SOPORTE MOTOR,MOTOR,DERECHO,7563957,SOPORTE DE MOTOR LADO DERECHO,50110 FIAT 147 DIESEL ORIGINAL: 7563957 SOPORTE DE MOTOR LADO DERECHO CÓDIGO:,,,,17,GACRI
50112,GACRI,FIAT,147,FIORINO,SOPORTE MOTOR,SOPORTE MOTOR,MOTOR,DERECHO,1481625,SOPORTE DE MOTOR LADO DERECHO,50112 FIAT 147 - FIORINO ORIGINAL: 1481625 SOPORTE DE MOTOR LADO DERECHO CÓDIGO:,,,,17,GACRI
50113,GACRI,FIAT,147,FIORINO,SOPORTE MOTOR,SOPORTE MOTOR,MOTOR,IZQUIERDO,1481135,SOPORTE DE MOTOR LADO IZQUIERDO,50113 FIAT 147 - FIORINO ORIGINAL: 1481135 SOPORTE DE MOTOR LADO IZQUIERDO CÓDIGO:,,,,17,GACRI
50120,GACRI,FIAT,147,128 128,,,,,"4215015 | 4215015 GUARDAPOLVO HOMOCINÉTICA GUARDAPOLVO HOMOCINÉTICA FUELLE, GRASA Y ABRAZADERAS","50120 FIAT 128 FIAT 147 FIAT 128 ORIGINAL: 4215015 ORIGINAL: ORIGINAL: 4215015 GUARDAPOLVO HOMOCINÉTICA GUARDAPOLVO HOMOCINÉTICA FUELLE, GRASA Y ABRAZADERAS CÓDIGO:","50120 FIAT 128 FIAT 147 FIAT 128 ORIGINAL: 4215015 ORIGINAL: ORIGINAL: 4215015 GUARDAPOLVO HOMOCINÉTICA GUARDAPOLVO HOMOCINÉTICA FUELLE, GRASA Y ABRAZADERAS CÓDIGO:",,,,16,GACRI
50121,GACRI,FIAT,147,,,,,,"FUELLE, GRASA Y ABRAZADERAS","50121 FIAT 147 ORIGINAL: FUELLE, GRASA Y ABRAZADERAS CÓDIGO:","50121 FIAT 147 ORIGINAL: FUELLE, GRASA Y ABRAZADERAS CÓDIGO:",,,,16,GACRI
50162,GACRI,FIAT,147,DUNA - UNO,BUJE PARRILLA,BUJE PARRILLA,PARRILLA,,4434652,BUJE PARRILLA TRASERA (LARGO),50162 147 - DUNA - UNO ORIGINAL: 4434652 BUJE PARRILLA TRASERA (LARGO) CÓDIGO:,,,,23,GACRI
50166,GACRI,FIAT,147,DUNA - FIORINO - UNO 128 - - DUNA - UNO PALIO - SIENA NY?,BUJE BARRA ESTABILIZADORA,BUJE BARRA ESTABILIZADORA,PARRILLA,,7567085 N2 | 1482311 N2 | 51744226,BUJE PARRILLA TRASERA (LADO EJE) BUJE LADO RÓTULA OSCILANTE A 10 MM BUJE BARRA ESTABILIZADORA,50166 DUNA - FIORINO - UNO 128 - 147 - DUNA - UNO PALIO - SIENA NY? ORIGINAL: 7567085 N2 ORIGINAL: 1482311 N2 ORIGINAL: 51744226 BUJE PARRILLA TRASERA (LADO EJE) BUJE LADO RÓTULA OSCILANTE A 10 MM BUJE BARRA ESTABILIZADORA CÓDIGO:,,,,24,GACRI
50003,GACRI,FIAT,600,D-1,,,,DERECHO / IZQUIERDO / TRASERO,965955-965956,TOPE DE RESPALDO DE ASIENTO TRASERO DER./IZQ.,50003 D-1 FIAT 600 ORIGINAL: 965955-965956 TOPE DE RESPALDO DE ASIENTO TRASERO DER./IZQ.,,,,12,GACRI
50008,GACRI,FIAT,600,,SOPORTE,SOPORTE,,DELANTERO,991591,SOPORTE DE ELÁSTICO DELANTERO,50008 FIAT 600 ORIGINAL: 991591 SOPORTE DE ELÁSTICO DELANTERO CÓDIGO:,,,,12,GACRI
50020,GACRI,FIAT,600,N2,,,,,875546 ACOPLE ELÁSTICO DE PALANCA DE CAMBIOS,50020 FIAT 600 N2 ORIGINAL: 875546 ACOPLE ELÁSTICO DE PALANCA DE CAMBIOS CÓDIGO:,50020 FIAT 600 N2 ORIGINAL: 875546 ACOPLE ELÁSTICO DE PALANCA DE CAMBIOS CÓDIGO:,,,,12,GACRI
50021,GACRI,FIAT,600,,,,,,1472046 ACOPLE ELÁSTICO DE PALANCA DE CAMBIOS REGULABLE,50021 FIAT 600 ORIGINAL: 1472046 ACOPLE ELÁSTICO DE PALANCA DE CAMBIOS REGULABLE CÓDIGO:,50021 FIAT 600 ORIGINAL: 1472046 ACOPLE ELÁSTICO DE PALANCA DE CAMBIOS REGULABLE CÓDIGO:,,,,12,GACRI
50022,GACRI,FIAT,600,,SOPORTE MOTOR,SOPORTE MOTOR,MOTOR,TRASERO,897704 GUARNICIÓN BISAGRA DE CAPOT GO | 878165-878166,50022 FIAT 600 ORIGINAL: 897704 GUARNICIÓN BISAGRA DE CAPOT GO CÓDIGO: 50024-50025 FIAT 600 2 ORIGINAL: 878165-878166 SOPORTE DE MOTOR TRASERO (JUEGO) CÓDIGO:,50022 FIAT 600 ORIGINAL: 897704 GUARNICIÓN BISAGRA DE CAPOT GO CÓDIGO: 50024-50025 FIAT 600 2 ORIGINAL: 878165-878166 SOPORTE DE MOTOR TRASERO (JUEGO) CÓDIGO:,,,,12,GACRI
50031,GACRI,FIAT,600,,BUJE,BUJE,AMORTIGUADOR,,849128,BUJE DE AMORTIGUADOR,50031 FIAT 600 ORIGINAL: 849128 BUJE DE AMORTIGUADOR CÓDIGO:,,,,13,GACRI
50033,GACRI,FIAT,600,,SOPORTE CAJA,SOPORTE CAJA,CAJA,,870286,SOPORTE DE CAJA DE VELOCIDADES,50033 FIAT 600 ORIGINAL: 870286 SOPORTE DE CAJA DE VELOCIDADES CÓDIGO:,,,,12,GACRI
50044,GACRI,FIAT,600,,SOPORTE,SOPORTE,,DELANTERO,4007969,SOPORTE DE ELÁSTICO DELANTERO,50044 FIAT 600 ORIGINAL: 4007969 SOPORTE DE ELÁSTICO DELANTERO CÓDIGO:,,,,12,GACRI
50046,GACRI,FIAT,600,,SOPORTE,SOPORTE,,,4196807 APOYO,SOPORTE DE RADIADOR,50046 FIAT 600 ORIGINAL: 4196807 APOYO SOPORTE DE RADIADOR,,,,12,GACRI
50060,GACRI,FIAT,600,,,,,,4084637 PROTECTOR DE ACEITE C/RETÉN,50060 FIAT 600 ORIGINAL: 4084637 PROTECTOR DE ACEITE C/RETÉN CÓDIGO:,50060 FIAT 600 ORIGINAL: 4084637 PROTECTOR DE ACEITE C/RETÉN CÓDIGO:,,,,12,GACRI
50068,GACRI,FIAT,600,,,,,,4010514 ASIENTO ESPIRAL DE SUSPENSIÓN,50068 FIAT 600 ORIGINAL: 4010514 ASIENTO ESPIRAL DE SUSPENSIÓN CÓDIGO:,50068 FIAT 600 ORIGINAL: 4010514 ASIENTO ESPIRAL DE SUSPENSIÓN CÓDIGO:,,,,12,GACRI
50074,GACRI,FIAT,600,,,,,,4094901 CAPUCHÓN DE ACOPLE FR,50074 FIAT 600 ORIGINAL: 4094901 CAPUCHÓN DE ACOPLE FR CÓDIGO:,50074 FIAT 600 ORIGINAL: 4094901 CAPUCHÓN DE ACOPLE FR CÓDIGO:,,,,12,GACRI
50081,GACRI,FIAT,600,,,,,,4028103 ESPACIADOR MANIVELA P/VIDRIO,50081 FIAT 600 ORIGINAL: 4028103 ESPACIADOR MANIVELA P/VIDRIO CÓDIGO:,50081 FIAT 600 ORIGINAL: 4028103 ESPACIADOR MANIVELA P/VIDRIO CÓDIGO:,,,,13,GACRI
50088,GACRI,FIAT,600,,,,,,870050 CAPUCHÓN PEDALERA,50088 FIAT 600 ORIGINAL: 870050 CAPUCHÓN PEDALERA CÓDIGO:,50088 FIAT 600 ORIGINAL: 870050 CAPUCHÓN PEDALERA CÓDIGO:,,,,13,GACRI
50089,GACRI,FIAT,600,,,,,,456722 CLAVITO SUJETA ALFOMBRA,50089 FIAT 600 ORIGINAL: 456722 CLAVITO SUJETA ALFOMBRA CÓDIGO:,50089 FIAT 600 ORIGINAL: 456722 CLAVITO SUJETA ALFOMBRA CÓDIGO:,,,,13,GACRI
50098,GACRI,FIAT,600,,,,,,743598 TAPÓN DE PISO FIAT,50098 FIAT 600 ORIGINAL: 743598 TAPÓN DE PISO FIAT CÓDIGO:,50098 FIAT 600 ORIGINAL: 743598 TAPÓN DE PISO FIAT CÓDIGO:,,,,13,GACRI
50099,GACRI,FIAT,600,,PASA CABLE,PASA CABLE,,,4079160,PASA CABLE,50099 FIAT 600 ORIGINAL: 4079160 PASA CABLE CÓDIGO:,,,,13,GACRI
1300,GACRI,FIAT,BIELETA DE ANCLAJE MOTOR,,,,MOTOR,,,1300 BIELETA DE ANCLAJE MOTOR,1300 BIELETA DE ANCLAJE MOTOR,,,,15,GACRI
1500,GACRI,FIAT,BIELETA DE ANCLAJE MOTOR,,,,MOTOR,,,1500 BIELETA DE ANCLAJE MOTOR,1500 BIELETA DE ANCLAJE MOTOR,,,,15,GACRI
50176,GACRI,FIAT,BRAVO,BRAVA - TIPO - BRAVA - TIPO - BRAVA - TIPO,BUJE,BUJE,,DERECHO / IZQUIERDO,7601065 | 7601068 | 7601064,BUJE BRAZO SUSPENSIÓN IZQUIERDO A 20 MM BUJE BRAZO SUSPENSIÓN DERECHO A 20 MM BUJE BRAZO SUSPENSIÓN A 20 MM 21,50176 BRAVO - BRAVA - TIPO BRAVO - BRAVA - TIPO BRAVO - BRAVA - TIPO ORIGINAL: 7601065 ORIGINAL: 7601068 ORIGINAL: 7601064 BUJE BRAZO SUSPENSIÓN IZQUIERDO A 20 MM BUJE BRAZO SUSPENSIÓN DERECHO A 20 MM BUJE BRAZO SUSPENSIÓN A 20 MM 21,,,,24,GACRI
50177,GACRI,FIAT,BRAVO,BRAVA - TIPO,BUJE,BUJE,,,46423823,BUJE BRAZO SUSPENSIÓN E 21 MM,50177 BRAVO - BRAVA - TIPO ORIGINAL: 46423823 BUJE BRAZO SUSPENSIÓN E 21 MM CÓDIGO:,,,,25,GACRI
50178,GACRI,FIAT,BRAVO,BRAVA - TIPO,BUJE,BUJE,,IZQUIERDO,46423822-A,BUJE BRAZO SUSPENSIÓN IZQUIERDO A 21 MM,50178 BRAVO - BRAVA - TIPO ORIGINAL: 46423822-A BUJE BRAZO SUSPENSIÓN IZQUIERDO A 21 MM CÓDIGO:,,,,25,GACRI
50179,GACRI,FIAT,BRAVO,BRAVA - TIPO,BUJE,BUJE,,DERECHO,46423822,BUJE BRAZO SUSPENSIÓN DERECHO A 21 MM,50179 BRAVO - BRAVA - TIPO ORIGINAL: 46423822 BUJE BRAZO SUSPENSIÓN DERECHO A 21 MM CÓDIGO:,,,,25,GACRI
50192,GACRI,FIAT,C,,,,,,,50192 C CÓDIGO:,50192 C CÓDIGO:,,,,26,GACRI
50167,GACRI,FIAT,DOBLO,,SOPORTE MOTOR,SOPORTE MOTOR,MOTOR,DELANTERO,46842706,SOPORTE DE MOTOR DELANTERO,50167 DOBLO ORIGINAL: 46842706 SOPORTE DE MOTOR DELANTERO CÓDIGO:,,,,25,GACRI
50118,GACRI,FIAT,DUCATO,,BUJE PARRILLA,BUJE PARRILLA,PARRILLA,DELANTERO,3521-650D,BUJE DE PARRILLA DELANTERO,50118 DUCATO ORIGINAL: 3521-650D BUJE DE PARRILLA DELANTERO CÓDIGO:,,,,22,GACRI
50119,GACRI,FIAT,DUCATO,,SOPORTE,SOPORTE,CAJA,,B-184666,SOPORTE DE CAJA (NUEVO),50119 DUCATO ORIGINAL: B-184666 SOPORTE DE CAJA (NUEVO) CÓDIGO:,,,,22,GACRI
50122,GACRI,FIAT,DUCATO,,BUJE,BUJE,TENSOR,,,BUJE TENSOR,50122 ; FIAT DUCATO ORIGINAL: BUJE TENSOR CÓDIGO:,,,,21,GACRI
50125,GACRI,FIAT,DUCATO,,SOPORTE CAJA,SOPORTE CAJA,CAJA,,,SOPORTE DE CAJA DE VELOCIDAD |,50125 FIAT DUCATO ORIGINAL: SOPORTE DE CAJA DE VELOCIDAD | CÓDIGO:,,,,21,GACRI
50141,GACRI,FIAT,DUCATO,,BUJE PARRILLA,BUJE PARRILLA,PARRILLA,,3521-6507,BUJE DE PARRILLA DELANTERA C/CHAPA 6,50141 DUCATO ORIGINAL: 3521-6507 BUJE DE PARRILLA DELANTERA C/CHAPA 6 CÓDIGO:,,,,22,GACRI
50197,GACRI,FIAT,DUCATO,,SOPORTE,SOPORTE,MOTOR,SUPERIOR,1310575080,SOPORTE SUPERIOR DE MOTOR,50197 DUCATO ORIGINAL: 1310575080 SOPORTE SUPERIOR DE MOTOR CÓDIGO:,,,,22,GACRI
1600,GACRI,FIAT,DUNA,147 - - UNO 128 125 N2,,,ESCAPE,,410256 | 4214979 | 424979 TAPÓN VARILLA NIVEL DE ACEITE SOSTÉN CAÑO DE ESCAPE SOSTÉN CAÑO DE ESCAPE,1600 - 147 - DUNA - UNO FIAT 128 FIAT 125 N2 ORIGINAL: 410256 ORIGINAL: 4214979 ORIGINAL: 424979 TAPÓN VARILLA NIVEL DE ACEITE SOSTÉN CAÑO DE ESCAPE SOSTÉN CAÑO DE ESCAPE CÓDIGO:,1600 - 147 - DUNA - UNO FIAT 128 FIAT 125 N2 ORIGINAL: 410256 ORIGINAL: 4214979 ORIGINAL: 424979 TAPÓN VARILLA NIVEL DE ACEITE SOSTÉN CAÑO DE ESCAPE SOSTÉN CAÑO DE ESCAPE CÓDIGO:,,,,15,GACRI
50049,GACRI,FIAT,DUNA,147 - - UNO - REGATTA,SOPORTE,SOPORTE,,,4331717,SOPORTE DE ELÁSTICO,50049 FIAT 147 - DUNA - UNO - REGATTA ORIGINAL: 4331717 SOPORTE DE ELÁSTICO CÓDIGO:,,,,19,GACRI
50052,GACRI,FIAT,DUNA,D,BUJE BARRA ESTABILIZADORA,BUJE BARRA ESTABILIZADORA,BARRA ESTABILIZADORA,,1489545,BUJE BARRA ESTABILIZADORA A 19 MM,50052 D FIAT DUNA ORIGINAL: 1489545 BUJE BARRA ESTABILIZADORA A 19 MM CÓDIGO:,,,,18,GACRI
50053,GACRI,FIAT,DUNA,D,BUJE,BUJE,TENSOR,,46583874,BUJE BARRA TENSORA A 22 MM 2,50053 D FIAT DUNA ORIGINAL: 46583874 BUJE BARRA TENSORA A 22 MM 2 CÓDIGO:,,,,18,GACRI
50054,GACRI,FIAT,DUNA,D,BUJE,BUJE,TENSOR,,,BUJE TENSOR E 14 MM,50054 D FIAT DUNA ORIGINAL: BUJE TENSOR E 14 MM CÓDIGO:,,,,18,GACRI
50073,GACRI,FIAT,DUNA,D - UNO,SOPORTE,SOPORTE,ESCAPE,,4387294,SOPORTE DE CAÑO DE ESCAPE INTERMEDIO UL,50073 D FIAT DUNA - UNO ORIGINAL: 4387294 SOPORTE DE CAÑO DE ESCAPE INTERMEDIO UL CÓDIGO:,,,,19,GACRI
50079,GACRI,FIAT,DUNA,128 128 - 147 - - UNO 128 - 147 - - UNO,,,CAJA,,4177472 | 4198251 | 4198250 PROTECTOR DE ACEITE C/RETÉN FUELLE DE CAJA DE DIRECCIÓN LARGO FUELLE DE CAJA DE DIRECCIÓN CORTO,50079 FIAT 128 FIAT 128 - 147 - DUNA - UNO FIAT 128 - 147 - DUNA - UNO ORIGINAL: 4177472 ORIGINAL: 4198251 ORIGINAL: 4198250 PROTECTOR DE ACEITE C/RETÉN FUELLE DE CAJA DE DIRECCIÓN LARGO FUELLE DE CAJA DE DIRECCIÓN CORTO CÓDIGO:,50079 FIAT 128 FIAT 128 - 147 - DUNA - UNO FIAT 128 - 147 - DUNA - UNO ORIGINAL: 4177472 ORIGINAL: 4198251 ORIGINAL: 4198250 PROTECTOR DE ACEITE C/RETÉN FUELLE DE CAJA DE DIRECCIÓN LARGO FUELLE DE CAJA DE DIRECCIÓN CORTO CÓDIGO:,,,,15,GACRI
50086,GACRI,FIAT,DUNA,147 - - UNO,,,,,4191524 TACO DE APOYO ELÁSTICO A,50086 FIAT 147 - DUNA - UNO ORIGINAL: 4191524 TACO DE APOYO ELÁSTICO A CÓDIGO:,50086 FIAT 147 - DUNA - UNO ORIGINAL: 4191524 TACO DE APOYO ELÁSTICO A CÓDIGO:,,,,19,GACRI
50090,GACRI,FIAT,DUNA,UNO - 147 SEA,,,,,,TOPE DE SUSPENSIÓN,50090 FIAT DUNA - UNO - 147 SEA TOPE DE SUSPENSIÓN CÓDIGO:,,,,21,GACRI
50095,GACRI,FIAT,DUNA,D,BUJE,BUJE,TENSOR,,7558961,BUJE TENSOR A 14 MM,50095 D FIAT DUNA ORIGINAL: 7558961 BUJE TENSOR A 14 MM CÓDIGO:,,,,19,GACRI
50100,GACRI,FIAT,DUNA,UNO DIESEL Y NAFTERO,SOPORTE MOTOR,SOPORTE MOTOR,MOTOR,,7563985,SOPORTE DE MOTOR HE,50100 FIAT DUNA - UNO DIESEL Y NAFTERO ORIGINAL: 7563985 SOPORTE DE MOTOR HE CÓDIGO:,,,,19,GACRI
50101,GACRI,FIAT,DUNA,UNO,SOPORTE,SOPORTE,AMORTIGUADOR,DELANTERO,7583185,SOPORTE DE AMORTIGUADOR DELANTERO,50101 FIAT DUNA - UNO ORIGINAL: 7583185 SOPORTE DE AMORTIGUADOR DELANTERO,,,,19,GACRI
50102,GACRI,FIAT,DUNA,UNO,SOPORTE,SOPORTE,ESCAPE,,7508963,SOPORTE DE CAÑO DE ESCAPE,50102 FIAT DUNA - UNO ORIGINAL: 7508963 SOPORTE DE CAÑO DE ESCAPE CÓDIGO:,,,,19,GACRI
50104,GACRI,FIAT,DUNA,UNO,,,,,5963374 APOYO ESPIRAL ),50104 FIAT DUNA - UNO ORIGINAL: 5963374 APOYO ESPIRAL ) CÓDIGO:,50104 FIAT DUNA - UNO ORIGINAL: 5963374 APOYO ESPIRAL ) CÓDIGO:,,,,19,GACRI
50105,GACRI,FIAT,DUNA,UNO - WEEKEND 1.7,SOPORTE CAJA,SOPORTE CAJA,CAJA,,7587675,SOPORTE DE CAJA DE VELOCIDAD,50105 FIAT DUNA - UNO - WEEKEND 1.7 ORIGINAL: 7587675 SOPORTE DE CAJA DE VELOCIDAD CÓDIGO:,,,,19,GACRI
50106,GACRI,FIAT,DUNA,UNO,SOPORTE,SOPORTE,ESCAPE,,5983764,SOPORTE DE CAÑO DE ESCAPE 16 SS,50106 FIAT DUNA - UNO ORIGINAL: 5983764 SOPORTE DE CAÑO DE ESCAPE 16 SS CÓDIGO:,,,,19,GACRI
50107,GACRI,FIAT,DUNA,UNO,,,,,FUELLE DE PALIER,50107 FIAT DUNA - UNO ORIGINAL: FUELLE DE PALIER CÓDIGO:,50107 FIAT DUNA - UNO ORIGINAL: FUELLE DE PALIER CÓDIGO:,,,,20,GACRI
50109,GACRI,FIAT,DUNA,UNO 1.3 DIESEL,SOPORTE CAJA,SOPORTE CAJA,CAJA,,7563957,SOPORTE DE CAJA DE VELOCIDAD AH,50109 FIAT DUNA - UNO 1.3 DIESEL ORIGINAL: 7563957 SOPORTE DE CAJA DE VELOCIDAD AH CÓDIGO:,,,,19,GACRI
50111,GACRI,FIAT,DUNA,WEEKEND 1.7,SOPORTE MOTOR,SOPORTE MOTOR,MOTOR,DERECHO / IZQUIERDO / DELANTERO,7587673-7587674,SOPORTE DE MOTOR DELANTERO DERECHO E IZQUIERDO S,50111 FIAT DUNA - WEEKEND 1.7 ORIGINAL: 7587673-7587674 SOPORTE DE MOTOR DELANTERO DERECHO E IZQUIERDO S CÓDIGO:,,,,19,GACRI
50114,GACRI,FIAT,DUNA,UNO,,,,,FUELLE DE PALIER C/ABRAZADERA E,50114 FIAT DUNA - UNO ORIGINAL: FUELLE DE PALIER C/ABRAZADERA E CÓDIGO:,50114 FIAT DUNA - UNO ORIGINAL: FUELLE DE PALIER C/ABRAZADERA E CÓDIGO:,,,,20,GACRI
50123,GACRI,FIAT,DUNA,UNO,,,CAJA,,7550774 AISLADOR DE CAJA DE DIRECCIÓN O,50123 FIAT DUNA - UNO ORIGINAL: 7550774 AISLADOR DE CAJA DE DIRECCIÓN O CÓDIGO:,50123 FIAT DUNA - UNO ORIGINAL: 7550774 AISLADOR DE CAJA DE DIRECCIÓN O CÓDIGO:,,,,20,GACRI
50124,GACRI,FIAT,DUNA,UNO,,,CAJA,,4179802 AISLADOR DE CAJA DE DIRECCIÓN 9,50124 FIAT DUNA - UNO ORIGINAL: 4179802 AISLADOR DE CAJA DE DIRECCIÓN 9 CÓDIGO:,50124 FIAT DUNA - UNO ORIGINAL: 4179802 AISLADOR DE CAJA DE DIRECCIÓN 9 CÓDIGO:,,,,20,GACRI
50127,GACRI,FIAT,DUNA,UNO,,,,,TAPÓN PARA LLENADO DE ACEITE E,50127 FIAT DUNA - UNO ORIGINAL: TAPÓN PARA LLENADO DE ACEITE E CÓDIGO:,50127 FIAT DUNA - UNO ORIGINAL: TAPÓN PARA LLENADO DE ACEITE E CÓDIGO:,,,,20,GACRI
50128,GACRI,FIAT,DUNA,UNO,SOPORTE,SOPORTE,AMORTIGUADOR,TRASERO,7537167,SOPORTE DE AMORTIGUADOR TRASERO 3,50128 FIAT DUNA - UNO ORIGINAL: 7537167 SOPORTE DE AMORTIGUADOR TRASERO 3 CÓDIGO:,,,,20,GACRI
50129,GACRI,FIAT,DUNA,UNO 94,SOPORTE,SOPORTE,AMORTIGUADOR,TRASERO,7635228,SOPORTE DE AMORTIGUADOR TRASERO,50129 FIAT DUNA - UNO 94 ORIGINAL: 7635228 SOPORTE DE AMORTIGUADOR TRASERO CÓDIGO:,,,,20,GACRI
50130,GACRI,FIAT,DUNA,UNO,SOPORTE,SOPORTE,,,,SOPORTE BASE DE CARBURADOR 5,50130 FIAT DUNA - UNO ORIGINAL: SOPORTE BASE DE CARBURADOR 5 CÓDIGO:,,,,20,GACRI
50139,GACRI,FIAT,DUNA,UNO - PALIO - SIENA - REGATTA,,,,,CUBRE PEDAL DE FRENO Y EMBRAGUE,50139 FIAT DUNA - UNO - PALIO - SIENA - REGATTA ORIGINAL: CUBRE PEDAL DE FRENO Y EMBRAGUE CÓDIGO:,50139 FIAT DUNA - UNO - PALIO - SIENA - REGATTA ORIGINAL: CUBRE PEDAL DE FRENO Y EMBRAGUE CÓDIGO:,,,,21,GACRI
50140,GACRI,FIAT,DUNA,UNO - REGATTA,,,,,CUBRE PEDAL DE ACELERADOR Y,50140 FIAT DUNA - UNO - REGATTA ORIGINAL: CUBRE PEDAL DE ACELERADOR Y CÓDIGO:,50140 FIAT DUNA - UNO - REGATTA ORIGINAL: CUBRE PEDAL DE ACELERADOR Y CÓDIGO:,,,,21,GACRI
50145,GACRI,FIAT,DUNA,UNO JUEGO DE TREN DELANTERO (12 PIEZAS),,,,DELANTERO,,50145 DUNA - UNO JUEGO DE TREN DELANTERO (12 PIEZAS) CÓDIGO:,50145 DUNA - UNO JUEGO DE TREN DELANTERO (12 PIEZAS) CÓDIGO:,,,,22,GACRI
50151,GACRI,FIAT,DUNA,UNO 1.4,,,,,46593576 AISLANTE BASE CARBURADOR 19,50151 DUNA - UNO 1.4 ORIGINAL: 46593576 AISLANTE BASE CARBURADOR 19,50151 DUNA - UNO 1.4 ORIGINAL: 46593576 AISLANTE BASE CARBURADOR 19,,,,22,GACRI
50162,GACRI,FIAT,DUNA,147 - - UNO,BUJE PARRILLA,BUJE PARRILLA,PARRILLA,,4434652,BUJE PARRILLA TRASERA (LARGO),50162 147 - DUNA - UNO ORIGINAL: 4434652 BUJE PARRILLA TRASERA (LARGO) CÓDIGO:,,,,23,GACRI
50163,GACRI,FIAT,DUNA,FIORINO - UNO,BUJE PARRILLA,BUJE PARRILLA,PARRILLA,,7566848,BUJE PARRILLA TRASERA (LADO RUEDA - PESTAÑA U) 20,50163 DUNA - FIORINO - UNO ORIGINAL: 7566848 BUJE PARRILLA TRASERA (LADO RUEDA - PESTAÑA U) 20,,,,23,GACRI
50166,GACRI,FIAT,DUNA,FIORINO - UNO 128 - 147 - - UNO PALIO - SIENA NY?,BUJE BARRA ESTABILIZADORA,BUJE BARRA ESTABILIZADORA,PARRILLA,,7567085 N2 | 1482311 N2 | 51744226,BUJE PARRILLA TRASERA (LADO EJE) BUJE LADO RÓTULA OSCILANTE A 10 MM BUJE BARRA ESTABILIZADORA,50166 DUNA - FIORINO - UNO 128 - 147 - DUNA - UNO PALIO - SIENA NY? ORIGINAL: 7567085 N2 ORIGINAL: 1482311 N2 ORIGINAL: 51744226 BUJE PARRILLA TRASERA (LADO EJE) BUJE LADO RÓTULA OSCILANTE A 10 MM BUJE BARRA ESTABILIZADORA CÓDIGO:,,,,24,GACRI
50009,GACRI,FIAT,FIAT,,,,,,,50009 FIAT,50009 FIAT,,,,13,GACRI
50011,GACRI,FIAT,FIAT,,,,,,,50011 FIAT,50011 FIAT,,,,14,GACRI
50082,GACRI,FIAT,FIAT,,,,,,,50082 FIAT,50082 FIAT,,,,13,GACRI
50091,GACRI,FIAT,FIAT,,,,,,,50091 FIAT,50091 FIAT,,,,14,GACRI
50112,GACRI,FIAT,FIORINO,147,SOPORTE MOTOR,SOPORTE MOTOR,MOTOR,DERECHO,1481625,SOPORTE DE MOTOR LADO DERECHO,50112 FIAT 147 - FIORINO ORIGINAL: 1481625 SOPORTE DE MOTOR LADO DERECHO CÓDIGO:,,,,17,GACRI
50113,GACRI,FIAT,FIORINO,147,SOPORTE MOTOR,SOPORTE MOTOR,MOTOR,IZQUIERDO,1481135,SOPORTE DE MOTOR LADO IZQUIERDO,50113 FIAT 147 - FIORINO ORIGINAL: 1481135 SOPORTE DE MOTOR LADO IZQUIERDO CÓDIGO:,,,,17,GACRI
50163,GACRI,FIAT,FIORINO,DUNA - - UNO,BUJE PARRILLA,BUJE PARRILLA,PARRILLA,,7566848,BUJE PARRILLA TRASERA (LADO RUEDA - PESTAÑA U) 20,50163 DUNA - FIORINO - UNO ORIGINAL: 7566848 BUJE PARRILLA TRASERA (LADO RUEDA - PESTAÑA U) 20,,,,23,GACRI
50166,GACRI,FIAT,FIORINO,DUNA - - UNO 128 - 147 - DUNA - UNO PALIO - SIENA NY?,BUJE BARRA ESTABILIZADORA,BUJE BARRA ESTABILIZADORA,PARRILLA,,7567085 N2 | 1482311 N2 | 51744226,BUJE PARRILLA TRASERA (LADO EJE) BUJE LADO RÓTULA OSCILANTE A 10 MM BUJE BARRA ESTABILIZADORA,50166 DUNA - FIORINO - UNO 128 - 147 - DUNA - UNO PALIO - SIENA NY? ORIGINAL: 7567085 N2 ORIGINAL: 1482311 N2 ORIGINAL: 51744226 BUJE PARRILLA TRASERA (LADO EJE) BUJE LADO RÓTULA OSCILANTE A 10 MM BUJE BARRA ESTABILIZADORA CÓDIGO:,,,,24,GACRI
50198,GACRI,FIAT,FIORINO,GRAND SIENA-PUNTO-IDES-LINEA QUBO- QUBO TORO,SOPORTE MOTOR,SOPORTE MOTOR,MOTOR,DERECHO / TRASERO,51.708.533 51.761.830 | 51821084 | 51936581,SOPORTE DE AMORTIGUADOR TRASERO SOPORTE DE MOTOR DERECHO SOPORTE DE AMORTIGUADOR 23,50198 GRAND SIENA-PUNTO-IDES-LINEA QUBO-FIORINO QUBO TORO ORIGINAL: 51.708.533 51.761.830 ORIGINAL: 51821084 ORIGINAL: 51936581 SOPORTE DE AMORTIGUADOR TRASERO SOPORTE DE MOTOR DERECHO SOPORTE DE AMORTIGUADOR 23,,,,26,GACRI
50168,GACRI,FIAT,IDEA,PALIO - SIENA 1.4 PALIO - SIENA 1.4,SOPORTE MOTOR,SOPORTE MOTOR,MOTOR,IZQUIERDO / DELANTERO,51736530 | 51736531 | 51744579,SOPORTE DE MOTOR LADO IZQUIERDO SOPORTE DE CAJA SOPORTE DE MOTOR DELANTERO,50168 PALIO - SIENA 1.4 PALIO - SIENA 1.4 IDEA ORIGINAL: 51736530 ORIGINAL: 51736531 ORIGINAL: 51744579 SOPORTE DE MOTOR LADO IZQUIERDO SOPORTE DE CAJA SOPORTE DE MOTOR DELANTERO CÓDIGO:,,,,24,GACRI
50173,GACRI,FIAT,IDEA,,SOPORTE,SOPORTE,MOTOR,DELANTERO / TRASERO,51796653 N2 | 51705473 N2 | 51705472,SOPORTE TRASERO DE MOTOR SOPORTE PARRILLA DELANTERO DERECHA SOPORTE PARRILLA DELANTERO IZQUIERDA,50173 IDEA IDEA IDEA ORIGINAL: 51796653 N2 ORIGINAL: 51705473 N2 ORIGINAL: 51705472 SOPORTE TRASERO DE MOTOR SOPORTE PARRILLA DELANTERO DERECHA SOPORTE PARRILLA DELANTERO IZQUIERDA CÓDIGO:,,,,24,GACRI
50193,GACRI,FIAT,IDEA,QUBO-LINEA-PUNTO PALIO-GRAND SIENA PALIO-GRAND SIENA- MOTOR ETORQ,SOPORTE,SOPORTE,AMORTIGUADOR,IZQUIERDO,51839931 51839975 51915671 51915378 | 51877337 | 51848394,SOPORTE DE AMORTIGUADOR IZQ.,50193 QUBO-LINEA-PUNTO PALIO-GRAND SIENA PALIO-GRAND SIENA-IDEA MOTOR ETORQ ORIGINAL: 51839931 51839975 51915671 51915378 ORIGINAL: 51877337 ORIGINAL: 51848394 SOPORTE DE AMORTIGUADOR IZQ.,,,,26,GACRI
50190,GACRI,FIAT,LINEA,UNO FASE LL UNO FASE 1 QUBO,BUJE PARRILLA,BUJE PARRILLA,MOTOR,DERECHO,51834103 | 51833943 | 51811977,SOPORTE DE MOTOR DERECHO SOPORTE DE AMORTIGUADOR BUJE PARRILLA SUSPENSIÓN DELANTERA Y 0! 00,50190 UNO FASE LL UNO FASE 1 QUBO LINEA ORIGINAL: 51834103 ORIGINAL: 51833943 ORIGINAL: 51811977 SOPORTE DE MOTOR DERECHO SOPORTE DE AMORTIGUADOR BUJE PARRILLA SUSPENSIÓN DELANTERA Y 0! 00 CÓDIGO:,,,,26,GACRI
50193,GACRI,FIAT,LINEA,QUBO- -PUNTO PALIO-GRAND SIENA PALIO-GRAND SIENA-IDEA MOTOR ETORQ,SOPORTE,SOPORTE,AMORTIGUADOR,IZQUIERDO,51839931 51839975 51915671 51915378 | 51877337 | 51848394,SOPORTE DE AMORTIGUADOR IZQ.,50193 QUBO-LINEA-PUNTO PALIO-GRAND SIENA PALIO-GRAND SIENA-IDEA MOTOR ETORQ ORIGINAL: 51839931 51839975 51915671 51915378 ORIGINAL: 51877337 ORIGINAL: 51848394 SOPORTE DE AMORTIGUADOR IZQ.,,,,26,GACRI
50198,GACRI,FIAT,LINEA,GRAND SIENA-PUNTO-IDES- QUBO-FIORINO QUBO TORO,SOPORTE MOTOR,SOPORTE MOTOR,MOTOR,DERECHO / TRASERO,51.708.533 51.761.830 | 51821084 | 51936581,SOPORTE DE AMORTIGUADOR TRASERO SOPORTE DE MOTOR DERECHO SOPORTE DE AMORTIGUADOR 23,50198 GRAND SIENA-PUNTO-IDES-LINEA QUBO-FIORINO QUBO TORO ORIGINAL: 51.708.533 51.761.830 ORIGINAL: 51821084 ORIGINAL: 51936581 SOPORTE DE AMORTIGUADOR TRASERO SOPORTE DE MOTOR DERECHO SOPORTE DE AMORTIGUADOR 23,,,,26,GACRI
1600,GACRI,FIAT,N2,,SOPORTE,SOPORTE,MOTOR,DELANTERO,4286570,SOPORTE DELANTERO DE MOTOR,1600 N2 ORIGINAL: 4286570 SOPORTE DELANTERO DE MOTOR CÓDIGO:,,,,14,GACRI
50126,GACRI,FIAT,PALIO,SIENA NAFTERO,SOPORTE MOTOR,SOPORTE MOTOR,MOTOR,DELANTERO,46439600,SOPORTE DE MOTOR DELANTERO DÁ,50126 FIAT PALIO - SIENA NAFTERO ORIGINAL: 46439600 SOPORTE DE MOTOR DELANTERO DÁ CÓDIGO:,,,,20,GACRI
50126,GACRI,FIAT,PALIO,D - SIENA,SOPORTE MOTOR,SOPORTE MOTOR,MOTOR,DELANTERO,46440550,SOPORTE DE MOTOR DELANTERO -.,50126 D FIAT PALIO - SIENA ORIGINAL: 46440550 SOPORTE DE MOTOR DELANTERO -.,,,,21,GACRI
50131,GACRI,FIAT,PALIO,SIENA,,,,,46444759,50131 FIAT PALIO - SIENA ORIGINAL: 46444759 CÓDIGO:,50131 FIAT PALIO - SIENA ORIGINAL: 46444759 CÓDIGO:,,,,20,GACRI
50132,GACRI,FIAT,PALIO,SIENA,SOPORTE CAJA,SOPORTE CAJA,CAJA,,7799248,SOPORTE DE CAJA DE VELOCIDADES,50132 FIAT PALIO - SIENA ORIGINAL: 7799248 SOPORTE DE CAJA DE VELOCIDADES CÓDIGO:,,,,21,GACRI
50133,GACRI,FIAT,PALIO,FIATTEMPRA - - SIENA,SOPORTE MOTOR,SOPORTE MOTOR,MOTOR,,7520850,SOPORTE DE MOTOR,50133 FIATTEMPRA - PALIO - SIENA ORIGINAL: 7520850 BUJE PUNTA BARRA ESTABILIZADORA SOPORTE DE MOTOR CÓDIGO:,,,,20,GACRI
50135,GACRI,FIAT,PALIO,SIENA,BUJE BARRA ESTABILIZADORA,BUJE BARRA ESTABILIZADORA,BARRA ESTABILIZADORA,,46465901,BUJE BARRA ESTABILIZADORA O 19 MM 17,50135 FIAT PALIO - SIENA ORIGINAL: 46465901 BUJE BARRA ESTABILIZADORA O 19 MM 17,,,,20,GACRI
50136,GACRI,FIAT,PALIO,SIENA N2,BUJE BARRA ESTABILIZADORA,BUJE BARRA ESTABILIZADORA,BARRA ESTABILIZADORA,,46465901,BUJE BARRA ESTABILIZADORA A 20 MM,50136 FIAT PALIO - SIENA N2 ORIGINAL: 46465901 BUJE BARRA ESTABILIZADORA A 20 MM CÓDIGO:,,,,21,GACRI
50137,GACRI,FIAT,PALIO,,SOPORTE,SOPORTE,ESCAPE,,46461540,SOPORTE DE CAÑO DE ESCAPE 9,50137 FIAT PALIO ORIGINAL: 46461540 SOPORTE DE CAÑO DE ESCAPE 9 CÓDIGO:,,,,21,GACRI
50138,GACRI,FIAT,PALIO,SIENA - WEEKEND,SOPORTE,SOPORTE,ESCAPE,,7798284,SOPORTE DE CAÑO DE ESCAPE,50138 FIAT PALIO - SIENA - PALIO WEEKEND ORIGINAL: 7798284 SOPORTE DE CAÑO DE ESCAPE CÓDIGO:,,,,21,GACRI
50139,GACRI,FIAT,PALIO,DUNA - UNO - - SIENA - REGATTA,,,,,CUBRE PEDAL DE FRENO Y EMBRAGUE,50139 FIAT DUNA - UNO - PALIO - SIENA - REGATTA ORIGINAL: CUBRE PEDAL DE FRENO Y EMBRAGUE CÓDIGO:,50139 FIAT DUNA - UNO - PALIO - SIENA - REGATTA ORIGINAL: CUBRE PEDAL DE FRENO Y EMBRAGUE CÓDIGO:,,,,21,GACRI
50142,GACRI,FIAT,PALIO,SIENA (FULL) N2,SOPORTE,SOPORTE,PARRILLA,DERECHO,46454078,SOPORTE PUNTA DE PARRILLA DERECHO,50142 FIAT PALIO - SIENA (FULL) N2 ORIGINAL: 46454078 SOPORTE PUNTA DE PARRILLA DERECHO CÓDIGO:,,,,22,GACRI
50143,GACRI,FIAT,PALIO,SIENA (FULL),SOPORTE,SOPORTE,PARRILLA,IZQUIERDO,46454077,SOPORTE PUNTA DE PARRILLA IZQUIERDO JO,50143 FIAT PALIO - SIENA (FULL) ORIGINAL: 46454077 SOPORTE PUNTA DE PARRILLA IZQUIERDO JO CÓDIGO:,,,,22,GACRI
50144,GACRI,FIAT,PALIO,SIENA,,,CAJA,,FUELLE CAJA DE DIRECCIÓN,50144 FIAT PALIO - SIENA ORIGINAL: FUELLE CAJA DE DIRECCIÓN CÓDIGO:,50144 FIAT PALIO - SIENA ORIGINAL: FUELLE CAJA DE DIRECCIÓN CÓDIGO:,,,,22,GACRI
50146,GACRI,FIAT,PALIO,SIENA (BASE),SOPORTE,SOPORTE,PARRILLA,DERECHO,46450462,SOPORTE PUNTA DE PARRILLA DERECHO,50146 FIAT PALIO - SIENA (BASE) ORIGINAL: 46450462 SOPORTE PUNTA DE PARRILLA DERECHO CÓDIGO:,,,,21,GACRI
50147,GACRI,FIAT,PALIO,SIENA (BASE),SOPORTE,SOPORTE,PARRILLA,IZQUIERDO,46450461,SOPORTE PUNTA DE PARRILLA IZQUIERDO,50147 FIAT PALIO - SIENA (BASE) ORIGINAL: 46450461 SOPORTE PUNTA DE PARRILLA IZQUIERDO CÓDIGO:,,,,21,GACRI
50148,GACRI,FIAT,PALIO,SIENA,SOPORTE,SOPORTE,AMORTIGUADOR,DERECHO,467606730,SOPORTE DE AMORTIGUADOR DERECHO OE,50148 PALIO - SIENA ORIGINAL: 467606730 SOPORTE DE AMORTIGUADOR DERECHO OE CÓDIGO:,,,,22,GACRI
50149,GACRI,FIAT,PALIO,SIENA,SOPORTE,SOPORTE,AMORTIGUADOR,IZQUIERDO,467606740,SOPORTE DE AMORTIGUADOR IZQUIERDO,50149 PALIO - SIENA ORIGINAL: 467606740 SOPORTE DE AMORTIGUADOR IZQUIERDO CÓDIGO:,,,,22,GACRI
50150,GACRI,FIAT,PALIO,,BUJE,BUJE,,,46421522,BUJE SILENT BLOCK SUSPENSIÓN HER,50150 PALIO ORIGINAL: 46421522 BUJE SILENT BLOCK SUSPENSIÓN HER CÓDIGO:,,,,22,GACRI
50152,GACRI,FIAT,PALIO,SIENA,,,,,,50152 PALIO - SIENA,50152 PALIO - SIENA,,,,23,GACRI
50153,GACRI,FIAT,PALIO,1.3 MPI FIRE FASE 2,SOPORTE MOTOR,SOPORTE MOTOR,MOTOR,,46523938,SOPORTE DE MOTOR LADO CAJA,50153 PALIO 1.3 MPI FIRE FASE 2 ORIGINAL: 46523938 SOPORTE DE MOTOR LADO CAJA CÓDIGO:,,,,23,GACRI
50154,GACRI,FIAT,PALIO,UNO - - SIENA MOTOR FIRE,SOPORTE MOTOR,SOPORTE MOTOR,MOTOR,DERECHO / SUPERIOR,51736529,SOPORTE DE MOTOR SUPERIOR DERECHO,50154 UNO - PALIO - SIENA MOTOR FIRE ORIGINAL: 51736529 SOPORTE DE MOTOR SUPERIOR DERECHO CÓDIGO:,,,,23,GACRI
50155,GACRI,FIAT,PALIO,HLX - ELX,SOPORTE MOTOR,SOPORTE MOTOR,MOTOR,,46762366,SOPORTE DE MOTOR LADO CAJA,50155 PALIO HLX - ELX ORIGINAL: 46762366 SOPORTE DE MOTOR LADO CAJA CÓDIGO:,,,,23,GACRI
50156,GACRI,FIAT,PALIO,SIENA FIRE,SOPORTE,SOPORTE,PARRILLA,DERECHO,467485780,SOPORTE PUNTA PARRILLA DERECHO NLL—=Z= == ÑA ___AAAKAKXKXKX),50156 PALIO - SIENA FIRE ORIGINAL: 467485780 SOPORTE PUNTA PARRILLA DERECHO NLL—=Z= == ÑA ___AAAKAKXKXKX) CÓDIGO:,,,,23,GACRI
50157,GACRI,FIAT,PALIO,SIENA FIRE,SOPORTE,SOPORTE,PARRILLA,IZQUIERDO,467485790,SOPORTE PUNTA PARRILLA IZQUIERDO,50157 PALIO - SIENA FIRE ORIGINAL: 467485790 SOPORTE PUNTA PARRILLA IZQUIERDO CÓDIGO:,,,,23,GACRI
50159,GACRI,FIAT,PALIO,1.8,SOPORTE CAJA,SOPORTE CAJA,CAJA,,0051715728,SOPORTE DE CAJA DE VELOCIDADES,50159 PALIO 1.8 ORIGINAL: 0051715728 SOPORTE DE CAJA DE VELOCIDADES CÓDIGO:,,,,23,GACRI
50160,GACRI,FIAT,PALIO,1.8,SOPORTE MOTOR,SOPORTE MOTOR,MOTOR,IZQUIERDO,0046808873,SOPORTE DE MOTOR LADO IZQUIERDO,50160 PALIO 1.8 ORIGINAL: 0046808873 SOPORTE DE MOTOR LADO IZQUIERDO CÓDIGO:,,,,23,GACRI
50161,GACRI,FIAT,PALIO,A - SIENA AÑO,,,,,,50161 A PALIO - SIENA AÑO,50161 A PALIO - SIENA AÑO,,,,23,GACRI
50166,GACRI,FIAT,PALIO,DUNA - FIORINO - UNO 128 - 147 - DUNA - UNO - SIENA NY?,BUJE BARRA ESTABILIZADORA,BUJE BARRA ESTABILIZADORA,PARRILLA,,7567085 N2 | 1482311 N2 | 51744226,BUJE PARRILLA TRASERA (LADO EJE) BUJE LADO RÓTULA OSCILANTE A 10 MM BUJE BARRA ESTABILIZADORA,50166 DUNA - FIORINO - UNO 128 - 147 - DUNA - UNO PALIO - SIENA NY? ORIGINAL: 7567085 N2 ORIGINAL: 1482311 N2 ORIGINAL: 51744226 BUJE PARRILLA TRASERA (LADO EJE) BUJE LADO RÓTULA OSCILANTE A 10 MM BUJE BARRA ESTABILIZADORA CÓDIGO:,,,,24,GACRI
50168,GACRI,FIAT,PALIO,SIENA 1.4 - SIENA 1.4 IDEA,SOPORTE MOTOR,SOPORTE MOTOR,MOTOR,IZQUIERDO / DELANTERO,51736530 | 51736531 | 51744579,SOPORTE DE MOTOR LADO IZQUIERDO SOPORTE DE CAJA SOPORTE DE MOTOR DELANTERO,50168 PALIO - SIENA 1.4 PALIO - SIENA 1.4 IDEA ORIGINAL: 51736530 ORIGINAL: 51736531 ORIGINAL: 51744579 SOPORTE DE MOTOR LADO IZQUIERDO SOPORTE DE CAJA SOPORTE DE MOTOR DELANTERO CÓDIGO:,,,,24,GACRI
50184,GACRI,FIAT,PALIO,SIENA JUEGO,BUJE,BUJE,,,,50184 PALIO - SIENA JUEGO BUJES DIRECCIÓN HIDRÁULICA (6 PIEZAS) CÓDIGO:,50184 PALIO - SIENA JUEGO BUJES DIRECCIÓN HIDRÁULICA (6 PIEZAS) CÓDIGO:,,,,25,GACRI
50185,GACRI,FIAT,PALIO,SIENA JUEGO,BUJE,BUJE,,,,50185 PALIO - SIENA JUEGO BUJES DIRECCIÓN MECÁNICA (6 PIEZAS) 22 CÓDIGO:,50185 PALIO - SIENA JUEGO BUJES DIRECCIÓN MECÁNICA (6 PIEZAS) 22 CÓDIGO:,,,,25,GACRI
50186,GACRI,FIAT,PALIO,FIRE - SIENA FIRE JUEGO,BUJE,BUJE,,,,50186 PALIO FIRE - SIENA FIRE JUEGO BUJES DIRECCIÓN HIDRÁULICA (6 PIEZAS) CÓDIGO:,50186 PALIO FIRE - SIENA FIRE JUEGO BUJES DIRECCIÓN HIDRÁULICA (6 PIEZAS) CÓDIGO:,,,,25,GACRI
50193,GACRI,FIAT,PALIO,QUBO-LINEA-PUNTO -GRAND SIENA -GRAND SIENA-IDEA MOTOR ETORQ,SOPORTE,SOPORTE,AMORTIGUADOR,IZQUIERDO,51839931 51839975 51915671 51915378 | 51877337 | 51848394,SOPORTE DE AMORTIGUADOR IZQ.,50193 QUBO-LINEA-PUNTO PALIO-GRAND SIENA PALIO-GRAND SIENA-IDEA MOTOR ETORQ ORIGINAL: 51839931 51839975 51915671 51915378 ORIGINAL: 51877337 ORIGINAL: 51848394 SOPORTE DE AMORTIGUADOR IZQ.,,,,26,GACRI
50180,GACRI,FIAT,PUNTO,1.4,SOPORTE TENSOR,SOPORTE TENSOR,MOTOR,,51765196,SOPORTE TENSOR DE MOTOR,50180 PUNTO 1.4 ORIGINAL: 51765196 SOPORTE TENSOR DE MOTOR CÓDIGO:,,,,25,GACRI
50181,GACRI,FIAT,PUNTO,1.4,SOPORTE MOTOR,SOPORTE MOTOR,MOTOR,DERECHO,51761601,SOPORTE MOTOR LADO DERECHO,50181 PUNTO 1.4 ORIGINAL: 51761601 SOPORTE MOTOR LADO DERECHO CÓDIGO:,,,,25,GACRI
50182,GACRI,FIAT,PUNTO,1.4,SOPORTE MOTOR,SOPORTE MOTOR,MOTOR,IZQUIERDO,51761607,SOPORTE MOTOR LADO IZQUIERDO,50182 PUNTO 1.4 ORIGINAL: 51761607 SOPORTE MOTOR LADO IZQUIERDO CÓDIGO:,,,,25,GACRI
50183,GACRI,FIAT,PUNTO,1.8,SOPORTE MOTOR,SOPORTE MOTOR,MOTOR,DERECHO,51761602,SOPORTE MOTOR LADO DERECHO A,50183 PUNTO 1.8 ORIGINAL: 51761602 SOPORTE MOTOR LADO DERECHO A CÓDIGO:,,,,25,GACRI
50193,GACRI,FIAT,PUNTO,QUBO-LINEA- PALIO-GRAND SIENA PALIO-GRAND SIENA-IDEA MOTOR ETORQ,SOPORTE,SOPORTE,AMORTIGUADOR,IZQUIERDO,51839931 51839975 51915671 51915378 | 51877337 | 51848394,SOPORTE DE AMORTIGUADOR IZQ.,50193 QUBO-LINEA-PUNTO PALIO-GRAND SIENA PALIO-GRAND SIENA-IDEA MOTOR ETORQ ORIGINAL: 51839931 51839975 51915671 51915378 ORIGINAL: 51877337 ORIGINAL: 51848394 SOPORTE DE AMORTIGUADOR IZQ.,,,,26,GACRI
50198,GACRI,FIAT,PUNTO,GRAND SIENA- -IDES-LINEA QUBO-FIORINO QUBO TORO,SOPORTE MOTOR,SOPORTE MOTOR,MOTOR,DERECHO / TRASERO,51.708.533 51.761.830 | 51821084 | 51936581,SOPORTE DE AMORTIGUADOR TRASERO SOPORTE DE MOTOR DERECHO SOPORTE DE AMORTIGUADOR 23,50198 GRAND SIENA-PUNTO-IDES-LINEA QUBO-FIORINO QUBO TORO ORIGINAL: 51.708.533 51.761.830 ORIGINAL: 51821084 ORIGINAL: 51936581 SOPORTE DE AMORTIGUADOR TRASERO SOPORTE DE MOTOR DERECHO SOPORTE DE AMORTIGUADOR 23,,,,26,GACRI
50052,GACRI,FIAT,R REGATTA,R REGATTA,BUJE BARRA ESTABILIZADORA,BUJE BARRA ESTABILIZADORA,BARRA ESTABILIZADORA,,,BUJE BARRA ESTABILIZADORA O 16 MM 14,50052 R FIAT REGATTA ORIGINAL: BUJE BARRA ESTABILIZADORA O 16 MM 14,,,,17,GACRI
50053,GACRI,FIAT,R REGATTA,R REGATTA,BUJE,BUJE,TENSOR,,,BUJE BARRA TENSORA A 16 MM,50053 R FIAT REGATTA ORIGINAL: BUJE BARRA TENSORA A 16 MM CÓDIGO:,,,,18,GACRI
50054,GACRI,FIAT,R REGATTA,R REGATTA,BUJE,BUJE,TENSOR,,,BUJE TENSOR A 12 MM >,50054 R FIAT REGATTA ORIGINAL: BUJE TENSOR A 12 MM > CÓDIGO:,,,,18,GACRI
50073,GACRI,FIAT,R REGATTA,R REGATTA,,,ESCAPE,,4387294 SOSTÉN DE CAÑO DE ESCAPE INTERMEDIO,50073 R FIAT REGATTA ORIGINAL: 4387294 SOSTÉN DE CAÑO DE ESCAPE INTERMEDIO CÓDIGO:,50073 R FIAT REGATTA ORIGINAL: 4387294 SOSTÉN DE CAÑO DE ESCAPE INTERMEDIO CÓDIGO:,,,,18,GACRI
50095,GACRI,FIAT,R REGATTA,R REGATTA,BUJE,BUJE,TENSOR,,7550274,BUJE TENSOR O 12 MM 15,50095 R FIAT REGATTA ORIGINAL: 7550274 BUJE TENSOR O 12 MM 15,,,,18,GACRI
50051,GACRI,FIAT,REGATTA,,,,,,CAPUCHÓN DE PALIER C/RETÉN,50051 FIAT REGATTA ORIGINAL: CAPUCHÓN DE PALIER C/RETÉN CÓDIGO:,50051 FIAT REGATTA ORIGINAL: CAPUCHÓN DE PALIER C/RETÉN CÓDIGO:,,,,18,GACRI
50067,GACRI,FIAT,REGATTA,,,,ESCAPE,,4214979 SOSTÉN CAÑO DE ESCAPE,50067 FIAT REGATTA ORIGINAL: 4214979 SOSTÉN CAÑO DE ESCAPE CÓDIGO:,50067 FIAT REGATTA ORIGINAL: 4214979 SOSTÉN CAÑO DE ESCAPE CÓDIGO:,,,,17,GACRI
50116,GACRI,FIAT,REGATTA 85,,SOPORTE MOTOR,SOPORTE MOTOR,MOTOR,,5987098,SOPORTE DE MOTOR,50116 FIAT REGATTA 85 ORIGINAL: 5987098 SOPORTE DE MOTOR CÓDIGO:,,,,18,GACRI
50063,GACRI,FIAT,REGATTA N2,,BUJE BARRA ESTABILIZADORA,BUJE BARRA ESTABILIZADORA,BARRA ESTABILIZADORA,,1484161,BUJE BARRA ESTABILIZADORA A 20 MM,50063 FIAT REGATTA N2 ORIGINAL: 1484161 BUJE BARRA ESTABILIZADORA A 20 MM CÓDIGO:,,,,18,GACRI
50117,GACRI,FIAT,REGATTA SC,,SOPORTE MOTOR,SOPORTE MOTOR,MOTOR,,4433965,SOPORTE DE MOTOR,50117 FIAT REGATTA SC ORIGINAL: 4433965 SOPORTE DE MOTOR CÓDIGO:,,,,18,GACRI
50126,GACRI,FIAT,SIENA,PALIO - NAFTERO,SOPORTE MOTOR,SOPORTE MOTOR,MOTOR,DELANTERO,46439600,SOPORTE DE MOTOR DELANTERO DÁ,50126 FIAT PALIO - SIENA NAFTERO ORIGINAL: 46439600 SOPORTE DE MOTOR DELANTERO DÁ CÓDIGO:,,,,20,GACRI
50126,GACRI,FIAT,SIENA,D PALIO,SOPORTE MOTOR,SOPORTE MOTOR,MOTOR,DELANTERO,46440550,SOPORTE DE MOTOR DELANTERO -.,50126 D FIAT PALIO - SIENA ORIGINAL: 46440550 SOPORTE DE MOTOR DELANTERO -.,,,,21,GACRI
50131,GACRI,FIAT,SIENA,PALIO,,,,,46444759,50131 FIAT PALIO - SIENA ORIGINAL: 46444759 CÓDIGO:,50131 FIAT PALIO - SIENA ORIGINAL: 46444759 CÓDIGO:,,,,20,GACRI
50132,GACRI,FIAT,SIENA,PALIO,SOPORTE CAJA,SOPORTE CAJA,CAJA,,7799248,SOPORTE DE CAJA DE VELOCIDADES,50132 FIAT PALIO - SIENA ORIGINAL: 7799248 SOPORTE DE CAJA DE VELOCIDADES CÓDIGO:,,,,21,GACRI
50133,GACRI,FIAT,SIENA,FIATTEMPRA - PALIO,SOPORTE MOTOR,SOPORTE MOTOR,MOTOR,,7520850,SOPORTE DE MOTOR,50133 FIATTEMPRA - PALIO - SIENA ORIGINAL: 7520850 BUJE PUNTA BARRA ESTABILIZADORA SOPORTE DE MOTOR CÓDIGO:,,,,20,GACRI
50135,GACRI,FIAT,SIENA,PALIO,BUJE BARRA ESTABILIZADORA,BUJE BARRA ESTABILIZADORA,BARRA ESTABILIZADORA,,46465901,BUJE BARRA ESTABILIZADORA O 19 MM 17,50135 FIAT PALIO - SIENA ORIGINAL: 46465901 BUJE BARRA ESTABILIZADORA O 19 MM 17,,,,20,GACRI
50136,GACRI,FIAT,SIENA,PALIO - N2,BUJE BARRA ESTABILIZADORA,BUJE BARRA ESTABILIZADORA,BARRA ESTABILIZADORA,,46465901,BUJE BARRA ESTABILIZADORA A 20 MM,50136 FIAT PALIO - SIENA N2 ORIGINAL: 46465901 BUJE BARRA ESTABILIZADORA A 20 MM CÓDIGO:,,,,21,GACRI
50138,GACRI,FIAT,SIENA,PALIO - - PALIO WEEKEND,SOPORTE,SOPORTE,ESCAPE,,7798284,SOPORTE DE CAÑO DE ESCAPE,50138 FIAT PALIO - SIENA - PALIO WEEKEND ORIGINAL: 7798284 SOPORTE DE CAÑO DE ESCAPE CÓDIGO:,,,,21,GACRI
50139,GACRI,FIAT,SIENA,DUNA - UNO - PALIO - - REGATTA,,,,,CUBRE PEDAL DE FRENO Y EMBRAGUE,50139 FIAT DUNA - UNO - PALIO - SIENA - REGATTA ORIGINAL: CUBRE PEDAL DE FRENO Y EMBRAGUE CÓDIGO:,50139 FIAT DUNA - UNO - PALIO - SIENA - REGATTA ORIGINAL: CUBRE PEDAL DE FRENO Y EMBRAGUE CÓDIGO:,,,,21,GACRI
50142,GACRI,FIAT,SIENA,PALIO - (FULL) N2,SOPORTE,SOPORTE,PARRILLA,DERECHO,46454078,SOPORTE PUNTA DE PARRILLA DERECHO,50142 FIAT PALIO - SIENA (FULL) N2 ORIGINAL: 46454078 SOPORTE PUNTA DE PARRILLA DERECHO CÓDIGO:,,,,22,GACRI
50143,GACRI,FIAT,SIENA,PALIO - (FULL),SOPORTE,SOPORTE,PARRILLA,IZQUIERDO,46454077,SOPORTE PUNTA DE PARRILLA IZQUIERDO JO,50143 FIAT PALIO - SIENA (FULL) ORIGINAL: 46454077 SOPORTE PUNTA DE PARRILLA IZQUIERDO JO CÓDIGO:,,,,22,GACRI
50144,GACRI,FIAT,SIENA,PALIO,,,CAJA,,FUELLE CAJA DE DIRECCIÓN,50144 FIAT PALIO - SIENA ORIGINAL: FUELLE CAJA DE DIRECCIÓN CÓDIGO:,50144 FIAT PALIO - SIENA ORIGINAL: FUELLE CAJA DE DIRECCIÓN CÓDIGO:,,,,22,GACRI
50146,GACRI,FIAT,SIENA,PALIO - (BASE),SOPORTE,SOPORTE,PARRILLA,DERECHO,46450462,SOPORTE PUNTA DE PARRILLA DERECHO,50146 FIAT PALIO - SIENA (BASE) ORIGINAL: 46450462 SOPORTE PUNTA DE PARRILLA DERECHO CÓDIGO:,,,,21,GACRI
50147,GACRI,FIAT,SIENA,PALIO - (BASE),SOPORTE,SOPORTE,PARRILLA,IZQUIERDO,46450461,SOPORTE PUNTA DE PARRILLA IZQUIERDO,50147 FIAT PALIO - SIENA (BASE) ORIGINAL: 46450461 SOPORTE PUNTA DE PARRILLA IZQUIERDO CÓDIGO:,,,,21,GACRI
50148,GACRI,FIAT,SIENA,PALIO,SOPORTE,SOPORTE,AMORTIGUADOR,DERECHO,467606730,SOPORTE DE AMORTIGUADOR DERECHO OE,50148 PALIO - SIENA ORIGINAL: 467606730 SOPORTE DE AMORTIGUADOR DERECHO OE CÓDIGO:,,,,22,GACRI
50149,GACRI,FIAT,SIENA,PALIO,SOPORTE,SOPORTE,AMORTIGUADOR,IZQUIERDO,467606740,SOPORTE DE AMORTIGUADOR IZQUIERDO,50149 PALIO - SIENA ORIGINAL: 467606740 SOPORTE DE AMORTIGUADOR IZQUIERDO CÓDIGO:,,,,22,GACRI
50152,GACRI,FIAT,SIENA,PALIO,,,,,,50152 PALIO - SIENA,50152 PALIO - SIENA,,,,23,GACRI
50154,GACRI,FIAT,SIENA,UNO - PALIO - MOTOR FIRE,SOPORTE MOTOR,SOPORTE MOTOR,MOTOR,DERECHO / SUPERIOR,51736529,SOPORTE DE MOTOR SUPERIOR DERECHO,50154 UNO - PALIO - SIENA MOTOR FIRE ORIGINAL: 51736529 SOPORTE DE MOTOR SUPERIOR DERECHO CÓDIGO:,,,,23,GACRI
50156,GACRI,FIAT,SIENA,PALIO - FIRE,SOPORTE,SOPORTE,PARRILLA,DERECHO,467485780,SOPORTE PUNTA PARRILLA DERECHO NLL—=Z= == ÑA ___AAAKAKXKXKX),50156 PALIO - SIENA FIRE ORIGINAL: 467485780 SOPORTE PUNTA PARRILLA DERECHO NLL—=Z= == ÑA ___AAAKAKXKXKX) CÓDIGO:,,,,23,GACRI
50157,GACRI,FIAT,SIENA,PALIO - FIRE,SOPORTE,SOPORTE,PARRILLA,IZQUIERDO,467485790,SOPORTE PUNTA PARRILLA IZQUIERDO,50157 PALIO - SIENA FIRE ORIGINAL: 467485790 SOPORTE PUNTA PARRILLA IZQUIERDO CÓDIGO:,,,,23,GACRI
50161,GACRI,FIAT,SIENA,A PALIO - AÑO,,,,,,50161 A PALIO - SIENA AÑO,50161 A PALIO - SIENA AÑO,,,,23,GACRI
50166,GACRI,FIAT,SIENA,DUNA - FIORINO - UNO 128 - 147 - DUNA - UNO PALIO - NY?,BUJE BARRA ESTABILIZADORA,BUJE BARRA ESTABILIZADORA,PARRILLA,,7567085 N2 | 1482311 N2 | 51744226,BUJE PARRILLA TRASERA (LADO EJE) BUJE LADO RÓTULA OSCILANTE A 10 MM BUJE BARRA ESTABILIZADORA,50166 DUNA - FIORINO - UNO 128 - 147 - DUNA - UNO PALIO - SIENA NY? ORIGINAL: 7567085 N2 ORIGINAL: 1482311 N2 ORIGINAL: 51744226 BUJE PARRILLA TRASERA (LADO EJE) BUJE LADO RÓTULA OSCILANTE A 10 MM BUJE BARRA ESTABILIZADORA CÓDIGO:,,,,24,GACRI
50168,GACRI,FIAT,SIENA,PALIO - 1.4 PALIO - 1.4 IDEA,SOPORTE MOTOR,SOPORTE MOTOR,MOTOR,IZQUIERDO / DELANTERO,51736530 | 51736531 | 51744579,SOPORTE DE MOTOR LADO IZQUIERDO SOPORTE DE CAJA SOPORTE DE MOTOR DELANTERO,50168 PALIO - SIENA 1.4 PALIO - SIENA 1.4 IDEA ORIGINAL: 51736530 ORIGINAL: 51736531 ORIGINAL: 51744579 SOPORTE DE MOTOR LADO IZQUIERDO SOPORTE DE CAJA SOPORTE DE MOTOR DELANTERO CÓDIGO:,,,,24,GACRI
50184,GACRI,FIAT,SIENA,PALIO - JUEGO,BUJE,BUJE,,,,50184 PALIO - SIENA JUEGO BUJES DIRECCIÓN HIDRÁULICA (6 PIEZAS) CÓDIGO:,50184 PALIO - SIENA JUEGO BUJES DIRECCIÓN HIDRÁULICA (6 PIEZAS) CÓDIGO:,,,,25,GACRI
50185,GACRI,FIAT,SIENA,PALIO - JUEGO,BUJE,BUJE,,,,50185 PALIO - SIENA JUEGO BUJES DIRECCIÓN MECÁNICA (6 PIEZAS) 22 CÓDIGO:,50185 PALIO - SIENA JUEGO BUJES DIRECCIÓN MECÁNICA (6 PIEZAS) 22 CÓDIGO:,,,,25,GACRI
50186,GACRI,FIAT,SIENA,PALIO FIRE - FIRE JUEGO,BUJE,BUJE,,,,50186 PALIO FIRE - SIENA FIRE JUEGO BUJES DIRECCIÓN HIDRÁULICA (6 PIEZAS) CÓDIGO:,50186 PALIO FIRE - SIENA FIRE JUEGO BUJES DIRECCIÓN HIDRÁULICA (6 PIEZAS) CÓDIGO:,,,,25,GACRI
50193,GACRI,FIAT,SIENA,QUBO-LINEA-PUNTO PALIO-GRAND PALIO-GRAND -IDEA MOTOR ETORQ,SOPORTE,SOPORTE,AMORTIGUADOR,IZQUIERDO,51839931 51839975 51915671 51915378 | 51877337 | 51848394,SOPORTE DE AMORTIGUADOR IZQ.,50193 QUBO-LINEA-PUNTO PALIO-GRAND SIENA PALIO-GRAND SIENA-IDEA MOTOR ETORQ ORIGINAL: 51839931 51839975 51915671 51915378 ORIGINAL: 51877337 ORIGINAL: 51848394 SOPORTE DE AMORTIGUADOR IZQ.,,,,26,GACRI
50198,GACRI,FIAT,SIENA,GRAND -PUNTO-IDES-LINEA QUBO-FIORINO QUBO TORO,SOPORTE MOTOR,SOPORTE MOTOR,MOTOR,DERECHO / TRASERO,51.708.533 51.761.830 | 51821084 | 51936581,SOPORTE DE AMORTIGUADOR TRASERO SOPORTE DE MOTOR DERECHO SOPORTE DE AMORTIGUADOR 23,50198 GRAND SIENA-PUNTO-IDES-LINEA QUBO-FIORINO QUBO TORO ORIGINAL: 51.708.533 51.761.830 ORIGINAL: 51821084 ORIGINAL: 51936581 SOPORTE DE AMORTIGUADOR TRASERO SOPORTE DE MOTOR DERECHO SOPORTE DE AMORTIGUADOR 23,,,,26,GACRI
50176,GACRI,FIAT,TIPO,BRAVO - BRAVA - BRAVO - BRAVA - BRAVO - BRAVA,BUJE,BUJE,,DERECHO / IZQUIERDO,7601065 | 7601068 | 7601064,BUJE BRAZO SUSPENSIÓN IZQUIERDO A 20 MM BUJE BRAZO SUSPENSIÓN DERECHO A 20 MM BUJE BRAZO SUSPENSIÓN A 20 MM 21,50176 BRAVO - BRAVA - TIPO BRAVO - BRAVA - TIPO BRAVO - BRAVA - TIPO ORIGINAL: 7601065 ORIGINAL: 7601068 ORIGINAL: 7601064 BUJE BRAZO SUSPENSIÓN IZQUIERDO A 20 MM BUJE BRAZO SUSPENSIÓN DERECHO A 20 MM BUJE BRAZO SUSPENSIÓN A 20 MM 21,,,,24,GACRI
50177,GACRI,FIAT,TIPO,BRAVO - BRAVA,BUJE,BUJE,,,46423823,BUJE BRAZO SUSPENSIÓN E 21 MM,50177 BRAVO - BRAVA - TIPO ORIGINAL: 46423823 BUJE BRAZO SUSPENSIÓN E 21 MM CÓDIGO:,,,,25,GACRI
50178,GACRI,FIAT,TIPO,BRAVO - BRAVA,BUJE,BUJE,,IZQUIERDO,46423822-A,BUJE BRAZO SUSPENSIÓN IZQUIERDO A 21 MM,50178 BRAVO - BRAVA - TIPO ORIGINAL: 46423822-A BUJE BRAZO SUSPENSIÓN IZQUIERDO A 21 MM CÓDIGO:,,,,25,GACRI
50179,GACRI,FIAT,TIPO,BRAVO - BRAVA,BUJE,BUJE,,DERECHO,46423822,BUJE BRAZO SUSPENSIÓN DERECHO A 21 MM,50179 BRAVO - BRAVA - TIPO ORIGINAL: 46423822 BUJE BRAZO SUSPENSIÓN DERECHO A 21 MM CÓDIGO:,,,,25,GACRI
1600,GACRI,FIAT,UNO,147 - DUNA - 128 125 N2,,,ESCAPE,,410256 | 4214979 | 424979 TAPÓN VARILLA NIVEL DE ACEITE SOSTÉN CAÑO DE ESCAPE SOSTÉN CAÑO DE ESCAPE,1600 - 147 - DUNA - UNO FIAT 128 FIAT 125 N2 ORIGINAL: 410256 ORIGINAL: 4214979 ORIGINAL: 424979 TAPÓN VARILLA NIVEL DE ACEITE SOSTÉN CAÑO DE ESCAPE SOSTÉN CAÑO DE ESCAPE CÓDIGO:,1600 - 147 - DUNA - UNO FIAT 128 FIAT 125 N2 ORIGINAL: 410256 ORIGINAL: 4214979 ORIGINAL: 424979 TAPÓN VARILLA NIVEL DE ACEITE SOSTÉN CAÑO DE ESCAPE SOSTÉN CAÑO DE ESCAPE CÓDIGO:,,,,15,GACRI
50049,GACRI,FIAT,UNO,147 - DUNA - - REGATTA,SOPORTE,SOPORTE,,,4331717,SOPORTE DE ELÁSTICO,50049 FIAT 147 - DUNA - UNO - REGATTA ORIGINAL: 4331717 SOPORTE DE ELÁSTICO CÓDIGO:,,,,19,GACRI
50073,GACRI,FIAT,UNO,D DUNA,SOPORTE,SOPORTE,ESCAPE,,4387294,SOPORTE DE CAÑO DE ESCAPE INTERMEDIO UL,50073 D FIAT DUNA - UNO ORIGINAL: 4387294 SOPORTE DE CAÑO DE ESCAPE INTERMEDIO UL CÓDIGO:,,,,19,GACRI
50079,GACRI,FIAT,UNO,128 128 - 147 - DUNA - 128 - 147 - DUNA,,,CAJA,,4177472 | 4198251 | 4198250 PROTECTOR DE ACEITE C/RETÉN FUELLE DE CAJA DE DIRECCIÓN LARGO FUELLE DE CAJA DE DIRECCIÓN CORTO,50079 FIAT 128 FIAT 128 - 147 - DUNA - UNO FIAT 128 - 147 - DUNA - UNO ORIGINAL: 4177472 ORIGINAL: 4198251 ORIGINAL: 4198250 PROTECTOR DE ACEITE C/RETÉN FUELLE DE CAJA DE DIRECCIÓN LARGO FUELLE DE CAJA DE DIRECCIÓN CORTO CÓDIGO:,50079 FIAT 128 FIAT 128 - 147 - DUNA - UNO FIAT 128 - 147 - DUNA - UNO ORIGINAL: 4177472 ORIGINAL: 4198251 ORIGINAL: 4198250 PROTECTOR DE ACEITE C/RETÉN FUELLE DE CAJA DE DIRECCIÓN LARGO FUELLE DE CAJA DE DIRECCIÓN CORTO CÓDIGO:,,,,15,GACRI
50086,GACRI,FIAT,UNO,147 - DUNA,,,,,4191524 TACO DE APOYO ELÁSTICO A,50086 FIAT 147 - DUNA - UNO ORIGINAL: 4191524 TACO DE APOYO ELÁSTICO A CÓDIGO:,50086 FIAT 147 - DUNA - UNO ORIGINAL: 4191524 TACO DE APOYO ELÁSTICO A CÓDIGO:,,,,19,GACRI
50090,GACRI,FIAT,UNO,DUNA - - 147 SEA,,,,,,TOPE DE SUSPENSIÓN,50090 FIAT DUNA - UNO - 147 SEA TOPE DE SUSPENSIÓN CÓDIGO:,,,,21,GACRI
50100,GACRI,FIAT,UNO,DUNA - DIESEL Y NAFTERO,SOPORTE MOTOR,SOPORTE MOTOR,MOTOR,,7563985,SOPORTE DE MOTOR HE,50100 FIAT DUNA - UNO DIESEL Y NAFTERO ORIGINAL: 7563985 SOPORTE DE MOTOR HE CÓDIGO:,,,,19,GACRI
50101,GACRI,FIAT,UNO,DUNA,SOPORTE,SOPORTE,AMORTIGUADOR,DELANTERO,7583185,SOPORTE DE AMORTIGUADOR DELANTERO,50101 FIAT DUNA - UNO ORIGINAL: 7583185 SOPORTE DE AMORTIGUADOR DELANTERO,,,,19,GACRI
50102,GACRI,FIAT,UNO,DUNA,SOPORTE,SOPORTE,ESCAPE,,7508963,SOPORTE DE CAÑO DE ESCAPE,50102 FIAT DUNA - UNO ORIGINAL: 7508963 SOPORTE DE CAÑO DE ESCAPE CÓDIGO:,,,,19,GACRI
50104,GACRI,FIAT,UNO,DUNA,,,,,5963374 APOYO ESPIRAL ),50104 FIAT DUNA - UNO ORIGINAL: 5963374 APOYO ESPIRAL ) CÓDIGO:,50104 FIAT DUNA - UNO ORIGINAL: 5963374 APOYO ESPIRAL ) CÓDIGO:,,,,19,GACRI
50105,GACRI,FIAT,UNO,DUNA - - WEEKEND 1.7,SOPORTE CAJA,SOPORTE CAJA,CAJA,,7587675,SOPORTE DE CAJA DE VELOCIDAD,50105 FIAT DUNA - UNO - WEEKEND 1.7 ORIGINAL: 7587675 SOPORTE DE CAJA DE VELOCIDAD CÓDIGO:,,,,19,GACRI
50106,GACRI,FIAT,UNO,DUNA,SOPORTE,SOPORTE,ESCAPE,,5983764,SOPORTE DE CAÑO DE ESCAPE 16 SS,50106 FIAT DUNA - UNO ORIGINAL: 5983764 SOPORTE DE CAÑO DE ESCAPE 16 SS CÓDIGO:,,,,19,GACRI
50107,GACRI,FIAT,UNO,DUNA,,,,,FUELLE DE PALIER,50107 FIAT DUNA - UNO ORIGINAL: FUELLE DE PALIER CÓDIGO:,50107 FIAT DUNA - UNO ORIGINAL: FUELLE DE PALIER CÓDIGO:,,,,20,GACRI
50109,GACRI,FIAT,UNO,DUNA - 1.3 DIESEL,SOPORTE CAJA,SOPORTE CAJA,CAJA,,7563957,SOPORTE DE CAJA DE VELOCIDAD AH,50109 FIAT DUNA - UNO 1.3 DIESEL ORIGINAL: 7563957 SOPORTE DE CAJA DE VELOCIDAD AH CÓDIGO:,,,,19,GACRI
50114,GACRI,FIAT,UNO,DUNA,,,,,FUELLE DE PALIER C/ABRAZADERA E,50114 FIAT DUNA - UNO ORIGINAL: FUELLE DE PALIER C/ABRAZADERA E CÓDIGO:,50114 FIAT DUNA - UNO ORIGINAL: FUELLE DE PALIER C/ABRAZADERA E CÓDIGO:,,,,20,GACRI
50123,GACRI,FIAT,UNO,DUNA,,,CAJA,,7550774 AISLADOR DE CAJA DE DIRECCIÓN O,50123 FIAT DUNA - UNO ORIGINAL: 7550774 AISLADOR DE CAJA DE DIRECCIÓN O CÓDIGO:,50123 FIAT DUNA - UNO ORIGINAL: 7550774 AISLADOR DE CAJA DE DIRECCIÓN O CÓDIGO:,,,,20,GACRI
50124,GACRI,FIAT,UNO,DUNA,,,CAJA,,4179802 AISLADOR DE CAJA DE DIRECCIÓN 9,50124 FIAT DUNA - UNO ORIGINAL: 4179802 AISLADOR DE CAJA DE DIRECCIÓN 9 CÓDIGO:,50124 FIAT DUNA - UNO ORIGINAL: 4179802 AISLADOR DE CAJA DE DIRECCIÓN 9 CÓDIGO:,,,,20,GACRI
50127,GACRI,FIAT,UNO,DUNA,,,,,TAPÓN PARA LLENADO DE ACEITE E,50127 FIAT DUNA - UNO ORIGINAL: TAPÓN PARA LLENADO DE ACEITE E CÓDIGO:,50127 FIAT DUNA - UNO ORIGINAL: TAPÓN PARA LLENADO DE ACEITE E CÓDIGO:,,,,20,GACRI
50128,GACRI,FIAT,UNO,DUNA,SOPORTE,SOPORTE,AMORTIGUADOR,TRASERO,7537167,SOPORTE DE AMORTIGUADOR TRASERO 3,50128 FIAT DUNA - UNO ORIGINAL: 7537167 SOPORTE DE AMORTIGUADOR TRASERO 3 CÓDIGO:,,,,20,GACRI
50129,GACRI,FIAT,UNO,DUNA - 94,SOPORTE,SOPORTE,AMORTIGUADOR,TRASERO,7635228,SOPORTE DE AMORTIGUADOR TRASERO,50129 FIAT DUNA - UNO 94 ORIGINAL: 7635228 SOPORTE DE AMORTIGUADOR TRASERO CÓDIGO:,,,,20,GACRI
50130,GACRI,FIAT,UNO,DUNA,SOPORTE,SOPORTE,,,,SOPORTE BASE DE CARBURADOR 5,50130 FIAT DUNA - UNO ORIGINAL: SOPORTE BASE DE CARBURADOR 5 CÓDIGO:,,,,20,GACRI
50139,GACRI,FIAT,UNO,DUNA - - PALIO - SIENA - REGATTA,,,,,CUBRE PEDAL DE FRENO Y EMBRAGUE,50139 FIAT DUNA - UNO - PALIO - SIENA - REGATTA ORIGINAL: CUBRE PEDAL DE FRENO Y EMBRAGUE CÓDIGO:,50139 FIAT DUNA - UNO - PALIO - SIENA - REGATTA ORIGINAL: CUBRE PEDAL DE FRENO Y EMBRAGUE CÓDIGO:,,,,21,GACRI
50140,GACRI,FIAT,UNO,DUNA - - REGATTA,,,,,CUBRE PEDAL DE ACELERADOR Y,50140 FIAT DUNA - UNO - REGATTA ORIGINAL: CUBRE PEDAL DE ACELERADOR Y CÓDIGO:,50140 FIAT DUNA - UNO - REGATTA ORIGINAL: CUBRE PEDAL DE ACELERADOR Y CÓDIGO:,,,,21,GACRI
50145,GACRI,FIAT,UNO,DUNA - JUEGO DE TREN DELANTERO (12 PIEZAS),,,,DELANTERO,,50145 DUNA - UNO JUEGO DE TREN DELANTERO (12 PIEZAS) CÓDIGO:,50145 DUNA - UNO JUEGO DE TREN DELANTERO (12 PIEZAS) CÓDIGO:,,,,22,GACRI
50151,GACRI,FIAT,UNO,DUNA - 1.4,,,,,46593576 AISLANTE BASE CARBURADOR 19,50151 DUNA - UNO 1.4 ORIGINAL: 46593576 AISLANTE BASE CARBURADOR 19,50151 DUNA - UNO 1.4 ORIGINAL: 46593576 AISLANTE BASE CARBURADOR 19,,,,22,GACRI
50154,GACRI,FIAT,UNO,PALIO - SIENA MOTOR FIRE,SOPORTE MOTOR,SOPORTE MOTOR,MOTOR,DERECHO / SUPERIOR,51736529,SOPORTE DE MOTOR SUPERIOR DERECHO,50154 UNO - PALIO - SIENA MOTOR FIRE ORIGINAL: 51736529 SOPORTE DE MOTOR SUPERIOR DERECHO CÓDIGO:,,,,23,GACRI
50158,GACRI,FIAT,UNO,1.3 FIRE,SOPORTE CAJA,SOPORTE CAJA,CAJA,,50017753,SOPORTE DE CAJA DE VELOCIDADES,50158 FIAT UNO 1.3 FIRE ORIGINAL: 50017753 SOPORTE DE CAJA DE VELOCIDADES CÓDIGO:,,,,23,GACRI
50162,GACRI,FIAT,UNO,147 - DUNA,BUJE PARRILLA,BUJE PARRILLA,PARRILLA,,4434652,BUJE PARRILLA TRASERA (LARGO),50162 147 - DUNA - UNO ORIGINAL: 4434652 BUJE PARRILLA TRASERA (LARGO) CÓDIGO:,,,,23,GACRI
50163,GACRI,FIAT,UNO,DUNA - FIORINO,BUJE PARRILLA,BUJE PARRILLA,PARRILLA,,7566848,BUJE PARRILLA TRASERA (LADO RUEDA - PESTAÑA U) 20,50163 DUNA - FIORINO - UNO ORIGINAL: 7566848 BUJE PARRILLA TRASERA (LADO RUEDA - PESTAÑA U) 20,,,,23,GACRI
50166,GACRI,FIAT,UNO,DUNA - FIORINO - 128 - 147 - DUNA - PALIO - SIENA NY?,BUJE BARRA ESTABILIZADORA,BUJE BARRA ESTABILIZADORA,PARRILLA,,7567085 N2 | 1482311 N2 | 51744226,BUJE PARRILLA TRASERA (LADO EJE) BUJE LADO RÓTULA OSCILANTE A 10 MM BUJE BARRA ESTABILIZADORA,50166 DUNA - FIORINO - UNO 128 - 147 - DUNA - UNO PALIO - SIENA NY? ORIGINAL: 7567085 N2 ORIGINAL: 1482311 N2 ORIGINAL: 51744226 BUJE PARRILLA TRASERA (LADO EJE) BUJE LADO RÓTULA OSCILANTE A 10 MM BUJE BARRA ESTABILIZADORA CÓDIGO:,,,,24,GACRI
50187,GACRI,FIAT,UNO,FIRE JUEGO,BUJE,BUJE,,,,50187 UNO FIRE JUEGO BUJES SUSPENSIÓN DELANTERA (10 PIEZAS),50187 UNO FIRE JUEGO BUJES SUSPENSIÓN DELANTERA (10 PIEZAS),,,,25,GACRI
50190,GACRI,FIAT,UNO,FASE LL FASE 1 QUBO LINEA,BUJE PARRILLA,BUJE PARRILLA,MOTOR,DERECHO,51834103 | 51833943 | 51811977,SOPORTE DE MOTOR DERECHO SOPORTE DE AMORTIGUADOR BUJE PARRILLA SUSPENSIÓN DELANTERA Y 0! 00,50190 UNO FASE LL UNO FASE 1 QUBO LINEA ORIGINAL: 51834103 ORIGINAL: 51833943 ORIGINAL: 51811977 SOPORTE DE MOTOR DERECHO SOPORTE DE AMORTIGUADOR BUJE PARRILLA SUSPENSIÓN DELANTERA Y 0! 00 CÓDIGO:,,,,26,GACRI
70205,GACRI,FORD,06,,SOPORTE,SOPORTE,CAJA,,75-556038-DB,SOPORTE DE CAJA ADAPTABLE,ORIGINAL: 75-556038-DB SOPORTE DE CAJA ADAPTABLE CÓDIGO:,,,,43,GACRI
70208,GACRI,FORD,111 08..,,SOPORTE AMORTIGUADOR,SOPORTE AMORTIGUADOR,AMORTIGUADOR,DELANTERO,3M51-3K155-DC,SOPORTE AMORTIGUADOR DELANTERO,ORIGINAL: 3M51-3K155-DC SOPORTE AMORTIGUADOR DELANTERO CÓDIGO:,,,,43,GACRI
70204,GACRI,FORD,COURIER 2002..,,SOPORTE,SOPORTE,CAJA,,96FB7M121AJ,SOPORTE DE CAJA AGUJEROS SIN ROSCA,ORIGINAL: 96FB7M121AJ SOPORTE DE CAJA AGUJEROS SIN ROSCA CÓDIGO:,,,,43,GACRI
70158,GACRI,FORD,ECOSPORT,FIESTA - AÑO,,,,,,70158 FIESTA - ECOSPORT AÑO,70158 FIESTA - ECOSPORT AÑO,,,,39,GACRI
70159,GACRI,FORD,ECOSPORT,FIESTA - AÑO,,,,,,70159 FIESTA - ECOSPORT AÑO,70159 FIESTA - ECOSPORT AÑO,,,,39,GACRI
70160,GACRI,FORD,ECOSPORT,FIESTA - AÑO,,,,,,70160 FIESTA - ECOSPORT AÑO,70160 FIESTA - ECOSPORT AÑO,,,,39,GACRI
70166,GACRI,FORD,ECOSPORT,HIDRAULICO FOCUS - FIESTA,SOPORTE MOTOR,SOPORTE MOTOR,MOTOR,DERECHO,2N15-6F012-JB,SOPORTE MOTOR HIDRÁULICO LADO DERECHO,70166 HIDRAULICO FOCUS - FIESTA - ECOSPORT ORIGINAL: 2N15-6F012-JB SOPORTE MOTOR HIDRÁULICO LADO DERECHO CÓDIGO:,,,,41,GACRI
70167,GACRI,FORD,ECOSPORT,NO HIDRAULICO FIESTA - FOCUS,SOPORTE MOTOR,SOPORTE MOTOR,MOTOR,DERECHO,2N15-6F012-JB,SOPORTE MOTOR NO HIDRÁULICO LADO DERECHO,70167 NO HIDRAULICO FIESTA - FOCUS - ECOSPORT ORIGINAL: 2N15-6F012-JB SOPORTE MOTOR NO HIDRÁULICO LADO DERECHO CÓDIGO:,,,,41,GACRI
70188,GACRI,FORD,ECOSPORT,FIESTA - 1.6 - ROCAM,SOPORTE MOTOR,SOPORTE MOTOR,MOTOR,DERECHO,2565-6F012-LB,SOPORTE DE MOTOR DERECHO,70188 FIESTA - ECOSPORT 1.6 - ROCAM ORIGINAL: 2565-6F012-LB SOPORTE DE MOTOR DERECHO CÓDIGO:,,,,38,GACRI
70189,GACRI,FORD,ECOSPORT,FIESTA - MOTOR ROCAM,SOPORTE MOTOR,SOPORTE MOTOR,MOTOR,TRASERO,2561-6P082-AB,SOPORTE DE MOTOR TRASERO,70189 FIESTA - ECOSPORT MOTOR ROCAM ORIGINAL: 2561-6P082-AB SOPORTE DE MOTOR TRASERO CÓDIGO:,,,,38,GACRI
70190,GACRI,FORD,ECOSPORT,2.0 4X4,SOPORTE MOTOR,SOPORTE MOTOR,MOTOR,TRASERO,2N15-6P082-CA,SOPORTE MOTOR TRASERO A],70190 ECOSPORT 2.0 4X4 ORIGINAL: 2N15-6P082-CA SOPORTE MOTOR TRASERO A] CÓDIGO:,,,,39,GACRI
70191,GACRI,FORD,ECOSPORT,,SOPORTE MOTOR,SOPORTE MOTOR,MOTOR,TRASERO,2N15-6P082-FA,SOPORTE MOTOR TRASERO E,70191 ECOSPORT ORIGINAL: 2N15-6P082-FA SOPORTE MOTOR TRASERO E CÓDIGO:,,,,39,GACRI
70192,GACRI,FORD,ECOSPORT,NY?,SOPORTE AMORTIGUADOR,SOPORTE AMORTIGUADOR,AMORTIGUADOR,,2565-3K155-CB,SOPORTE AMORTIGUADOR,70192 ECOSPORT NY? ORIGINAL: 2565-3K155-CB SOPORTE AMORTIGUADOR CÓDIGO:,,,,39,GACRI
70193,GACRI,FORD,ECOSPORT,4X4,SOPORTE MOTOR,SOPORTE MOTOR,MOTOR,DELANTERO,2N15-6F012-LA,SOPORTE MOTOR DEL.,70193 ECOSPORT 4X4 ORIGINAL: 2N15-6F012-LA SOPORTE MOTOR DEL.,,,,39,GACRI
70194,GACRI,FORD,ECOSPORT,4X2,BUJE BARRA ESTABILIZADORA,BUJE BARRA ESTABILIZADORA,BARRA ESTABILIZADORA,,98AG-5484-DA,BUJE BARRA ESTABILIZADORA 016 MM,70194 ECOSPORT 4X2 ORIGINAL: 98AG-5484-DA BUJE BARRA ESTABILIZADORA 016 MM CÓDIGO:,,,,39,GACRI
70195,GACRI,FORD,ECOSPORT,4X4,BUJE BARRA ESTABILIZADORA,BUJE BARRA ESTABILIZADORA,BARRA ESTABILIZADORA,,2N15-5484-BA,BUJE BARRA ESTABILIZADORA 0 18 MM,70195 ECOSPORT 4X4 ORIGINAL: 2N15-5484-BA BUJE BARRA ESTABILIZADORA 0 18 MM CÓDIGO:,,,,39,GACRI
70203,GACRI,FORD,ECOSPORT,,SOPORTE,SOPORTE,ESCAPE,,SIN,70203 ECOSPORT ORIGINAL: SIN CÓDIGO SOPORTE CAÑO DE ESCAPE 39,70203 ECOSPORT ORIGINAL: SIN CÓDIGO SOPORTE CAÑO DE ESCAPE 39,,,,42,GACRI
70209,GACRI,FORD,ECOSPORT,4X2 Y 4X4 FIESTA KINECTIC,SOPORTE CAJA,SOPORTE CAJA,CAJA,DELANTERO,2565-7M121-AB | 8V51-3K155-BA,SOPORTE DE CAJA DE VELOCIDADES SOPORTE AMORTIGUADOR DELANTERO,70209 ECOSPORT 4X2 Y 4X4 FIESTA KINECTIC ORIGINAL: 2565-7M121-AB ORIGINAL: 8V51-3K155-BA SOPORTE DE CAJA DE VELOCIDADES SOPORTE AMORTIGUADOR DELANTERO CÓDIGO:,,,,44,GACRI
70218,GACRI,FORD,ECOSPORT,HIDRAULICO KINECTIC,SOPORTE MOTOR,SOPORTE MOTOR,MOTOR,DERECHO,CN15-6F012-DC,SOPORTE DE MOTOR DERECHO HIDRAULICO,70218 HIDRAULICO ECOSPORT KINECTIC ORIGINAL: CN15-6F012-DC SOPORTE DE MOTOR DERECHO HIDRAULICO CÓDIGO:,,,,44,GACRI
70224,GACRI,FORD,ECOSPORT,KINECTIC 2.0 O 4X2,SOPORTE MOTOR,SOPORTE MOTOR,MOTOR,IZQUIERDO,CN15-7M121-CB,SOPORTE DE MOTOR IZQUIERDO,70224 ECOSPORT KINECTIC 2.0 O 4X2 ORIGINAL: CN15-7M121-CB SOPORTE DE MOTOR IZQUIERDO CÓDIGO:,,,,44,GACRI
70225,GACRI,FORD,ECOSPORT,KINECTIC 1.6,SOPORTE MOTOR,SOPORTE MOTOR,MOTOR,TRASERO,CV21-6P082-DA,SOPORTE DE MOTOR TRASERO,70225 ECOSPORT KINECTIC 1.6 ORIGINAL: CV21-6P082-DA SOPORTE DE MOTOR TRASERO CÓDIGO:,,,,44,GACRI
70231,GACRI,FORD,ECOSPORT,KINECTIC 4X2,SOPORTE MOTOR,SOPORTE MOTOR,MOTOR,IZQUIERDO,CV21-7M1121-AD,SOPORTE DE MOTOR IZQUIERDO DM.,70231 ECOSPORT KINECTIC 4X2 ORIGINAL: CV21-7M1121-AD SOPORTE DE MOTOR IZQUIERDO DM.,,,,44,GACRI
70230,GACRI,FORD,ECOSPORT KINECTIC 2.0 ECOSPORT KINECTIC 4X2 13..,,SOPORTE MOTOR,SOPORTE MOTOR,MOTOR,IZQUIERDO / TRASERO,CN15-6P082-CA | CV21-7M121-AC,SOPORTE TRASERO DE MOTOR SOPORTE DE MOTOR IZQUIERDO,ORIGINAL: CN15-6P082-CA ORIGINAL: CV21-7M121-AC SOPORTE TRASERO DE MOTOR SOPORTE DE MOTOR IZQUIERDO CÓDIGO:,,,,44,GACRI
70117,GACRI,FORD,ESCORT,,SOPORTE MOTOR,SOPORTE MOTOR,MOTOR,IZQUIERDO / TRASERO,84AU6B049C,SOPORTE DE MOTOR TRASERO IZQUIERDO,70117 ESCORT ORIGINAL: 84AU6B049C SOPORTE DE MOTOR TRASERO IZQUIERDO CÓDIGO:,,,,36,GACRI
70118,GACRI,FORD,ESCORT,N2,SOPORTE MOTOR,SOPORTE MOTOR,MOTOR,DERECHO / TRASERO,86AUG038AA,SOPORTE DE MOTOR TRASERO DERECHO AL,70118 ESCORT N2 ORIGINAL: 86AUG038AA SOPORTE DE MOTOR TRASERO DERECHO AL CÓDIGO:,,,,36,GACRI
70119,GACRI,FORD,ESCORT,1.8 XR3,SOPORTE MOTOR,SOPORTE MOTOR,MOTOR,DERECHO / TRASERO,90AUGO38AA,SOPORTE DE MOTOR TRASERO DERECHO,70119 ESCORT 1.8 XR3 ORIGINAL: 90AUGO38AA SOPORTE DE MOTOR TRASERO DERECHO CÓDIGO:,,,,36,GACRI
70120,GACRI,FORD,ESCORT,,SOPORTE MOTOR,SOPORTE MOTOR,MOTOR,DELANTERO,86AU6B032C,SOPORTE DE MOTOR DELANTERO A,70120 ESCORT ORIGINAL: 86AU6B032C SOPORTE DE MOTOR DELANTERO A CÓDIGO:,,,,36,GACRI
70121,GACRI,FORD,ESCORT,1.8,SOPORTE MOTOR,SOPORTE MOTOR,MOTOR,DERECHO / TRASERO,9DAUGO68BA,SOPORTE DE MOTOR TRASERO DERECHO BA,70121 ESCORT 1.8 ORIGINAL: 9DAUGO68BA SOPORTE DE MOTOR TRASERO DERECHO BA CÓDIGO:,,,,36,GACRI
70137,GACRI,FORD,ESCORT,96,SOPORTE MOTOR,SOPORTE MOTOR,MOTOR,,1012995 | 86-AU3K132-A | 95AB-3K155-AD,SOPORTE MOTOR LADO CAJA (HIDRÁULICO) A,70137 ESCORT ESCORT ESCORT 96 ORIGINAL: 1012995 ORIGINAL: 86-AU3K132-A ORIGINAL: 95AB-3K155-AD SOPORTE MOTOR LADO CAJA (HIDRÁULICO) A CÓDIGO:,,,,37,GACRI
70152,GACRI,FORD,ESCORT,,BUJE,BUJE,TENSOR,DELANTERO / TRASERO,81 AB-5K897-BA,BUJE TENSOR DELANTERO Y TRASERO,70152 ESCORT ORIGINAL: 81 AB-5K897-BA BUJE TENSOR DELANTERO Y TRASERO CÓDIGO:,,,,38,GACRI
70155,GACRI,FORD,ESCORT,FIESTA - KA - ORION - FIESTA - KA - ORION COURIER - FIESTA,BUJE PARRILLA,BUJE PARRILLA,PARRILLA,CENTRAL,547407181 | 96FB-3063-AB,BUJE PARRILLA DELANTERA PARTE DELANTERA (BARRILITO) BUJE PARRILLA DELANTERA PARTE TRASERA (PUNTA PESTAÑA) BUJE PARRILLA DELANTERA (CENTRAL) 35,70155 ESCORT - FIESTA - KA - ORION ESCORT - FIESTA - KA - ORION COURIER - FIESTA ORIGINAL: 547407181 ORIGINAL: 547407181 ORIGINAL: 96FB-3063-AB BUJE PARRILLA DELANTERA PARTE DELANTERA (BARRILITO) BUJE PARRILLA DELANTERA PARTE TRASERA (PUNTA PESTAÑA) BUJE PARRILLA DELANTERA (CENTRAL) 35,,,,38,GACRI
70170,GACRI,FORD,ESCORT,HIDRAULICO NAFTA NAFTA DIESEL,SOPORTE MOTOR,SOPORTE MOTOR,MOTOR,,95AB-6038-EF | 95AB-6038-CA,SOPORTE MOTOR LATERAL HIDRÁULICO SOPORTE MOTOR LATERAL NO HIDRÁULICO SOPORTE MOTOR LATERAL HIDRÁULICO,70170 HIDRAULICO ESCORT NAFTA ESCORT NAFTA ESCORT DIESEL ORIGINAL: 95AB-6038-EF ORIGINAL: 95AB-6038-EF ORIGINAL: 95AB-6038-CA SOPORTE MOTOR LATERAL HIDRÁULICO SOPORTE MOTOR LATERAL NO HIDRÁULICO SOPORTE MOTOR LATERAL HIDRÁULICO CÓDIGO:,,,,40,GACRI
70179,GACRI,FORD,ESCORT,DIESEL RANGER DIESEL,SOPORTE MOTOR,SOPORTE MOTOR,MOTOR,DERECHO / IZQUIERDO,95AB-6038-CA | 94AB-6B032-AB | 787R-6038-A,SOPORTE MOTOR LATERAL NO HIDRÁULICO SOPORTE MOTOR DERECHO SOPORTE DE MOTOR IZQUIERDO JS,70179 ESCORT DIESEL ESCORT RANGER DIESEL ORIGINAL: 95AB-6038-CA ORIGINAL: 94AB-6B032-AB ORIGINAL: 787R-6038-A SOPORTE MOTOR LATERAL NO HIDRÁULICO SOPORTE MOTOR DERECHO SOPORTE DE MOTOR IZQUIERDO JS CÓDIGO:,,,,40,GACRI
70199,GACRI,FORD,ESCORT,FIESTA - - COURIER,BUJE BARRA ESTABILIZADORA,BUJE BARRA ESTABILIZADORA,BARRA ESTABILIZADORA,,94AB-5484-AA,BUJE BARRA ESTABILIZADORA O 16 MM,70199 FIESTA - ESCORT - COURIER ORIGINAL: 94AB-5484-AA BUJE BARRA ESTABILIZADORA O 16 MM CÓDIGO:,,,,42,GACRI
6038,GACRI,FORD,F-100,FALCON - FAIRLANE - F 100 N2,SOPORTE MOTOR,SOPORTE MOTOR,MOTOR,DELANTERO,C 6 DZ-6038-F,SOPORTE DE MOTOR DELANTERO,FALCON - FAIRLANE - F 100 N2 ORIGINAL: C 6 DZ-6038-F SOPORTE DE MOTOR DELANTERO CÓDIGO:,,,,34,GACRI
70010,GACRI,FORD,F-100,F 100 DIESEL - F 350 C/MOTOR PERKINS,SOPORTE MOTOR,SOPORTE MOTOR,MOTOR,DELANTERO,BADODZ-6038-A,SOPORTE DE MOTOR DELANTERO,70010 F 100 DIESEL - F 350 C/MOTOR PERKINS ORIGINAL: BADODZ-6038-A SOPORTE DE MOTOR DELANTERO CÓDIGO:,,,,34,GACRI
34187,GACRI,FORD,F.,FALCON (EPA) N2,BUJE,BUJE,TENSOR,,C 6 DZ-34187-A,BUJE TENSOR $,FALCON (EPA) N2 ORIGINAL: C 6 DZ-34187-A BUJE TENSOR $ CÓDIGO:,,,,34,GACRI
3470,GACRI,FORD,F.,FAIRLANE,BUJE,BUJE,TENSOR,,82DR-3470-A,BUJE TENSOR (MACHO-HEMBRA) Ó,FAIRLANE ORIGINAL: 82DR-3470-A BUJE TENSOR (MACHO-HEMBRA) Ó CÓDIGO:,,,,34,GACRI
38177,GACRI,FORD,F. 100 F.,FALCON FALCON - 188 221,SOPORTE,SOPORTE,CAJA,DELANTERO,C5T2-38177-A | CODT-7A533-A | BAE20Z6068A,SOPORTE DE CAJA,FALCON FALCON - 188 221 ORIGINAL: C5T2-38177-A ORIGINAL: CODT-7A533-A ORIGINAL: BAE20Z6068A BUJE PIVOT EJE DELANTERO Y 16 MM A GUARDAPOLVO VARILLA PEDAL EMBRAGUE U SOPORTE DE CAJA CÓDIGO:,,,,35,GACRI
70035,GACRI,FORD,F. FALCON,,,,,,BASE APOYO ESPIRAL 31,70035 F. FALCON ORIGINAL: BASE APOYO ESPIRAL 31,70035 F. FALCON ORIGINAL: BASE APOYO ESPIRAL 31,,,,34,GACRI
70103,GACRI,FORD,F100,F150 FALCON 4 BANCADAS FALCON 1962-80,SOPORTE MOTOR,SOPORTE MOTOR,MOTOR,DELANTERO,FT71199201 | CODD6038F | CIDZ6068A,"SOPORTE DE MOTOR DELANTERO SOPORTE DE MOTOR DELANTERO %,","70103 F100 - F150 FALCON 4 BANCADAS FALCON 1962-80 ORIGINAL: FT71199201 ORIGINAL: CODD6038F ORIGINAL: CIDZ6068A SOPORTE DE MOTOR DELANTERO SOPORTE DE MOTOR DELANTERO %, CÓDIGO:",,,,35,GACRI
70113,GACRI,FORD,F100,8 CILINDROS - F600 - F700,SOPORTE MOTOR,SOPORTE MOTOR,MOTOR,DELANTERO,CIMM6038C | BAC6TZ6068A | BAC7D56038A,SOPORTE DE MOTOR DELANTERO SOPORTE DE CAJA SOPORTE DE MOTOR DELANTERO 32,70113 F100 8 CILINDROS F100 F100 - F600 - F700 ORIGINAL: CIMM6038C ORIGINAL: BAC6TZ6068A ORIGINAL: BAC7D56038A SOPORTE DE MOTOR DELANTERO SOPORTE DE CAJA SOPORTE DE MOTOR DELANTERO 32,,,,35,GACRI
70116,GACRI,FORD,F100,N2,SOPORTE,SOPORTE,,SUPERIOR,CO7PZ8100BOA,SOPORTE DE CARROCERÍA SUPERIOR $,70116 F100 N2 ORIGINAL: CO7PZ8100BOA SOPORTE DE CARROCERÍA SUPERIOR $ CÓDIGO:,,,,36,GACRI
70134,GACRI,FORD,F100,DIESEL MAXION,SOPORTE MOTOR,SOPORTE MOTOR,MOTOR,DELANTERO,96TUGOI8AA,SOPORTE DE MOTOR DELANTERO PA,70134 F100 DIESEL MAXION ORIGINAL: 96TUGOI8AA SOPORTE DE MOTOR DELANTERO PA CÓDIGO:,,,,36,GACRI
70103,GACRI,FORD,F150,F100 - FALCON 4 BANCADAS FALCON 1962-80,SOPORTE MOTOR,SOPORTE MOTOR,MOTOR,DELANTERO,FT71199201 | CODD6038F | CIDZ6068A,"SOPORTE DE MOTOR DELANTERO SOPORTE DE MOTOR DELANTERO %,","70103 F100 - F150 FALCON 4 BANCADAS FALCON 1962-80 ORIGINAL: FT71199201 ORIGINAL: CODD6038F ORIGINAL: CIDZ6068A SOPORTE DE MOTOR DELANTERO SOPORTE DE MOTOR DELANTERO %, CÓDIGO:",,,,35,GACRI
70036,GACRI,FORD,FIESTA,,SOPORTE MOTOR,SOPORTE MOTOR,MOTOR,,6194624,SOPORTE DE MOTOR NAFTERO,70036 FIESTA ORIGINAL: 6194624 SOPORTE DE MOTOR NAFTERO CÓDIGO:,,,,36,GACRI
70037,GACRI,FORD,FIESTA,KA - COURIER 96,SOPORTE,SOPORTE,AMORTIGUADOR,,96-FB-3K-155AB,SOPORTE DE AMORTIGUADOR 33,70037 FIESTA - KA - COURIER 96 ORIGINAL: 96-FB-3K-155AB SOPORTE DE AMORTIGUADOR 33,,,,36,GACRI
70040,GACRI,FORD,FIESTA,NAFTA - DIESEL DIESEL NAFTA,SOPORTE MOTOR,SOPORTE MOTOR,MOTOR,DERECHO / IZQUIERDO,6203710 | 6185027 | 7229329,SOPORTE DE MOTOR DERECHO SOPORTE DE MOTOR IZQUIERDO SOPORTE DE MOTOR DERECHO É_—_——Z224A>+>+>+Á $,70040 FIESTA NAFTA - DIESEL FIESTA DIESEL FIESTA NAFTA ORIGINAL: 6203710 ORIGINAL: 6185027 ORIGINAL: 7229329 SOPORTE DE MOTOR DERECHO SOPORTE DE MOTOR IZQUIERDO SOPORTE DE MOTOR DERECHO É_—_——Z224A>+>+>+Á $ CÓDIGO:,,,,37,GACRI
70143,GACRI,FORD,FIESTA,KA 99 KA 97,SOPORTE MOTOR,SOPORTE MOTOR,MOTOR,DERECHO / TRASERO,XS-516038-AC | 96FB-18198-AG | 96FB-7M121-AJ,SOPORTE DE MOTOR DERECHO SOPORTE DE AMORTIGUADOR TRASERO SOPORTE DE CAJA 34,70143 KA 99 KA 97 FIESTA ORIGINAL: XS-516038-AC ORIGINAL: 96FB-18198-AG ORIGINAL: 96FB-7M121-AJ SOPORTE DE MOTOR DERECHO SOPORTE DE AMORTIGUADOR TRASERO SOPORTE DE CAJA 34,,,,37,GACRI
70146,GACRI,FORD,FIESTA,NO HIDRAULICO DIESEL DIESEL,SOPORTE MOTOR,SOPORTE MOTOR,MOTOR,DELANTERO / CENTRAL,XS61-6P082-AA | 1018303 | 1021268,SOPORTE DE MOTOR CENTRAL SOPORTE DE MOTOR CENTRAL SOPORTE DE MOTOR DELANTERO (NO HIDRÁULICO),70146 NO HIDRAULICO FIESTA FIESTA DIESEL FIESTA DIESEL ORIGINAL: XS61-6P082-AA ORIGINAL: 1018303 ORIGINAL: 1021268 SOPORTE DE MOTOR CENTRAL SOPORTE DE MOTOR CENTRAL SOPORTE DE MOTOR DELANTERO (NO HIDRÁULICO) CÓDIGO:,,,,38,GACRI
70155,GACRI,FORD,FIESTA,ESCORT - - KA - ORION ESCORT - - KA - ORION COURIER,BUJE PARRILLA,BUJE PARRILLA,PARRILLA,CENTRAL,547407181 | 96FB-3063-AB,BUJE PARRILLA DELANTERA PARTE DELANTERA (BARRILITO) BUJE PARRILLA DELANTERA PARTE TRASERA (PUNTA PESTAÑA) BUJE PARRILLA DELANTERA (CENTRAL) 35,70155 ESCORT - FIESTA - KA - ORION ESCORT - FIESTA - KA - ORION COURIER - FIESTA ORIGINAL: 547407181 ORIGINAL: 547407181 ORIGINAL: 96FB-3063-AB BUJE PARRILLA DELANTERA PARTE DELANTERA (BARRILITO) BUJE PARRILLA DELANTERA PARTE TRASERA (PUNTA PESTAÑA) BUJE PARRILLA DELANTERA (CENTRAL) 35,,,,38,GACRI
70156,GACRI,FORD,FIESTA,COURIER - AÑO,,,,,,70156 COURIER - FIESTA AÑO,70156 COURIER - FIESTA AÑO,,,,39,GACRI
70157,GACRI,FORD,FIESTA,COURIER - AÑO,,,,,,70157 COURIER - FIESTA AÑO,70157 COURIER - FIESTA AÑO,,,,39,GACRI
70158,GACRI,FORD,FIESTA,ECOSPORT AÑO,,,,,,70158 FIESTA - ECOSPORT AÑO,70158 FIESTA - ECOSPORT AÑO,,,,39,GACRI
70159,GACRI,FORD,FIESTA,ECOSPORT AÑO,,,,,,70159 FIESTA - ECOSPORT AÑO,70159 FIESTA - ECOSPORT AÑO,,,,39,GACRI
70160,GACRI,FORD,FIESTA,ECOSPORT AÑO,,,,,,70160 FIESTA - ECOSPORT AÑO,70160 FIESTA - ECOSPORT AÑO,,,,39,GACRI
70166,GACRI,FORD,FIESTA,HIDRAULICO FOCUS - - ECOSPORT,SOPORTE MOTOR,SOPORTE MOTOR,MOTOR,DERECHO,2N15-6F012-JB,SOPORTE MOTOR HIDRÁULICO LADO DERECHO,70166 HIDRAULICO FOCUS - FIESTA - ECOSPORT ORIGINAL: 2N15-6F012-JB SOPORTE MOTOR HIDRÁULICO LADO DERECHO CÓDIGO:,,,,41,GACRI
70167,GACRI,FORD,FIESTA,NO HIDRAULICO - FOCUS - ECOSPORT,SOPORTE MOTOR,SOPORTE MOTOR,MOTOR,DERECHO,2N15-6F012-JB,SOPORTE MOTOR NO HIDRÁULICO LADO DERECHO,70167 NO HIDRAULICO FIESTA - FOCUS - ECOSPORT ORIGINAL: 2N15-6F012-JB SOPORTE MOTOR NO HIDRÁULICO LADO DERECHO CÓDIGO:,,,,41,GACRI
70178,GACRI,FORD,FIESTA,HIDRAULICO DIESEL NAFTA NAFTA,SOPORTE MOTOR,SOPORTE MOTOR,MOTOR,DELANTERO,10.212.68 | 1024123 | 10.241.23/10.604.01,SOPORTE MOTOR HIDRÁULICO DELANTERO SOPORTE DE MOTOR DELANTERO (NO HIDRÁULICO) SOPORTE MOTOR HIDRÁULICO DELANTERO Y,70178 HIDRAULICO FIESTA DIESEL FIESTA NAFTA FIESTA NAFTA ORIGINAL: 10.212.68 ORIGINAL: 1024123 ORIGINAL: 10.241.23/10.604.01 SOPORTE MOTOR HIDRÁULICO DELANTERO SOPORTE DE MOTOR DELANTERO (NO HIDRÁULICO) SOPORTE MOTOR HIDRÁULICO DELANTERO Y CÓDIGO:,,,,38,GACRI
70188,GACRI,FORD,FIESTA,ECOSPORT 1.6 - ROCAM,SOPORTE MOTOR,SOPORTE MOTOR,MOTOR,DERECHO,2565-6F012-LB,SOPORTE DE MOTOR DERECHO,70188 FIESTA - ECOSPORT 1.6 - ROCAM ORIGINAL: 2565-6F012-LB SOPORTE DE MOTOR DERECHO CÓDIGO:,,,,38,GACRI
70189,GACRI,FORD,FIESTA,ECOSPORT MOTOR ROCAM,SOPORTE MOTOR,SOPORTE MOTOR,MOTOR,TRASERO,2561-6P082-AB,SOPORTE DE MOTOR TRASERO,70189 FIESTA - ECOSPORT MOTOR ROCAM ORIGINAL: 2561-6P082-AB SOPORTE DE MOTOR TRASERO CÓDIGO:,,,,38,GACRI
70199,GACRI,FORD,FIESTA,ESCORT - COURIER,BUJE BARRA ESTABILIZADORA,BUJE BARRA ESTABILIZADORA,BARRA ESTABILIZADORA,,94AB-5484-AA,BUJE BARRA ESTABILIZADORA O 16 MM,70199 FIESTA - ESCORT - COURIER ORIGINAL: 94AB-5484-AA BUJE BARRA ESTABILIZADORA O 16 MM CÓDIGO:,,,,42,GACRI
70209,GACRI,FORD,FIESTA,ECOSPORT 4X2 Y 4X4 KINECTIC,SOPORTE CAJA,SOPORTE CAJA,CAJA,DELANTERO,2565-7M121-AB | 8V51-3K155-BA,SOPORTE DE CAJA DE VELOCIDADES SOPORTE AMORTIGUADOR DELANTERO,70209 ECOSPORT 4X2 Y 4X4 FIESTA KINECTIC ORIGINAL: 2565-7M121-AB ORIGINAL: 8V51-3K155-BA SOPORTE DE CAJA DE VELOCIDADES SOPORTE AMORTIGUADOR DELANTERO CÓDIGO:,,,,44,GACRI
70205,GACRI,FORD,FIESTA 99,,SOPORTE,SOPORTE,CAJA,,75-556038-DB,SOPORTE DE CAJA ADAPTABLE,ORIGINAL: 75-556038-DB SOPORTE DE CAJA ADAPTABLE CÓDIGO:,,,,43,GACRI
70228,GACRI,FORD,FIESTA KINECTIC 2013.,,SOPORTE MOTOR,SOPORTE MOTOR,MOTOR,IZQUIERDO,8V51-7M121-AE,SOPORTE DE MOTOR IZQUIERDO LADO CAJA,ORIGINAL: 8V51-7M121-AE SOPORTE DE MOTOR IZQUIERDO LADO CAJA CÓDIGO:,,,,44,GACRI
70148,GACRI,FORD,FOCUS,NO HIDRAULICO,SOPORTE MOTOR,SOPORTE MOTOR,MOTOR,DERECHO,1072572,SOPORTE DE MOTOR DERECHO (NO HIDRÁULICO) FORD,70148 NO HIDRAULICO FOCUS ORIGINAL: 1072572 SOPORTE DE MOTOR DERECHO (NO HIDRÁULICO) FORD CÓDIGO:,,,,41,GACRI
70149,GACRI,FORD,FOCUS,,SOPORTE,SOPORTE,MOTOR,CENTRAL,1061205,SOPORTE CENTRAL DE MOTOR Q,70149 FOCUS ORIGINAL: 1061205 SOPORTE CENTRAL DE MOTOR Q- CÓDIGO:,,,,42,GACRI
70150,GACRI,FORD,FOCUS,NO HIDRAULICO,SOPORTE MOTOR,SOPORTE MOTOR,MOTOR,IZQUIERDO,1104173,SOPORTE DE MOTOR IZQUIERDO (NO HIDRÁULICO),70150 NO HIDRAULICO FOCUS ORIGINAL: 1104173 SOPORTE DE MOTOR IZQUIERDO (NO HIDRÁULICO) CÓDIGO:,,,,41,GACRI
70151,GACRI,FORD,FOCUS,N2,SOPORTE AMORTIGUADOR,SOPORTE AMORTIGUADOR,AMORTIGUADOR,,9BAG-3K155-AF,CAZOLETA AMORTIGUADOR —AP,70151 FOCUS N2 ORIGINAL: 9BAG-3K155-AF CAZOLETA AMORTIGUADOR —AP- CÓDIGO:,,,,42,GACRI
70165,GACRI,FORD,FOCUS,HIDRAULICO,SOPORTE MOTOR,SOPORTE MOTOR,MOTOR,DERECHO,10.725.72/11.024.56,SOPORTE MOTOR HIDRÁULICO LADO DERECHO A],70165 HIDRAULICO FOCUS ORIGINAL: 10.725.72/11.024.56 SOPORTE MOTOR HIDRÁULICO LADO DERECHO A] CÓDIGO:,,,,41,GACRI
70166,GACRI,FORD,FOCUS,HIDRAULICO - FIESTA - ECOSPORT,SOPORTE MOTOR,SOPORTE MOTOR,MOTOR,DERECHO,2N15-6F012-JB,SOPORTE MOTOR HIDRÁULICO LADO DERECHO,70166 HIDRAULICO FOCUS - FIESTA - ECOSPORT ORIGINAL: 2N15-6F012-JB SOPORTE MOTOR HIDRÁULICO LADO DERECHO CÓDIGO:,,,,41,GACRI
70167,GACRI,FORD,FOCUS,NO HIDRAULICO FIESTA - - ECOSPORT,SOPORTE MOTOR,SOPORTE MOTOR,MOTOR,DERECHO,2N15-6F012-JB,SOPORTE MOTOR NO HIDRÁULICO LADO DERECHO,70167 NO HIDRAULICO FIESTA - FOCUS - ECOSPORT ORIGINAL: 2N15-6F012-JB SOPORTE MOTOR NO HIDRÁULICO LADO DERECHO CÓDIGO:,,,,41,GACRI
70176,GACRI,FORD,FOCUS,HIDRAULICO,SOPORTE MOTOR,SOPORTE MOTOR,MOTOR,,"11,041.73",SOPORTE MOTOR HIDRÁULICO LADO,"70176 HIDRAULICO FOCUS ORIGINAL: 11,041.73 SOPORTE MOTOR HIDRÁULICO LADO CÓDIGO:",,,,41,GACRI
70196,GACRI,FORD,FOCUS,,SOPORTE,SOPORTE,PARRILLA,,98AG-3A262-AG,SOPORTE PARRILLA PICO DE PATO,70196 FOCUS ORIGINAL: 98AG-3A262-AG BUJE SOPORTE PARRILLA PICO DE PATO CÓDIGO:,,,,41,GACRI
70197,GACRI,FORD,FOCUS,,BUJE BARRA ESTABILIZADORA,BUJE BARRA ESTABILIZADORA,BARRA ESTABILIZADORA,,98AG-5484-DA,BUJE BARRA ESTABILIZADORA 0 19 MM 38,70197 FOCUS ORIGINAL: 98AG-5484-DA BUJE BARRA ESTABILIZADORA 0 19 MM 38,,,,41,GACRI
70198,GACRI,FORD,FOCUS,N2,BUJE,BUJE,,,98AG-4A037-BA,BUJE BARRA TRASERA Q,70198 FOCUS N2 ORIGINAL: 98AG-4A037-BA BUJE BARRA TRASERA Q- CÓDIGO:,,,,42,GACRI
70206,GACRI,FORD,FOCUS,,SOPORTE,SOPORTE,CAJA,,98-AB7M121-NB,SOPORTE DE CAJA ADAPTABLE,70206 FOCUS ORIGINAL: 98-AB7M121-NB SOPORTE DE CAJA ADAPTABLE CÓDIGO:,,,,43,GACRI
70217,GACRI,FORD,FOCUS,HIDRAULICO 11/11!,SOPORTE MOTOR,SOPORTE MOTOR,MOTOR,,3M51-6F012-CJ/AG,SOPORTE DE MOTOR HIDRAULICO,70217 HIDRAULICO FOCUS 11/11! ORIGINAL: 3M51-6F012-CJ/AG REPUESTOS PARA SOPORTE DE MOTOR HIDRAULICO CÓDIGO:,,,,43,GACRI
70219,GACRI,FORD,FOCUS,IL,SOPORTE,SOPORTE,,,AV61-6P082-AB,SOPORTE LIMITADOR DE TORSION,70219 FOCUS IL ORIGINAL: AV61-6P082-AB SOPORTE LIMITADOR DE TORSION CÓDIGO:,,,,43,GACRI
70220,GACRI,FORD,FOCUS,11/11!,SOPORTE AMORTIGUADOR,SOPORTE AMORTIGUADOR,AMORTIGUADOR,TRASERO,3M51-18411-AB,SOPORTE AMORTIGUADOR TRASERO,70220 FOCUS 11/11! ORIGINAL: 3M51-18411-AB SOPORTE AMORTIGUADOR TRASERO CÓDIGO:,,,,43,GACRI
70221,GACRI,FORD,FOCUS,11/11 1.6,SOPORTE CAJA,SOPORTE CAJA,CAJA,,3M51-16P093-DC,SOPORTE DE CAJA DE VELOCIDADES 40,70221 FOCUS 11/11 1.6 ORIGINAL: 3M51-16P093-DC SOPORTE DE CAJA DE VELOCIDADES 40 CÓDIGO:,,,,43,GACRI
70222,GACRI,FORD,FOCUS,"HIDRAULICO 11/111 2,0 DURATEC",SOPORTE MOTOR,SOPORTE MOTOR,MOTOR,DERECHO,3M51- 6F012-AG,SOPORTE DE MOTOR DERECHO HIDRAULICO,"70222 HIDRAULICO FOCUS 11/111 2,0 DURATEC ORIGINAL: 3M51- 6F012-AG SOPORTE DE MOTOR DERECHO HIDRAULICO CÓDIGO:",,,,43,GACRI
70226,GACRI,FORD,FOCUS,1.6 1.8 2.0,SOPORTE MOTOR,SOPORTE MOTOR,MOTOR,IZQUIERDO,AVG 1-7N:121-CC,SOPORTE DE MOTOR IZQUIERDO,70226 FOCUS 1.6 1.8 2.0 ORIGINAL: AVG 1-7N:121-CC SOPORTE DE MOTOR IZQUIERDO,,,,43,GACRI
70227,GACRI,FORD,FOCUS,111 2.0,SOPORTE CAJA,SOPORTE CAJA,CAJA,,BV61-6P093-HA,SOPORTE DE CAJA DE VELOCIDADES,70227 FOCUS 111 2.0 ORIGINAL: BV61-6P093-HA SOPORTE DE CAJA DE VELOCIDADES CÓDIGO:,,,,44,GACRI
70208,GACRI,FORD,FOCUS 11,,SOPORTE AMORTIGUADOR,SOPORTE AMORTIGUADOR,AMORTIGUADOR,DELANTERO,3M51-3K155-DC,SOPORTE AMORTIGUADOR DELANTERO,ORIGINAL: 3M51-3K155-DC SOPORTE AMORTIGUADOR DELANTERO CÓDIGO:,,,,43,GACRI
70123,GACRI,FORD,GALAXY,,SOPORTE MOTOR,SOPORTE MOTOR,MOTOR,DELANTERO,823199381,SOPORTE DE MOTOR DELANTERO,70123 GALAXY ORIGINAL: 823199381 SOPORTE DE MOTOR DELANTERO CÓDIGO:,,,,36,GACRI
70124,GACRI,FORD,GALAXY,,SOPORTE,SOPORTE,CAJA,,8113991518,SOPORTE DE CAJA WE,70124 GALAXY ORIGINAL: 8113991518 SOPORTE DE CAJA WE CÓDIGO:,,,,36,GACRI
70041,GACRI,FORD,HIDRAULICO,,,,,,,70041 HIDRAULICO CÓDIGO:,70041 HIDRAULICO CÓDIGO:,,,,37,GACRI
70168,GACRI,FORD,HIDRAULICO,,,,,,,70168 HIDRAULICO CÓDIGO:,70168 HIDRAULICO CÓDIGO:,,,,40,GACRI
70177,GACRI,FORD,HIDRAULICO,,,,,,,70177 HIDRAULICO CÓDIGO:,70177 HIDRAULICO CÓDIGO:,,,,38,GACRI
70216,GACRI,FORD,HIDRAULICO FOCUS |! SIGMA 1.6 09..,,SOPORTE MOTOR,SOPORTE MOTOR,MOTOR,DERECHO,3VI51-6F012-CJ,SOPORTE DE MOTOR DERECHO HIDRAULICO,ORIGINAL: 3VI51-6F012-CJ SOPORTE DE MOTOR DERECHO HIDRAULICO CÓDIGO:,,,,43,GACRI
70037,GACRI,FORD,KA,FIESTA - - COURIER 96,SOPORTE,SOPORTE,AMORTIGUADOR,,96-FB-3K-155AB,SOPORTE DE AMORTIGUADOR 33,70037 FIESTA - KA - COURIER 96 ORIGINAL: 96-FB-3K-155AB SOPORTE DE AMORTIGUADOR 33,,,,36,GACRI
70139,GACRI,FORD,KA,,SOPORTE MOTOR,SOPORTE MOTOR,MOTOR,IZQUIERDO,97KB-68032-AE | 97KB-68049-AH,SOPORTE DE MOTOR LADO IZQUIERDO SOPORTE DE MOTOR LADO CAJA SOPORTE DE AMORTIGUADOR SOPORTE DE AMORTIGUADOR,70139 KA KA ORIGINAL: 97KB-68032-AE ORIGINAL: 97KB-68049-AH SOPORTE DE MOTOR LADO IZQUIERDO SOPORTE DE MOTOR LADO CAJA SOPORTE DE AMORTIGUADOR SOPORTE DE AMORTIGUADOR CÓDIGO:,,,,37,GACRI
70140,GACRI,FORD,KA,,SOPORTE MOTOR,SOPORTE MOTOR,MOTOR,DERECHO,97KB-6038-AD,SOPORTE DE MOTOR DERECHO,70140 KA ORIGINAL: 97KB-6038-AD SOPORTE DE MOTOR DERECHO CÓDIGO:,,,,37,GACRI
70143,GACRI,FORD,KA,99 97 FIESTA,SOPORTE MOTOR,SOPORTE MOTOR,MOTOR,DERECHO / TRASERO,XS-516038-AC | 96FB-18198-AG | 96FB-7M121-AJ,SOPORTE DE MOTOR DERECHO SOPORTE DE AMORTIGUADOR TRASERO SOPORTE DE CAJA 34,70143 KA 99 KA 97 FIESTA ORIGINAL: XS-516038-AC ORIGINAL: 96FB-18198-AG ORIGINAL: 96FB-7M121-AJ SOPORTE DE MOTOR DERECHO SOPORTE DE AMORTIGUADOR TRASERO SOPORTE DE CAJA 34,,,,37,GACRI
70155,GACRI,FORD,KA,ESCORT - FIESTA - - ORION ESCORT - FIESTA - - ORION COURIER - FIESTA,BUJE PARRILLA,BUJE PARRILLA,PARRILLA,CENTRAL,547407181 | 96FB-3063-AB,BUJE PARRILLA DELANTERA PARTE DELANTERA (BARRILITO) BUJE PARRILLA DELANTERA PARTE TRASERA (PUNTA PESTAÑA) BUJE PARRILLA DELANTERA (CENTRAL) 35,70155 ESCORT - FIESTA - KA - ORION ESCORT - FIESTA - KA - ORION COURIER - FIESTA ORIGINAL: 547407181 ORIGINAL: 547407181 ORIGINAL: 96FB-3063-AB BUJE PARRILLA DELANTERA PARTE DELANTERA (BARRILITO) BUJE PARRILLA DELANTERA PARTE TRASERA (PUNTA PESTAÑA) BUJE PARRILLA DELANTERA (CENTRAL) 35,,,,38,GACRI
70200,GACRI,FORD,KA,,BUJE BARRA ESTABILIZADORA,BUJE BARRA ESTABILIZADORA,BARRA ESTABILIZADORA,CENTRAL,547-411-327-A,BUJE BARRA ESTABILIZADORA CENTRAL Y 12 MM,70200 KA ORIGINAL: 547-411-327-A BUJE BARRA ESTABILIZADORA CENTRAL Y 12 MM CÓDIGO:,,,,42,GACRI
70201,GACRI,FORD,KA,,BUJE BARRA ESTABILIZADORA,BUJE BARRA ESTABILIZADORA,BARRA ESTABILIZADORA,CENTRAL,547-411-327-A,BUJE BARRA ESTABILIZADORA CENTRAL Y 14 MM O,70201 KA ORIGINAL: 547-411-327-A BUJE BARRA ESTABILIZADORA CENTRAL Y 14 MM O CÓDIGO:,,,,42,GACRI
70207,GACRI,FORD,KA,08 AL 13,SOPORTE MOTOR,SOPORTE MOTOR,MOTOR,TRASERO,2561-6P082-AB,SOPORTE DE MOTOR TRASERO,70207 KA 08 AL 13 ORIGINAL: 2561-6P082-AB SOPORTE DE MOTOR TRASERO CÓDIGO:,,,,43,GACRI
70205,GACRI,FORD,KA 08.,,SOPORTE,SOPORTE,CAJA,,75-556038-DB,SOPORTE DE CAJA ADAPTABLE,ORIGINAL: 75-556038-DB SOPORTE DE CAJA ADAPTABLE CÓDIGO:,,,,43,GACRI
70233,GACRI,FORD,KA 2015. KA 2015..,,SOPORTE MOTOR,SOPORTE MOTOR,MOTOR,DERECHO / IZQUIERDO,E3B1-6F012-BF | E3B1-7M121-AD E3B1-7M121-CA,SOPORTE DE MOTOR DERECHO SOPORTE DE MOTOR IZQUIERDO,ORIGINAL: E3B1-6F012-BF ORIGINAL: E3B1-7M121-AD E3B1-7M121-CA SOPORTE DE MOTOR DERECHO SOPORTE DE MOTOR IZQUIERDO,,,,45,GACRI
70147,GACRI,FORD,NO HIDRAULICO,,,,,,,70147 NO HIDRAULICO CÓDIGO:,70147 NO HIDRAULICO CÓDIGO:,,,,38,GACRI
70169,GACRI,FORD,NO HIDRAULICO,,,,,,,70169 NO HIDRAULICO CÓDIGO:,70169 NO HIDRAULICO CÓDIGO:,,,,40,GACRI
70171,GACRI,FORD,NO HIDRAULICO,,,,,,,70171 NO HIDRAULICO CÓDIGO:,70171 NO HIDRAULICO CÓDIGO:,,,,40,GACRI
70173,GACRI,FORD,ORION,,SOPORTE AMORTIGUADOR,SOPORTE AMORTIGUADOR,AMORTIGUADOR,,547112325,SOPORTE AMORTIGUADOR 36,70173 ORION ORIGINAL: 547112325 SOPORTE AMORTIGUADOR 36,,,,39,GACRI
70135,GACRI,FORD,RANGER,CON CAJA MAZDA (1988 AL “97),SOPORTE,SOPORTE,CAJA,,F57Z-6068-C,SOPORTE DE CAJA,70135 RANGER CON CAJA MAZDA (1988 AL “97) ORIGINAL: F57Z-6068-C SOPORTE DE CAJA CÓDIGO:,,,,36,GACRI
70174,GACRI,FORD,RANGER,HIDRAULICO,SOPORTE MOTOR,SOPORTE MOTOR,MOTOR,,F47Z-6038-A,SOPORTE MOTOR HIDRÁULICO,70174 HIDRAULICO RANGER ORIGINAL: F47Z-6038-A SOPORTE MOTOR HIDRÁULICO CÓDIGO:,,,,40,GACRI
70175,GACRI,FORD,RANGER,NO HIDRAULICO,SOPORTE MOTOR,SOPORTE MOTOR,MOTOR,,F47Z-6038-A,SOPORTE MOTOR NO HIDRÁULICO,70175 NO HIDRAULICO RANGER ORIGINAL: F47Z-6038-A SOPORTE MOTOR NO HIDRÁULICO CÓDIGO:,,,,40,GACRI
70179,GACRI,FORD,RANGER,ESCORT DIESEL ESCORT DIESEL,SOPORTE MOTOR,SOPORTE MOTOR,MOTOR,DERECHO / IZQUIERDO,95AB-6038-CA | 94AB-6B032-AB | 787R-6038-A,SOPORTE MOTOR LATERAL NO HIDRÁULICO SOPORTE MOTOR DERECHO SOPORTE DE MOTOR IZQUIERDO JS,70179 ESCORT DIESEL ESCORT RANGER DIESEL ORIGINAL: 95AB-6038-CA ORIGINAL: 94AB-6B032-AB ORIGINAL: 787R-6038-A SOPORTE MOTOR LATERAL NO HIDRÁULICO SOPORTE MOTOR DERECHO SOPORTE DE MOTOR IZQUIERDO JS CÓDIGO:,,,,40,GACRI
70180,GACRI,FORD,RANGER,DIESEL,SOPORTE MOTOR,SOPORTE MOTOR,MOTOR,DERECHO,YL54-6038-AA,SOPORTE DE MOTOR DERECHO,70180 RANGER DIESEL ORIGINAL: YL54-6038-AA SOPORTE DE MOTOR DERECHO CÓDIGO:,,,,40,GACRI
70183,GACRI,FORD,RANGER,,BUJE PARRILLA,BUJE PARRILLA,PARRILLA,DELANTERO,F57A-3A262-CA | F67A-3069-AA | 2L54-3084-BA,BUJE PARRILLA DEL.,70183 RANGER RANGER RANGER ORIGINAL: F57A-3A262-CA ORIGINAL: F67A-3069-AA ORIGINAL: 2L54-3084-BA BUJE PARRILLA DEL.,,,,40,GACRI
70184,GACRI,FORD,RANGER,,BUJE BARRA ESTABILIZADORA,BUJE BARRA ESTABILIZADORA,BARRA ESTABILIZADORA,,F87-5484-CG,BUJE BARRA ESTABILIZADORA 4 33 MM O) -_MMMMMXNA+—|,70184 RANGER ORIGINAL: F87-5484-CG BUJE BARRA ESTABILIZADORA 4 33 MM O) -_MMMMMXNA+—| CÓDIGO:,,,,41,GACRI
70185,GACRI,FORD,RANGER,,BUJE BARRA ESTABILIZADORA,BUJE BARRA ESTABILIZADORA,BARRA ESTABILIZADORA,,F87-5484-CG,BUJE BARRA ESTABILIZADORA 4 31 MM,70185 RANGER ORIGINAL: F87-5484-CG BUJE BARRA ESTABILIZADORA 4 31 MM CÓDIGO:,,,,41,GACRI
70186,GACRI,FORD,RANGER,,BUJE BARRA ESTABILIZADORA,BUJE BARRA ESTABILIZADORA,BARRA ESTABILIZADORA,,F87A-5484-AF,BUJE BARRA ESTABILIZADORA 4 26 MM,70186 RANGER ORIGINAL: F87A-5484-AF BUJE BARRA ESTABILIZADORA 4 26 MM CÓDIGO:,,,,41,GACRI
70187,GACRI,FORD,RANGER,,BUJE BARRA ESTABILIZADORA,BUJE BARRA ESTABILIZADORA,BARRA ESTABILIZADORA,,F87A-5484-A,BUJE BARRA ESTABILIZADORA 4 29 MM A),70187 RANGER ORIGINAL: F87A-5484-A BUJE BARRA ESTABILIZADORA 4 29 MM A) CÓDIGO:,,,,41,GACRI
6038,GACRI,FORD,RANGER 4X2 2012.,,SOPORTE MOTOR,SOPORTE MOTOR,MOTOR,DERECHO,AB39-6038-EF,SOPORTE DE MOTOR DERECHO —,ORIGINAL: AB39-6038-EF SOPORTE DE MOTOR DERECHO — CÓDIGO:,,,,45,GACRI
70214,GACRI,FORD,RANGER 4X2 2012. RANGER 4X2 2012..,,SOPORTE CAJA,SOPORTE CAJA,MOTOR,IZQUIERDO,AB39-7E373-HE NY | AB39-6B032-EF,SOPORTE DE CAJA DE VELOCIDADES SOPORTE DE MOTOR IZQUIERDO,ORIGINAL: AB39-7E373-HE NY ORIGINAL: AB39-6B032-EF SOPORTE DE CAJA DE VELOCIDADES SOPORTE DE MOTOR IZQUIERDO CÓDIGO:,,,,45,GACRI
6038,GACRI,FORD,RANGER 4X4 2012.,,SOPORTE MOTOR,SOPORTE MOTOR,MOTOR,DERECHO,AB39-6038-EF,SOPORTE DE MOTOR DERECHO E,ORIGINAL: AB39-6038-EF SOPORTE DE MOTOR DERECHO E CÓDIGO:,,,,45,GACRI
70211,GACRI,FORD,RANGER 4X4 2012. RANGER 4X4 2012.,,SOPORTE CAJA,SOPORTE CAJA,MOTOR,IZQUIERDO,AB39-7E373-KD | AB39-6B032-EF,SOPORTE DE CAJA DE VELOCIDADES SOPORTE DE MOTOR IZQUIERDO 41,ORIGINAL: AB39-7E373-KD ORIGINAL: AB39-6B032-EF SOPORTE DE CAJA DE VELOCIDADES SOPORTE DE MOTOR IZQUIERDO 41,,,,44,GACRI
70033,GACRI,FORD,SIERRA,F.,,,,,BASE APOYO ESPIRAL Q,70033 F. SIERRA ORIGINAL: BASE APOYO ESPIRAL Q CÓDIGO:,70033 F. SIERRA ORIGINAL: BASE APOYO ESPIRAL Q CÓDIGO:,,,,34,GACRI
70007,GACRI,FORD,TAUNUS,F.,MANCHÓN,MANCHÓN,CARDÁN,,7266-4684-BA,MANCHÓN DE CARDÁN,70007 F. TAUNUS ORIGINAL: 7266-4684-BA MANCHÓN DE CARDÁN CÓDIGO:,,,,34,GACRI
70017,GACRI,FORD,TAUNUS,F.,,,,,74BR-7513-C GUARDAPOLVO HORQUILLA EMBRAGUE,70017 F. TAUNUS ORIGINAL: 74BR-7513-C GUARDAPOLVO HORQUILLA EMBRAGUE CÓDIGO:,70017 F. TAUNUS ORIGINAL: 74BR-7513-C GUARDAPOLVO HORQUILLA EMBRAGUE CÓDIGO:,,,,34,GACRI
70018,GACRI,FORD,TAUNUS,,BUJE,BUJE,,DELANTERO,74BR-5L021-D,BUJE AISLADOR DELANTERO L,TAUNUS ORIGINAL: 74BR-5L021-D BUJE AISLADOR DELANTERO L CÓDIGO:,,,,34,GACRI
70019,GACRI,FORD,TAUNUS,,BUJE,BUJE,,TRASERO,74BR-5L021-D,BUJE AISLADOR TRASERO,TAUNUS ORIGINAL: 74BR-5L021-D BUJE AISLADOR TRASERO CÓDIGO:,,,,34,GACRI
70030,GACRI,FORD,TAUNUS,F.,,,CAJA,,71BB-3K573-AD AISLADOR CAJA DE DIRECCIÓN,70030 F. TAUNUS ORIGINAL: 71BB-3K573-AD AISLADOR CAJA DE DIRECCIÓN CÓDIGO:,70030 F. TAUNUS ORIGINAL: 71BB-3K573-AD AISLADOR CAJA DE DIRECCIÓN CÓDIGO:,,,,34,GACRI
70031,GACRI,FORD,TAUNUS,F.,,,CAJA,,71BB-3K576-AH AISLADOR CAJA DE DIRECCIÓN O,70031 F. TAUNUS ORIGINAL: 71BB-3K576-AH AISLADOR CAJA DE DIRECCIÓN O CÓDIGO:,70031 F. TAUNUS ORIGINAL: 71BB-3K576-AH AISLADOR CAJA DE DIRECCIÓN O CÓDIGO:,,,,34,GACRI
70107,GACRI,FORD,TAUNUS,2.0 Y 2.3 FALCON 7 BANCADAS,SOPORTE MOTOR,SOPORTE MOTOR,MOTOR,DELANTERO,748R60384 | BAC9DZ6038A,SOPORTE DE MOTOR DELANTERO SOPORTE DE MOTOR DELANTERO E SOPORTE DE CAJA,70107 TAUNUS 2.0 Y 2.3 FALCON 7 BANCADAS ORIGINAL: 748R60384 ORIGINAL: BAC9DZ6038A SOPORTE DE MOTOR DELANTERO SOPORTE DE MOTOR DELANTERO E SOPORTE DE CAJA CÓDIGO:,,,,35,GACRI
70108,GACRI,FORD,TAUNUS,2.0 Y 2.3,SOPORTE,SOPORTE,CAJA,,74BR6068A,SOPORTE DE CAJA G>,70108 TAUNUS 2.0 Y 2.3 ORIGINAL: 74BR6068A SOPORTE DE CAJA G> CÓDIGO:,,,,35,GACRI
70161,GACRI,FORD,TRANSIT,HIDRAULICO,SOPORTE MOTOR,SOPORTE MOTOR,MOTOR,IZQUIERDO,95BVB-6B032-BA,SOPORTE MOTOR HIDRÁULICO LADO IZQUIERDO O,70161 HIDRAULICO TRANSIT ORIGINAL: 95BVB-6B032-BA SOPORTE MOTOR HIDRÁULICO LADO IZQUIERDO O CÓDIGO:,,,,42,GACRI
70162,GACRI,FORD,TRANSIT,NO HIDRAULICO,SOPORTE MOTOR,SOPORTE MOTOR,MOTOR,IZQUIERDO,95BVB-6B032-BA,SOPORTE MOTOR NO HIDRÁULICO LADO IZQUIERDO FORD A,70162 NO HIDRAULICO TRANSIT ORIGINAL: 95BVB-6B032-BA SOPORTE MOTOR NO HIDRÁULICO LADO IZQUIERDO FORD A CÓDIGO:,,,,42,GACRI
70163,GACRI,FORD,TRANSIT,HIDRAULICO,SOPORTE MOTOR,SOPORTE MOTOR,MOTOR,DERECHO,95BV-6038-BF,SOPORTE MOTOR HIDRÁULICO LADO DERECHO —P,70163 HIDRAULICO TRANSIT ORIGINAL: 95BV-6038-BF SOPORTE MOTOR HIDRÁULICO LADO DERECHO —P- CÓDIGO:,,,,42,GACRI
70164,GACRI,FORD,TRANSIT,NO HIDRAULICO,SOPORTE MOTOR,SOPORTE MOTOR,MOTOR,DERECHO,95BV-6038-BF,SOPORTE MOTOR NO HIDRÁULICO LADO DERECHO,70164 NO HIDRAULICO TRANSIT ORIGINAL: 95BV-6038-BF SOPORTE MOTOR NO HIDRÁULICO LADO DERECHO CÓDIGO:,,,,42,GACRI
70202,GACRI,FORD,TRANSIT,,SOPORTE,SOPORTE,ESCAPE,,SIN,70202 TRANSIT ORIGINAL: SIN CÓDIGO SOPORTE CAÑO DE ESCAPE CÓDIGO:,70202 TRANSIT ORIGINAL: SIN CÓDIGO SOPORTE CAÑO DE ESCAPE CÓDIGO:,,,,42,GACRI
51392,GACRI,HONDA,BUJE PARRILLA SUSPENSIÓN DEL. PARTE ANTERIOR 59,,BUJE PARRILLA,BUJE PARRILLA,PARRILLA,DELANTERO,,BUJE PARRILLA SUSPENSIÓN DEL.,51392 BUJE PARRILLA SUSPENSIÓN DEL.,,,,62,GACRI
51391,GACRI,HONDA,BUJE PARRILLA SUSPENSIÓN DEL. PARTE POSTERIOR,,BUJE PARRILLA,BUJE PARRILLA,PARRILLA,DELANTERO,,BUJE PARRILLA SUSPENSIÓN DEL.,51391 BUJE PARRILLA SUSPENSIÓN DEL.,,,,62,GACRI
10001,GACRI,HONDA,CIVIC,CRV,SOPORTE MOTOR,SOPORTE MOTOR,MOTOR,IZQUIERDO / DELANTERO,50842-SRO-003,SOPORTE MOTOR DELANTERO LADO IZQUIERDO AB,10001 CIVIC CRV ORIGINAL: 50842-SRO-003 SOPORTE MOTOR DELANTERO LADO IZQUIERDO AB CÓDIGO:,,,,62,GACRI
10002,GACRI,HONDA,CIVIC,CRV,SOPORTE MOTOR,SOPORTE MOTOR,MOTOR,DERECHO / DELANTERO,50841-SRO-003,SOPORTE MOTOR DELANTERO LADO DERECHO,10002 CIVIC CRV ORIGINAL: 50841-SRO-003 SOPORTE MOTOR DELANTERO LADO DERECHO CÓDIGO:,,,,62,GACRI
10003,GACRI,HONDA,CIVIC,CRV N2,SOPORTE,SOPORTE,MOTOR,TRASERO,50810-SR3-030,SOPORTE TRASERO DE MOTOR A,10003 CIVIC CRV N2 ORIGINAL: 50810-SR3-030 SOPORTE TRASERO DE MOTOR A CÓDIGO:,,,,62,GACRI
10004,GACRI,HONDA,CIVIC,CRV,BUJE,BUJE,,,52385-SR3-000,BUJE BRAZO SUSP.,10004 CIVIC CRV ORIGINAL: 52385-SR3-000 BUJE BRAZO SUSP.,,,,62,GACRI
10005,GACRI,HONDA,CIVIC,,BUJE BARRA ESTABILIZADORA,BUJE BARRA ESTABILIZADORA,BARRA ESTABILIZADORA,DELANTERO,SIN,10005 CIVIC ORIGINAL: SIN CÓDIGO BUJE BARRA ESTABILIZADORA DELANTERO A 18 MM Q CÓDIGO:,10005 CIVIC ORIGINAL: SIN CÓDIGO BUJE BARRA ESTABILIZADORA DELANTERO A 18 MM Q CÓDIGO:,,,,62,GACRI
10006,GACRI,HONDA,CIVIC,,,,,,,10006 CIVIC,10006 CIVIC,,,,62,GACRI
10007,GACRI,HONDA,CIVIC,,,,,,,10007 CIVIC,10007 CIVIC,,,,62,GACRI
10008,GACRI,HONDA,CIVIC,CRV,BUJE,BUJE,,SUPERIOR,52393-SR3-004,BUJE GRANDE BRAZO SUPERIOR SUSPENSIÓN TRASERA,10008 CIVIC CRV ORIGINAL: 52393-SR3-004 BUJE GRANDE BRAZO SUPERIOR SUSPENSIÓN TRASERA CÓDIGO:,,,,62,GACRI
10014,GACRI,HONDA,CIVIC,,BUJE PARRILLA,BUJE PARRILLA,PARRILLA,INFERIOR,51392-S5A-004,BUJE CON ALA PARRILLA INFERIOR DELANTERA,10014 CIVIC ORIGINAL: 51392-S5A-004 BUJE CON ALA PARRILLA INFERIOR DELANTERA CÓDIGO:,,,,63,GACRI
10015,GACRI,HONDA,CIVIC,,BUJE PARRILLA,BUJE PARRILLA,PARRILLA,INFERIOR,51392-SR3-014,BUJE CHICO PARRILLA INFERIOR DELANTERA,10015 CIVIC ORIGINAL: 51392-SR3-014 BUJE CHICO PARRILLA INFERIOR DELANTERA CÓDIGO:,,,,63,GACRI
10016,GACRI,HONDA,CIVIC,,SOPORTE,SOPORTE,,IZQUIERDO,50820-SR3-J11,SOPORTE IZQUIERDO E SS,10016 CIVIC ORIGINAL: 50820-SR3-J11 BUJE REPARACIÓN SOPORTE IZQUIERDO E SS CÓDIGO:,,,,63,GACRI
10017,GACRI,HONDA,CIVIC,94/95,SOPORTE,SOPORTE,,IZQUIERDO,50820-SR3-003,SOPORTE IZQUIERDO,10017 CIVIC 94/95 ORIGINAL: 50820-SR3-003 BUJE REPARACIÓN SOPORTE IZQUIERDO CÓDIGO:,,,,63,GACRI
10018,GACRI,HONDA,CIVIC,NEW,BUJE BARRA ESTABILIZADORA,BUJE BARRA ESTABILIZADORA,BARRA ESTABILIZADORA,,52306-SNA-A001,BUJE BARRA ESTABILIZADORA TRASERA A 10 MM,10018 NEW CIVIC ORIGINAL: 52306-SNA-A001 BUJE BARRA ESTABILIZADORA TRASERA A 10 MM CÓDIGO,,,,63,GACRI
10001,GACRI,HONDA,CRV,CIVIC,SOPORTE MOTOR,SOPORTE MOTOR,MOTOR,IZQUIERDO / DELANTERO,50842-SRO-003,SOPORTE MOTOR DELANTERO LADO IZQUIERDO AB,10001 CIVIC CRV ORIGINAL: 50842-SRO-003 SOPORTE MOTOR DELANTERO LADO IZQUIERDO AB CÓDIGO:,,,,62,GACRI
10002,GACRI,HONDA,CRV,CIVIC,SOPORTE MOTOR,SOPORTE MOTOR,MOTOR,DERECHO / DELANTERO,50841-SRO-003,SOPORTE MOTOR DELANTERO LADO DERECHO,10002 CIVIC CRV ORIGINAL: 50841-SRO-003 SOPORTE MOTOR DELANTERO LADO DERECHO CÓDIGO:,,,,62,GACRI
10003,GACRI,HONDA,CRV,CIVIC N2,SOPORTE,SOPORTE,MOTOR,TRASERO,50810-SR3-030,SOPORTE TRASERO DE MOTOR A,10003 CIVIC CRV N2 ORIGINAL: 50810-SR3-030 SOPORTE TRASERO DE MOTOR A CÓDIGO:,,,,62,GACRI
10004,GACRI,HONDA,CRV,CIVIC,BUJE,BUJE,,,52385-SR3-000,BUJE BRAZO SUSP.,10004 CIVIC CRV ORIGINAL: 52385-SR3-000 BUJE BRAZO SUSP.,,,,62,GACRI
10008,GACRI,HONDA,CRV,CIVIC,BUJE,BUJE,,SUPERIOR,52393-SR3-004,BUJE GRANDE BRAZO SUPERIOR SUSPENSIÓN TRASERA,10008 CIVIC CRV ORIGINAL: 52393-SR3-004 BUJE GRANDE BRAZO SUPERIOR SUSPENSIÓN TRASERA CÓDIGO:,,,,62,GACRI
10019,GACRI,HONDA,DODGE JOURNEY,,SOPORTE MOTOR,SOPORTE MOTOR,MOTOR,DERECHO,05171071AC,SOPORTE DE MOTOR DERECHO,10019 DODGE JOURNEY ORIGINAL: 05171071AC SOPORTE DE MOTOR DERECHO CÓDIGO:,,,,63,GACRI
10020,GACRI,HONDA,DODGE JOURNEY,,SOPORTE MOTOR,SOPORTE MOTOR,MOTOR,TRASERO,05171079AC/80AC,SOPORTE MOTOR TRASERO,10020 DODGE JOURNEY ORIGINAL: 05171079AC/80AC BUJE REPARACION SOPORTE MOTOR TRASERO CÓDIGO:,,,,63,GACRI
10021,GACRI,HONDA,DODGE JOURNEY,,SOPORTE MOTOR,SOPORTE MOTOR,MOTOR,IZQUIERDO,04766474AC,SOPORTE MOTOR IZQUIERDO 6.,10021 DODGE JOURNEY ORIGINAL: 04766474AC BUJE REPARACION SOPORTE MOTOR IZQUIERDO 6.,,,,63,GACRI
10009,GACRI,HONDA,FIT,,SOPORTE MOTOR,SOPORTE MOTOR,MOTOR,IZQUIERDO,50805-SAA-J82/SLA-A81,SOPORTE MOTOR LADO IZQ.,10009 FIT ORIGINAL: 50805-SAA-J82/SLA-A81 BUJE REPARACIÓN SOPORTE MOTOR LADO IZQ.,,,,62,GACRI
10010,GACRI,HONDA,FIT,,SOPORTE MOTOR,SOPORTE MOTOR,MOTOR,IZQUIERDO,50805-SAA-013/SLN-A01,SOPORTE MOTOR LADO IZQ.,10010 FIT ORIGINAL: 50805-SAA-013/SLN-A01 BUJE REPARACIÓN SOPORTE MOTOR LADO IZQ.,,,,62,GACRI
10011,GACRI,HONDA,FIT,,,,,,,10011 FIT ORIGINAL:,10011 FIT ORIGINAL:,,,,62,GACRI
10012,GACRI,HONDA,FIT,,,,,,,10012 FIT ORIGINAL:,10012 FIT ORIGINAL:,,,,62,GACRI
10013,GACRI,HONDA,FIT,,BUJE BARRA ESTABILIZADORA,BUJE BARRA ESTABILIZADORA,BARRA ESTABILIZADORA,CENTRAL,51306-SAA-E02,"BUJE CENTRAL BARRA ESTABILIZADORA DELANTERA E ___——24242424 KK MMMMMMMMMMM¿M¿X«A4,","10013 FIT ORIGINAL: 51306-SAA-E02 BUJE CENTRAL BARRA ESTABILIZADORA DELANTERA E ___——24242424 KK MMMMMMMMMMM¿M¿X«A4, CÓDIGO:",,,,63,GACRI
3008,GACRI,PEUGEOT,1.6 16V,,SOPORTE MOTOR,SOPORTE MOTOR,MOTOR,,1807GG,SOPORTE DE MOTOR HIDRÁULICO PEUGEOT,3008 1.6 16V ORIGINAL: 1807GG SOPORTE DE MOTOR HIDRÁULICO PEUGEOT CÓDIGO:,,,,33,GACRI
3008,GACRI,PEUGEOT,1.6 HDI,,SOPORTE MOTOR,SOPORTE MOTOR,MOTOR,,1807GF,SOPORTE DE MOTOR HIDRÁULICO,3008 1.6 HDI ORIGINAL: 1807GF SOPORTE DE MOTOR HIDRÁULICO CÓDIGO:,,,,33,GACRI
60067,GACRI,PEUGEOT,205,405 - N2,SOPORTE MOTOR,SOPORTE MOTOR,MOTOR,IZQUIERDO,184395,SOPORTE DE MOTOR IZQUIERDO,60067 405 - 205 N2 ORIGINAL: 184395 SOPORTE DE MOTOR IZQUIERDO CÓDIGO:,,,,30,GACRI
1844,GACRI,PEUGEOT,206,306 - 406,SOPORTE MOTOR,SOPORTE MOTOR,MOTOR,,1844-470,SOPORTE DE MOTOR HIDRÁULICO,206 - 306 - 406 ORIGINAL: 1844-470 SOPORTE DE MOTOR HIDRÁULICO CÓDIGO:,,,,29,GACRI
60068,GACRI,PEUGEOT,206,106,SOPORTE MOTOR,SOPORTE MOTOR,MOTOR,IZQUIERDO,184451,SOPORTE DE MOTOR IZQUIERDO,60068 206 - 106 ORIGINAL: 184451 SOPORTE DE MOTOR IZQUIERDO CÓDIGO:,,,,30,GACRI
60071,GACRI,PEUGEOT,206,,SOPORTE,SOPORTE,BARRA ESTABILIZADORA,,9620378080 | 509479,SOPORTE CAÑO DE ESCAPE PEUGEOT,60071 206 ORIGINAL: 9620378080 SOPORTE CAÑO DE ESCAPE PEUGEOT CÓDIGO: 60070-20 306 ORIGINAL: 509479 SOPORTE BARRA ESTABILIZADORA Y 20 MM E- 9 CÓDIGO:,,,,31,GACRI
60080,GACRI,PEUGEOT,206,|,SOPORTE AMORTIGUADOR,SOPORTE AMORTIGUADOR,AMORTIGUADOR,IZQUIERDO,5038-360,CAZOLETA DE AMORTIGUADOR IZQUIERDO,60080 | PEUGEOT 206 ORIGINAL: 5038-360 CAZOLETA DE AMORTIGUADOR IZQUIERDO CÓDIGO:,,,,32,GACRI
60080,GACRI,PEUGEOT,206,D,SOPORTE AMORTIGUADOR,SOPORTE AMORTIGUADOR,AMORTIGUADOR,DERECHO,5038-400,CAZOLETA DE AMORTIGUADOR DERECHO,60080 D PEUGEOT 206 ORIGINAL: 5038-400 CAZOLETA DE AMORTIGUADOR DERECHO CÓDIGO:,,,,32,GACRI
60085,GACRI,PEUGEOT,206,,BUJE PARRILLA,BUJE PARRILLA,PARRILLA,CENTRAL,3523-790,BUJE PARRILLA SUSPENSIÓN DELANTERA (CENTRO),60085 206 ORIGINAL: 3523-790 BUJE PARRILLA SUSPENSIÓN DELANTERA (CENTRO) CÓDIGO:,,,,32,GACRI
60086,GACRI,PEUGEOT,206,307,BUJE PARRILLA,BUJE PARRILLA,PARRILLA,,3523-770,BUJE PARRILLA SUSPENSIÓN DELANTERA (PUNTA C/PESTAÑA),60086 206 - 307 ORIGINAL: 3523-770 BUJE PARRILLA SUSPENSIÓN DELANTERA (PUNTA C/PESTAÑA) CÓDIGO:,,,,32,GACRI
60092,GACRI,PEUGEOT,206,NAFTA,BUJE BARRA ESTABILIZADORA,BUJE BARRA ESTABILIZADORA,BARRA ESTABILIZADORA,,5094-810,BUJE BARRA ESTABILIZADORA A 17 MM,60092 206 NAFTA ORIGINAL: 5094-810 BUJE BARRA ESTABILIZADORA A 17 MM CÓDIGO:,,,,33,GACRI
60093,GACRI,PEUGEOT,206,DIESEL,BUJE BARRA ESTABILIZADORA,BUJE BARRA ESTABILIZADORA,BARRA ESTABILIZADORA,,5094-800,BUJE BARRA ESTABILIZADORA A 18 MM,60093 206 DIESEL ORIGINAL: 5094-800 BUJE BARRA ESTABILIZADORA A 18 MM CÓDIGO:,,,,33,GACRI
60096,GACRI,PEUGEOT,206,| Y D 207- M/N,SOPORTE AMORTIGUADOR,SOPORTE AMORTIGUADOR,AMORTIGUADOR,,5038-C5 5038-C6,SOPORTE AMORTIGUADOR,60096 | Y D 207-206 M/N ORIGINAL: 5038-C5 5038-C6 SOPORTE AMORTIGUADOR CÓDIGO:,,,,33,GACRI
60097,GACRI,PEUGEOT,206,207-307-407,SOPORTE MOTOR,SOPORTE MOTOR,MOTOR,CENTRAL,1807-47,SOPORTE DE MOTOR CENTRAL D.65 MM,60097 206-207-307-407 ORIGINAL: 1807-47 BUJE SOPORTE DE MOTOR CENTRAL D.65 MM CÓDIGO:,,,,33,GACRI
60096,GACRI,PEUGEOT,207,| Y D -206 M/N,SOPORTE AMORTIGUADOR,SOPORTE AMORTIGUADOR,AMORTIGUADOR,,5038-C5 5038-C6,SOPORTE AMORTIGUADOR,60096 | Y D 207-206 M/N ORIGINAL: 5038-C5 5038-C6 SOPORTE AMORTIGUADOR CÓDIGO:,,,,33,GACRI
60097,GACRI,PEUGEOT,207,206- -307-407,SOPORTE MOTOR,SOPORTE MOTOR,MOTOR,CENTRAL,1807-47,SOPORTE DE MOTOR CENTRAL D.65 MM,60097 206-207-307-407 ORIGINAL: 1807-47 BUJE SOPORTE DE MOTOR CENTRAL D.65 MM CÓDIGO:,,,,33,GACRI
1844,GACRI,PEUGEOT,306,206 - - 406,SOPORTE MOTOR,SOPORTE MOTOR,MOTOR,,1844-470,SOPORTE DE MOTOR HIDRÁULICO,206 - 306 - 406 ORIGINAL: 1844-470 SOPORTE DE MOTOR HIDRÁULICO CÓDIGO:,,,,29,GACRI
60056,GACRI,PEUGEOT,306,PLATEADO P.,SOPORTE PARRILLA,SOPORTE PARRILLA,PARRILLA,DELANTERO,"3523-542 ARTIC. BRAZO PARRILLA DELANTERO A 18,7 26","60056 PLATEADO P. 306 ORIGINAL: 3523-542 ARTIC. BRAZO PARRILLA DELANTERO A 18,7 26","60056 PLATEADO P. 306 ORIGINAL: 3523-542 ARTIC. BRAZO PARRILLA DELANTERO A 18,7 26",,,,29,GACRI
60057,GACRI,PEUGEOT,306,P.,SOPORTE PARRILLA,SOPORTE PARRILLA,PARRILLA,,"3523-541 ARTIC. BRAZO PARRILLA DELANTERA Y 19,6","60057 P. 306 ORIGINAL: 3523-541 ARTIC. BRAZO PARRILLA DELANTERA Y 19,6 - CÓDIGO:","60057 P. 306 ORIGINAL: 3523-541 ARTIC. BRAZO PARRILLA DELANTERA Y 19,6 - CÓDIGO:",,,,30,GACRI
60069,GACRI,PEUGEOT,306,,SOPORTE MOTOR,SOPORTE MOTOR,MOTOR,IZQUIERDO,184436,SOPORTE DE MOTOR IZQUIERDO,60069 306 ORIGINAL: 184436 SOPORTE DE MOTOR IZQUIERDO CÓDIGO:,,,,30,GACRI
60072,GACRI,PEUGEOT,306,PARTNER KIT REPARACIÓN PARRILLA O 18.7 MM J -D 0,SOPORTE PARRILLA,SOPORTE PARRILLA,PARRILLA,,,60072 306 - PARTNER KIT REPARACIÓN PARRILLA O 18.7 MM J -D 0 CÓDIGO:,60072 306 - PARTNER KIT REPARACIÓN PARRILLA O 18.7 MM J -D 0 CÓDIGO:,,,,31,GACRI
60073,GACRI,PEUGEOT,306,PARTNER KIT REPARACIÓN PARRILLA Y 19.6 MM A,SOPORTE PARRILLA,SOPORTE PARRILLA,PARRILLA,,,60073 306 - PARTNER KIT REPARACIÓN PARRILLA Y 19.6 MM A CÓDIGO:,60073 306 - PARTNER KIT REPARACIÓN PARRILLA Y 19.6 MM A CÓDIGO:,,,,31,GACRI
60079,GACRI,PEUGEOT,306,PATNER,SOPORTE AMORTIGUADOR,SOPORTE AMORTIGUADOR,AMORTIGUADOR,,5038-210-0,CAZOLETA DE AMORTIGUADOR,60079 PEUGEOT 306 - PATNER ORIGINAL: 5038-210-0 CAZOLETA DE AMORTIGUADOR CÓDIGO:,,,,32,GACRI
60084,GACRI,PEUGEOT,306,PARTNER,BUJE PARRILLA,BUJE PARRILLA,PARRILLA,,3523-401,BUJE PARRILLA SUSPENSIÓN DELANTERA (C/PESTAÑA),60084 306 - PARTNER ORIGINAL: 3523-401 BUJE PARRILLA SUSPENSIÓN DELANTERA (C/PESTAÑA) CÓDIGO:,,,,32,GACRI
60074,GACRI,PEUGEOT,307,HIDRAULICO - 2.0 NAFTA,SOPORTE MOTOR,SOPORTE MOTOR,MOTOR,,183994,SOPORTE DE MOTOR (HIDRÁULICO) TE,60074 HIDRAULICO 307 - 2.0 NAFTA ORIGINAL: 183994 SOPORTE DE MOTOR (HIDRÁULICO) TE CÓDIGO:,,,,31,GACRI
60075,GACRI,PEUGEOT,307,HIDRAULICO - 2.0 HDI DIESEL,SOPORTE MOTOR,SOPORTE MOTOR,MOTOR,,183993,SOPORTE DE MOTOR (HIDRÁULICO) J,60075 HIDRAULICO 307 - 2.0 HDI DIESEL ORIGINAL: 183993 SOPORTE DE MOTOR (HIDRÁULICO) J CÓDIGO:,,,,31,GACRI
60076,GACRI,PEUGEOT,307,HIDRAULICO - 1.6 16 V NAFTA,SOPORTE MOTOR,SOPORTE MOTOR,MOTOR,,183992,SOPORTE DE MOTOR (HIDRÁULICO) Y,60076 HIDRAULICO 307 - 1.6 16 V NAFTA ORIGINAL: 183992 SOPORTE DE MOTOR (HIDRÁULICO) Y CÓDIGO:,,,,31,GACRI
60078,GACRI,PEUGEOT,307,,SOPORTE,SOPORTE,AMORTIGUADOR,DELANTERO,5031770,SOPORTE DE AMORTIGUADOR DELANTERO 28,60078 PEUGEOT 307 ORIGINAL: 5031770 SOPORTE DE AMORTIGUADOR DELANTERO 28,,,,31,GACRI
60086,GACRI,PEUGEOT,307,206,BUJE PARRILLA,BUJE PARRILLA,PARRILLA,,3523-770,BUJE PARRILLA SUSPENSIÓN DELANTERA (PUNTA C/PESTAÑA),60086 206 - 307 ORIGINAL: 3523-770 BUJE PARRILLA SUSPENSIÓN DELANTERA (PUNTA C/PESTAÑA) CÓDIGO:,,,,32,GACRI
60087,GACRI,PEUGEOT,307,,BUJE PARRILLA,BUJE PARRILLA,PARRILLA,CENTRAL,3523-910,BUJE PARRILLA SUSPENSIÓN DELANTERA (CENTRO),60087 307 ORIGINAL: 3523-910 BUJE PARRILLA SUSPENSIÓN DELANTERA (CENTRO) CÓDIGO:,,,,32,GACRI
60088,GACRI,PEUGEOT,307,,SOPORTE,SOPORTE,BARRA ESTABILIZADORA,,5094-87,SOPORTE BARRA ESTABILIZADORA A 21 MM,60088 307 ORIGINAL: 5094-87 SOPORTE BARRA ESTABILIZADORA A 21 MM CÓDIGO:,,,,32,GACRI
60089,GACRI,PEUGEOT,307,,SOPORTE,SOPORTE,BARRA ESTABILIZADORA,,5094-88,SOPORTE BARRA ESTABILIZADORA E 22 MM 29,60089 307 ORIGINAL: 5094-88 SOPORTE BARRA ESTABILIZADORA E 22 MM 29,,,,32,GACRI
60090,GACRI,PEUGEOT,307,,SOPORTE,SOPORTE,BARRA ESTABILIZADORA,,5094-89,SOPORTE BARRA ESTABILIZADORA A 23 MM,60090 307 ORIGINAL: 5094-89 SOPORTE BARRA ESTABILIZADORA A 23 MM CÓDIGO:,,,,33,GACRI
60091,GACRI,PEUGEOT,307,405 - - 407 - 406,SOPORTE,SOPORTE,ESCAPE,,SIN,60091 405 - 307 - 407 - 406 ORIGINAL: SIN CÓDIGO SOPORTE CAÑO ESCAPE 19 PEN CÓDIGO:,60091 405 - 307 - 407 - 406 ORIGINAL: SIN CÓDIGO SOPORTE CAÑO ESCAPE 19 PEN CÓDIGO:,,,,33,GACRI
60097,GACRI,PEUGEOT,307,206-207- -407,SOPORTE MOTOR,SOPORTE MOTOR,MOTOR,CENTRAL,1807-47,SOPORTE DE MOTOR CENTRAL D.65 MM,60097 206-207-307-407 ORIGINAL: 1807-47 BUJE SOPORTE DE MOTOR CENTRAL D.65 MM CÓDIGO:,,,,33,GACRI
60094,GACRI,PEUGEOT,308,HIDRAULICO,,,,,,60094 HIDRAULICO 308,60094 HIDRAULICO 308,,,,33,GACRI
60095,GACRI,PEUGEOT,308,HIDRAULICO,,,,,,60095 HIDRAULICO 308,60095 HIDRAULICO 308,,,,33,GACRI
1844,GACRI,PEUGEOT,405,,SOPORTE MOTOR,SOPORTE MOTOR,MOTOR,,1844-420,SOPORTE DE MOTOR (HIDRÁULICO) -_MMMMMXNA+—|,405 ORIGINAL: 1844-420 SOPORTE DE MOTOR (HIDRÁULICO) -_MMMMMXNA+—| CÓDIGO:,,,,29,GACRI
5033,GACRI,PEUGEOT,405,,SOPORTE,SOPORTE,AMORTIGUADOR,,5033-270,SOPORTE DE AMORTIGUADOR,405 ORIGINAL: 5033-270 TOPE SOPORTE DE AMORTIGUADOR CÓDIGO,,,,29,GACRI
5094,GACRI,PEUGEOT,405,,BUJE BARRA ESTABILIZADORA,BUJE BARRA ESTABILIZADORA,BARRA ESTABILIZADORA,,5094-530,BUJE BARRA ESTABILIZADORA A 20,405 ORIGINAL: 5094-530 BUJE BARRA ESTABILIZADORA A 20 CÓDIGO:,,,,29,GACRI
5094,GACRI,PEUGEOT,405,,BUJE BARRA ESTABILIZADORA,BUJE BARRA ESTABILIZADORA,BARRA ESTABILIZADORA,,5094-340,BUJE BARRA ESTABILIZADORA A 22 A,405 ORIGINAL: 5094-340 BUJE BARRA ESTABILIZADORA A 22 A CÓDIGO:,,,,29,GACRI
5424,GACRI,PEUGEOT,405,,BUJE,BUJE,MOTOR,CENTRAL,5424-030 | 4066-170 | 1809-160 FUELLE DE DIRECCIÓN (HIDRÁULICA Y MECÁNICA) FUELLE DE CAJA DE DIRECCIÓN,BUJE CENTRAL DE MOTOR 25,405 ORIGINAL: 5424-030 ORIGINAL: 4066-170 ORIGINAL: 1809-160 FUELLE DE DIRECCIÓN (HIDRÁULICA Y MECÁNICA) FUELLE DE CAJA DE DIRECCIÓN BUJE CENTRAL DE MOTOR 25,,,,28,GACRI
60046,GACRI,PEUGEOT,405,R,SOPORTE,SOPORTE,AMORTIGUADOR,,5037-250,SOPORTE DE AMORTIGUADOR,60046 R 405 ORIGINAL: 5037-250 SOPORTE DE AMORTIGUADOR CÓDIGO:,,,,29,GACRI
60048,GACRI,PEUGEOT,405,P.,,,CAJA,,3287-790 FUELLE HOMOCINÉTICA LADO CAJA,60048 P. 405 ORIGINAL: 3287-790 FUELLE HOMOCINÉTICA LADO CAJA CÓDIGO:,60048 P. 405 ORIGINAL: 3287-790 FUELLE HOMOCINÉTICA LADO CAJA CÓDIGO:,,,,29,GACRI
60049,GACRI,PEUGEOT,405,P.,,,,,3293-830 FUELLE HOMOCINÉTICA LADO RUEDA,60049 P. 405 ORIGINAL: 3293-830 FUELLE HOMOCINÉTICA LADO RUEDA CÓDIGO:,60049 P. 405 ORIGINAL: 3293-830 FUELLE HOMOCINÉTICA LADO RUEDA CÓDIGO:,,,,29,GACRI
60055,GACRI,PEUGEOT,405,DORADO P.,,,,DELANTERO,"3523-540 ARTIC. BRAZO PARILLA DELANTERO A 18,1","60055 DORADO P. 405 ORIGINAL: 3523-540 ARTIC. BRAZO PARILLA DELANTERO A 18,1 CÓDIGO:","60055 DORADO P. 405 ORIGINAL: 3523-540 ARTIC. BRAZO PARILLA DELANTERO A 18,1 CÓDIGO:",,,,29,GACRI
60059,GACRI,PEUGEOT,405,FUELLE (LADO CAJA FUELLE (LADO RUEDA) CON GRASA Y ABRAZADERAS,,,CAJA,,,60059 405 FUELLE (LADO CAJA FUELLE (LADO RUEDA) CON GRASA Y ABRAZADERAS PEUGEOT CÓDIGO:,60059 405 FUELLE (LADO CAJA FUELLE (LADO RUEDA) CON GRASA Y ABRAZADERAS PEUGEOT CÓDIGO:,,,,30,GACRI
60062,GACRI,PEUGEOT,405,,SOPORTE MOTOR,SOPORTE MOTOR,MOTOR,,1844-170,SOPORTE DE MOTOR,60062 405 ORIGINAL: 1844-170 TOPE SOPORTE DE MOTOR CÓDIGO:,,,,30,GACRI
60063,GACRI,PEUGEOT,405,AFRODELO VIEJO) JUEGO TREN DELANTERO (8 PIEZAS) 88* PA SS U LE PP,,,,DELANTERO,,60063 405 AFRODELO VIEJO) JUEGO TREN DELANTERO (8 PIEZAS) 88* PA SS U LE PP CÓDIGO:,60063 405 AFRODELO VIEJO) JUEGO TREN DELANTERO (8 PIEZAS) 88* PA SS U LE PP CÓDIGO:,,,,30,GACRI
60064,GACRI,PEUGEOT,405,¡IA NUEVO) JUEGO TREN DELANTERO (8 PIEZAS) 27,,,,DELANTERO,,60064 405 ¡IA NUEVO) JUEGO TREN DELANTERO (8 PIEZAS) 27,60064 405 ¡IA NUEVO) JUEGO TREN DELANTERO (8 PIEZAS) 27,,,,30,GACRI
60067,GACRI,PEUGEOT,405,205 N2,SOPORTE MOTOR,SOPORTE MOTOR,MOTOR,IZQUIERDO,184395,SOPORTE DE MOTOR IZQUIERDO,60067 405 - 205 N2 ORIGINAL: 184395 SOPORTE DE MOTOR IZQUIERDO CÓDIGO:,,,,30,GACRI
60077,GACRI,PEUGEOT,405,,,,MOTOR,DERECHO,1844170,TOPE DE MOTOR LADO DERECHO,60077 PEUGEOT 405 ORIGINAL: 1844170 TOPE DE MOTOR LADO DERECHO CÓDIGO:,,,,31,GACRI
60083,GACRI,PEUGEOT,405,,BUJE PARRILLA,BUJE PARRILLA,PARRILLA,,3523-400,BUJE PARRILLA DELANTERA (CON PESTAÑA),60083 405 ORIGINAL: 3523-400 BUJE PARRILLA DELANTERA (CON PESTAÑA) CÓDIGO:,,,,32,GACRI
60091,GACRI,PEUGEOT,405,307 - 407 - 406,SOPORTE,SOPORTE,ESCAPE,,SIN,60091 405 - 307 - 407 - 406 ORIGINAL: SIN CÓDIGO SOPORTE CAÑO ESCAPE 19 PEN CÓDIGO:,60091 405 - 307 - 407 - 406 ORIGINAL: SIN CÓDIGO SOPORTE CAÑO ESCAPE 19 PEN CÓDIGO:,,,,33,GACRI
1844,GACRI,PEUGEOT,406,206 - 306,SOPORTE MOTOR,SOPORTE MOTOR,MOTOR,,1844-470,SOPORTE DE MOTOR HIDRÁULICO,206 - 306 - 406 ORIGINAL: 1844-470 SOPORTE DE MOTOR HIDRÁULICO CÓDIGO:,,,,29,GACRI
60066,GACRI,PEUGEOT,406,,SOPORTE PARRILLA,SOPORTE PARRILLA,PARRILLA,DELANTERO,3523-610 S/BLOCK PARRILLA DELANTERO,60066 406 ORIGINAL: 3523-610 S/BLOCK PARRILLA DELANTERO CÓDIGO:,60066 406 ORIGINAL: 3523-610 S/BLOCK PARRILLA DELANTERO CÓDIGO:,,,,30,GACRI
60091,GACRI,PEUGEOT,406,405 - 307 - 407,SOPORTE,SOPORTE,ESCAPE,,SIN,60091 405 - 307 - 407 - 406 ORIGINAL: SIN CÓDIGO SOPORTE CAÑO ESCAPE 19 PEN CÓDIGO:,60091 405 - 307 - 407 - 406 ORIGINAL: SIN CÓDIGO SOPORTE CAÑO ESCAPE 19 PEN CÓDIGO:,,,,33,GACRI
1807,GACRI,PEUGEOT,504,,SOPORTE MOTOR,SOPORTE MOTOR,MOTOR,,1807-250,SOPORTE DE MOTOR EA Y -_MMMMMXNA+—|,504 ORIGINAL: 1807-250 SOPORTE DE MOTOR EA Y -_MMMMMXNA+—| CÓDIGO:,,,,27,GACRI
1807,GACRI,PEUGEOT,504,DIESEL,SOPORTE MOTOR,SOPORTE MOTOR,MOTOR,,1807-280,SOPORTE DE MOTOR,504 DIESEL ORIGINAL: 1807-280 SOPORTE DE MOTOR CÓDIGO:,,,,27,GACRI
1843,GACRI,PEUGEOT,504,404 NAFTERO,SOPORTE CAJA,SOPORTE CAJA,CAJA,,1843-260,SOPORTE DE CAJA DE VELOCIDAD E Y,504 - 404 NAFTERO ORIGINAL: 1843-260 SOPORTE DE CAJA DE VELOCIDAD E Y CÓDIGO:,,,,27,GACRI
1843,GACRI,PEUGEOT,504,404 DIESEL,SOPORTE CAJA,SOPORTE CAJA,CAJA,,1843-261,SOPORTE DE CAJA DE VELOCIDAD,504 - 404 DIESEL ORIGINAL: 1843-261 SOPORTE DE CAJA DE VELOCIDAD CÓDIGO:,,,,27,GACRI
3523,GACRI,PEUGEOT,504,404,BUJE PARRILLA,BUJE PARRILLA,CAJA,,3523-100 | 5424-030 N2 | 4065-030,BUJE DE PARRILLA CÓNICO FUELLE DE AMORTIGUADOR FUELLE DE CAJA DE DIRECCIÓN (MECÁNICA) ÁS,504 - 404 ORIGINAL: 3523-100 ORIGINAL: 5424-030 N2 ORIGINAL: 4065-030 BUJE DE PARRILLA CÓNICO FUELLE DE AMORTIGUADOR FUELLE DE CAJA DE DIRECCIÓN (MECÁNICA) ÁS CÓDIGO:,,,,28,GACRI
5210,GACRI,PEUGEOT,504,,SOPORTE,SOPORTE,AMORTIGUADOR,DELANTERO,5210-133,SOPORTE DE AMORTIGUADOR DELANTERO E,504 ORIGINAL: 5210-133 SOPORTE DE AMORTIGUADOR DELANTERO E / CÓDIGO:,,,,27,GACRI
60010,GACRI,PEUGEOT,504,P.,,,,,,60010 P. 504,60010 P. 504,,,,27,GACRI
60011,GACRI,PEUGEOT,504,P.,,,,,,60011 P. 504,60011 P. 504,,,,27,GACRI
60026,GACRI,PEUGEOT,504,P. 404 - - TAB,,,CAJA,,9991-041 CONTRAPESO DE CAJA (LARGO),60026 P. 404 - 504 - TAB ORIGINAL: 9991-041 CONTRAPESO DE CAJA (LARGO) CÓDIGO:,60026 P. 404 - 504 - TAB ORIGINAL: 9991-041 CONTRAPESO DE CAJA (LARGO) CÓDIGO:,,,,28,GACRI
60034,GACRI,PEUGEOT,504,P. - 404,,,,,0127-050 JUNTA BANCADA,60034 P. 504 - 404 ORIGINAL: 0127-050 JUNTA BANCADA CÓDIGO:,60034 P. 504 - 404 ORIGINAL: 0127-050 JUNTA BANCADA CÓDIGO:,,,,27,GACRI
60038,GACRI,PEUGEOT,504,"505 - 5 VEL, DIESEL",SOPORTE CAJA,SOPORTE CAJA,CAJA,,1843680,SOPORTE DE CAJA DE VELOCIDAD LA,"505 - 504 5 VEL, DIESEL ORIGINAL: 1843680 SOPORTE DE CAJA DE VELOCIDAD LA CÓDIGO:",,,,27,GACRI
60039,GACRI,PEUGEOT,504,505 GAMA NAFTERO,SOPORTE CAJA,SOPORTE CAJA,CAJA,,1843621,SOPORTE DE CAJA DE VELOCIDAD,504 - 505 GAMA NAFTERO ORIGINAL: 1843621 SOPORTE DE CAJA DE VELOCIDAD CÓDIGO:,,,,27,GACRI
60040,GACRI,PEUGEOT,504,505 GAMA DIESEL,SOPORTE CAJA,SOPORTE CAJA,CAJA,,1843631,SOPORTE DE CAJA DE VELOCIDAD E,504 - 505 GAMA DIESEL ORIGINAL: 1843631 SOPORTE DE CAJA DE VELOCIDAD E,,,,27,GACRI
60042,GACRI,PEUGEOT,504,P. - 505 P. - 505,,,CAJA,,9991-043 | 1874-032 CONTRAPESO DE CAJA CONTRAPESO DE CAJA,60042 P. 504 - 505 P. 504 - 505 ORIGINAL: 9991-043 ORIGINAL: 1874-032 CONTRAPESO DE CAJA CONTRAPESO DE CAJA CÓDIGO:,60042 P. 504 - 505 P. 504 - 505 ORIGINAL: 9991-043 ORIGINAL: 1874-032 CONTRAPESO DE CAJA CONTRAPESO DE CAJA CÓDIGO:,,,,28,GACRI
60052,GACRI,PEUGEOT,504,P. - 505,MANCHÓN,MANCHÓN,,,4040-081,MANCHÓN DE DIRECCIÓN REFORZADO,60052 P. 504 - 505 ORIGINAL: 4040-081 MANCHÓN DE DIRECCIÓN REFORZADO CÓDIGO:,,,,29,GACRI
60060,GACRI,PEUGEOT,504,JUEGO TREN DELANTERO (10 PIEZAS) 022%,,,,DELANTERO,,60060 504 JUEGO TREN DELANTERO (10 PIEZAS) 022% CÓDIGO:,60060 504 JUEGO TREN DELANTERO (10 PIEZAS) 022% CÓDIGO:,,,,30,GACRI
60081,GACRI,PEUGEOT,504,505,BUJE,BUJE,,,3523-120,BUJE BRAZO OSCILANTE Y 29 MM,60081 504 - 505 ORIGINAL: 3523-120 BUJE BRAZO OSCILANTE Y 29 MM CÓDIGO:,,,,32,GACRI
60082,GACRI,PEUGEOT,504,505,BUJE,BUJE,,DELANTERO,3523-160,BUJE BRAZO OSCILANTE DELANTERO U 33 MM PEUGEOT,60082 504 - 505 ORIGINAL: 3523-160 BUJE BRAZO OSCILANTE DELANTERO U 33 MM PEUGEOT CÓDIGO:,,,,32,GACRI
60037,GACRI,PEUGEOT,504 5 VEL.,NAFTERO,SOPORTE CAJA,SOPORTE CAJA,CAJA,,1843701,SOPORTE DE CAJA DE VELOCIDAD A],NAFTERO ORIGINAL: 1843701 SOPORTE DE CAJA DE VELOCIDAD A] CÓDIGO:,,,,27,GACRI
5210,GACRI,PEUGEOT,505,,SOPORTE,SOPORTE,AMORTIGUADOR,,5210-220,SOPORTE DE AMORTIGUADOR (86/ADELANTE) Y,505 ORIGINAL: 5210-220 SOPORTE DE AMORTIGUADOR (86/ADELANTE) Y CÓDIGO:,,,,29,GACRI
60038,GACRI,PEUGEOT,505,"504 5 VEL, DIESEL",SOPORTE CAJA,SOPORTE CAJA,CAJA,,1843680,SOPORTE DE CAJA DE VELOCIDAD LA,"505 - 504 5 VEL, DIESEL ORIGINAL: 1843680 SOPORTE DE CAJA DE VELOCIDAD LA CÓDIGO:",,,,27,GACRI
60039,GACRI,PEUGEOT,505,504 - GAMA NAFTERO,SOPORTE CAJA,SOPORTE CAJA,CAJA,,1843621,SOPORTE DE CAJA DE VELOCIDAD,504 - 505 GAMA NAFTERO ORIGINAL: 1843621 SOPORTE DE CAJA DE VELOCIDAD CÓDIGO:,,,,27,GACRI
60040,GACRI,PEUGEOT,505,504 - GAMA DIESEL,SOPORTE CAJA,SOPORTE CAJA,CAJA,,1843631,SOPORTE DE CAJA DE VELOCIDAD E,504 - 505 GAMA DIESEL ORIGINAL: 1843631 SOPORTE DE CAJA DE VELOCIDAD E,,,,27,GACRI
60042,GACRI,PEUGEOT,505,P. 504 - P. 504,,,CAJA,,9991-043 | 1874-032 CONTRAPESO DE CAJA CONTRAPESO DE CAJA,60042 P. 504 - 505 P. 504 - 505 ORIGINAL: 9991-043 ORIGINAL: 1874-032 CONTRAPESO DE CAJA CONTRAPESO DE CAJA CÓDIGO:,60042 P. 504 - 505 P. 504 - 505 ORIGINAL: 9991-043 ORIGINAL: 1874-032 CONTRAPESO DE CAJA CONTRAPESO DE CAJA CÓDIGO:,,,,28,GACRI
60052,GACRI,PEUGEOT,505,P. 504,MANCHÓN,MANCHÓN,,,4040-081,MANCHÓN DE DIRECCIÓN REFORZADO,60052 P. 504 - 505 ORIGINAL: 4040-081 MANCHÓN DE DIRECCIÓN REFORZADO CÓDIGO:,,,,29,GACRI
60061,GACRI,PEUGEOT,505,JUEGO TREN DELANTERO (10 PIEZAS),,,,DELANTERO,,60061 505 JUEGO TREN DELANTERO (10 PIEZAS) CÓDIGO:,60061 505 JUEGO TREN DELANTERO (10 PIEZAS) CÓDIGO:,,,,30,GACRI
60065,GACRI,PEUGEOT,505,82/86,SOPORTE,SOPORTE,AMORTIGUADOR,,5210-170,SOPORTE DE AMORTIGUADOR,60065 505 82/86 ORIGINAL: 5210-170 SOPORTE DE AMORTIGUADOR CÓDIGO:,,,,30,GACRI
60081,GACRI,PEUGEOT,505,504,BUJE,BUJE,,,3523-120,BUJE BRAZO OSCILANTE Y 29 MM,60081 504 - 505 ORIGINAL: 3523-120 BUJE BRAZO OSCILANTE Y 29 MM CÓDIGO:,,,,32,GACRI
60082,GACRI,PEUGEOT,505,504,BUJE,BUJE,,DELANTERO,3523-160,BUJE BRAZO OSCILANTE DELANTERO U 33 MM PEUGEOT,60082 504 - 505 ORIGINAL: 3523-160 BUJE BRAZO OSCILANTE DELANTERO U 33 MM PEUGEOT CÓDIGO:,,,,32,GACRI
9991,GACRI,PEUGEOT,505,,BUJE,BUJE,TENSOR,,9991-039 | 4040-060 | 3523-090 CONTRAPESO DE CAJA (CORTO),BUJE TENSOR,505 ORIGINAL: 9991-039 ORIGINAL: 4040-060 ORIGINAL: 3523-090 CONTRAPESO DE CAJA (CORTO) MANCHÓN ACOPLE DE DIRECCIÓN BUJE TENSOR CÓDIGO:,,,,28,GACRI
60098,GACRI,PEUGEOT,BOXER,NY,SOPORTE,SOPORTE,MOTOR,SUPERIOR,1846-65,SOPORTE SUPERIOR DE MOTOR,60098 BOXER NY ORIGINAL: 1846-65 SOPORTE SUPERIOR DE MOTOR,,,,33,GACRI
60037,GACRI,PEUGEOT,P. 505,NAFTERO,SOPORTE CAJA,SOPORTE CAJA,CAJA,,1843701,SOPORTE DE CAJA DE VELOCIDAD A],NAFTERO ORIGINAL: 1843701 SOPORTE DE CAJA DE VELOCIDAD A] CÓDIGO:,,,,27,GACRI
60072,GACRI,PEUGEOT,PARTNER,306 - KIT REPARACIÓN PARRILLA O 18.7 MM J -D 0,SOPORTE PARRILLA,SOPORTE PARRILLA,PARRILLA,,,60072 306 - PARTNER KIT REPARACIÓN PARRILLA O 18.7 MM J -D 0 CÓDIGO:,60072 306 - PARTNER KIT REPARACIÓN PARRILLA O 18.7 MM J -D 0 CÓDIGO:,,,,31,GACRI
60073,GACRI,PEUGEOT,PARTNER,306 - KIT REPARACIÓN PARRILLA Y 19.6 MM A,SOPORTE PARRILLA,SOPORTE PARRILLA,PARRILLA,,,60073 306 - PARTNER KIT REPARACIÓN PARRILLA Y 19.6 MM A CÓDIGO:,60073 306 - PARTNER KIT REPARACIÓN PARRILLA Y 19.6 MM A CÓDIGO:,,,,31,GACRI
60084,GACRI,PEUGEOT,PARTNER,306,BUJE PARRILLA,BUJE PARRILLA,PARRILLA,,3523-401,BUJE PARRILLA SUSPENSIÓN DELANTERA (C/PESTAÑA),60084 306 - PARTNER ORIGINAL: 3523-401 BUJE PARRILLA SUSPENSIÓN DELANTERA (C/PESTAÑA) CÓDIGO:,,,,32,GACRI
1500,GACRI,RENAULT,1.8,,SOPORTE MOTOR,SOPORTE MOTOR,MOTOR,DELANTERO,3519205,SOPORTE DE MOTOR DELANTERO ID,1500 1.8 ORIGINAL: 3519205 SOPORTE DE MOTOR DELANTERO ID CÓDIGO:,,,,56,GACRI
1500,GACRI,RENAULT,1.8,,SOPORTE AMORTIGUADOR,SOPORTE AMORTIGUADOR,AMORTIGUADOR,,4125054,CAZOLETA SIN RODAMIENTO,1500 1.8 ORIGINAL: 4125054 CAZOLETA SIN RODAMIENTO CÓDIGO:,,,,56,GACRI
1500,GACRI,RENAULT,1.8,,SOPORTE,SOPORTE,CAJA,,71247954,SOPORTE DE CAJA,1500 1.8 ORIGINAL: 71247954 SOPORTE DE CAJA CÓDIGO:,,,,56,GACRI
80134,GACRI,RENAULT,19 DIESEL EXPRESS,,SOPORTE MOTOR,SOPORTE MOTOR,MOTOR,,7700802927 | 7700308789,SOPORTE DE MOTOR DELANT.,80134 19 DIESEL EXPRESS ORIGINAL: 7700802927 ORIGINAL: 7700308789 SOPORTE DE MOTOR DELANT.,,,,49,GACRI
80120,GACRI,RENAULT,CLIO,19,SOPORTE,SOPORTE,MOTOR,CENTRAL,7700804163,SOPORTE CENTRAL DE MOTOR ÁÉ_—_——24+A+>+>+ -_MMMMMXNA+—|,19 - CLIO ORIGINAL: 7700804163 SOPORTE CENTRAL DE MOTOR ÁÉ_—_——24+A+>+>+ -_MMMMMXNA+—| CÓDIGO:,,,,48,GACRI
80121,GACRI,RENAULT,CLIO,19,SOPORTE MOTOR,SOPORTE MOTOR,MOTOR,DERECHO,770078949,SOPORTE DE MOTOR DERECHO AN,19 - CLIO ORIGINAL: 770078949 SOPORTE DE MOTOR DERECHO AN CÓDIGO,,,,48,GACRI
80122,GACRI,RENAULT,CLIO,19,SOPORTE MOTOR,SOPORTE MOTOR,MOTOR,IZQUIERDO,7700801543,SOPORTE DE MOTOR IZQUIERDO,19 - CLIO ORIGINAL: 7700801543 SOPORTE DE MOTOR IZQUIERDO CÓDIGO,,,,48,GACRI
80129,GACRI,RENAULT,CLIO,EXPRESS - DIESEL,SOPORTE MOTOR,SOPORTE MOTOR,MOTOR,,7700800522,SOPORTE DE MOTOR LADO CAJA (RECTO 41 MM),80129 EXPRESS - CLIO DIESEL ORIGINAL: 7700800522 SOPORTE DE MOTOR LADO CAJA (RECTO 41 MM) CÓDIGO:,,,,48,GACRI
80130,GACRI,RENAULT,CLIO,19 - EXPRESS DIESEL,SOPORTE MOTOR,SOPORTE MOTOR,MOTOR,,7700800522,SOPORTE DE MOTOR LADO CAJA (RECTO 50 MM),80130 CLIO - 19 - EXPRESS DIESEL ORIGINAL: 7700800522 SOPORTE DE MOTOR LADO CAJA (RECTO 50 MM) CÓDIGO:,,,,48,GACRI
80131,GACRI,RENAULT,CLIO,19 - EXPRESS,SOPORTE MOTOR,SOPORTE MOTOR,MOTOR,,7700800522,SOPORTE DE MOTOR LADO CAJA (RECTO 41 MM),80131 CLIO - 19 - EXPRESS ORIGINAL: 7700800522 SOPORTE DE MOTOR LADO CAJA (RECTO 41 MM) CÓDIGO:,,,,48,GACRI
80137,GACRI,RENAULT,CLIO,HIDRAULICO KANGOO 1.9 DIESEL - EXPRESS DIESEL,SOPORTE MOTOR,SOPORTE MOTOR,MOTOR,DERECHO,7700426193 | 7700818994,SOPORTE DE MOTOR LADO CAJA SOPORTE DE MOTOR DERECHO (HIDRÁULICO) RENAULT,80137 HIDRAULICO KANGOO 1.9 DIESEL CLIO - EXPRESS DIESEL ORIGINAL: 7700426193 ORIGINAL: 7700818994 SOPORTE DE MOTOR LADO CAJA SOPORTE DE MOTOR DERECHO (HIDRÁULICO) RENAULT CÓDIGO:,,,,49,GACRI
80138,GACRI,RENAULT,CLIO,NO HIDRAULICO - EXPRESS DIESEL,SOPORTE MOTOR,SOPORTE MOTOR,MOTOR,DERECHO,7700818994,SOPORTE DE MOTOR DERECHO (NO HIDRÁULICO) —E =—,80138 NO HIDRAULICO CLIO - EXPRESS DIESEL ORIGINAL: 7700818994 SOPORTE DE MOTOR DERECHO (NO HIDRÁULICO) —E =— CÓDIGO:,,,,49,GACRI
80141,GACRI,RENAULT,CLIO,HIDRAULICO - EXPRESS DIESEL,SOPORTE MOTOR,SOPORTE MOTOR,MOTOR,,7700805123,SOPORTE DE MOTOR (HIDRÁULICO),80141 HIDRAULICO CLIO - EXPRESS DIESEL ORIGINAL: 7700805123 SOPORTE DE MOTOR (HIDRÁULICO) CÓDIGO:,,,,49,GACRI
80143,GACRI,RENAULT,CLIO,EXPRESS DIESEL MEGANE - KANGOO NAFTA,SOPORTE MOTOR,SOPORTE MOTOR,MOTOR,,7700805123 | 7700314800,SOPORTE DE MOTOR (NO HIDRÁULICO) TENSOR LATERAL,80143 CLIO - EXPRESS DIESEL MEGANE - KANGOO NAFTA ORIGINAL: 7700805123 ORIGINAL: 7700314800 SOPORTE DE MOTOR (NO HIDRÁULICO) TENSOR LATERAL CÓDIGO:,,,,49,GACRI
80144,GACRI,RENAULT,CLIO,KANGOO - FASE IL,SOPORTE AMORTIGUADOR,SOPORTE AMORTIGUADOR,AMORTIGUADOR,,7700829529,CAZOLETA DELANTERA 46,80144 KANGOO - CLIO FASE IL ORIGINAL: 7700829529 CAZOLETA DELANTERA 46,,,,49,GACRI
80147,GACRI,RENAULT,CLIO,HIDRAULICO MEGANE 1.6 - FASE 11,SOPORTE MOTOR,SOPORTE MOTOR,MOTOR,DERECHO,7700437391,SOPORTE DE MOTOR DERECHO (HIDRÁULICO) >,80147 HIDRAULICO MEGANE 1.6 - CLIO FASE 11 ORIGINAL: 7700437391 SOPORTE DE MOTOR DERECHO (HIDRÁULICO) > CÓDIGO:,,,,50,GACRI
80148,GACRI,RENAULT,CLIO,NO HIDRAULICO MEGANE 1.6 - FASE 11,SOPORTE MOTOR,SOPORTE MOTOR,MOTOR,DERECHO,7700437391,SOPORTE DE MOTOR DERECHO (NO HIDRÁULICO) ___—_ A) ES.,80148 NO HIDRAULICO MEGANE 1.6 - CLIO FASE 11 ORIGINAL: 7700437391 SOPORTE DE MOTOR DERECHO (NO HIDRÁULICO) ___—_ A) ES.,,,,50,GACRI
80149,GACRI,RENAULT,CLIO,1! - MEGANE 1.6 SCENIC FASE LL,SOPORTE,SOPORTE,MOTOR,INFERIOR,4400437854,SOPORTE INFERIOR DE MOTOR,80149 CLIO 1! - MEGANE 1.6 SCENIC FASE LL ORIGINAL: 4400437854 SOPORTE INFERIOR DE MOTOR CÓDIGO:,,,,53,GACRI
80150,GACRI,RENAULT,CLIO,R19 - - MEGANE,SOPORTE,SOPORTE,AMORTIGUADOR,,7702224432,SOPORTE DE AMORTIGUADOR,80150 R19 - CLIO - MEGANE ORIGINAL: 7702224432 SOPORTE DE AMORTIGUADOR CÓDIGO:,,,,50,GACRI
80153,GACRI,RENAULT,CLIO,,SOPORTE MOTOR,SOPORTE MOTOR,MOTOR,SUPERIOR,7700795689,SOPORTE DE MOTOR SUPERIOR,80153 CLIO ORIGINAL: 7700795689 SOPORTE DE MOTOR SUPERIOR CÓDIGO:,,,,51,GACRI
80154,GACRI,RENAULT,CLIO,,SOPORTE AMORTIGUADOR,SOPORTE AMORTIGUADOR,AMORTIGUADOR,DELANTERO,7700827818,CAZOLETA AMORTIGUADOR DELANTERO,80154 CLIO ORIGINAL: 7700827818 CAZOLETA AMORTIGUADOR DELANTERO CÓDIGO:,,,,51,GACRI
80163,GACRI,RENAULT,CLIO,,BUJE PARRILLA,BUJE PARRILLA,PARRILLA,,7700799065D,BUJE PARRILLA (LISO),80163 CLIO ORIGINAL: 7700799065D BUJE PARRILLA (LISO) CÓDIGO:,,,,51,GACRI
80164,GACRI,RENAULT,CLIO,,BUJE PARRILLA,BUJE PARRILLA,PARRILLA,,77007990641,BUJE PARRILLA (CON CUELLO) 48,80164 CLIO ORIGINAL: 77007990641 BUJE PARRILLA (CON CUELLO) 48,,,,51,GACRI
80165,GACRI,RENAULT,CLIO,1! - KANGOO,BUJE PARRILLA,BUJE PARRILLA,PARRILLA,,7700424399,BUJE PARRILLA DELANTERA 0 EXT.,80165 CLIO 1! - KANGOO ORIGINAL: 7700424399 BUJE PARRILLA DELANTERA 0 EXT.,,,,52,GACRI
80166,GACRI,RENAULT,CLIO,1! - KANGOO,BUJE BARRA ESTABILIZADORA,BUJE BARRA ESTABILIZADORA,BARRA ESTABILIZADORA,,7700799404 BIELETA BARRA ESTABILIZADORA (PUNTA),80166 CLIO 1! - KANGOO ORIGINAL: 7700799404 BIELETA BARRA ESTABILIZADORA (PUNTA) CÓDIGO:,80166 CLIO 1! - KANGOO ORIGINAL: 7700799404 BIELETA BARRA ESTABILIZADORA (PUNTA) CÓDIGO:,,,,52,GACRI
80169,GACRI,RENAULT,CLIO,1! - MEGANE,SOPORTE,SOPORTE,,,7700434370,SOPORTE HIDRÁULICO,80169 CLIO 1! - MEGANE ORIGINAL: 7700434370 TOPE SOPORTE HIDRÁULICO CÓDIGO:,,,,50,GACRI
80170,GACRI,RENAULT,CLIO,HIDRAULICO 1.2 - KANGOO,SOPORTE MOTOR,SOPORTE MOTOR,MOTOR,DERECHO,7700415087,SOPORTE MOTOR HIDRÁULICO LADO DERECHO,80170 HIDRAULICO CLIO 1.2 - KANGOO ORIGINAL: 7700415087 SOPORTE MOTOR HIDRÁULICO LADO DERECHO CÓDIGO:,,,,52,GACRI
80171,GACRI,RENAULT,CLIO,NO HIDRAULICO 1.2 - KANGOO,SOPORTE MOTOR,SOPORTE MOTOR,MOTOR,DERECHO,7700415087,SOPORTE MOTOR NO HIDRÁULICO LADO DERECHO,80171 NO HIDRAULICO CLIO 1.2 - KANGOO ORIGINAL: 7700415087 SOPORTE MOTOR NO HIDRÁULICO LADO DERECHO CÓDIGO:,,,,52,GACRI
80174,GACRI,RENAULT,CLIO,HIDRAULICO 11,SOPORTE MOTOR,SOPORTE MOTOR,MOTOR,DERECHO,8200267625,SOPORTE MOTOR HIDRÁULICO LADO DERECHO CLIO LL,80174 HIDRAULICO CLIO 11 ORIGINAL: 8200267625 SOPORTE MOTOR HIDRÁULICO LADO DERECHO CLIO LL CÓDIGO:,,,,52,GACRI
80175,GACRI,RENAULT,CLIO,NO HIDRAULICO IL,SOPORTE MOTOR,SOPORTE MOTOR,MOTOR,DERECHO,8200267625,SOPORTE MOTOR NO HIDRÁULICO LADO DERECHO,80175 NO HIDRAULICO CLIO IL ORIGINAL: 8200267625 SOPORTE MOTOR NO HIDRÁULICO LADO DERECHO CÓDIGO:,,,,52,GACRI
80180,GACRI,RENAULT,CLIO,MEGANE 1 - SCENIC | - IL,SOPORTE MOTOR,SOPORTE MOTOR,MOTOR,TRASERO / CENTRAL,7700415095,SOPORTE MOTOR TRASERO CENTRAL,80180 MEGANE 1 - SCENIC | - CLIO IL ORIGINAL: 7700415095 SOPORTE MOTOR TRASERO CENTRAL CÓDIGO:,,,,53,GACRI
80181,GACRI,RENAULT,CLIO,HIDRAULICO MEGANE L1 - II - LOGAN - SCENIC 11,SOPORTE MOTOR,SOPORTE MOTOR,MOTOR,DERECHO / CENTRAL,8200592642,SOPORTE MOTOR DERECHO HIDRÁULICO MUECA CENTRAL RENAULT,80181 HIDRAULICO MEGANE L1 - CLIO II - LOGAN - SCENIC 11 ORIGINAL: 8200592642 SOPORTE MOTOR DERECHO HIDRÁULICO MUECA CENTRAL RENAULT CÓDIGO:,,,,53,GACRI
80182,GACRI,RENAULT,CLIO,NO HIDRAULICO MEGANE II - 1! - LOGAN - SCENIC 11,SOPORTE MOTOR,SOPORTE MOTOR,MOTOR,DERECHO / CENTRAL,8200592642,SOPORTE MOTOR DERECHO NO HIDRÁULICO MUECA CENTRAL,80182 NO HIDRAULICO MEGANE II - CLIO 1! - LOGAN - SCENIC 11 ORIGINAL: 8200592642 SOPORTE MOTOR DERECHO NO HIDRÁULICO MUECA CENTRAL CÓDIGO:,,,,53,GACRI
80186,GACRI,RENAULT,CLIO,TWINGO - MEGANE - EXPRESS,SOPORTE,SOPORTE,ESCAPE,,7700779356,SOPORTE CAÑO DE ESCAPE,80186 CLIO - TWINGO - MEGANE - EXPRESS ORIGINAL: 7700779356 SOPORTE CAÑO DE ESCAPE CÓDIGO:,,,,53,GACRI
80194,GACRI,RENAULT,CLIO,LOGAN - SANDERO FLUENCE KANGOO- 11 N2,BUJE PARRILLA,BUJE PARRILLA,MOTOR,IZQUIERDO,8200806340 N2 | 112380010R | 8200089697,SOPORTE DE MOTOR IZQUIERDO BUJE PARRILLA SUSP.,80194 LOGAN - SANDERO FLUENCE KANGOO-CLIO 11 N2 ORIGINAL: 8200806340 N2 ORIGINAL: 112380010R ORIGINAL: 8200089697 SOPORTE DE MOTOR IZQUIERDO BUJE PARRILLA SUSP.,,,,54,GACRI
80199,GACRI,RENAULT,CLIO,KANGOO K8K- IL-SYMBOL 11 MEGANE LI-SCENIC 11 K4M TWINGO,SOPORTE MOTOR,SOPORTE MOTOR,MOTOR,DERECHO / IZQUIERDO,8200410267 NY | 7700427286 | 7700425709,SOPORTE DE MOTOR DERECHO SOPORTE DE MOTOR IZQUIERDO LADO CAJA SOPORTE DE MOTOR IZQUIERDO COMPLETO,80199 KANGOO K8K-CLIO IL-SYMBOL 11 MEGANE LI-SCENIC 11 K4M TWINGO ORIGINAL: 8200410267 NY ORIGINAL: 7700427286 ORIGINAL: 7700425709 SOPORTE DE MOTOR DERECHO SOPORTE DE MOTOR IZQUIERDO LADO CAJA SOPORTE DE MOTOR IZQUIERDO COMPLETO CÓDIGO,,,,54,GACRI
80205,GACRI,RENAULT,CLIO,LOGAN-MEGANE-SANDERO-SCENIC- LIL,SOPORTE MOTOR,SOPORTE MOTOR,MOTOR,TRASERO / CENTRAL,8200500928 | 54320001R,SOPORTE DE MOTOR TRASERO CENTRAL REFORZADO OY,80205 LOGAN-MEGANE-SANDERO-SCENIC-CLIO LIL ORIGINAL: 8200500928 SOPORTE DE MOTOR TRASERO CENTRAL REFORZADO OY CÓDIGO: 80195C FLUENCE-MEGANE L1L ORIGINAL: 54320001R SOPORTE DE AMORTIGUADOR CON CRAPODINA CÓDIGO:,,,,55,GACRI
80206,GACRI,RENAULT,CLIO,LOGAN-SANDERO- IV-CAPTUR,SOPORTE MOTOR,SOPORTE MOTOR,MOTOR,TRASERO / CENTRAL,112381035R,SOPORTE DE MOTOR TRASERO CENTRAL,80206 LOGAN-SANDERO-CLIO IV-CAPTUR ORIGINAL: 112381035R SOPORTE DE MOTOR TRASERO CENTRAL CÓDIGO:,,,,55,GACRI
80187,GACRI,RENAULT,DUSTER,,SOPORTE,SOPORTE,,TRASERO / INFERIOR,8200805813,SOPORTE TRASERO INFERIOR,80187 DUSTER ORIGINAL: 8200805813 SOPORTE TRASERO INFERIOR CÓDIGO:,,,,53,GACRI
80192,GACRI,RENAULT,DUSTER,,BUJE PARRILLA,BUJE PARRILLA,PARRILLA,,545602788,"BUJE DE PARRILLA SUSP, DELANTERA 50","80192 DUSTER ORIGINAL: 545602788 BUJE DE PARRILLA SUSP, DELANTERA 50",,,,53,GACRI
80207,GACRI,RENAULT,DUSTER,HIDRAULICO,SOPORTE MOTOR,SOPORTE MOTOR,MOTOR,DERECHO,112101351R,SOPORTE DE MOTOR DERECHO,80207 HIDRAULICO DUSTER ORIGINAL: 112101351R SOPORTE DE MOTOR DERECHO CÓDIGO:,,,,55,GACRI
80161,GACRI,RENAULT,EXPRESS DIESEL,,SOPORTE,SOPORTE,MOTOR,TRASERO,7700770307,SOPORTE TRASERO DE MOTOR,80161 EXPRESS DIESEL ORIGINAL: 7700770307 SOPORTE TRASERO DE MOTOR CÓDIGO:,,,,51,GACRI
80162,GACRI,RENAULT,EXPRESS DIESEL,,SOPORTE MOTOR,SOPORTE MOTOR,MOTOR,IZQUIERDO,7700770479,SOPORTE DE MOTOR LADO IZQUIERDO,80162 EXPRESS DIESEL ORIGINAL: 7700770479 SOPORTE DE MOTOR LADO IZQUIERDO CÓDIGO:,,,,51,GACRI
80135,GACRI,RENAULT,EXPRESS N2,,SOPORTE AMORTIGUADOR,SOPORTE AMORTIGUADOR,AMORTIGUADOR,,7700757324,CAZOLETA DELANTERA (SOLO GOMA) «HE,80135 EXPRESS N2 ORIGINAL: 7700757324 CAZOLETA DELANTERA (SOLO GOMA) «HE CÓDIGO:,,,,49,GACRI
2000,GACRI,RENAULT,FUEGO,,SOPORTE MOTOR,SOPORTE MOTOR,MOTOR,IZQUIERDO,7704000769,SOPORTE DE MOTOR IZQUIERDO,2000 - FUEGO ORIGINAL: 7704000769 SOPORTE DE MOTOR IZQUIERDO CÓDIGO:,,,,46,GACRI
2000,GACRI,RENAULT,FUEGO,,SOPORTE MOTOR,SOPORTE MOTOR,MOTOR,DERECHO,7704000767,SOPORTE DE MOTOR DERECHO 43,2000 - FUEGO ORIGINAL: 7704000767 SOPORTE DE MOTOR DERECHO 43,,,,46,GACRI
80203,GACRI,RENAULT,HIDRAULICO,,,,,,,80203 HIDRAULICO CÓDIGO,80203 HIDRAULICO CÓDIGO,,,,54,GACRI
80132,GACRI,RENAULT,HIDRAULICO 19 DIESEL,,SOPORTE MOTOR,SOPORTE MOTOR,MOTOR,DERECHO / DELANTERO,7700802927,SOPORTE DE MOTOR DELANTERO DERECHO (HIDRÁULICO) 45,80132 HIDRAULICO 19 DIESEL ORIGINAL: 7700802927 SOPORTE DE MOTOR DELANTERO DERECHO (HIDRÁULICO) 45,,,,48,GACRI
80137,GACRI,RENAULT,KANGOO,HIDRAULICO 1.9 DIESEL CLIO - EXPRESS DIESEL,SOPORTE MOTOR,SOPORTE MOTOR,MOTOR,DERECHO,7700426193 | 7700818994,SOPORTE DE MOTOR LADO CAJA SOPORTE DE MOTOR DERECHO (HIDRÁULICO) RENAULT,80137 HIDRAULICO KANGOO 1.9 DIESEL CLIO - EXPRESS DIESEL ORIGINAL: 7700426193 ORIGINAL: 7700818994 SOPORTE DE MOTOR LADO CAJA SOPORTE DE MOTOR DERECHO (HIDRÁULICO) RENAULT CÓDIGO:,,,,49,GACRI
80143,GACRI,RENAULT,KANGOO,CLIO - EXPRESS DIESEL MEGANE - NAFTA,SOPORTE MOTOR,SOPORTE MOTOR,MOTOR,,7700805123 | 7700314800,SOPORTE DE MOTOR (NO HIDRÁULICO) TENSOR LATERAL,80143 CLIO - EXPRESS DIESEL MEGANE - KANGOO NAFTA ORIGINAL: 7700805123 ORIGINAL: 7700314800 SOPORTE DE MOTOR (NO HIDRÁULICO) TENSOR LATERAL CÓDIGO:,,,,49,GACRI
80144,GACRI,RENAULT,KANGOO,CLIO FASE IL,SOPORTE AMORTIGUADOR,SOPORTE AMORTIGUADOR,AMORTIGUADOR,,7700829529,CAZOLETA DELANTERA 46,80144 KANGOO - CLIO FASE IL ORIGINAL: 7700829529 CAZOLETA DELANTERA 46,,,,49,GACRI
80145,GACRI,RENAULT,KANGOO,HIDRAULICO,SOPORTE MOTOR,SOPORTE MOTOR,MOTOR,DERECHO,7700434320,SOPORTE DE MOTOR DERECHO (HIDRÁULICO) -_MMMMMXNA+—|,80145 HIDRAULICO KANGOO ORIGINAL: 7700434320 SOPORTE DE MOTOR DERECHO (HIDRÁULICO) -_MMMMMXNA+—| CÓDIGO:,,,,50,GACRI
80146,GACRI,RENAULT,KANGOO,NO HIDRAULICO,SOPORTE MOTOR,SOPORTE MOTOR,MOTOR,DERECHO,7700434320,SOPORTE DE MOTOR DERECHO (NO HIDRÁULICO),80146 NO HIDRAULICO KANGOO ORIGINAL: 7700434320 SOPORTE DE MOTOR DERECHO (NO HIDRÁULICO) CÓDIGO:,,,,50,GACRI
80165,GACRI,RENAULT,KANGOO,CLIO 1!,BUJE PARRILLA,BUJE PARRILLA,PARRILLA,,7700424399,BUJE PARRILLA DELANTERA 0 EXT.,80165 CLIO 1! - KANGOO ORIGINAL: 7700424399 BUJE PARRILLA DELANTERA 0 EXT.,,,,52,GACRI
80166,GACRI,RENAULT,KANGOO,CLIO 1!,BUJE BARRA ESTABILIZADORA,BUJE BARRA ESTABILIZADORA,BARRA ESTABILIZADORA,,7700799404 BIELETA BARRA ESTABILIZADORA (PUNTA),80166 CLIO 1! - KANGOO ORIGINAL: 7700799404 BIELETA BARRA ESTABILIZADORA (PUNTA) CÓDIGO:,80166 CLIO 1! - KANGOO ORIGINAL: 7700799404 BIELETA BARRA ESTABILIZADORA (PUNTA) CÓDIGO:,,,,52,GACRI
80170,GACRI,RENAULT,KANGOO,HIDRAULICO CLIO 1.2,SOPORTE MOTOR,SOPORTE MOTOR,MOTOR,DERECHO,7700415087,SOPORTE MOTOR HIDRÁULICO LADO DERECHO,80170 HIDRAULICO CLIO 1.2 - KANGOO ORIGINAL: 7700415087 SOPORTE MOTOR HIDRÁULICO LADO DERECHO CÓDIGO:,,,,52,GACRI
80171,GACRI,RENAULT,KANGOO,NO HIDRAULICO CLIO 1.2,SOPORTE MOTOR,SOPORTE MOTOR,MOTOR,DERECHO,7700415087,SOPORTE MOTOR NO HIDRÁULICO LADO DERECHO,80171 NO HIDRAULICO CLIO 1.2 - KANGOO ORIGINAL: 7700415087 SOPORTE MOTOR NO HIDRÁULICO LADO DERECHO CÓDIGO:,,,,52,GACRI
80194,GACRI,RENAULT,KANGOO,LOGAN - SANDERO FLUENCE -CLIO 11 N2,BUJE PARRILLA,BUJE PARRILLA,MOTOR,IZQUIERDO,8200806340 N2 | 112380010R | 8200089697,SOPORTE DE MOTOR IZQUIERDO BUJE PARRILLA SUSP.,80194 LOGAN - SANDERO FLUENCE KANGOO-CLIO 11 N2 ORIGINAL: 8200806340 N2 ORIGINAL: 112380010R ORIGINAL: 8200089697 SOPORTE DE MOTOR IZQUIERDO BUJE PARRILLA SUSP.,,,,54,GACRI
80199,GACRI,RENAULT,KANGOO,K8K-CLIO IL-SYMBOL 11 MEGANE LI-SCENIC 11 K4M TWINGO,SOPORTE MOTOR,SOPORTE MOTOR,MOTOR,DERECHO / IZQUIERDO,8200410267 NY | 7700427286 | 7700425709,SOPORTE DE MOTOR DERECHO SOPORTE DE MOTOR IZQUIERDO LADO CAJA SOPORTE DE MOTOR IZQUIERDO COMPLETO,80199 KANGOO K8K-CLIO IL-SYMBOL 11 MEGANE LI-SCENIC 11 K4M TWINGO ORIGINAL: 8200410267 NY ORIGINAL: 7700427286 ORIGINAL: 7700425709 SOPORTE DE MOTOR DERECHO SOPORTE DE MOTOR IZQUIERDO LADO CAJA SOPORTE DE MOTOR IZQUIERDO COMPLETO CÓDIGO,,,,54,GACRI
80158,GACRI,RENAULT,LAGUNA,,SOPORTE MOTOR,SOPORTE MOTOR,MOTOR,DERECHO,7700818371,SOPORTE DE MOTOR LADO DERECHO,80158 LAGUNA ORIGINAL: 7700818371 SOPORTE DE MOTOR LADO DERECHO CÓDIGO:,,,,52,GACRI
80172,GACRI,RENAULT,LAGUNA,HIDRAULICO NY?,SOPORTE MOTOR,SOPORTE MOTOR,MOTOR,DERECHO,7700414099,SOPORTE MOTOR HIDRÁULICO LADO DERECHO,80172 HIDRAULICO LAGUNA NY? ORIGINAL: 7700414099 SOPORTE MOTOR HIDRÁULICO LADO DERECHO CÓDIGO:,,,,52,GACRI
80173,GACRI,RENAULT,LAGUNA,NO HIDRAULICO,SOPORTE MOTOR,SOPORTE MOTOR,MOTOR,DERECHO,7700414099,SOPORTE MOTOR NO HIDRÁULICO LADO DERECHO,80173 NO HIDRAULICO LAGUNA ORIGINAL: 7700414099 SOPORTE MOTOR NO HIDRÁULICO LADO DERECHO CÓDIGO:,,,,52,GACRI
80179,GACRI,RENAULT,LOGAN,MEGANE |! - SCENIC II - N2,SOPORTE MOTOR,SOPORTE MOTOR,MOTOR,TRASERO / INFERIOR,8200575641,SOPORTE MOTOR TRASERO INFERIOR,80179 MEGANE |! - SCENIC II - LOGAN N2 ORIGINAL: 8200575641 SOPORTE MOTOR TRASERO INFERIOR CÓDIGO:,,,,53,GACRI
80181,GACRI,RENAULT,LOGAN,HIDRAULICO MEGANE L1 - CLIO II - - SCENIC 11,SOPORTE MOTOR,SOPORTE MOTOR,MOTOR,DERECHO / CENTRAL,8200592642,SOPORTE MOTOR DERECHO HIDRÁULICO MUECA CENTRAL RENAULT,80181 HIDRAULICO MEGANE L1 - CLIO II - LOGAN - SCENIC 11 ORIGINAL: 8200592642 SOPORTE MOTOR DERECHO HIDRÁULICO MUECA CENTRAL RENAULT CÓDIGO:,,,,53,GACRI
80182,GACRI,RENAULT,LOGAN,NO HIDRAULICO MEGANE II - CLIO 1! - - SCENIC 11,SOPORTE MOTOR,SOPORTE MOTOR,MOTOR,DERECHO / CENTRAL,8200592642,SOPORTE MOTOR DERECHO NO HIDRÁULICO MUECA CENTRAL,80182 NO HIDRAULICO MEGANE II - CLIO 1! - LOGAN - SCENIC 11 ORIGINAL: 8200592642 SOPORTE MOTOR DERECHO NO HIDRÁULICO MUECA CENTRAL CÓDIGO:,,,,53,GACRI
80183,GACRI,RENAULT,LOGAN,HIDRAULICO SANDERO,SOPORTE MOTOR,SOPORTE MOTOR,MOTOR,DERECHO,6001549202,SOPORTE MOTOR DERECHO HIDRÁULICO MUECA DER.,80183 HIDRAULICO SANDERO - LOGAN ORIGINAL: 6001549202 SOPORTE MOTOR DERECHO HIDRÁULICO MUECA DER.,,,,53,GACRI
80184,GACRI,RENAULT,LOGAN,NO HIDRAULICO SANDERO,SOPORTE MOTOR,SOPORTE MOTOR,MOTOR,DERECHO,6001549202,SOPORTE MOTOR DERECHO NO HIDRÁULICO MUECA DER.,80184 NO HIDRAULICO SANDERO - LOGAN ORIGINAL: 6001549202 SOPORTE MOTOR DERECHO NO HIDRÁULICO MUECA DER.,,,,53,GACRI
80190,GACRI,RENAULT,LOGAN,"MASTER 11/111 - SANDERO - SANDERO 1,6",SOPORTE MOTOR,SOPORTE MOTOR,MOTOR,DERECHO,8200022596 | 6001550551 | 8200644289,"SOPORTE DE MOTOR DERECHO A | SOPORTE MOTOR DERECHO BRAZO ALUMINIO SOPORTE DE MOTOR DERECHO = -MMMMMMMMMMM¿M¿M¿XNX>—A<44,","80190 MASTER 11/111 LOGAN - SANDERO LOGAN - SANDERO 1,6 ORIGINAL: 8200022596 ORIGINAL: 6001550551 ORIGINAL: 8200644289 SOPORTE DE MOTOR DERECHO A | SOPORTE MOTOR DERECHO BRAZO ALUMINIO SOPORTE DE MOTOR DERECHO = -MMMMMMMMMMM¿M¿M¿XNX>—A<44, CÓDIGO:",,,,54,GACRI
80194,GACRI,RENAULT,LOGAN,SANDERO FLUENCE KANGOO-CLIO 11 N2,BUJE PARRILLA,BUJE PARRILLA,MOTOR,IZQUIERDO,8200806340 N2 | 112380010R | 8200089697,SOPORTE DE MOTOR IZQUIERDO BUJE PARRILLA SUSP.,80194 LOGAN - SANDERO FLUENCE KANGOO-CLIO 11 N2 ORIGINAL: 8200806340 N2 ORIGINAL: 112380010R ORIGINAL: 8200089697 SOPORTE DE MOTOR IZQUIERDO BUJE PARRILLA SUSP.,,,,54,GACRI
80198,GACRI,RENAULT,LOGAN,TWINGO TWINGO -SANDERO,SOPORTE MOTOR,SOPORTE MOTOR,MOTOR,DERECHO / IZQUIERDO / TRASERO / CENTRAL,7700412094 | 7700425711 | 6001548160,SOPORTE DE MOTOR DERECHO SOPORTE DE MOTOR CENTRAL TRASERO COMPLETO SOPORTE DE MOTOR IZQUIERDO,80198 TWINGO TWINGO LOGAN-SANDERO ORIGINAL: 7700412094 ORIGINAL: 7700425711 ORIGINAL: 6001548160 SOPORTE DE MOTOR DERECHO SOPORTE DE MOTOR CENTRAL TRASERO COMPLETO SOPORTE DE MOTOR IZQUIERDO,,,,54,GACRI
80205,GACRI,RENAULT,LOGAN,MEGANE-SANDERO-SCENIC-CLIO LIL,SOPORTE MOTOR,SOPORTE MOTOR,MOTOR,TRASERO / CENTRAL,8200500928 | 54320001R,SOPORTE DE MOTOR TRASERO CENTRAL REFORZADO OY,80205 LOGAN-MEGANE-SANDERO-SCENIC-CLIO LIL ORIGINAL: 8200500928 SOPORTE DE MOTOR TRASERO CENTRAL REFORZADO OY CÓDIGO: 80195C FLUENCE-MEGANE L1L ORIGINAL: 54320001R SOPORTE DE AMORTIGUADOR CON CRAPODINA CÓDIGO:,,,,55,GACRI
80206,GACRI,RENAULT,LOGAN,SANDERO-CLIO IV-CAPTUR,SOPORTE MOTOR,SOPORTE MOTOR,MOTOR,TRASERO / CENTRAL,112381035R,SOPORTE DE MOTOR TRASERO CENTRAL,80206 LOGAN-SANDERO-CLIO IV-CAPTUR ORIGINAL: 112381035R SOPORTE DE MOTOR TRASERO CENTRAL CÓDIGO:,,,,55,GACRI
80155,GACRI,RENAULT,MASTER,,SOPORTE MOTOR,SOPORTE MOTOR,MOTOR,IZQUIERDO,8200199149,SOPORTE DE MOTOR IZQUIERDO Á,80155 MASTER ORIGINAL: 8200199149 SOPORTE DE MOTOR IZQUIERDO Á CÓDIGO:,,,,51,GACRI
80156,GACRI,RENAULT,MASTER,,SOPORTE MOTOR,SOPORTE MOTOR,MOTOR,DERECHO,8200022595,SOPORTE DE MOTOR DERECHO,80156 MASTER ORIGINAL: 8200022595 SOPORTE DE MOTOR DERECHO CÓDIGO:,,,,51,GACRI
80157,GACRI,RENAULT,MASTER,,SOPORTE MOTOR,SOPORTE MOTOR,MOTOR,TRASERO / CENTRAL,7700308756,SOPORTE DE MOTOR TRASERO CENTRAL CD,80157 MASTER ORIGINAL: 7700308756 SOPORTE DE MOTOR TRASERO CENTRAL CD CÓDIGO:,,,,51,GACRI
80190,GACRI,RENAULT,MASTER,"11/111 LOGAN - SANDERO LOGAN - SANDERO 1,6",SOPORTE MOTOR,SOPORTE MOTOR,MOTOR,DERECHO,8200022596 | 6001550551 | 8200644289,"SOPORTE DE MOTOR DERECHO A | SOPORTE MOTOR DERECHO BRAZO ALUMINIO SOPORTE DE MOTOR DERECHO = -MMMMMMMMMMM¿M¿M¿XNX>—A<44,","80190 MASTER 11/111 LOGAN - SANDERO LOGAN - SANDERO 1,6 ORIGINAL: 8200022596 ORIGINAL: 6001550551 ORIGINAL: 8200644289 SOPORTE DE MOTOR DERECHO A | SOPORTE MOTOR DERECHO BRAZO ALUMINIO SOPORTE DE MOTOR DERECHO = -MMMMMMMMMMM¿M¿M¿XNX>—A<44, CÓDIGO:",,,,54,GACRI
80208,GACRI,RENAULT,MASTER,!1I,SOPORTE MOTOR,SOPORTE MOTOR,MOTOR,TRASERO / CENTRAL,8200675206,SOPORTE DE MOTOR TRASERO CENTRAL 52 NN,80208 MASTER !1I ORIGINAL: 8200675206 SOPORTE DE MOTOR TRASERO CENTRAL 52 NN,,,,55,GACRI
80050,GACRI,RENAULT,MEGANE,R19,SOPORTE,SOPORTE,BARRA ESTABILIZADORA,,7700784170,SOPORTE PUNTA BARRA ESTABILIZADORA EI,80050 R19 - MEGANE ORIGINAL: 7700784170 SOPORTE PUNTA BARRA ESTABILIZADORA EI CÓDIGO:,,,,50,GACRI
80051,GACRI,RENAULT,MEGANE,R19,SOPORTE,SOPORTE,BARRA ESTABILIZADORA,,7700785788,SOPORTE INTERMEDIO BARRA ESTABILIZADORA A],80051 R19 - MEGANE ORIGINAL: 7700785788 SOPORTE INTERMEDIO BARRA ESTABILIZADORA A] CÓDIGO:,,,,50,GACRI
80139,GACRI,RENAULT,MEGANE,HIDRAULICO MOTOR,,,MOTOR,,,80139 HIDRAULICO MEGANE MOTOR,80139 HIDRAULICO MEGANE MOTOR,,,,49,GACRI
80143,GACRI,RENAULT,MEGANE,CLIO - EXPRESS DIESEL - KANGOO NAFTA,SOPORTE MOTOR,SOPORTE MOTOR,MOTOR,,7700805123 | 7700314800,SOPORTE DE MOTOR (NO HIDRÁULICO) TENSOR LATERAL,80143 CLIO - EXPRESS DIESEL MEGANE - KANGOO NAFTA ORIGINAL: 7700805123 ORIGINAL: 7700314800 SOPORTE DE MOTOR (NO HIDRÁULICO) TENSOR LATERAL CÓDIGO:,,,,49,GACRI
80147,GACRI,RENAULT,MEGANE,HIDRAULICO 1.6 - CLIO FASE 11,SOPORTE MOTOR,SOPORTE MOTOR,MOTOR,DERECHO,7700437391,SOPORTE DE MOTOR DERECHO (HIDRÁULICO) >,80147 HIDRAULICO MEGANE 1.6 - CLIO FASE 11 ORIGINAL: 7700437391 SOPORTE DE MOTOR DERECHO (HIDRÁULICO) > CÓDIGO:,,,,50,GACRI
80148,GACRI,RENAULT,MEGANE,NO HIDRAULICO 1.6 - CLIO FASE 11,SOPORTE MOTOR,SOPORTE MOTOR,MOTOR,DERECHO,7700437391,SOPORTE DE MOTOR DERECHO (NO HIDRÁULICO) ___—_ A) ES.,80148 NO HIDRAULICO MEGANE 1.6 - CLIO FASE 11 ORIGINAL: 7700437391 SOPORTE DE MOTOR DERECHO (NO HIDRÁULICO) ___—_ A) ES.,,,,50,GACRI
80149,GACRI,RENAULT,MEGANE,CLIO 1! - 1.6 SCENIC FASE LL,SOPORTE,SOPORTE,MOTOR,INFERIOR,4400437854,SOPORTE INFERIOR DE MOTOR,80149 CLIO 1! - MEGANE 1.6 SCENIC FASE LL ORIGINAL: 4400437854 SOPORTE INFERIOR DE MOTOR CÓDIGO:,,,,53,GACRI
80150,GACRI,RENAULT,MEGANE,R19 - CLIO,SOPORTE,SOPORTE,AMORTIGUADOR,,7702224432,SOPORTE DE AMORTIGUADOR,80150 R19 - CLIO - MEGANE ORIGINAL: 7702224432 SOPORTE DE AMORTIGUADOR CÓDIGO:,,,,50,GACRI
80169,GACRI,RENAULT,MEGANE,CLIO 1!,SOPORTE,SOPORTE,,,7700434370,SOPORTE HIDRÁULICO,80169 CLIO 1! - MEGANE ORIGINAL: 7700434370 TOPE SOPORTE HIDRÁULICO CÓDIGO:,,,,50,GACRI
80176,GACRI,RENAULT,MEGANE,HIDRAULICO LL,SOPORTE MOTOR,SOPORTE MOTOR,MOTOR,DERECHO / IZQUIERDO,8200549046,SOPORTE MOTOR DERECHO HIDRÁULICO MUECA IZQ.,80176 HIDRAULICO MEGANE LL ORIGINAL: 8200549046 SOPORTE MOTOR DERECHO HIDRÁULICO MUECA IZQ.,,,,52,GACRI
80177,GACRI,RENAULT,MEGANE,NO HIDRAULICO LL N2,SOPORTE MOTOR,SOPORTE MOTOR,MOTOR,DERECHO / IZQUIERDO,8200549046,SOPORTE MOTOR DERECHO NO HIDRÁULICO MUECA IZQ.,80177 NO HIDRAULICO MEGANE LL N2 ORIGINAL: 8200549046 SOPORTE MOTOR DERECHO NO HIDRÁULICO MUECA IZQ.,,,,53,GACRI
80178,GACRI,RENAULT,MEGANE,LL,SOPORTE MOTOR,SOPORTE MOTOR,MOTOR,TRASERO,8200042454,SOPORTE MOTOR TRASERO,80178 MEGANE LL ORIGINAL: 8200042454 SOPORTE MOTOR TRASERO CÓDIGO:,,,,53,GACRI
80179,GACRI,RENAULT,MEGANE,|! - SCENIC II - LOGAN N2,SOPORTE MOTOR,SOPORTE MOTOR,MOTOR,TRASERO / INFERIOR,8200575641,SOPORTE MOTOR TRASERO INFERIOR,80179 MEGANE |! - SCENIC II - LOGAN N2 ORIGINAL: 8200575641 SOPORTE MOTOR TRASERO INFERIOR CÓDIGO:,,,,53,GACRI
80180,GACRI,RENAULT,MEGANE,1 - SCENIC | - CLIO IL,SOPORTE MOTOR,SOPORTE MOTOR,MOTOR,TRASERO / CENTRAL,7700415095,SOPORTE MOTOR TRASERO CENTRAL,80180 MEGANE 1 - SCENIC | - CLIO IL ORIGINAL: 7700415095 SOPORTE MOTOR TRASERO CENTRAL CÓDIGO:,,,,53,GACRI
80181,GACRI,RENAULT,MEGANE,HIDRAULICO L1 - CLIO II - LOGAN - SCENIC 11,SOPORTE MOTOR,SOPORTE MOTOR,MOTOR,DERECHO / CENTRAL,8200592642,SOPORTE MOTOR DERECHO HIDRÁULICO MUECA CENTRAL RENAULT,80181 HIDRAULICO MEGANE L1 - CLIO II - LOGAN - SCENIC 11 ORIGINAL: 8200592642 SOPORTE MOTOR DERECHO HIDRÁULICO MUECA CENTRAL RENAULT CÓDIGO:,,,,53,GACRI
80182,GACRI,RENAULT,MEGANE,NO HIDRAULICO II - CLIO 1! - LOGAN - SCENIC 11,SOPORTE MOTOR,SOPORTE MOTOR,MOTOR,DERECHO / CENTRAL,8200592642,SOPORTE MOTOR DERECHO NO HIDRÁULICO MUECA CENTRAL,80182 NO HIDRAULICO MEGANE II - CLIO 1! - LOGAN - SCENIC 11 ORIGINAL: 8200592642 SOPORTE MOTOR DERECHO NO HIDRÁULICO MUECA CENTRAL CÓDIGO:,,,,53,GACRI
80186,GACRI,RENAULT,MEGANE,CLIO - TWINGO - - EXPRESS,SOPORTE,SOPORTE,ESCAPE,,7700779356,SOPORTE CAÑO DE ESCAPE,80186 CLIO - TWINGO - MEGANE - EXPRESS ORIGINAL: 7700779356 SOPORTE CAÑO DE ESCAPE CÓDIGO:,,,,53,GACRI
80195,GACRI,RENAULT,MEGANE,FLUENCE- IL,SOPORTE,SOPORTE,AMORTIGUADOR,,54320001R,SOPORTE DE AMORTIGUADOR,80195 FLUENCE-MEGANE IL ORIGINAL: 54320001R SOPORTE DE AMORTIGUADOR CÓDIGO:,,,,55,GACRI
80196,GACRI,RENAULT,MEGANE,FLUENCE- LLL CAJA MANUAL,SOPORTE MOTOR,SOPORTE MOTOR,MOTOR,IZQUIERDO,112200014R,SOPORTE DE MOTOR IZQUIERDO A),80196 FLUENCE-MEGANE LLL CAJA MANUAL ORIGINAL: 112200014R SOPORTE DE MOTOR IZQUIERDO A) CÓDIGO:,,,,55,GACRI
80197,GACRI,RENAULT,MEGANE,FLUENCE- 1II CAJA AUTOMATICA,SOPORTE MOTOR,SOPORTE MOTOR,MOTOR,IZQUIERDO,112206677R,SOPORTE DE MOTOR IZQUIERDO,80197 FLUENCE-MEGANE 1II CAJA AUTOMATICA ORIGINAL: 112206677R SOPORTE DE MOTOR IZQUIERDO CÓDIGO:,,,,55,GACRI
80199,GACRI,RENAULT,MEGANE,KANGOO K8K-CLIO IL-SYMBOL 11 LI-SCENIC 11 K4M TWINGO,SOPORTE MOTOR,SOPORTE MOTOR,MOTOR,DERECHO / IZQUIERDO,8200410267 NY | 7700427286 | 7700425709,SOPORTE DE MOTOR DERECHO SOPORTE DE MOTOR IZQUIERDO LADO CAJA SOPORTE DE MOTOR IZQUIERDO COMPLETO,80199 KANGOO K8K-CLIO IL-SYMBOL 11 MEGANE LI-SCENIC 11 K4M TWINGO ORIGINAL: 8200410267 NY ORIGINAL: 7700427286 ORIGINAL: 7700425709 SOPORTE DE MOTOR DERECHO SOPORTE DE MOTOR IZQUIERDO LADO CAJA SOPORTE DE MOTOR IZQUIERDO COMPLETO CÓDIGO,,,,54,GACRI
80204,GACRI,RENAULT,MEGANE,HIDRAULICO FLUENCE K4M- III-SCENIC 111,SOPORTE MOTOR,SOPORTE MOTOR,MOTOR,DERECHO,112100014R,SOPORTE DE MOTOR DERECHO,80204 HIDRAULICO FLUENCE K4M-MEGANE III-SCENIC 111 ORIGINAL: 112100014R SOPORTE DE MOTOR DERECHO CÓDIGO:,,,,55,GACRI
80205,GACRI,RENAULT,MEGANE,LOGAN- -SANDERO-SCENIC-CLIO LIL,SOPORTE MOTOR,SOPORTE MOTOR,MOTOR,TRASERO / CENTRAL,8200500928 | 54320001R,SOPORTE DE MOTOR TRASERO CENTRAL REFORZADO OY,80205 LOGAN-MEGANE-SANDERO-SCENIC-CLIO LIL ORIGINAL: 8200500928 SOPORTE DE MOTOR TRASERO CENTRAL REFORZADO OY CÓDIGO: 80195C FLUENCE-MEGANE L1L ORIGINAL: 54320001R SOPORTE DE AMORTIGUADOR CON CRAPODINA CÓDIGO:,,,,55,GACRI
1400,GACRI,RENAULT,N2,,SOPORTE,SOPORTE,MOTOR,DELANTERO,7704000469,SOPORTE DELANTERO DE MOTOR,1400 N2 ORIGINAL: 7704000469 SOPORTE DELANTERO DE MOTOR CÓDIGO,,,,47,GACRI
80133,GACRI,RENAULT,NO HIDRAULICO,,,,,,,80133 NO HIDRAULICO CÓDIGO:,80133 NO HIDRAULICO CÓDIGO:,,,,49,GACRI
80142,GACRI,RENAULT,NO HIDRAULICO,,,,,,,80142 NO HIDRAULICO CÓDIGO:,80142 NO HIDRAULICO CÓDIGO:,,,,49,GACRI
80140,GACRI,RENAULT,NO HIDRAULICO SOPORTE DE MOTOR DERECHO (NO HIDRAÚLICO) PE,NO HIDRAULICO,SOPORTE MOTOR,SOPORTE MOTOR,MOTOR,DERECHO,,SOPORTE DE MOTOR DERECHO (NO HIDRAÚLICO) PE,80140 NO HIDRAULICO SOPORTE DE MOTOR DERECHO (NO HIDRAÚLICO) PE CÓDIGO:,,,,49,GACRI
80033,GACRI,RENAULT,R.,12,SOPORTE,SOPORTE,MOTOR,TRASERO,7700506311,SOPORTE TRASERO DE MOTOR E,12 ORIGINAL: 7700506311 SOPORTE TRASERO DE MOTOR E - CÓDIGO,,,,46,GACRI
80034,GACRI,RENAULT,R.,12,SOPORTE,SOPORTE,MOTOR,DERECHO / IZQUIERDO,7700504590,SOPORTE LATERAL MOTOR DERECHO E IZQUIERDO,12 ORIGINAL: 7700504590 SOPORTE LATERAL MOTOR DERECHO E IZQUIERDO CÓDIGO:,,,,46,GACRI
80049,GACRI,RENAULT,R.,11,SOPORTE,SOPORTE,MOTOR,IZQUIERDO / DELANTERO,7704001320,SOPORTE DELANTERO DE MOTOR IZQUIERDO,11 ORIGINAL: 7704001320 SOPORTE DELANTERO DE MOTOR IZQUIERDO CÓDIGO:,,,,47,GACRI
80101,GACRI,RENAULT,R.,12,SOPORTE,SOPORTE,ESCAPE,,7702021650,SOPORTE CAÑO DE ESCAPE,12 ORIGINAL: 7702021650 SOPORTE CAÑO DE ESCAPE CÓDIGO,,,,46,GACRI
80102,GACRI,RENAULT,R.,12,SOPORTE,SOPORTE,ESCAPE,,7702020566,SOPORTE CAÑO DE ESCAPE,12 ORIGINAL: 7702020566 SOPORTE CAÑO DE ESCAPE CÓDIGO:,,,,46,GACRI
80105,GACRI,RENAULT,R.,18 N2,SOPORTE,SOPORTE,CAJA,,7704000777,SOPORTE DE CAJA O,18 N2 ORIGINAL: 7704000777 SOPORTE DE CAJA O CÓDIGO:,,,,47,GACRI
80106,GACRI,RENAULT,R.,18 - FUEGO,SOPORTE MOTOR,SOPORTE MOTOR,MOTOR,INFERIOR,7704000829,SOPORTE DE MOTOR INFERIOR BD,18 - FUEGO ORIGINAL: 7704000829 SOPORTE DE MOTOR INFERIOR BD CÓDIGO:,,,,47,GACRI
80112,GACRI,RENAULT,R.,6,SOPORTE MOTOR,SOPORTE MOTOR,MOTOR,,1018840 REPUESTO PARA,SOPORTE DE MOTOR É_—_—Z24+>+>=—,6 ORIGINAL: 1018840 REPUESTO PARA SOPORTE DE MOTOR É_—_—Z24+>+>=— CÓDIGO:,,,,46,GACRI
80114,GACRI,RENAULT,R.,6,SOPORTE,SOPORTE,,DERECHO / IZQUIERDO / DELANTERO,1016092,SOPORTE DELANTERO DERECHO E IZQUIERDO $,6 ORIGINAL: 1016092 SOPORTE DELANTERO DERECHO E IZQUIERDO $ CÓDIGO:,,,,46,GACRI
80115,GACRI,RENAULT,R.,18,SOPORTE,SOPORTE,ESCAPE,,7700632015,SOPORTE DE CAÑO DE ESCAPE €,18 ORIGINAL: 7700632015 SOPORTE DE CAÑO DE ESCAPE € CÓDIGO:,,,,47,GACRI
80119,GACRI,RENAULT,R.,12,SOPORTE,SOPORTE,CAJA,,7702058583,SOPORTE COMANDO CAJA,12 ORIGINAL: 7702058583 SOPORTE COMANDO CAJA CÓDIGO:,,,,46,GACRI
80123,GACRI,RENAULT,R.,11,SOPORTE MOTOR,SOPORTE MOTOR,MOTOR,DERECHO,7704001319,SOPORTE DE MOTOR DERECHO,11 ORIGINAL: 7704001319 SOPORTE DE MOTOR DERECHO CÓDIGO,,,,47,GACRI
80124,GACRI,RENAULT,R.,11,SOPORTE,SOPORTE,MOTOR,CENTRAL,7700760510,SOPORTE CENTRAL DE MOTOR,11 ORIGINAL: 7700760510 SOPORTE CENTRAL DE MOTOR CÓDIGO,,,,47,GACRI
80125,GACRI,RENAULT,R.,21,SOPORTE MOTOR,SOPORTE MOTOR,MOTOR,DERECHO,7700769720,SOPORTE DE MOTOR DERECHO S,21 ORIGINAL: 7700769720 SOPORTE DE MOTOR DERECHO S CÓDIGO:,,,,47,GACRI
80126,GACRI,RENAULT,R.,21,SOPORTE MOTOR,SOPORTE MOTOR,MOTOR,IZQUIERDO,7700769719,SOPORTE DE MOTOR IZQUIERDO €,21 ORIGINAL: 7700769719 SOPORTE DE MOTOR IZQUIERDO € CÓDIGO:,,,,47,GACRI
80127,GACRI,RENAULT,R.,21,SOPORTE,SOPORTE,MOTOR,TRASERO,7700766126,SOPORTE TRASERO DE MOTOR,21 ORIGINAL: 7700766126 SOPORTE TRASERO DE MOTOR CÓDIGO:,,,,47,GACRI
80128,GACRI,RENAULT,R.,21,SOPORTE,SOPORTE,ESCAPE,,77005657621,SOPORTE DE CAÑO DE ESCAPE 44,21 ORIGINAL: 77005657621 SOPORTE DE CAÑO DE ESCAPE 44,,,,47,GACRI
80047,GACRI,RENAULT,R. 11,,,,CAJA,,7700678649 FUELLE DE CAJA DE DIRECCIÓN,80047 R. 11 ORIGINAL: 7700678649 FUELLE DE CAJA DE DIRECCIÓN CÓDIGO,80047 R. 11 ORIGINAL: 7700678649 FUELLE DE CAJA DE DIRECCIÓN CÓDIGO,,,,47,GACRI
80010,GACRI,RENAULT,R. 12,,,,,,7700520909 GUARDAPOLVO DE PALANCA DE CAMBIOS $,80010 R. 12 ORIGINAL: 7700520909 GUARDAPOLVO DE PALANCA DE CAMBIOS $ CÓDIGO,80010 R. 12 ORIGINAL: 7700520909 GUARDAPOLVO DE PALANCA DE CAMBIOS $ CÓDIGO,,,,46,GACRI
80035,GACRI,RENAULT,R. 12,,SOPORTE CARDAN,SOPORTE CARDAN,CARDÁN,,7700525716 UNIÓN CARDÁNICA DE DIRECCIÓN,80035 R. 12 ORIGINAL: 7700525716 UNIÓN CARDÁNICA DE DIRECCIÓN CÓDIGO:,80035 R. 12 ORIGINAL: 7700525716 UNIÓN CARDÁNICA DE DIRECCIÓN CÓDIGO:,,,,46,GACRI
80013,GACRI,RENAULT,R. 18,,,,,,,80013 R. 18,80013 R. 18,,,,46,GACRI
80103,GACRI,RENAULT,R. 18,,,,,,,80103 R. 18,80103 R. 18,,,,46,GACRI
80104,GACRI,RENAULT,R. 18,,,,,,,80104 R. 18,80104 R. 18,,,,46,GACRI
80107,GACRI,RENAULT,R. 18,,,,,,,80107 R. 18,80107 R. 18,,,,47,GACRI
80112,GACRI,RENAULT,R. 4,6,SOPORTE MOTOR,SOPORTE MOTOR,MOTOR,,1018840 REPUESTO PARA,SOPORTE DE MOTOR É_—_—Z24+>+>=—,6 ORIGINAL: 1018840 REPUESTO PARA SOPORTE DE MOTOR É_—_—Z24+>+>=— CÓDIGO:,,,,46,GACRI
80114,GACRI,RENAULT,R. 4,6,SOPORTE,SOPORTE,,DERECHO / IZQUIERDO / DELANTERO,1016092,SOPORTE DELANTERO DERECHO E IZQUIERDO $,6 ORIGINAL: 1016092 SOPORTE DELANTERO DERECHO E IZQUIERDO $ CÓDIGO:,,,,46,GACRI
80123,GACRI,RENAULT,R. 9,11,SOPORTE MOTOR,SOPORTE MOTOR,MOTOR,DERECHO,7704001319,SOPORTE DE MOTOR DERECHO,11 ORIGINAL: 7704001319 SOPORTE DE MOTOR DERECHO CÓDIGO,,,,47,GACRI
80124,GACRI,RENAULT,R. 9,11,SOPORTE,SOPORTE,MOTOR,CENTRAL,7700760510,SOPORTE CENTRAL DE MOTOR,11 ORIGINAL: 7700760510 SOPORTE CENTRAL DE MOTOR CÓDIGO,,,,47,GACRI
80101,GACRI,RENAULT,R.4,12,SOPORTE,SOPORTE,ESCAPE,,7702021650,SOPORTE CAÑO DE ESCAPE,12 ORIGINAL: 7702021650 SOPORTE CAÑO DE ESCAPE CÓDIGO,,,,46,GACRI
80101,GACRI,RENAULT,R.6,12,SOPORTE,SOPORTE,ESCAPE,,7702021650,SOPORTE CAÑO DE ESCAPE,12 ORIGINAL: 7702021650 SOPORTE CAÑO DE ESCAPE CÓDIGO,,,,46,GACRI
80049,GACRI,RENAULT,R.9,11,SOPORTE,SOPORTE,MOTOR,IZQUIERDO / DELANTERO,7704001320,SOPORTE DELANTERO DE MOTOR IZQUIERDO,11 ORIGINAL: 7704001320 SOPORTE DELANTERO DE MOTOR IZQUIERDO CÓDIGO:,,,,47,GACRI
80050,GACRI,RENAULT,R19,MEGANE,SOPORTE,SOPORTE,BARRA ESTABILIZADORA,,7700784170,SOPORTE PUNTA BARRA ESTABILIZADORA EI,80050 R19 - MEGANE ORIGINAL: 7700784170 SOPORTE PUNTA BARRA ESTABILIZADORA EI CÓDIGO:,,,,50,GACRI
80051,GACRI,RENAULT,R19,MEGANE,SOPORTE,SOPORTE,BARRA ESTABILIZADORA,,7700785788,SOPORTE INTERMEDIO BARRA ESTABILIZADORA A],80051 R19 - MEGANE ORIGINAL: 7700785788 SOPORTE INTERMEDIO BARRA ESTABILIZADORA A] CÓDIGO:,,,,50,GACRI
80052,GACRI,RENAULT,R19,,BUJE PARRILLA,BUJE PARRILLA,PARRILLA,,7700789478,BUJE PARRILLA,80052 R19 ORIGINAL: 7700789478 BUJE PARRILLA CÓDIGO:,,,,50,GACRI
80054,GACRI,RENAULT,R19,KIT SUSPENSIÓN (8 PIEZAS),,,,,,80054 R19 KIT SUSPENSIÓN (8 PIEZAS) CÓDIGO:,80054 R19 KIT SUSPENSIÓN (8 PIEZAS) CÓDIGO:,,,,50,GACRI
80150,GACRI,RENAULT,R19,CLIO - MEGANE,SOPORTE,SOPORTE,AMORTIGUADOR,,7702224432,SOPORTE DE AMORTIGUADOR,80150 R19 - CLIO - MEGANE ORIGINAL: 7702224432 SOPORTE DE AMORTIGUADOR CÓDIGO:,,,,50,GACRI
80152,GACRI,RENAULT,R19,,SOPORTE,SOPORTE,,IZQUIERDO / DELANTERO,7700788318,SOPORTE DELANTERO IZQUIERDO 47,80152 R19 ORIGINAL: 7700788318 SOPORTE DELANTERO IZQUIERDO 47,,,,50,GACRI
80185,GACRI,RENAULT,R19,,SOPORTE,SOPORTE,ESCAPE,,7700785798,SOPORTE CAÑO DE ESCAPE 8>,80185 R19 ORIGINAL: 7700785798 SOPORTE CAÑO DE ESCAPE 8> CÓDIGO:,,,,50,GACRI
80160,GACRI,RENAULT,R21,,SOPORTE,SOPORTE,AMORTIGUADOR,,7700757691,SOPORTE DE AMORTIGUADOR Y,80160 R21 ORIGINAL: 7700757691 SOPORTE DE AMORTIGUADOR Y CÓDIGO:,,,,51,GACRI
80167,GACRI,RENAULT,R21,,BUJE PARRILLA,BUJE PARRILLA,PARRILLA,,7700754515,BUJE PARRILLA INTERIOR DELANTERA (LISO),80167 R21 ORIGINAL: 7700754515 BUJE PARRILLA INTERIOR DELANTERA (LISO) CÓDIGO:,,,,52,GACRI
80168,GACRI,RENAULT,R21,,BUJE PARRILLA,BUJE PARRILLA,PARRILLA,,7700777276,BUJE PARRILLA (ESTAMPADO) O),80168 R21 ORIGINAL: 7700777276 BUJE PARRILLA (ESTAMPADO) O) CÓDIGO:,,,,52,GACRI
80183,GACRI,RENAULT,SANDERO,HIDRAULICO - LOGAN,SOPORTE MOTOR,SOPORTE MOTOR,MOTOR,DERECHO,6001549202,SOPORTE MOTOR DERECHO HIDRÁULICO MUECA DER.,80183 HIDRAULICO SANDERO - LOGAN ORIGINAL: 6001549202 SOPORTE MOTOR DERECHO HIDRÁULICO MUECA DER.,,,,53,GACRI
80184,GACRI,RENAULT,SANDERO,NO HIDRAULICO - LOGAN,SOPORTE MOTOR,SOPORTE MOTOR,MOTOR,DERECHO,6001549202,SOPORTE MOTOR DERECHO NO HIDRÁULICO MUECA DER.,80184 NO HIDRAULICO SANDERO - LOGAN ORIGINAL: 6001549202 SOPORTE MOTOR DERECHO NO HIDRÁULICO MUECA DER.,,,,53,GACRI
80190,GACRI,RENAULT,SANDERO,"MASTER 11/111 LOGAN - LOGAN - 1,6",SOPORTE MOTOR,SOPORTE MOTOR,MOTOR,DERECHO,8200022596 | 6001550551 | 8200644289,"SOPORTE DE MOTOR DERECHO A | SOPORTE MOTOR DERECHO BRAZO ALUMINIO SOPORTE DE MOTOR DERECHO = -MMMMMMMMMMM¿M¿M¿XNX>—A<44,","80190 MASTER 11/111 LOGAN - SANDERO LOGAN - SANDERO 1,6 ORIGINAL: 8200022596 ORIGINAL: 6001550551 ORIGINAL: 8200644289 SOPORTE DE MOTOR DERECHO A | SOPORTE MOTOR DERECHO BRAZO ALUMINIO SOPORTE DE MOTOR DERECHO = -MMMMMMMMMMM¿M¿M¿XNX>—A<44, CÓDIGO:",,,,54,GACRI
80194,GACRI,RENAULT,SANDERO,LOGAN - FLUENCE KANGOO-CLIO 11 N2,BUJE PARRILLA,BUJE PARRILLA,MOTOR,IZQUIERDO,8200806340 N2 | 112380010R | 8200089697,SOPORTE DE MOTOR IZQUIERDO BUJE PARRILLA SUSP.,80194 LOGAN - SANDERO FLUENCE KANGOO-CLIO 11 N2 ORIGINAL: 8200806340 N2 ORIGINAL: 112380010R ORIGINAL: 8200089697 SOPORTE DE MOTOR IZQUIERDO BUJE PARRILLA SUSP.,,,,54,GACRI
80198,GACRI,RENAULT,SANDERO,TWINGO TWINGO LOGAN,SOPORTE MOTOR,SOPORTE MOTOR,MOTOR,DERECHO / IZQUIERDO / TRASERO / CENTRAL,7700412094 | 7700425711 | 6001548160,SOPORTE DE MOTOR DERECHO SOPORTE DE MOTOR CENTRAL TRASERO COMPLETO SOPORTE DE MOTOR IZQUIERDO,80198 TWINGO TWINGO LOGAN-SANDERO ORIGINAL: 7700412094 ORIGINAL: 7700425711 ORIGINAL: 6001548160 SOPORTE DE MOTOR DERECHO SOPORTE DE MOTOR CENTRAL TRASERO COMPLETO SOPORTE DE MOTOR IZQUIERDO,,,,54,GACRI
80205,GACRI,RENAULT,SANDERO,LOGAN-MEGANE- -SCENIC-CLIO LIL,SOPORTE MOTOR,SOPORTE MOTOR,MOTOR,TRASERO / CENTRAL,8200500928 | 54320001R,SOPORTE DE MOTOR TRASERO CENTRAL REFORZADO OY,80205 LOGAN-MEGANE-SANDERO-SCENIC-CLIO LIL ORIGINAL: 8200500928 SOPORTE DE MOTOR TRASERO CENTRAL REFORZADO OY CÓDIGO: 80195C FLUENCE-MEGANE L1L ORIGINAL: 54320001R SOPORTE DE AMORTIGUADOR CON CRAPODINA CÓDIGO:,,,,55,GACRI
80206,GACRI,RENAULT,SANDERO,LOGAN- -CLIO IV-CAPTUR,SOPORTE MOTOR,SOPORTE MOTOR,MOTOR,TRASERO / CENTRAL,112381035R,SOPORTE DE MOTOR TRASERO CENTRAL,80206 LOGAN-SANDERO-CLIO IV-CAPTUR ORIGINAL: 112381035R SOPORTE DE MOTOR TRASERO CENTRAL CÓDIGO:,,,,55,GACRI
80149,GACRI,RENAULT,SCENIC,CLIO 1! - MEGANE 1.6 FASE LL,SOPORTE,SOPORTE,MOTOR,INFERIOR,4400437854,SOPORTE INFERIOR DE MOTOR,80149 CLIO 1! - MEGANE 1.6 SCENIC FASE LL ORIGINAL: 4400437854 SOPORTE INFERIOR DE MOTOR CÓDIGO:,,,,53,GACRI
80179,GACRI,RENAULT,SCENIC,MEGANE |! - II - LOGAN N2,SOPORTE MOTOR,SOPORTE MOTOR,MOTOR,TRASERO / INFERIOR,8200575641,SOPORTE MOTOR TRASERO INFERIOR,80179 MEGANE |! - SCENIC II - LOGAN N2 ORIGINAL: 8200575641 SOPORTE MOTOR TRASERO INFERIOR CÓDIGO:,,,,53,GACRI
80180,GACRI,RENAULT,SCENIC,MEGANE 1 - | - CLIO IL,SOPORTE MOTOR,SOPORTE MOTOR,MOTOR,TRASERO / CENTRAL,7700415095,SOPORTE MOTOR TRASERO CENTRAL,80180 MEGANE 1 - SCENIC | - CLIO IL ORIGINAL: 7700415095 SOPORTE MOTOR TRASERO CENTRAL CÓDIGO:,,,,53,GACRI
80181,GACRI,RENAULT,SCENIC,HIDRAULICO MEGANE L1 - CLIO II - LOGAN - 11,SOPORTE MOTOR,SOPORTE MOTOR,MOTOR,DERECHO / CENTRAL,8200592642,SOPORTE MOTOR DERECHO HIDRÁULICO MUECA CENTRAL RENAULT,80181 HIDRAULICO MEGANE L1 - CLIO II - LOGAN - SCENIC 11 ORIGINAL: 8200592642 SOPORTE MOTOR DERECHO HIDRÁULICO MUECA CENTRAL RENAULT CÓDIGO:,,,,53,GACRI
80182,GACRI,RENAULT,SCENIC,NO HIDRAULICO MEGANE II - CLIO 1! - LOGAN - 11,SOPORTE MOTOR,SOPORTE MOTOR,MOTOR,DERECHO / CENTRAL,8200592642,SOPORTE MOTOR DERECHO NO HIDRÁULICO MUECA CENTRAL,80182 NO HIDRAULICO MEGANE II - CLIO 1! - LOGAN - SCENIC 11 ORIGINAL: 8200592642 SOPORTE MOTOR DERECHO NO HIDRÁULICO MUECA CENTRAL CÓDIGO:,,,,53,GACRI
80199,GACRI,RENAULT,SCENIC,KANGOO K8K-CLIO IL-SYMBOL 11 MEGANE LI- 11 K4M TWINGO,SOPORTE MOTOR,SOPORTE MOTOR,MOTOR,DERECHO / IZQUIERDO,8200410267 NY | 7700427286 | 7700425709,SOPORTE DE MOTOR DERECHO SOPORTE DE MOTOR IZQUIERDO LADO CAJA SOPORTE DE MOTOR IZQUIERDO COMPLETO,80199 KANGOO K8K-CLIO IL-SYMBOL 11 MEGANE LI-SCENIC 11 K4M TWINGO ORIGINAL: 8200410267 NY ORIGINAL: 7700427286 ORIGINAL: 7700425709 SOPORTE DE MOTOR DERECHO SOPORTE DE MOTOR IZQUIERDO LADO CAJA SOPORTE DE MOTOR IZQUIERDO COMPLETO CÓDIGO,,,,54,GACRI
80204,GACRI,RENAULT,SCENIC,HIDRAULICO FLUENCE K4M-MEGANE III- 111,SOPORTE MOTOR,SOPORTE MOTOR,MOTOR,DERECHO,112100014R,SOPORTE DE MOTOR DERECHO,80204 HIDRAULICO FLUENCE K4M-MEGANE III-SCENIC 111 ORIGINAL: 112100014R SOPORTE DE MOTOR DERECHO CÓDIGO:,,,,55,GACRI
80205,GACRI,RENAULT,SCENIC,LOGAN-MEGANE-SANDERO- -CLIO LIL,SOPORTE MOTOR,SOPORTE MOTOR,MOTOR,TRASERO / CENTRAL,8200500928 | 54320001R,SOPORTE DE MOTOR TRASERO CENTRAL REFORZADO OY,80205 LOGAN-MEGANE-SANDERO-SCENIC-CLIO LIL ORIGINAL: 8200500928 SOPORTE DE MOTOR TRASERO CENTRAL REFORZADO OY CÓDIGO: 80195C FLUENCE-MEGANE L1L ORIGINAL: 54320001R SOPORTE DE AMORTIGUADOR CON CRAPODINA CÓDIGO:,,,,55,GACRI
80108,GACRI,RENAULT,TRAFIC,,SOPORTE,SOPORTE,CAJA,,7700702890,SOPORTE DE CAJA DE 5 VELOCIDADES,80108 TRAFIC ORIGINAL: 7700702890 SOPORTE DE CAJA DE 5 VELOCIDADES CÓDIGO:,,,,48,GACRI
80109,GACRI,RENAULT,TRAFIC,,,,,,,80109 TRAFIC,80109 TRAFIC,,,,48,GACRI
80116,GACRI,RENAULT,TRAFIC,,,,,,,80116 TRAFIC,80116 TRAFIC,,,,48,GACRI
80117,GACRI,RENAULT,TRAFIC,,,,,,,80117 TRAFIC,80117 TRAFIC,,,,48,GACRI
80118,GACRI,RENAULT,TRAFIC,,SOPORTE,SOPORTE,AMORTIGUADOR,,7700734718,SOPORTE DE AMORTIGUADOR ___—— A),80118 TRAFIC ORIGINAL: 7700734718 SOPORTE DE AMORTIGUADOR ___—— A) CÓDIGO:,,,,48,GACRI
80151,GACRI,RENAULT,TRAFIC,,SOPORTE,SOPORTE,CAJA,,7704001969,SOPORTE DE CAJA DE 4 VELOCIDADES,80151 TRAFIC ORIGINAL: 7704001969 SOPORTE DE CAJA DE 4 VELOCIDADES CÓDIGO:,,,,51,GACRI
80159,GACRI,RENAULT,TRAFIC,DIESEL 99,SOPORTE,SOPORTE,CAJA,,7700748646,SOPORTE DE CAJA,80159 TRAFIC DIESEL 99 ORIGINAL: 7700748646 SOPORTE DE CAJA CÓDIGO:,,,,51,GACRI
30020,GACRI,TOYOTA,COROLLA DESDE 2009..,,SOPORTE MOTOR,SOPORTE MOTOR,MOTOR,TRASERO,123610D050 1236107270 1236107280,SOPORTE DE MOTOR TRASERO,ORIGINAL: 123610D050 1236107270 1236107280 SOPORTE DE MOTOR TRASERO CÓDIGO:,,,,5,GACRI
30021,GACRI,TOYOTA,COROLLA DESDE 2009..,,SOPORTE MOTOR,SOPORTE MOTOR,MOTOR,TRASERO,1237100070 1237107100 1237107110,SOPORTE DE MOTOR TRASERO A] A,ORIGINAL: 1237100070 1237107100 1237107110 SOPORTE DE MOTOR TRASERO A] A CÓDIGO:,,,,5,GACRI
30022,GACRI,TOYOTA,ETIOS,"1.5 DESDE 2013, NY?",SOPORTE MOTOR,SOPORTE MOTOR,MOTOR,DERECHO,123050Y040,SOPORTE DE MOTOR DERECHO 02,"30022 ETIOS 1.5 DESDE 2013, NY? ORIGINAL: 123050Y040 SOPORTE DE MOTOR DERECHO 02",,,,5,GACRI
30001,GACRI,TOYOTA,HILUX,2.4 Y 2.8 DIESEL,SOPORTE MOTOR,SOPORTE MOTOR,MOTOR,,12361-54111,SOPORTE DE MOTOR,30001 HILUX 2.4 Y 2.8 DIESEL ORIGINAL: 12361-54111 SOPORTE DE MOTOR CÓDIGO:,,,,4,GACRI
30002,GACRI,TOYOTA,HILUX,CON MOTOR 5 L,SOPORTE MOTOR,SOPORTE MOTOR,MOTOR,,12361-54121,SOPORTE DE MOTOR O,30002 HILUX CON MOTOR 5 L ORIGINAL: 12361-54121 SOPORTE DE MOTOR O CÓDIGO:,,,,4,GACRI
30003,GACRI,TOYOTA,HILUX,SIMPLE TRACCIÓN N2,SOPORTE CAJA,SOPORTE CAJA,CAJA,,12371-34030,SOPORTE DE CAJA DE VELOCIDADES,30003 HILUX SIMPLE TRACCIÓN N2 ORIGINAL: 12371-34030 SOPORTE DE CAJA DE VELOCIDADES CÓDIGO:,,,,4,GACRI
30004,GACRI,TOYOTA,HILUX,DOBLE TRACCIÓN,SOPORTE CAJA,SOPORTE CAJA,CAJA,,12371-54060,SOPORTE DE CAJA DE VELOCIDADES DE,30004 HILUX DOBLE TRACCIÓN ORIGINAL: 12371-54060 SOPORTE DE CAJA DE VELOCIDADES DE CÓDIGO:,,,,4,GACRI
30005,GACRI,TOYOTA,HILUX,4X4 SR5,BUJE BARRA ESTABILIZADORA,BUJE BARRA ESTABILIZADORA,BARRA ESTABILIZADORA,,48815-14160,BUJE BARRA ESTABILIZADORA TOYOTA,30005 HILUX 4X4 SR5 ORIGINAL: 48815-14160 BUJE BARRA ESTABILIZADORA TOYOTA CÓDIGO:,,,,4,GACRI
30006,GACRI,TOYOTA,HILUX,4X4 SR5,BUJE PARRILLA,BUJE PARRILLA,PARRILLA,INFERIOR,48061-26031,BUJE PARRILLA INFERIOR,30006 HILUX 4X4 SR5 ORIGINAL: 48061-26031 BUJE PARRILLA INFERIOR CÓDIGO:,,,,4,GACRI
30007,GACRI,TOYOTA,HILUX,4X4 SR5,BUJE PARRILLA,BUJE PARRILLA,PARRILLA,SUPERIOR,48635-26010,BUJE PARRILLA SUPERIOR HY,30007 HILUX 4X4 SR5 ORIGINAL: 48635-26010 BUJE PARRILLA SUPERIOR HY CÓDIGO:,,,,4,GACRI
30008,GACRI,TOYOTA,HILUX,4X4 SR5,BUJE PARRILLA,BUJE PARRILLA,PARRILLA,SUPERIOR,48632-260107,BUJE PARRILLA SUPERIOR ANT.,30008 HILUX 4X4 SR5 ORIGINAL: 48632-260107 BUJE PARRILLA SUPERIOR ANT.,,,,4,GACRI
30009,GACRI,TOYOTA,HILUX,4X4 SR5,BUJE PARRILLA,BUJE PARRILLA,PARRILLA,SUPERIOR,48632-260107,BUJE PARRILLA SUPERIOR ANT.,30009 HILUX 4X4 SR5 ORIGINAL: 48632-260107 BUJE PARRILLA SUPERIOR ANT.,,,,4,GACRI
30010,GACRI,TOYOTA,HILUX,4X2 - 4X4 SR5,BUJE,BUJE,,TRASERO,90385-15016,BUJE ELÁSTICO TRASERO 15 MM,30010 HILUX 4X2 - 4X4 SR5 ORIGINAL: 90385-15016 BUJE ELÁSTICO TRASERO 15 MM CÓDIGO:,,,,4,GACRI
30011,GACRI,TOYOTA,HILUX,4X2 - 4X4 SR5,BUJE,BUJE,,TRASERO,90385-18025,BUJE ELÁSTICO TRASERO 17 MM,30011 HILUX 4X2 - 4X4 SR5 ORIGINAL: 90385-18025 BUJE ELÁSTICO TRASERO 17 MM CÓDIGO:,,,,4,GACRI
30012,GACRI,TOYOTA,HILUX,4X2,BUJE PARRILLA,BUJE PARRILLA,PARRILLA,INFERIOR,48654-35010,BUJE PARRILLA INFERIOR 01,30012 HILUX 4X2 ORIGINAL: 48654-35010 BUJE PARRILLA INFERIOR 01,,,,4,GACRI
30013,GACRI,TOYOTA,HILUX,4X2,BUJE BARRA ESTABILIZADORA,BUJE BARRA ESTABILIZADORA,BARRA ESTABILIZADORA,,48815-30050,BUJE BARRA ESTABILIZADORA DELANTERA,30013 HILUX 4X2 ORIGINAL: 48815-30050 BUJE BARRA ESTABILIZADORA DELANTERA CÓDIGO:,,,,5,GACRI
30014,GACRI,TOYOTA,HILUX,SWA4,BUJE BARRA ESTABILIZADORA,BUJE BARRA ESTABILIZADORA,BARRA ESTABILIZADORA,,48815-0K040,BUJE BARRA ESTABILIZADORA DELANTERA,30014 HILUX SWA4 ORIGINAL: 48815-0K040 BUJE BARRA ESTABILIZADORA DELANTERA CÓDIGO:,,,,5,GACRI
30015,GACRI,TOYOTA,HILUX,SWA4,BUJE PARRILLA,BUJE PARRILLA,PARRILLA,DELANTERO,48655-0K050,BUJE PARRILLA DEL.,30015 HILUX SWA4 ORIGINAL: 48655-0K050 BUJE PARRILLA DEL.,,,,5,GACRI
30016,GACRI,TOYOTA,HILUX,SW4,BUJE PARRILLA,BUJE PARRILLA,PARRILLA,DELANTERO,48654-0K050,BUJE PARRILLA DEL.,30016 HILUX SW4 ORIGINAL: 48654-0K050 BUJE PARRILLA DEL.,,,,5,GACRI
30017,GACRI,TOYOTA,HILUX,SW4,BUJE PARRILLA,BUJE PARRILLA,PARRILLA,DELANTERO,48362-0K050,BUJE PARRILLA DEL.,30017 HILUX SW4 ORIGINAL: 48362-0K050 BUJE PARRILLA DEL.,,,,5,GACRI
30018,GACRI,TOYOTA,HILUX,SIMPLE TRACCIÓN,,,,,,30018 HILUX SIMPLE TRACCIÓN,30018 HILUX SIMPLE TRACCIÓN,,,,5,GACRI
30019,GACRI,TOYOTA,HILUX,DOBLE TRACCIÓN,,,,,,30019 HILUX DOBLE TRACCIÓN,30019 HILUX DOBLE TRACCIÓN,,,,5,GACRI
30016,GACRI,TOYOTA,SW4,HILUX,BUJE PARRILLA,BUJE PARRILLA,PARRILLA,DELANTERO,48654-0K050,BUJE PARRILLA DEL.,30016 HILUX SW4 ORIGINAL: 48654-0K050 BUJE PARRILLA DEL.,,,,5,GACRI
30017,GACRI,TOYOTA,SW4,HILUX,BUJE PARRILLA,BUJE PARRILLA,PARRILLA,DELANTERO,48362-0K050,BUJE PARRILLA DEL.,30017 HILUX SW4 ORIGINAL: 48362-0K050 BUJE PARRILLA DEL.,,,,5,GACRI
1500,GACRI,VOLKSWAGEN,1.8,,SOPORTE AMORTIGUADOR,SOPORTE AMORTIGUADOR,AMORTIGUADOR,,712445535,CAZOLETA CON RODAMIENTO VOLKSWAGEN,1500 1.8 ORIGINAL: 712445535 CAZOLETA CON RODAMIENTO VOLKSWAGEN CÓDIGO:,,,,56,GACRI
90069,GACRI,VOLKSWAGEN,AMAROK,,SOPORTE,SOPORTE,AMORTIGUADOR,,240.412.331,SOPORTE DE AMORTIGUADOR,90069 AMAROK ORIGINAL: 240.412.331 SOPORTE DE AMORTIGUADOR CÓDIGO:,,,,61,GACRI
1999,GACRI,VOLKSWAGEN,BORA,NEW BEETLE - GOLF - NEW BEETLE - CADOY - GOLF - NEW BEETLE - PASSAT - POLO,BUJE PARRILLA,BUJE PARRILLA,PARRILLA,INFERIOR,191407181-D | 140.407.181 | 307407182,BUJE PARRILLA INFERIOR DELANTERA PARTE TRASERA O 13 MM BUJE PARRILLA INFERIOR DELANTERA PARTE TRASERA 0 12 MM BUJE PARRILLA INFERIOR DELANTERA PARTE DELANTERA,1999 - NEW BEETLE BORA - GOLF - NEW BEETLE BORA - CADOY - GOLF - NEW BEETLE - PASSAT - POLO ORIGINAL: 191407181-D ORIGINAL: 140.407.181 ORIGINAL: 307407182 BUJE PARRILLA INFERIOR DELANTERA PARTE TRASERA O 13 MM BUJE PARRILLA INFERIOR DELANTERA PARTE TRASERA 0 12 MM BUJE PARRILLA INFERIOR DELANTERA PARTE DELANTERA CÓDIGO:,,,,58,GACRI
90033,GACRI,VOLKSWAGEN,BORA,GOLF ANO,,,,,,90033 BORA - GOLF ANO,90033 BORA - GOLF ANO,,,,58,GACRI
90044,GACRI,VOLKSWAGEN,BORA,HIDRAULICO GOLF - 1.6 - NEW BEETLE,SOPORTE MOTOR,SOPORTE MOTOR,MOTOR,DERECHO,"1J0,199.262.BE",SOPORTE MOTOR HIDRÁULICO LADO DERECHO VOLKSWAGEN,"90044 HIDRAULICO GOLF - 1.6 BORA - NEW BEETLE ORIGINAL: 1J0,199.262.BE SOPORTE MOTOR HIDRÁULICO LADO DERECHO VOLKSWAGEN CÓDIGO:",,,,59,GACRI
90045,GACRI,VOLKSWAGEN,BORA,NO HIDRAULICO GOLF 1.6 - - NEW BEETLE,SOPORTE MOTOR,SOPORTE MOTOR,MOTOR,DERECHO,"1J0,199.262.BE",SOPORTE MOTOR NO HIDRÁULICO LADO DERECHO,"90045 NO HIDRAULICO GOLF 1.6 - BORA - NEW BEETLE ORIGINAL: 1J0,199.262.BE SOPORTE MOTOR NO HIDRÁULICO LADO DERECHO CÓDIGO:",,,,59,GACRI
90046,GACRI,VOLKSWAGEN,BORA,HIDRAULICO GOLF 1.8 - - PASSAT - A3,SOPORTE MOTOR,SOPORTE MOTOR,MOTOR,DERECHO,"1J0,199.262.BF",SOPORTE MOTOR HIDRÁULICO LADO DERECHO,"90046 HIDRAULICO GOLF 1.8 - BORA - PASSAT - A3 ORIGINAL: 1J0,199.262.BF SOPORTE MOTOR HIDRÁULICO LADO DERECHO CÓDIGO:",,,,59,GACRI
90047,GACRI,VOLKSWAGEN,BORA,NO HIDRAULICO GOLF 1.8 - - PASSAT - A3 NY?,SOPORTE MOTOR,SOPORTE MOTOR,MOTOR,DERECHO,"1J0,199.262.BF",SOPORTE MOTOR NO HIDRÁULICO LADO DERECHO,"90047 NO HIDRAULICO GOLF 1.8 - BORA - PASSAT - A3 NY? ORIGINAL: 1J0,199.262.BF SOPORTE MOTOR NO HIDRÁULICO LADO DERECHO CÓDIGO:",,,,59,GACRI
90049,GACRI,VOLKSWAGEN,BORA,A3,SOPORTE MOTOR,SOPORTE MOTOR,MOTOR,IZQUIERDO,1J0.199.555.AJ,SOPORTE MOTOR LADO IZQUIERDO,90049 BORA - A3 ORIGINAL: 1J0.199.555.AJ SOPORTE MOTOR LADO IZQUIERDO CÓDIGO:,,,,59,GACRI
90050,GACRI,VOLKSWAGEN,BORA,GOLF4,SOPORTE AMORTIGUADOR,SOPORTE AMORTIGUADOR,AMORTIGUADOR,,1J0.412.331.C,SOPORTE AMORTIGUADOR,90050 BORA - GOLF4 ORIGINAL: 1J0.412.331.C SOPORTE AMORTIGUADOR CÓDIGO:,,,,59,GACRI
90051,GACRI,VOLKSWAGEN,BORA,GOLF4,SOPORTE AMORTIGUADOR,SOPORTE AMORTIGUADOR,AMORTIGUADOR,,10.412.331.C,SOPORTE AMORTIGUADOR CON CRAPODINA 56,90051 BORA - GOLF4 ORIGINAL: 10.412.331.C SOPORTE AMORTIGUADOR CON CRAPODINA 56,,,,59,GACRI
90052,GACRI,VOLKSWAGEN,BORA,GOLF4,SOPORTE TENSOR,SOPORTE TENSOR,MOTOR,,1J0.199.851.AA,SOPORTE TENSOR DE MOTOR,90052 BORA - GOLF4 ORIGINAL: 1J0.199.851.AA SOPORTE TENSOR DE MOTOR CÓDIGO:,,,,60,GACRI
90053,GACRI,VOLKSWAGEN,BORA,GOLF4,BUJE BARRA ESTABILIZADORA,BUJE BARRA ESTABILIZADORA,BARRA ESTABILIZADORA,,140.411.314.C,BUJE BARRA ESTABILIZADORA DELANTERA A 21 MM $,90053 BORA - GOLF4 ORIGINAL: 140.411.314.C BUJE BARRA ESTABILIZADORA DELANTERA A 21 MM $ CÓDIGO,,,,60,GACRI
90054,GACRI,VOLKSWAGEN,BORA,GOLF4 N2,BUJE BARRA ESTABILIZADORA,BUJE BARRA ESTABILIZADORA,BARRA ESTABILIZADORA,,1J0.411.314.C,BUJE BARRA ESTABILIZADORA DELANTERA A 23 MM,90054 BORA - GOLF4 N2 ORIGINAL: 1J0.411.314.C BUJE BARRA ESTABILIZADORA DELANTERA A 23 MM CÓDIGO:,,,,60,GACRI
2006,GACRI,VOLKSWAGEN,FOX,SPACEFOX - SURAN - GOL TREND,BUJE BARRA ESTABILIZADORA,BUJE BARRA ESTABILIZADORA,PARRILLA,,600.407.183.A | 600.407.1824 | 600.411.314,BUJE PARRILLA DELANTERA PARTE TRASERA (PLÁSTICO) BUJE PARRILLA DELANTERA PARTE DELANTERA BUJE BARRA ESTABILIZADORA PARTE DELANTERA 55,2006 FOX - SPACEFOX - SURAN - GOL TREND ORIGINAL: 600.407.183.A ORIGINAL: 600.407.1824 ORIGINAL: 600.411.314 BUJE PARRILLA DELANTERA PARTE TRASERA (PLÁSTICO) BUJE PARRILLA DELANTERA PARTE DELANTERA BUJE BARRA ESTABILIZADORA PARTE DELANTERA 55,,,,58,GACRI
90039,GACRI,VOLKSWAGEN,FOX,SPACE - SURAN - SURAN,,,,,,90039 FOX - SPACE FOX - SURAN FOX - SURAN,90039 FOX - SPACE FOX - SURAN FOX - SURAN,,,,58,GACRI
90042,GACRI,VOLKSWAGEN,FOX,HIDRAULICO - SURAN 1.6,SOPORTE MOTOR,SOPORTE MOTOR,MOTOR,IZQUIERDO,600.199.167.J,SOPORTE MOTOR HIDRÁULICO IZQUIERDO,90042 HIDRAULICO FOX - SURAN 1.6 ORIGINAL: 600.199.167.J SOPORTE MOTOR HIDRÁULICO IZQUIERDO CÓDIGO:,,,,60,GACRI
90056,GACRI,VOLKSWAGEN,FOX,POLO,,,,,,90056 FOX - POLO,90056 FOX - POLO,,,,60,GACRI
90057,GACRI,VOLKSWAGEN,FOX,,SOPORTE MOTOR,SOPORTE MOTOR,MOTOR,TRASERO,600.199.851.AD,SOPORTE MOTOR TRASERO A,90057 FOX ORIGINAL: 600.199.851.AD SOPORTE MOTOR TRASERO A CÓDIGO:,,,,60,GACRI
90060,GACRI,VOLKSWAGEN,FOX,SURAN - VOYAGE - GOL TREND,SOPORTE MOTOR,SOPORTE MOTOR,MOTOR,IZQUIERDO,600.199.555.AD,SOPORTE MOTOR LADO IZQUIERDO,90060 FOX - SURAN - VOYAGE - GOL TREND ORIGINAL: 600.199.555.AD SOPORTE MOTOR LADO IZQUIERDO CÓDIGO:,,,,60,GACRI
90067,GACRI,VOLKSWAGEN,FOX,SURAN - GOLTREND,SOPORTE MOTOR,SOPORTE MOTOR,MOTOR,DERECHO,5U0.199.167.B,SOPORTE DE MOTOR DERECHO,90067 FOX - SURAN - GOLTREND ORIGINAL: 5U0.199.167.B SOPORTE DE MOTOR DERECHO CÓDIGO:,,,,61,GACRI
90068,GACRI,VOLKSWAGEN,FOX,SURAN,SOPORTE MOTOR,SOPORTE MOTOR,MOTOR,IZQUIERDO,5U0.199.555 REPUESTO PARA,SOPORTE DE MOTOR IZQUIERDO ÁX<——_—_—______,90068 FOX - SURAN ORIGINAL: 5U0.199.555 REPUESTO PARA SOPORTE DE MOTOR IZQUIERDO ÁX<——_—_—______ CÓDIGO:,,,,61,GACRI
90070,GACRI,VOLKSWAGEN,FOX,SURAN-VOYAGE-GOLTREND,SOPORTE MOTOR,SOPORTE MOTOR,MOTOR,IZQUIERDO,600.199.555.AD ' REPUESTO PARA,SOPORTE DE MOTOR IZQUIERDO VOLKSWAGEN,90070 FOX-SURAN-VOYAGE-GOLTREND ORIGINAL: 600.199.555.AD ' REPUESTO PARA SOPORTE DE MOTOR IZQUIERDO VOLKSWAGEN CÓDIGO:,,,,60,GACRI
90005,GACRI,VOLKSWAGEN,GACEL,GOL - - SAVERIO - SENDA N2,SOPORTE MOTOR,SOPORTE MOTOR,MOTOR,,823199381,SOPORTE DE MOTOR Y,90005 GOL - GACEL- SAVERIO - SENDA N2 ORIGINAL: 823199381 SOPORTE DE MOTOR Y CÓDIGO:,,,,56,GACRI
90009,GACRI,VOLKSWAGEN,GACEL,GOL - - SAVERIO - SENDA,SOPORTE,SOPORTE,CAJA,,3033991131,SOPORTE DE CAJA DE 5 VELOCIDADES,90009 GOL - GACEL - SAVERIO - SENDA ORIGINAL: 3033991131 SOPORTE DE CAJA DE 5 VELOCIDADES CÓDIGO:,,,,56,GACRI
90010,GACRI,VOLKSWAGEN,GACEL,GOL - - SAVERIO - SENDA,SOPORTE,SOPORTE,AMORTIGUADOR,,284412353,SOPORTE DE AMORTIGUADOR,90010 GOL - GACEL - SAVERIO - SENDA ORIGINAL: 284412353 SOPORTE DE AMORTIGUADOR CÓDIGO:,,,,56,GACRI
90011,GACRI,VOLKSWAGEN,GACEL,,SOPORTE,SOPORTE,ESCAPE,,817253147,SOPORTE CAÑO DE ESCAPE 4,90011 GACEL ORIGINAL: 817253147 SOPORTE CAÑO DE ESCAPE 4 CÓDIGO:,,,,56,GACRI
90012,GACRI,VOLKSWAGEN,GACEL,GOL - - SAVERIO - SENDA,SOPORTE,SOPORTE,,,0ZBA121273,SOPORTE DE RADIADOR (GRANDE) +,90012 GOL - GACEL - SAVERIO - SENDA ORIGINAL: 0ZBA121273 SOPORTE DE RADIADOR (GRANDE) + CÓDIGO:,,,,56,GACRI
90013,GACRI,VOLKSWAGEN,GACEL,GOL - - SAVERIO - SENDA,SOPORTE,SOPORTE,,,284121275,SOPORTE DE RADIADOR (CHICO),90013 GOL - GACEL - SAVERIO - SENDA ORIGINAL: 284121275 SOPORTE DE RADIADOR (CHICO) CÓDIGO:,,,,56,GACRI
90014,GACRI,VOLKSWAGEN,GACEL,,,,MOTOR,DELANTERO,Z28A199339,TOPE DE MOTOR DELANTERO O,90014 GACEL ORIGINAL: Z28A199339 TOPE DE MOTOR DELANTERO O CÓDIGO:,,,,56,GACRI
90018,GACRI,VOLKSWAGEN,GACEL,D100 - D400 - D500 GOL - GOLF,SOPORTE CAJA,SOPORTE CAJA,CAJA,,2230368 | 28A3991511 | 307253147,SOPORTE DE CAJA SOPORTE DE CAJA DE VELOCIDADES SOPORTE DE CAÑO DE ESCAPE |,90018 D100 - D400 - D500 GACEL GOL - GOLF ORIGINAL: 2230368 ORIGINAL: 28A3991511 ORIGINAL: 307253147 SOPORTE DE CAJA SOPORTE DE CAJA DE VELOCIDADES SOPORTE DE CAÑO DE ESCAPE | CÓDIGO:,,,,57,GACRI
90030,GACRI,VOLKSWAGEN,GACEL,GOL - SENDA - SAVEIRO - GOL - SENDA - SAVEIRO CADDY - GOLF - PASSAT - POLO,BUJE BARRA ESTABILIZADORA,BUJE BARRA ESTABILIZADORA,PARRILLA,INFERIOR / CENTRAL,305411313-1 N2 | 305411327-1 N2 | 191407181-D,BUJE BARRA ESTABILIZADORA PUNTA Y 15 MM BUJE BARRA ESTABILIZADORA CENTRO 4 15 MM BUJE PARRILLA INFERIOR DELANTERA PARTE TRASERA 4 17 MM,90030 GACEL - GOL - SENDA - SAVEIRO GACEL - GOL - SENDA - SAVEIRO CADDY - GOLF - PASSAT - POLO ORIGINAL: 305411313-1 N2 ORIGINAL: 305411327-1 N2 ORIGINAL: 191407181-D BUJE BARRA ESTABILIZADORA PUNTA Y 15 MM BUJE BARRA ESTABILIZADORA CENTRO 4 15 MM BUJE PARRILLA INFERIOR DELANTERA PARTE TRASERA 4 17 MM CÓDIGO:,,,,58,GACRI
2006,GACRI,VOLKSWAGEN,GOL,FOX - SPACEFOX - SURAN - TREND,BUJE BARRA ESTABILIZADORA,BUJE BARRA ESTABILIZADORA,PARRILLA,,600.407.183.A | 600.407.1824 | 600.411.314,BUJE PARRILLA DELANTERA PARTE TRASERA (PLÁSTICO) BUJE PARRILLA DELANTERA PARTE DELANTERA BUJE BARRA ESTABILIZADORA PARTE DELANTERA 55,2006 FOX - SPACEFOX - SURAN - GOL TREND ORIGINAL: 600.407.183.A ORIGINAL: 600.407.1824 ORIGINAL: 600.411.314 BUJE PARRILLA DELANTERA PARTE TRASERA (PLÁSTICO) BUJE PARRILLA DELANTERA PARTE DELANTERA BUJE BARRA ESTABILIZADORA PARTE DELANTERA 55,,,,58,GACRI
90005,GACRI,VOLKSWAGEN,GOL,GACEL- SAVERIO - SENDA N2,SOPORTE MOTOR,SOPORTE MOTOR,MOTOR,,823199381,SOPORTE DE MOTOR Y,90005 GOL - GACEL- SAVERIO - SENDA N2 ORIGINAL: 823199381 SOPORTE DE MOTOR Y CÓDIGO:,,,,56,GACRI
90009,GACRI,VOLKSWAGEN,GOL,GACEL - SAVERIO - SENDA,SOPORTE,SOPORTE,CAJA,,3033991131,SOPORTE DE CAJA DE 5 VELOCIDADES,90009 GOL - GACEL - SAVERIO - SENDA ORIGINAL: 3033991131 SOPORTE DE CAJA DE 5 VELOCIDADES CÓDIGO:,,,,56,GACRI
90010,GACRI,VOLKSWAGEN,GOL,GACEL - SAVERIO - SENDA,SOPORTE,SOPORTE,AMORTIGUADOR,,284412353,SOPORTE DE AMORTIGUADOR,90010 GOL - GACEL - SAVERIO - SENDA ORIGINAL: 284412353 SOPORTE DE AMORTIGUADOR CÓDIGO:,,,,56,GACRI
90012,GACRI,VOLKSWAGEN,GOL,GACEL - SAVERIO - SENDA,SOPORTE,SOPORTE,,,0ZBA121273,SOPORTE DE RADIADOR (GRANDE) +,90012 GOL - GACEL - SAVERIO - SENDA ORIGINAL: 0ZBA121273 SOPORTE DE RADIADOR (GRANDE) + CÓDIGO:,,,,56,GACRI
90013,GACRI,VOLKSWAGEN,GOL,GACEL - SAVERIO - SENDA,SOPORTE,SOPORTE,,,284121275,SOPORTE DE RADIADOR (CHICO),90013 GOL - GACEL - SAVERIO - SENDA ORIGINAL: 284121275 SOPORTE DE RADIADOR (CHICO) CÓDIGO:,,,,56,GACRI
90015,GACRI,VOLKSWAGEN,GOL,SAVERIO - SENDA,,,MOTOR,DELANTERO,823199339,TOPE DE MOTOR DELANTERO 53,90015 GOL - SAVERIO - SENDA ORIGINAL: 823199339 TOPE DE MOTOR DELANTERO 53,,,,56,GACRI
90018,GACRI,VOLKSWAGEN,GOL,D100 - D400 - D500 GACEL - GOLF,SOPORTE CAJA,SOPORTE CAJA,CAJA,,2230368 | 28A3991511 | 307253147,SOPORTE DE CAJA SOPORTE DE CAJA DE VELOCIDADES SOPORTE DE CAÑO DE ESCAPE |,90018 D100 - D400 - D500 GACEL GOL - GOLF ORIGINAL: 2230368 ORIGINAL: 28A3991511 ORIGINAL: 307253147 SOPORTE DE CAJA SOPORTE DE CAJA DE VELOCIDADES SOPORTE DE CAÑO DE ESCAPE | CÓDIGO:,,,,57,GACRI
90021,GACRI,VOLKSWAGEN,GOL,POINTER - SAVERIO POLO - CADDY - NAFTA / DIESEL,SOPORTE AMORTIGUADOR,SOPORTE AMORTIGUADOR,MOTOR,DELANTERO / CENTRAL,542253147 | 377-412-329 | 1H0199609B,SOPORTE DE SILENCIADOR CAZOLETA DELANTERA CON RODAMIENTO SOPORTE DE MOTOR DELANTERO CENTRAL >,90021 POINTER GOL - SAVERIO POLO - CADDY - NAFTA / DIESEL ORIGINAL: 542253147 ORIGINAL: 377-412-329 ORIGINAL: 1H0199609B SOPORTE DE SILENCIADOR CAZOLETA DELANTERA CON RODAMIENTO SOPORTE DE MOTOR DELANTERO CENTRAL > CÓDIGO:,,,,57,GACRI
90027,GACRI,VOLKSWAGEN,GOL,POLO - SAVEIRO - SENDA - GOLF - CARAT - SAVEIRO - SENDA - GOLF - CARAT,BUJE PARRILLA,BUJE PARRILLA,AMORTIGUADOR,DELANTERO,357412331 | 305419809/1 | 811407181-A,SOPORTE DE AMORTIGUADOR DELANTERO BUJE PUNTA BARRA DE DIRECCIÓN BUJE PARRILLA DELANTERA (RANURADO) 54,90027 POLO GOL - SAVEIRO - SENDA - GOLF - CARAT GOL - SAVEIRO - SENDA - GOLF - CARAT ORIGINAL: 357412331 ORIGINAL: 305419809/1 ORIGINAL: 811407181-A SOPORTE DE AMORTIGUADOR DELANTERO BUJE PUNTA BARRA DE DIRECCIÓN BUJE PARRILLA DELANTERA (RANURADO) 54,,,,57,GACRI
90030,GACRI,VOLKSWAGEN,GOL,GACEL - - SENDA - SAVEIRO GACEL - - SENDA - SAVEIRO CADDY - GOLF - PASSAT - POLO,BUJE BARRA ESTABILIZADORA,BUJE BARRA ESTABILIZADORA,PARRILLA,INFERIOR / CENTRAL,305411313-1 N2 | 305411327-1 N2 | 191407181-D,BUJE BARRA ESTABILIZADORA PUNTA Y 15 MM BUJE BARRA ESTABILIZADORA CENTRO 4 15 MM BUJE PARRILLA INFERIOR DELANTERA PARTE TRASERA 4 17 MM,90030 GACEL - GOL - SENDA - SAVEIRO GACEL - GOL - SENDA - SAVEIRO CADDY - GOLF - PASSAT - POLO ORIGINAL: 305411313-1 N2 ORIGINAL: 305411327-1 N2 ORIGINAL: 191407181-D BUJE BARRA ESTABILIZADORA PUNTA Y 15 MM BUJE BARRA ESTABILIZADORA CENTRO 4 15 MM BUJE PARRILLA INFERIOR DELANTERA PARTE TRASERA 4 17 MM CÓDIGO:,,,,58,GACRI
90060,GACRI,VOLKSWAGEN,GOL,FOX - SURAN - VOYAGE - TREND,SOPORTE MOTOR,SOPORTE MOTOR,MOTOR,IZQUIERDO,600.199.555.AD,SOPORTE MOTOR LADO IZQUIERDO,90060 FOX - SURAN - VOYAGE - GOL TREND ORIGINAL: 600.199.555.AD SOPORTE MOTOR LADO IZQUIERDO CÓDIGO:,,,,60,GACRI
90066,GACRI,VOLKSWAGEN,GOL,,SOPORTE,SOPORTE,ESCAPE,,861.253.147,SOPORTE CAÑO DE ESCAPE,90066 GOL ORIGINAL: 861.253.147 SOPORTE CAÑO DE ESCAPE CÓDIGO:,,,,59,GACRI
90073,GACRI,VOLKSWAGEN,GOL,AB9,SOPORTE AMORTIGUADOR,SOPORTE AMORTIGUADOR,AMORTIGUADOR,TRASERO,321.512.333 Y 321.512.335,SOPORTE AMORTIGUADOR TRASERO COMPLETO,90073 GOL AB9 ORIGINAL: 321.512.333 Y 321.512.335 SOPORTE AMORTIGUADOR TRASERO COMPLETO CÓDIGO,,,,61,GACRI
90071,GACRI,VOLKSWAGEN,GOL FASE 3 01...,,SOPORTE,SOPORTE,AMORTIGUADOR,,5X0.412.329,SOPORTE DE AMORTIGUADOR,ORIGINAL: 5X0.412.329 SOPORTE DE AMORTIGUADOR CÓDIGO:,,,,61,GACRI
1999,GACRI,VOLKSWAGEN,GOLF,NEW BEETLE BORA - - NEW BEETLE BORA - CADOY - - NEW BEETLE - PASSAT - POLO,BUJE PARRILLA,BUJE PARRILLA,PARRILLA,INFERIOR,191407181-D | 140.407.181 | 307407182,BUJE PARRILLA INFERIOR DELANTERA PARTE TRASERA O 13 MM BUJE PARRILLA INFERIOR DELANTERA PARTE TRASERA 0 12 MM BUJE PARRILLA INFERIOR DELANTERA PARTE DELANTERA,1999 - NEW BEETLE BORA - GOLF - NEW BEETLE BORA - CADOY - GOLF - NEW BEETLE - PASSAT - POLO ORIGINAL: 191407181-D ORIGINAL: 140.407.181 ORIGINAL: 307407182 BUJE PARRILLA INFERIOR DELANTERA PARTE TRASERA O 13 MM BUJE PARRILLA INFERIOR DELANTERA PARTE TRASERA 0 12 MM BUJE PARRILLA INFERIOR DELANTERA PARTE DELANTERA CÓDIGO:,,,,58,GACRI
90018,GACRI,VOLKSWAGEN,GOLF,D100 - D400 - D500 GACEL GOL,SOPORTE CAJA,SOPORTE CAJA,CAJA,,2230368 | 28A3991511 | 307253147,SOPORTE DE CAJA SOPORTE DE CAJA DE VELOCIDADES SOPORTE DE CAÑO DE ESCAPE |,90018 D100 - D400 - D500 GACEL GOL - GOLF ORIGINAL: 2230368 ORIGINAL: 28A3991511 ORIGINAL: 307253147 SOPORTE DE CAJA SOPORTE DE CAJA DE VELOCIDADES SOPORTE DE CAÑO DE ESCAPE | CÓDIGO:,,,,57,GACRI
90027,GACRI,VOLKSWAGEN,GOLF,POLO GOL - SAVEIRO - SENDA - - CARAT GOL - SAVEIRO - SENDA - - CARAT,BUJE PARRILLA,BUJE PARRILLA,AMORTIGUADOR,DELANTERO,357412331 | 305419809/1 | 811407181-A,SOPORTE DE AMORTIGUADOR DELANTERO BUJE PUNTA BARRA DE DIRECCIÓN BUJE PARRILLA DELANTERA (RANURADO) 54,90027 POLO GOL - SAVEIRO - SENDA - GOLF - CARAT GOL - SAVEIRO - SENDA - GOLF - CARAT ORIGINAL: 357412331 ORIGINAL: 305419809/1 ORIGINAL: 811407181-A SOPORTE DE AMORTIGUADOR DELANTERO BUJE PUNTA BARRA DE DIRECCIÓN BUJE PARRILLA DELANTERA (RANURADO) 54,,,,57,GACRI
90030,GACRI,VOLKSWAGEN,GOLF,GACEL - GOL - SENDA - SAVEIRO GACEL - GOL - SENDA - SAVEIRO CADDY - - PASSAT - POLO,BUJE BARRA ESTABILIZADORA,BUJE BARRA ESTABILIZADORA,PARRILLA,INFERIOR / CENTRAL,305411313-1 N2 | 305411327-1 N2 | 191407181-D,BUJE BARRA ESTABILIZADORA PUNTA Y 15 MM BUJE BARRA ESTABILIZADORA CENTRO 4 15 MM BUJE PARRILLA INFERIOR DELANTERA PARTE TRASERA 4 17 MM,90030 GACEL - GOL - SENDA - SAVEIRO GACEL - GOL - SENDA - SAVEIRO CADDY - GOLF - PASSAT - POLO ORIGINAL: 305411313-1 N2 ORIGINAL: 305411327-1 N2 ORIGINAL: 191407181-D BUJE BARRA ESTABILIZADORA PUNTA Y 15 MM BUJE BARRA ESTABILIZADORA CENTRO 4 15 MM BUJE PARRILLA INFERIOR DELANTERA PARTE TRASERA 4 17 MM CÓDIGO:,,,,58,GACRI
90033,GACRI,VOLKSWAGEN,GOLF,BORA - ANO,,,,,,90033 BORA - GOLF ANO,90033 BORA - GOLF ANO,,,,58,GACRI
90044,GACRI,VOLKSWAGEN,GOLF,HIDRAULICO - 1.6 BORA - NEW BEETLE,SOPORTE MOTOR,SOPORTE MOTOR,MOTOR,DERECHO,"1J0,199.262.BE",SOPORTE MOTOR HIDRÁULICO LADO DERECHO VOLKSWAGEN,"90044 HIDRAULICO GOLF - 1.6 BORA - NEW BEETLE ORIGINAL: 1J0,199.262.BE SOPORTE MOTOR HIDRÁULICO LADO DERECHO VOLKSWAGEN CÓDIGO:",,,,59,GACRI
90045,GACRI,VOLKSWAGEN,GOLF,NO HIDRAULICO 1.6 - BORA - NEW BEETLE,SOPORTE MOTOR,SOPORTE MOTOR,MOTOR,DERECHO,"1J0,199.262.BE",SOPORTE MOTOR NO HIDRÁULICO LADO DERECHO,"90045 NO HIDRAULICO GOLF 1.6 - BORA - NEW BEETLE ORIGINAL: 1J0,199.262.BE SOPORTE MOTOR NO HIDRÁULICO LADO DERECHO CÓDIGO:",,,,59,GACRI
90046,GACRI,VOLKSWAGEN,GOLF,HIDRAULICO 1.8 - BORA - PASSAT - A3,SOPORTE MOTOR,SOPORTE MOTOR,MOTOR,DERECHO,"1J0,199.262.BF",SOPORTE MOTOR HIDRÁULICO LADO DERECHO,"90046 HIDRAULICO GOLF 1.8 - BORA - PASSAT - A3 ORIGINAL: 1J0,199.262.BF SOPORTE MOTOR HIDRÁULICO LADO DERECHO CÓDIGO:",,,,59,GACRI
90047,GACRI,VOLKSWAGEN,GOLF,NO HIDRAULICO 1.8 - BORA - PASSAT - A3 NY?,SOPORTE MOTOR,SOPORTE MOTOR,MOTOR,DERECHO,"1J0,199.262.BF",SOPORTE MOTOR NO HIDRÁULICO LADO DERECHO,"90047 NO HIDRAULICO GOLF 1.8 - BORA - PASSAT - A3 NY? ORIGINAL: 1J0,199.262.BF SOPORTE MOTOR NO HIDRÁULICO LADO DERECHO CÓDIGO:",,,,59,GACRI
90048,GACRI,VOLKSWAGEN,GOLF,1.6 - A4 - AB,SOPORTE MOTOR,SOPORTE MOTOR,MOTOR,IZQUIERDO,"10,199.555.BD",SOPORTE MOTOR LADO IZQUIERDO,"90048 GOLF 1.6 - A4 - AB ORIGINAL: 10,199.555.BD SOPORTE MOTOR LADO IZQUIERDO CÓDIGO:",,,,59,GACRI
90055,GACRI,VOLKSWAGEN,GOLF,POLO,BUJE BARRA ESTABILIZADORA,BUJE BARRA ESTABILIZADORA,BARRA ESTABILIZADORA,CENTRAL,1H0.411.314,BUJE BARRA ESTABILIZADORA CENTRAL A 16 MM,90055 POLO - GOLF ORIGINAL: 1H0.411.314 BUJE BARRA ESTABILIZADORA CENTRAL A 16 MM CÓDIGO:,,,,59,GACRI
90074,GACRI,VOLKSWAGEN,GOLF,90/98 - POLO 95/00,SOPORTE AMORTIGUADOR,SOPORTE AMORTIGUADOR,AMORTIGUADOR,TRASERO,191.512.333 Y 191.512.335,SOPORTE AMORTIGUADOR TRASERO COMPLETO Y,90074 GOLF 90/98 - POLO 95/00 ORIGINAL: 191.512.333 Y 191.512.335 SOPORTE AMORTIGUADOR TRASERO COMPLETO Y,,,,61,GACRI
90023,GACRI,VOLKSWAGEN,HIDRAULICO,,,,,,,90023 HIDRAULICO CÓDIGO:,90023 HIDRAULICO CÓDIGO:,,,,57,GACRI
2002,GACRI,VOLKSWAGEN,N2,,BUJE BARRA ESTABILIZADORA,BUJE BARRA ESTABILIZADORA,BARRA ESTABILIZADORA,,4D0.411.327-E,BUJE BARRA ESTABILIZADORA G 24 MM,2002 N2 ORIGINAL: 4D0.411.327-E BUJE BARRA ESTABILIZADORA G 24 MM CÓDIGO:,,,,61,GACRI
90043,GACRI,VOLKSWAGEN,NO HIDRAULICO FOX,,SOPORTE MOTOR,SOPORTE MOTOR,MOTOR,IZQUIERDO,,SOPORTE MOTOR NO HIDRÁULICO IZQUIERDO,SOPORTE MOTOR NO HIDRÁULICO IZQUIERDO CÓDIGO:,,,,60,GACRI
1999,GACRI,VOLKSWAGEN,PASSAT,NEW BEETLE BORA - GOLF - NEW BEETLE BORA - CADOY - GOLF - NEW BEETLE - - POLO,BUJE PARRILLA,BUJE PARRILLA,PARRILLA,INFERIOR,191407181-D | 140.407.181 | 307407182,BUJE PARRILLA INFERIOR DELANTERA PARTE TRASERA O 13 MM BUJE PARRILLA INFERIOR DELANTERA PARTE TRASERA 0 12 MM BUJE PARRILLA INFERIOR DELANTERA PARTE DELANTERA,1999 - NEW BEETLE BORA - GOLF - NEW BEETLE BORA - CADOY - GOLF - NEW BEETLE - PASSAT - POLO ORIGINAL: 191407181-D ORIGINAL: 140.407.181 ORIGINAL: 307407182 BUJE PARRILLA INFERIOR DELANTERA PARTE TRASERA O 13 MM BUJE PARRILLA INFERIOR DELANTERA PARTE TRASERA 0 12 MM BUJE PARRILLA INFERIOR DELANTERA PARTE DELANTERA CÓDIGO:,,,,58,GACRI
90030,GACRI,VOLKSWAGEN,PASSAT,GACEL - GOL - SENDA - SAVEIRO GACEL - GOL - SENDA - SAVEIRO CADDY - GOLF - - POLO,BUJE BARRA ESTABILIZADORA,BUJE BARRA ESTABILIZADORA,PARRILLA,INFERIOR / CENTRAL,305411313-1 N2 | 305411327-1 N2 | 191407181-D,BUJE BARRA ESTABILIZADORA PUNTA Y 15 MM BUJE BARRA ESTABILIZADORA CENTRO 4 15 MM BUJE PARRILLA INFERIOR DELANTERA PARTE TRASERA 4 17 MM,90030 GACEL - GOL - SENDA - SAVEIRO GACEL - GOL - SENDA - SAVEIRO CADDY - GOLF - PASSAT - POLO ORIGINAL: 305411313-1 N2 ORIGINAL: 305411327-1 N2 ORIGINAL: 191407181-D BUJE BARRA ESTABILIZADORA PUNTA Y 15 MM BUJE BARRA ESTABILIZADORA CENTRO 4 15 MM BUJE PARRILLA INFERIOR DELANTERA PARTE TRASERA 4 17 MM CÓDIGO:,,,,58,GACRI
90034,GACRI,VOLKSWAGEN,PASSAT,CARAT,BUJE BARRA ESTABILIZADORA,BUJE BARRA ESTABILIZADORA,BARRA ESTABILIZADORA,,305411313-2,BUJE BARRA ESTABILIZADORA PUNTA Y 18 MM,90034 CARAT - PASSAT ORIGINAL: 305411313-2 BUJE BARRA ESTABILIZADORA PUNTA Y 18 MM CÓDIGO:,,,,58,GACRI
90035,GACRI,VOLKSWAGEN,PASSAT,CARAT,BUJE BARRA ESTABILIZADORA,BUJE BARRA ESTABILIZADORA,BARRA ESTABILIZADORA,CENTRAL,305411327-2,BUJE BARRA ESTABILIZADORA CENTRO Q 18 MM,90035 CARAT - PASSAT ORIGINAL: 305411327-2 BUJE BARRA ESTABILIZADORA CENTRO Q 18 MM CÓDIGO:,,,,58,GACRI
90040,GACRI,VOLKSWAGEN,PASSAT,HIDRAULICO - A4,SOPORTE MOTOR,SOPORTE MOTOR,MOTOR,,8D0.199.382.L,SOPORTE MOTOR HIDRÁULICO AMBOS LADOS,90040 HIDRAULICO PASSAT - A4 ORIGINAL: 8D0.199.382.L SOPORTE MOTOR HIDRÁULICO AMBOS LADOS CÓDIGO:,,,,60,GACRI
90041,GACRI,VOLKSWAGEN,PASSAT,NO HIDRAULICO - A4,SOPORTE MOTOR,SOPORTE MOTOR,MOTOR,,8D0.199.382.L,SOPORTE MOTOR NO HIDRÁULICO AMBOS LADOS 57,90041 NO HIDRAULICO PASSAT - A4 ORIGINAL: 8D0.199.382.L SOPORTE MOTOR NO HIDRÁULICO AMBOS LADOS 57,,,,60,GACRI
90046,GACRI,VOLKSWAGEN,PASSAT,HIDRAULICO GOLF 1.8 - BORA - - A3,SOPORTE MOTOR,SOPORTE MOTOR,MOTOR,DERECHO,"1J0,199.262.BF",SOPORTE MOTOR HIDRÁULICO LADO DERECHO,"90046 HIDRAULICO GOLF 1.8 - BORA - PASSAT - A3 ORIGINAL: 1J0,199.262.BF SOPORTE MOTOR HIDRÁULICO LADO DERECHO CÓDIGO:",,,,59,GACRI
90047,GACRI,VOLKSWAGEN,PASSAT,NO HIDRAULICO GOLF 1.8 - BORA - - A3 NY?,SOPORTE MOTOR,SOPORTE MOTOR,MOTOR,DERECHO,"1J0,199.262.BF",SOPORTE MOTOR NO HIDRÁULICO LADO DERECHO,"90047 NO HIDRAULICO GOLF 1.8 - BORA - PASSAT - A3 NY? ORIGINAL: 1J0,199.262.BF SOPORTE MOTOR NO HIDRÁULICO LADO DERECHO CÓDIGO:",,,,59,GACRI
90063,GACRI,VOLKSWAGEN,PASSAT,,,,,,,90063 PASSAT,90063 PASSAT,,,,61,GACRI
90064,GACRI,VOLKSWAGEN,PASSAT,,,,,,,90064 PASSAT,90064 PASSAT,,,,61,GACRI
90065,GACRI,VOLKSWAGEN,PASSAT,,BUJE BARRA ESTABILIZADORA,BUJE BARRA ESTABILIZADORA,BARRA ESTABILIZADORA,DERECHO / IZQUIERDO,1H0.411.314,BUJE BARRA ESTABILIZADORA JUEGO DER-IZQ.,90065 PASSAT ORIGINAL: 1H0.411.314 BUJE BARRA ESTABILIZADORA JUEGO DER-IZQ.,,,,60,GACRI
90021,GACRI,VOLKSWAGEN,POINTER,GOL - SAVERIO POLO - CADDY - NAFTA / DIESEL,SOPORTE AMORTIGUADOR,SOPORTE AMORTIGUADOR,MOTOR,DELANTERO / CENTRAL,542253147 | 377-412-329 | 1H0199609B,SOPORTE DE SILENCIADOR CAZOLETA DELANTERA CON RODAMIENTO SOPORTE DE MOTOR DELANTERO CENTRAL >,90021 POINTER GOL - SAVERIO POLO - CADDY - NAFTA / DIESEL ORIGINAL: 542253147 ORIGINAL: 377-412-329 ORIGINAL: 1H0199609B SOPORTE DE SILENCIADOR CAZOLETA DELANTERA CON RODAMIENTO SOPORTE DE MOTOR DELANTERO CENTRAL > CÓDIGO:,,,,57,GACRI
90024,GACRI,VOLKSWAGEN,POINTER,POLO - CADDY - NAFTA / DIESEL POLO - CADDY - NAFTA / DIESEL,SOPORTE MOTOR,SOPORTE MOTOR,MOTOR,,1401992628 NY? | 3571199402B | 547412325,SOPORTE DE MOTOR LADO DISTRIBUCIÓN SOPORTE DE CAJA (HIDRÁULICO) SOPORTE DE AMORTIGUADOR 2,90024 POLO - CADDY - NAFTA / DIESEL POLO - CADDY - NAFTA / DIESEL POINTER ORIGINAL: 1401992628 NY? ORIGINAL: 3571199402B ORIGINAL: 547412325 SOPORTE DE MOTOR LADO DISTRIBUCIÓN SOPORTE DE CAJA (HIDRÁULICO) SOPORTE DE AMORTIGUADOR 2 CÓDIGO:,,,,57,GACRI
1999,GACRI,VOLKSWAGEN,POLO,NEW BEETLE BORA - GOLF - NEW BEETLE BORA - CADOY - GOLF - NEW BEETLE - PASSAT,BUJE PARRILLA,BUJE PARRILLA,PARRILLA,INFERIOR,191407181-D | 140.407.181 | 307407182,BUJE PARRILLA INFERIOR DELANTERA PARTE TRASERA O 13 MM BUJE PARRILLA INFERIOR DELANTERA PARTE TRASERA 0 12 MM BUJE PARRILLA INFERIOR DELANTERA PARTE DELANTERA,1999 - NEW BEETLE BORA - GOLF - NEW BEETLE BORA - CADOY - GOLF - NEW BEETLE - PASSAT - POLO ORIGINAL: 191407181-D ORIGINAL: 140.407.181 ORIGINAL: 307407182 BUJE PARRILLA INFERIOR DELANTERA PARTE TRASERA O 13 MM BUJE PARRILLA INFERIOR DELANTERA PARTE TRASERA 0 12 MM BUJE PARRILLA INFERIOR DELANTERA PARTE DELANTERA CÓDIGO:,,,,58,GACRI
90021,GACRI,VOLKSWAGEN,POLO,POINTER GOL - SAVERIO - CADDY - NAFTA / DIESEL,SOPORTE AMORTIGUADOR,SOPORTE AMORTIGUADOR,MOTOR,DELANTERO / CENTRAL,542253147 | 377-412-329 | 1H0199609B,SOPORTE DE SILENCIADOR CAZOLETA DELANTERA CON RODAMIENTO SOPORTE DE MOTOR DELANTERO CENTRAL >,90021 POINTER GOL - SAVERIO POLO - CADDY - NAFTA / DIESEL ORIGINAL: 542253147 ORIGINAL: 377-412-329 ORIGINAL: 1H0199609B SOPORTE DE SILENCIADOR CAZOLETA DELANTERA CON RODAMIENTO SOPORTE DE MOTOR DELANTERO CENTRAL > CÓDIGO:,,,,57,GACRI
90024,GACRI,VOLKSWAGEN,POLO,CADDY - NAFTA / DIESEL - CADDY - NAFTA / DIESEL POINTER,SOPORTE MOTOR,SOPORTE MOTOR,MOTOR,,1401992628 NY? | 3571199402B | 547412325,SOPORTE DE MOTOR LADO DISTRIBUCIÓN SOPORTE DE CAJA (HIDRÁULICO) SOPORTE DE AMORTIGUADOR 2,90024 POLO - CADDY - NAFTA / DIESEL POLO - CADDY - NAFTA / DIESEL POINTER ORIGINAL: 1401992628 NY? ORIGINAL: 3571199402B ORIGINAL: 547412325 SOPORTE DE MOTOR LADO DISTRIBUCIÓN SOPORTE DE CAJA (HIDRÁULICO) SOPORTE DE AMORTIGUADOR 2 CÓDIGO:,,,,57,GACRI
90027,GACRI,VOLKSWAGEN,POLO,GOL - SAVEIRO - SENDA - GOLF - CARAT GOL - SAVEIRO - SENDA - GOLF - CARAT,BUJE PARRILLA,BUJE PARRILLA,AMORTIGUADOR,DELANTERO,357412331 | 305419809/1 | 811407181-A,SOPORTE DE AMORTIGUADOR DELANTERO BUJE PUNTA BARRA DE DIRECCIÓN BUJE PARRILLA DELANTERA (RANURADO) 54,90027 POLO GOL - SAVEIRO - SENDA - GOLF - CARAT GOL - SAVEIRO - SENDA - GOLF - CARAT ORIGINAL: 357412331 ORIGINAL: 305419809/1 ORIGINAL: 811407181-A SOPORTE DE AMORTIGUADOR DELANTERO BUJE PUNTA BARRA DE DIRECCIÓN BUJE PARRILLA DELANTERA (RANURADO) 54,,,,57,GACRI
90030,GACRI,VOLKSWAGEN,POLO,GACEL - GOL - SENDA - SAVEIRO GACEL - GOL - SENDA - SAVEIRO CADDY - GOLF - PASSAT,BUJE BARRA ESTABILIZADORA,BUJE BARRA ESTABILIZADORA,PARRILLA,INFERIOR / CENTRAL,305411313-1 N2 | 305411327-1 N2 | 191407181-D,BUJE BARRA ESTABILIZADORA PUNTA Y 15 MM BUJE BARRA ESTABILIZADORA CENTRO 4 15 MM BUJE PARRILLA INFERIOR DELANTERA PARTE TRASERA 4 17 MM,90030 GACEL - GOL - SENDA - SAVEIRO GACEL - GOL - SENDA - SAVEIRO CADDY - GOLF - PASSAT - POLO ORIGINAL: 305411313-1 N2 ORIGINAL: 305411327-1 N2 ORIGINAL: 191407181-D BUJE BARRA ESTABILIZADORA PUNTA Y 15 MM BUJE BARRA ESTABILIZADORA CENTRO 4 15 MM BUJE PARRILLA INFERIOR DELANTERA PARTE TRASERA 4 17 MM CÓDIGO:,,,,58,GACRI
90055,GACRI,VOLKSWAGEN,POLO,GOLF,BUJE BARRA ESTABILIZADORA,BUJE BARRA ESTABILIZADORA,BARRA ESTABILIZADORA,CENTRAL,1H0.411.314,BUJE BARRA ESTABILIZADORA CENTRAL A 16 MM,90055 POLO - GOLF ORIGINAL: 1H0.411.314 BUJE BARRA ESTABILIZADORA CENTRAL A 16 MM CÓDIGO:,,,,59,GACRI
90056,GACRI,VOLKSWAGEN,POLO,FOX,,,,,,90056 FOX - POLO,90056 FOX - POLO,,,,60,GACRI
90061,GACRI,VOLKSWAGEN,POLO,CADDY,BUJE BARRA ESTABILIZADORA,BUJE BARRA ESTABILIZADORA,BARRA ESTABILIZADORA,,140.411.314,BUJE BARRA ESTABILIZADORA A 18 MM,90061 POLO - CADDY ORIGINAL: 140.411.314 BUJE BARRA ESTABILIZADORA A 18 MM CÓDIGO:,,,,59,GACRI
90062,GACRI,VOLKSWAGEN,POLO,CADDY,BUJE BARRA ESTABILIZADORA,BUJE BARRA ESTABILIZADORA,BARRA ESTABILIZADORA,,140.411.314,BUJE BARRA ESTABILIZADORA A 20 MM,90062 POLO - CADDY ORIGINAL: 140.411.314 BUJE BARRA ESTABILIZADORA A 20 MM CÓDIGO:,,,,59,GACRI
90074,GACRI,VOLKSWAGEN,POLO,GOLF 90/98 - 95/00,SOPORTE AMORTIGUADOR,SOPORTE AMORTIGUADOR,AMORTIGUADOR,TRASERO,191.512.333 Y 191.512.335,SOPORTE AMORTIGUADOR TRASERO COMPLETO Y,90074 GOLF 90/98 - POLO 95/00 ORIGINAL: 191.512.333 Y 191.512.335 SOPORTE AMORTIGUADOR TRASERO COMPLETO Y,,,,61,GACRI
90036,GACRI,VOLKSWAGEN,QUANTUM,CARAT,BUJE PARRILLA,BUJE PARRILLA,PARRILLA,INFERIOR,857407181,BUJE PARRILLA INFERIOR DELANTERA,90036 CARAT - QUANTUM ORIGINAL: 857407181 BUJE PARRILLA INFERIOR DELANTERA CÓDIGO:,,,,58,GACRI
90027,GACRI,VOLKSWAGEN,SAVEIRO,POLO GOL - - SENDA - GOLF - CARAT GOL - - SENDA - GOLF - CARAT,BUJE PARRILLA,BUJE PARRILLA,AMORTIGUADOR,DELANTERO,357412331 | 305419809/1 | 811407181-A,SOPORTE DE AMORTIGUADOR DELANTERO BUJE PUNTA BARRA DE DIRECCIÓN BUJE PARRILLA DELANTERA (RANURADO) 54,90027 POLO GOL - SAVEIRO - SENDA - GOLF - CARAT GOL - SAVEIRO - SENDA - GOLF - CARAT ORIGINAL: 357412331 ORIGINAL: 305419809/1 ORIGINAL: 811407181-A SOPORTE DE AMORTIGUADOR DELANTERO BUJE PUNTA BARRA DE DIRECCIÓN BUJE PARRILLA DELANTERA (RANURADO) 54,,,,57,GACRI
90030,GACRI,VOLKSWAGEN,SAVEIRO,GACEL - GOL - SENDA - GACEL - GOL - SENDA - CADDY - GOLF - PASSAT - POLO,BUJE BARRA ESTABILIZADORA,BUJE BARRA ESTABILIZADORA,PARRILLA,INFERIOR / CENTRAL,305411313-1 N2 | 305411327-1 N2 | 191407181-D,BUJE BARRA ESTABILIZADORA PUNTA Y 15 MM BUJE BARRA ESTABILIZADORA CENTRO 4 15 MM BUJE PARRILLA INFERIOR DELANTERA PARTE TRASERA 4 17 MM,90030 GACEL - GOL - SENDA - SAVEIRO GACEL - GOL - SENDA - SAVEIRO CADDY - GOLF - PASSAT - POLO ORIGINAL: 305411313-1 N2 ORIGINAL: 305411327-1 N2 ORIGINAL: 191407181-D BUJE BARRA ESTABILIZADORA PUNTA Y 15 MM BUJE BARRA ESTABILIZADORA CENTRO 4 15 MM BUJE PARRILLA INFERIOR DELANTERA PARTE TRASERA 4 17 MM CÓDIGO:,,,,58,GACRI
90005,GACRI,VOLKSWAGEN,SENDA,GOL - GACEL- SAVERIO - N2,SOPORTE MOTOR,SOPORTE MOTOR,MOTOR,,823199381,SOPORTE DE MOTOR Y,90005 GOL - GACEL- SAVERIO - SENDA N2 ORIGINAL: 823199381 SOPORTE DE MOTOR Y CÓDIGO:,,,,56,GACRI
90009,GACRI,VOLKSWAGEN,SENDA,GOL - GACEL - SAVERIO,SOPORTE,SOPORTE,CAJA,,3033991131,SOPORTE DE CAJA DE 5 VELOCIDADES,90009 GOL - GACEL - SAVERIO - SENDA ORIGINAL: 3033991131 SOPORTE DE CAJA DE 5 VELOCIDADES CÓDIGO:,,,,56,GACRI
90010,GACRI,VOLKSWAGEN,SENDA,GOL - GACEL - SAVERIO,SOPORTE,SOPORTE,AMORTIGUADOR,,284412353,SOPORTE DE AMORTIGUADOR,90010 GOL - GACEL - SAVERIO - SENDA ORIGINAL: 284412353 SOPORTE DE AMORTIGUADOR CÓDIGO:,,,,56,GACRI
90012,GACRI,VOLKSWAGEN,SENDA,GOL - GACEL - SAVERIO,SOPORTE,SOPORTE,,,0ZBA121273,SOPORTE DE RADIADOR (GRANDE) +,90012 GOL - GACEL - SAVERIO - SENDA ORIGINAL: 0ZBA121273 SOPORTE DE RADIADOR (GRANDE) + CÓDIGO:,,,,56,GACRI
90013,GACRI,VOLKSWAGEN,SENDA,GOL - GACEL - SAVERIO,SOPORTE,SOPORTE,,,284121275,SOPORTE DE RADIADOR (CHICO),90013 GOL - GACEL - SAVERIO - SENDA ORIGINAL: 284121275 SOPORTE DE RADIADOR (CHICO) CÓDIGO:,,,,56,GACRI
90015,GACRI,VOLKSWAGEN,SENDA,GOL - SAVERIO,,,MOTOR,DELANTERO,823199339,TOPE DE MOTOR DELANTERO 53,90015 GOL - SAVERIO - SENDA ORIGINAL: 823199339 TOPE DE MOTOR DELANTERO 53,,,,56,GACRI
90027,GACRI,VOLKSWAGEN,SENDA,POLO GOL - SAVEIRO - - GOLF - CARAT GOL - SAVEIRO - - GOLF - CARAT,BUJE PARRILLA,BUJE PARRILLA,AMORTIGUADOR,DELANTERO,357412331 | 305419809/1 | 811407181-A,SOPORTE DE AMORTIGUADOR DELANTERO BUJE PUNTA BARRA DE DIRECCIÓN BUJE PARRILLA DELANTERA (RANURADO) 54,90027 POLO GOL - SAVEIRO - SENDA - GOLF - CARAT GOL - SAVEIRO - SENDA - GOLF - CARAT ORIGINAL: 357412331 ORIGINAL: 305419809/1 ORIGINAL: 811407181-A SOPORTE DE AMORTIGUADOR DELANTERO BUJE PUNTA BARRA DE DIRECCIÓN BUJE PARRILLA DELANTERA (RANURADO) 54,,,,57,GACRI
90030,GACRI,VOLKSWAGEN,SENDA,GACEL - GOL - - SAVEIRO GACEL - GOL - - SAVEIRO CADDY - GOLF - PASSAT - POLO,BUJE BARRA ESTABILIZADORA,BUJE BARRA ESTABILIZADORA,PARRILLA,INFERIOR / CENTRAL,305411313-1 N2 | 305411327-1 N2 | 191407181-D,BUJE BARRA ESTABILIZADORA PUNTA Y 15 MM BUJE BARRA ESTABILIZADORA CENTRO 4 15 MM BUJE PARRILLA INFERIOR DELANTERA PARTE TRASERA 4 17 MM,90030 GACEL - GOL - SENDA - SAVEIRO GACEL - GOL - SENDA - SAVEIRO CADDY - GOLF - PASSAT - POLO ORIGINAL: 305411313-1 N2 ORIGINAL: 305411327-1 N2 ORIGINAL: 191407181-D BUJE BARRA ESTABILIZADORA PUNTA Y 15 MM BUJE BARRA ESTABILIZADORA CENTRO 4 15 MM BUJE PARRILLA INFERIOR DELANTERA PARTE TRASERA 4 17 MM CÓDIGO:,,,,58,GACRI
2002,GACRI,VOLKSWAGEN,SURAN,,SOPORTE AMORTIGUADOR,SOPORTE AMORTIGUADOR,AMORTIGUADOR,DELANTERO,600.412.331.A,SOPORTE AMORTIGUADOR DELANTERO,2002 - SURAN ORIGINAL: 600.412.331.A SOPORTE AMORTIGUADOR DELANTERO CÓDIGO:,,,,60,GACRI
2006,GACRI,VOLKSWAGEN,SURAN,FOX - SPACEFOX - - GOL TREND,BUJE BARRA ESTABILIZADORA,BUJE BARRA ESTABILIZADORA,PARRILLA,,600.407.183.A | 600.407.1824 | 600.411.314,BUJE PARRILLA DELANTERA PARTE TRASERA (PLÁSTICO) BUJE PARRILLA DELANTERA PARTE DELANTERA BUJE BARRA ESTABILIZADORA PARTE DELANTERA 55,2006 FOX - SPACEFOX - SURAN - GOL TREND ORIGINAL: 600.407.183.A ORIGINAL: 600.407.1824 ORIGINAL: 600.411.314 BUJE PARRILLA DELANTERA PARTE TRASERA (PLÁSTICO) BUJE PARRILLA DELANTERA PARTE DELANTERA BUJE BARRA ESTABILIZADORA PARTE DELANTERA 55,,,,58,GACRI
90039,GACRI,VOLKSWAGEN,SURAN,FOX - SPACE FOX - FOX,,,,,,90039 FOX - SPACE FOX - SURAN FOX - SURAN,90039 FOX - SPACE FOX - SURAN FOX - SURAN,,,,58,GACRI
90042,GACRI,VOLKSWAGEN,SURAN,HIDRAULICO FOX - 1.6,SOPORTE MOTOR,SOPORTE MOTOR,MOTOR,IZQUIERDO,600.199.167.J,SOPORTE MOTOR HIDRÁULICO IZQUIERDO,90042 HIDRAULICO FOX - SURAN 1.6 ORIGINAL: 600.199.167.J SOPORTE MOTOR HIDRÁULICO IZQUIERDO CÓDIGO:,,,,60,GACRI
90060,GACRI,VOLKSWAGEN,SURAN,FOX - - VOYAGE - GOL TREND,SOPORTE MOTOR,SOPORTE MOTOR,MOTOR,IZQUIERDO,600.199.555.AD,SOPORTE MOTOR LADO IZQUIERDO,90060 FOX - SURAN - VOYAGE - GOL TREND ORIGINAL: 600.199.555.AD SOPORTE MOTOR LADO IZQUIERDO CÓDIGO:,,,,60,GACRI
90067,GACRI,VOLKSWAGEN,SURAN,FOX - - GOLTREND,SOPORTE MOTOR,SOPORTE MOTOR,MOTOR,DERECHO,5U0.199.167.B,SOPORTE DE MOTOR DERECHO,90067 FOX - SURAN - GOLTREND ORIGINAL: 5U0.199.167.B SOPORTE DE MOTOR DERECHO CÓDIGO:,,,,61,GACRI
90068,GACRI,VOLKSWAGEN,SURAN,FOX,SOPORTE MOTOR,SOPORTE MOTOR,MOTOR,IZQUIERDO,5U0.199.555 REPUESTO PARA,SOPORTE DE MOTOR IZQUIERDO ÁX<——_—_—______,90068 FOX - SURAN ORIGINAL: 5U0.199.555 REPUESTO PARA SOPORTE DE MOTOR IZQUIERDO ÁX<——_—_—______ CÓDIGO:,,,,61,GACRI
90070,GACRI,VOLKSWAGEN,SURAN,FOX- -VOYAGE-GOLTREND,SOPORTE MOTOR,SOPORTE MOTOR,MOTOR,IZQUIERDO,600.199.555.AD ' REPUESTO PARA,SOPORTE DE MOTOR IZQUIERDO VOLKSWAGEN,90070 FOX-SURAN-VOYAGE-GOLTREND ORIGINAL: 600.199.555.AD ' REPUESTO PARA SOPORTE DE MOTOR IZQUIERDO VOLKSWAGEN CÓDIGO:,,,,60,GACRI
90043,GACRI,VOLKSWAGEN,SURAN 1.6,,SOPORTE MOTOR,SOPORTE MOTOR,MOTOR,IZQUIERDO,,SOPORTE MOTOR NO HIDRÁULICO IZQUIERDO,SOPORTE MOTOR NO HIDRÁULICO IZQUIERDO CÓDIGO:,,,,60,GACRI
90058,GACRI,VOLKSWAGEN,VENTO,,BUJE PARRILLA,BUJE PARRILLA,PARRILLA,,1K0.407.183.B,BUJE PARRILLA DELANTERA PARTE TRASERA (PLÁSTICO),90058 VENTO ORIGINAL: 1K0.407.183.B BUJE PARRILLA DELANTERA PARTE TRASERA (PLÁSTICO) CÓDIGO:,,,,61,GACRI
90059,GACRI,VOLKSWAGEN,VENTO,,BUJE PARRILLA,BUJE PARRILLA,PARRILLA,CENTRAL,1K0.407.182,BUJE PARRILLA DELANTERA PARTE CENTRAL,90059 VENTO ORIGINAL: 1K0.407.182 BUJE PARRILLA DELANTERA PARTE CENTRAL CÓDIGO:,,,,61,GACRI
90072,GACRI,VOLKSWAGEN,VENTO,2.0 Y 2.5,SOPORTE MOTOR,SOPORTE MOTOR,MOTOR,IZQUIERDO,"1K0,199.555.0",SOPORTE DE MOTOR IZQUIERDO 58,"90072 VENTO 2.0 Y 2.5 ORIGINAL: 1K0,199.555.0 SOPORTE DE MOTOR IZQUIERDO 58 CÓDIGO:",,,,61,GACRI
90060,GACRI,VOLKSWAGEN,VOYAGE,FOX - SURAN - - GOL TREND,SOPORTE MOTOR,SOPORTE MOTOR,MOTOR,IZQUIERDO,600.199.555.AD,SOPORTE MOTOR LADO IZQUIERDO,90060 FOX - SURAN - VOYAGE - GOL TREND ORIGINAL: 600.199.555.AD SOPORTE MOTOR LADO IZQUIERDO CÓDIGO:,,,,60,GACRI
90070,GACRI,VOLKSWAGEN,VOYAGE,FOX-SURAN- -GOLTREND,SOPORTE MOTOR,SOPORTE MOTOR,MOTOR,IZQUIERDO,600.199.555.AD ' REPUESTO PARA,SOPORTE DE MOTOR IZQUIERDO VOLKSWAGEN,90070 FOX-SURAN-VOYAGE-GOLTREND ORIGINAL: 600.199.555.AD ' REPUESTO PARA SOPORTE DE MOTOR IZQUIERDO VOLKSWAGEN CÓDIGO:,,,,60,GACRI
