fuente,codigo,producto,marca,modelo,anio,info,oem,imagen_producto,url_ficha,categorias,lado
REY GOMA,1104,PEDAL,ACCESORIOS,Soportes de motor y pedales de acelerador para industrias y otros usos,,Pedal de acelerador universal,,https://reygoma.com.ar/wp-content/uploads/2018/12/11041x1-e1553698240205.gif,https://reygoma.com.ar/producto/art-1104/,ACCESORIOS | Soportes de motor y pedales de acelerador para industrias y otros usos,
REY GOMA,10370,PEDAL,ACCESORIOS,Soportes de motor y pedales de acelerador para industrias y otros usos,,Pedal de acelerador ‘Clark’ y universal,,https://reygoma.com.ar/wp-content/uploads/2018/12/103701x1-e1553632972551.gif,https://reygoma.com.ar/producto/art-10370/,ACCESORIOS | Soportes de motor y pedales de acelerador para industrias y otros usos,
REY GOMA,8054/1,SOPORTE DE MOTOR,ACCESORIOS,Soportes de motor y pedales de acelerador para industrias y otros usos,,"Soporte de motor. h 50 mm. Ø 80 mm. rosca M 12 x 1,75",,https://reygoma.com.ar/wp-content/uploads/2018/12/8054-11x1.gif,https://reygoma.com.ar/producto/art-8054-1-2/,ACCESORIOS | Soportes de motor y pedales de acelerador para industrias y otros usos,
REY GOMA,8053,SOPORTE DE MOTOR,ACCESORIOS,Soportes de motor y pedales de acelerador para industrias y otros usos,,"Soporte de motor. h 58 mm. Ø 85 mm. rosca M 12 x 1,75",,https://reygoma.com.ar/wp-content/uploads/2018/12/80531x1.gif,https://reygoma.com.ar/producto/art-8053-2/,ACCESORIOS | Soportes de motor y pedales de acelerador para industrias y otros usos,
REY GOMA,8052,SOPORTE DE MOTOR,ACCESORIOS,Soportes de motor y pedales de acelerador para industrias y otros usos,,"Soporte de motor. h 54 mm. Ø 100 mm. rosca M 12 x 1,75",,https://reygoma.com.ar/wp-content/uploads/2018/12/80521x1.gif,https://reygoma.com.ar/producto/art-8052-2/,ACCESORIOS | Soportes de motor y pedales de acelerador para industrias y otros usos,
REY GOMA,3588,SOPORTE DE MOTOR,ACCESORIOS,Soportes de motor y pedales de acelerador para industrias y otros usos,,Soporte de motor. h 25 mm. Ø 63 mm. largo tornillo 28 mm. Ø tornillo 12 mm. distancia entre centros de agujeros 86 mm.,,https://reygoma.com.ar/wp-content/uploads/2018/12/35881x1.gif,https://reygoma.com.ar/producto/art-3588-2/,ACCESORIOS | Soportes de motor y pedales de acelerador para industrias y otros usos,
REY GOMA,1057,TOPE AMORTIGUADOR,ACCESORIOS,Soportes de motor y pedales de acelerador para industrias y otros usos,,Tope de goma. h 56 mm. Ø 41 mm. largo tornillo 23 mm.,,https://reygoma.com.ar/wp-content/uploads/2018/12/10571x1.gif,https://reygoma.com.ar/producto/art-1057/,ACCESORIOS | Soportes de motor y pedales de acelerador para industrias y otros usos,
REY GOMA,8305,ACCESORIO,ACCESORIOS,"Antichirridos para automotores, industrias y otros usos",,"ACCESORIOS , Antichirridos para automotores, industrias y otros usos Art.:8305 Vista rápida",,https://reygoma.com.ar/wp-content/uploads/2018/12/8305bis1x1.gif,https://reygoma.com.ar/producto/art-8305/,"ACCESORIOS | Antichirridos para automotores, industrias y otros usos",
REY GOMA,7415,ACCESORIO,ACCESORIOS,"Antichirridos para automotores, industrias y otros usos",,"ACCESORIOS , Antichirridos para automotores, industrias y otros usos Art.:7415 Vista rápida",,https://reygoma.com.ar/wp-content/uploads/2018/12/74151x1.gif,https://reygoma.com.ar/producto/art-7415/,"ACCESORIOS | Antichirridos para automotores, industrias y otros usos",
REY GOMA,7140,ACCESORIO,ACCESORIOS,"Antichirridos para automotores, industrias y otros usos",,"ACCESORIOS , Antichirridos para automotores, industrias y otros usos Art.:7140 Vista rápida",,https://reygoma.com.ar/wp-content/uploads/2018/12/71401x1.gif,https://reygoma.com.ar/producto/art-7140/,"ACCESORIOS | Antichirridos para automotores, industrias y otros usos",
REY GOMA,6973,ACCESORIO,ACCESORIOS,"Antichirridos para automotores, industrias y otros usos",,"ACCESORIOS , Antichirridos para automotores, industrias y otros usos Art.:6973 Vista rápida",,https://reygoma.com.ar/wp-content/uploads/2018/12/69731x1.gif,https://reygoma.com.ar/producto/art-6973/,"ACCESORIOS | Antichirridos para automotores, industrias y otros usos",
REY GOMA,6947,ACCESORIO,ACCESORIOS,"Antichirridos para automotores, industrias y otros usos",,"ACCESORIOS , Antichirridos para automotores, industrias y otros usos Art.:6947 Vista rápida",,https://reygoma.com.ar/wp-content/uploads/2018/12/69471x1.gif,https://reygoma.com.ar/producto/art-6947/,"ACCESORIOS | Antichirridos para automotores, industrias y otros usos",
REY GOMA,6923,ACCESORIO,ACCESORIOS,"Antichirridos para automotores, industrias y otros usos",,"ACCESORIOS , Antichirridos para automotores, industrias y otros usos Art.:6923 Vista rápida",,https://reygoma.com.ar/wp-content/uploads/2018/12/69231x1.gif,https://reygoma.com.ar/producto/art-6923/,"ACCESORIOS | Antichirridos para automotores, industrias y otros usos",
REY GOMA,6922,ACCESORIO,ACCESORIOS,"Antichirridos para automotores, industrias y otros usos",,"ACCESORIOS , Antichirridos para automotores, industrias y otros usos Art.:6922 Vista rápida",,https://reygoma.com.ar/wp-content/uploads/2018/12/69221x1.gif,https://reygoma.com.ar/producto/art-6922/,"ACCESORIOS | Antichirridos para automotores, industrias y otros usos",
REY GOMA,3304,ACCESORIO,ACCESORIOS,"Antichirridos para automotores, industrias y otros usos",,"ACCESORIOS , Antichirridos para automotores, industrias y otros usos Art.:3304 Vista rápida",,https://reygoma.com.ar/wp-content/uploads/2018/12/33041x1.gif,https://reygoma.com.ar/producto/art-3304/,"ACCESORIOS | Antichirridos para automotores, industrias y otros usos",
REY GOMA,3141,ACCESORIO,ACCESORIOS,"Antichirridos para automotores, industrias y otros usos",,"ACCESORIOS , Antichirridos para automotores, industrias y otros usos Art.:3141 Vista rápida",,https://reygoma.com.ar/wp-content/uploads/2018/12/31411x1.gif,https://reygoma.com.ar/producto/art-3141/,"ACCESORIOS | Antichirridos para automotores, industrias y otros usos",
REY GOMA,2169,ACCESORIO,ACCESORIOS,"Antichirridos para automotores, industrias y otros usos",,"ACCESORIOS , Antichirridos para automotores, industrias y otros usos Art.:2169 Vista rápida",,https://reygoma.com.ar/wp-content/uploads/2018/12/21691x1.gif,https://reygoma.com.ar/producto/art-2169/,"ACCESORIOS | Antichirridos para automotores, industrias y otros usos",
REY GOMA,2156,ACCESORIO,ACCESORIOS,"Antichirridos para automotores, industrias y otros usos",,"ACCESORIOS , Antichirridos para automotores, industrias y otros usos Art.:2156 Vista rápida",,https://reygoma.com.ar/wp-content/uploads/2018/12/21561x1.gif,https://reygoma.com.ar/producto/art-2156/,"ACCESORIOS | Antichirridos para automotores, industrias y otros usos",
REY GOMA,2155,ACCESORIO,ACCESORIOS,"Antichirridos para automotores, industrias y otros usos",,"ACCESORIOS , Antichirridos para automotores, industrias y otros usos Art.:2155 Vista rápida",,https://reygoma.com.ar/wp-content/uploads/2018/12/21551x1.gif,https://reygoma.com.ar/producto/art-2155/,"ACCESORIOS | Antichirridos para automotores, industrias y otros usos",
REY GOMA,2154,ACCESORIO,ACCESORIOS,"Antichirridos para automotores, industrias y otros usos",,"ACCESORIOS , Antichirridos para automotores, industrias y otros usos Art.:2154 Vista rápida",,https://reygoma.com.ar/wp-content/uploads/2018/12/21541x1.gif,https://reygoma.com.ar/producto/art-2154/,"ACCESORIOS | Antichirridos para automotores, industrias y otros usos",
REY GOMA,2153,ACCESORIO,ACCESORIOS,"Antichirridos para automotores, industrias y otros usos",,"ACCESORIOS , Antichirridos para automotores, industrias y otros usos Art.:2153 Vista rápida",,https://reygoma.com.ar/wp-content/uploads/2018/12/21531x1.gif,https://reygoma.com.ar/producto/art-2153/,"ACCESORIOS | Antichirridos para automotores, industrias y otros usos",
REY GOMA,2151,ACCESORIO,ACCESORIOS,"Antichirridos para automotores, industrias y otros usos",,"ACCESORIOS , Antichirridos para automotores, industrias y otros usos Art.:2151 Vista rápida",,https://reygoma.com.ar/wp-content/uploads/2018/12/21511x1.gif,https://reygoma.com.ar/producto/art-2151/,"ACCESORIOS | Antichirridos para automotores, industrias y otros usos",
REY GOMA,2144,ACCESORIO,ACCESORIOS,"Antichirridos para automotores, industrias y otros usos",,"ACCESORIOS , Antichirridos para automotores, industrias y otros usos Art.:2144 Vista rápida",,https://reygoma.com.ar/wp-content/uploads/2018/12/2144bis1x1.gif,https://reygoma.com.ar/producto/art-2144/,"ACCESORIOS | Antichirridos para automotores, industrias y otros usos",
REY GOMA,1170,ACCESORIO,ACCESORIOS,"Antichirridos para automotores, industrias y otros usos",,"ACCESORIOS , Antichirridos para automotores, industrias y otros usos Art.:1170 Vista rápida",,https://reygoma.com.ar/wp-content/uploads/2018/12/11701x1.gif,https://reygoma.com.ar/producto/art-1170/,"ACCESORIOS | Antichirridos para automotores, industrias y otros usos",
REY GOMA,1146,ACCESORIO,ACCESORIOS,"Antichirridos para automotores, industrias y otros usos",,"ACCESORIOS , Antichirridos para automotores, industrias y otros usos Art.:1146 Vista rápida",,https://reygoma.com.ar/wp-content/uploads/2018/12/11461x1.gif,https://reygoma.com.ar/producto/art-1146/,"ACCESORIOS | Antichirridos para automotores, industrias y otros usos",
REY GOMA,1130,ACCESORIO,ACCESORIOS,"Antichirridos para automotores, industrias y otros usos",,"ACCESORIOS , Antichirridos para automotores, industrias y otros usos Art.:1130 Vista rápida",,https://reygoma.com.ar/wp-content/uploads/2018/12/11301x1.gif,https://reygoma.com.ar/producto/art-1130/,"ACCESORIOS | Antichirridos para automotores, industrias y otros usos",
REY GOMA,1128,ACCESORIO,ACCESORIOS,"Antichirridos para automotores, industrias y otros usos",,"ACCESORIOS , Antichirridos para automotores, industrias y otros usos Art.:1128 Vista rápida",,https://reygoma.com.ar/wp-content/uploads/2018/12/11281x1.gif,https://reygoma.com.ar/producto/art-1128/,"ACCESORIOS | Antichirridos para automotores, industrias y otros usos",
REY GOMA,1120,ACCESORIO,ACCESORIOS,"Antichirridos para automotores, industrias y otros usos",,"ACCESORIOS , Antichirridos para automotores, industrias y otros usos Art.:1120 Vista rápida",,https://reygoma.com.ar/wp-content/uploads/2018/12/11201x1.gif,https://reygoma.com.ar/producto/art-1120/,"ACCESORIOS | Antichirridos para automotores, industrias y otros usos",
REY GOMA,1099,ACCESORIO,ACCESORIOS,"Antichirridos para automotores, industrias y otros usos",,"ACCESORIOS , Antichirridos para automotores, industrias y otros usos Art.:1099 Vista rápida",,https://reygoma.com.ar/wp-content/uploads/2018/12/10991x1.gif,https://reygoma.com.ar/producto/art-1099/,"ACCESORIOS | Antichirridos para automotores, industrias y otros usos",
REY GOMA,1042,ACCESORIO,ACCESORIOS,"Antichirridos para automotores, industrias y otros usos",,"ACCESORIOS , Antichirridos para automotores, industrias y otros usos Art.:1042 Vista rápida",,https://reygoma.com.ar/wp-content/uploads/2018/12/10421x1.gif,https://reygoma.com.ar/producto/art-1042/,"ACCESORIOS | Antichirridos para automotores, industrias y otros usos",
REY GOMA,1038,ACCESORIO,ACCESORIOS,"Antichirridos para automotores, industrias y otros usos",,"ACCESORIOS , Antichirridos para automotores, industrias y otros usos Art.:1038 Vista rápida",,https://reygoma.com.ar/wp-content/uploads/2018/12/10381x1.gif,https://reygoma.com.ar/producto/art-1038/,"ACCESORIOS | Antichirridos para automotores, industrias y otros usos",
REY GOMA,1034,ACCESORIO,ACCESORIOS,"Antichirridos para automotores, industrias y otros usos",,"ACCESORIOS , Antichirridos para automotores, industrias y otros usos Art.:1034 Vista rápida",,https://reygoma.com.ar/wp-content/uploads/2018/12/10341x1.gif,https://reygoma.com.ar/producto/art-1034/,"ACCESORIOS | Antichirridos para automotores, industrias y otros usos",
REY GOMA,1027/51,ACCESORIO,ACCESORIOS,"Antichirridos para automotores, industrias y otros usos",,"ACCESORIOS , Antichirridos para automotores, industrias y otros usos Art.:1027/51 Vista rápida",,https://reygoma.com.ar/wp-content/uploads/2018/12/1025511x1.gif,https://reygoma.com.ar/producto/art-1027-51/,"ACCESORIOS | Antichirridos para automotores, industrias y otros usos",
REY GOMA,1027/2,ACCESORIO,ACCESORIOS,"Antichirridos para automotores, industrias y otros usos",,"ACCESORIOS , Antichirridos para automotores, industrias y otros usos Art.:1027/2 Vista rápida",,https://reygoma.com.ar/wp-content/uploads/2018/12/102721x1.gif,https://reygoma.com.ar/producto/art-1027-2/,"ACCESORIOS | Antichirridos para automotores, industrias y otros usos",
REY GOMA,1027/1,ACCESORIO,ACCESORIOS,"Antichirridos para automotores, industrias y otros usos",,"ACCESORIOS , Antichirridos para automotores, industrias y otros usos Art.:1027/1 Vista rápida",,https://reygoma.com.ar/wp-content/uploads/2018/12/102711x1.gif,https://reygoma.com.ar/producto/art-1027-1/,"ACCESORIOS | Antichirridos para automotores, industrias y otros usos",
REY GOMA,1027,ACCESORIO,ACCESORIOS,"Antichirridos para automotores, industrias y otros usos",,"ACCESORIOS , Antichirridos para automotores, industrias y otros usos Art.:1027 Vista rápida",,https://reygoma.com.ar/wp-content/uploads/2018/12/10271x1.gif,https://reygoma.com.ar/producto/art-1027/,"ACCESORIOS | Antichirridos para automotores, industrias y otros usos",
REY GOMA,9264,ACCESORIO,ACCESORIOS,"Arandelas entrechapa pasacables para automotores, industrias y otros usos",,Arandela entrechapa pasacables Ø externo 20 mm. Ø interno 10 mm. esp. 9 mm. Otras medidas consultar,,https://reygoma.com.ar/wp-content/uploads/2018/12/92551x1-8.gif,https://reygoma.com.ar/producto/art-9264/,"ACCESORIOS | Arandelas entrechapa pasacables para automotores, industrias y otros usos",
REY GOMA,9263,ACCESORIO,ACCESORIOS,"Arandelas entrechapa pasacables para automotores, industrias y otros usos",,Arandela entrechapa pasacables Ø externo 15 mm. Ø interno 5 mm. esp. 11 mm. Otras medidas consultar,,https://reygoma.com.ar/wp-content/uploads/2018/12/92551x1-7.gif,https://reygoma.com.ar/producto/art-9263/,"ACCESORIOS | Arandelas entrechapa pasacables para automotores, industrias y otros usos",
REY GOMA,9262,ACCESORIO,ACCESORIOS,"Arandelas entrechapa pasacables para automotores, industrias y otros usos",,Arandela entrechapa pasacables Ø externo 35 mm. Ø interno 20 mm. esp. 10 mm. Otras medidas consultar,,https://reygoma.com.ar/wp-content/uploads/2018/12/92551x1-6.gif,https://reygoma.com.ar/producto/art-9262/,"ACCESORIOS | Arandelas entrechapa pasacables para automotores, industrias y otros usos",
REY GOMA,9261,ACCESORIO,ACCESORIOS,"Arandelas entrechapa pasacables para automotores, industrias y otros usos",,Arandela entrechapa pasacables Ø externo 41 mm. Ø interno 21 mm. esp. 11 mm. Otras medidas consultar,,https://reygoma.com.ar/wp-content/uploads/2018/12/92551x1-5.gif,https://reygoma.com.ar/producto/art-9261/,"ACCESORIOS | Arandelas entrechapa pasacables para automotores, industrias y otros usos",
REY GOMA,9260,ACCESORIO,ACCESORIOS,"Arandelas entrechapa pasacables para automotores, industrias y otros usos",,Arandela entrechapa pasacables Ø externo 73 mm. Ø interno 31 mm. esp. 12 mm. Otras medidas consultar,,https://reygoma.com.ar/wp-content/uploads/2018/12/92551x1-4.gif,https://reygoma.com.ar/producto/art-9260/,"ACCESORIOS | Arandelas entrechapa pasacables para automotores, industrias y otros usos",
REY GOMA,9259,ACCESORIO,ACCESORIOS,"Arandelas entrechapa pasacables para automotores, industrias y otros usos",,Arandela entrechapa pasacables Ø externo 42 mm. Ø interno 10 mm. esp.11 mm. Otras medidas consultar,,https://reygoma.com.ar/wp-content/uploads/2018/12/92551x1-3-1.gif,https://reygoma.com.ar/producto/art-9259/,"ACCESORIOS | Arandelas entrechapa pasacables para automotores, industrias y otros usos",
REY GOMA,9258,ACCESORIO,ACCESORIOS,"Arandelas entrechapa pasacables para automotores, industrias y otros usos",,Arandela entrechapa pasacables Ø externo 22 mm. Ø interno 11 mm. esp. 8 mm. Otras medidas consultar,,https://reygoma.com.ar/wp-content/uploads/2018/12/92551x1-3.gif,https://reygoma.com.ar/producto/art-9258/,"ACCESORIOS | Arandelas entrechapa pasacables para automotores, industrias y otros usos",
REY GOMA,9257,ACCESORIO,ACCESORIOS,"Arandelas entrechapa pasacables para automotores, industrias y otros usos",,Arandela entrechapa pasacables Ø externo 28 mm. Ø interno 16 mm. esp. 9 mm. Otras medidas consultar,,https://reygoma.com.ar/wp-content/uploads/2018/12/92551x1-2.gif,https://reygoma.com.ar/producto/art-9257/,"ACCESORIOS | Arandelas entrechapa pasacables para automotores, industrias y otros usos",
REY GOMA,9256,ACCESORIO,ACCESORIOS,"Arandelas entrechapa pasacables para automotores, industrias y otros usos",,Arandela entrechapa pasacables Ø externo 26 mm. Ø interno 9 mm. esp. 8 mm. Otras medidas consultar,,https://reygoma.com.ar/wp-content/uploads/2018/12/92551x1-1.gif,https://reygoma.com.ar/producto/art-9256/,"ACCESORIOS | Arandelas entrechapa pasacables para automotores, industrias y otros usos",
REY GOMA,9255,ACCESORIO,ACCESORIOS,"Arandelas entrechapa pasacables para automotores, industrias y otros usos",,Arandela entrechapa pasacables Ø externo 30 mm. Ø interno 11 mm. esp. 7 mm. Otras medidas consultar,,https://reygoma.com.ar/wp-content/uploads/2018/12/92551x1.gif,https://reygoma.com.ar/producto/art-9255/,"ACCESORIOS | Arandelas entrechapa pasacables para automotores, industrias y otros usos",
REY GOMA,8313,SOPORTE / GOMA-METAL,ACCESORIOS,"Arandelas entrechapa pasacables para automotores, industrias y otros usos",,Entrechapa con agujero para clavar con forma de flecha,,https://reygoma.com.ar/wp-content/uploads/2018/12/831311x1.gif,https://reygoma.com.ar/producto/art-8313/,"ACCESORIOS | Arandelas entrechapa pasacables para automotores, industrias y otros usos",
REY GOMA,111,ACCESORIO,ACCESORIOS,"Arandelas entrechapa pasacables para automotores, industrias y otros usos",,"Arandela entrechapa pasacables para radios, artículos electrónicos y electrodomésticos",,https://reygoma.com.ar/wp-content/uploads/2018/12/1111x1.gif,https://reygoma.com.ar/producto/art-111/,"ACCESORIOS | Arandelas entrechapa pasacables para automotores, industrias y otros usos",
REY GOMA,11005/1,ACCESORIO,ACCESORIOS,Alfombras complementarias para automotores,,Alfombra de 30 cm. x 48 cm. (en colores),en colores,https://reygoma.com.ar/wp-content/uploads/2018/12/11005-1.jpg,https://reygoma.com.ar/producto/art-11005-1/,ACCESORIOS | Alfombras complementarias para automotores,
REY GOMA,11005,ACCESORIO,ACCESORIOS,Alfombras complementarias para automotores,,Alfombra de 30 cm. x 48 cm. (color negro),color negro,https://reygoma.com.ar/wp-content/uploads/2018/12/11005.jpg,https://reygoma.com.ar/producto/art-11005/,ACCESORIOS | Alfombras complementarias para automotores,
REY GOMA,11004,ACCESORIO,ACCESORIOS,Alfombras complementarias para automotores,,Alfombra de 33 cm. x 53 cm. (color negro),color negro,https://reygoma.com.ar/wp-content/uploads/2018/12/110041x1.gif,https://reygoma.com.ar/producto/art-11004/,ACCESORIOS | Alfombras complementarias para automotores,
REY GOMA,11000,ACCESORIO,ACCESORIOS,Alfombras complementarias para automotores,,Alfombra de 34 cm. x 56 cm. (color negro),color negro,https://reygoma.com.ar/wp-content/uploads/2018/12/110001x1.gif,https://reygoma.com.ar/producto/art-11000/,ACCESORIOS | Alfombras complementarias para automotores,
REY GOMA,9317,ACCESORIO,ACCESORIOS,Ventosas para esmerilar válvulas,,Ventosa grande para esmerilar válvulas,,https://reygoma.com.ar/wp-content/uploads/2018/12/93171x1.gif,https://reygoma.com.ar/producto/art-9317/,ACCESORIOS | Ventosas para esmerilar válvulas,
REY GOMA,9316/1,ACCESORIO,ACCESORIOS,Ventosas para esmerilar válvulas,,Ventosa super chica para esmerilar válvulas,,https://reygoma.com.ar/wp-content/uploads/2018/12/931611x1.gif,https://reygoma.com.ar/producto/art-9316-1/,ACCESORIOS | Ventosas para esmerilar válvulas,
REY GOMA,9316,ACCESORIO,ACCESORIOS,Ventosas para esmerilar válvulas,,Ventosa chica para esmerilar válvulas,,https://reygoma.com.ar/wp-content/uploads/2018/12/93161x1.gif,https://reygoma.com.ar/producto/art-9316/,ACCESORIOS | Ventosas para esmerilar válvulas,
REY GOMA,9315,ACCESORIO,ACCESORIOS,Ventosas para esmerilar válvulas,,Ventosa mediana para esmerilar válvulas,,https://reygoma.com.ar/wp-content/uploads/2018/12/93151x1.gif,https://reygoma.com.ar/producto/art-9315/,ACCESORIOS | Ventosas para esmerilar válvulas,
REY GOMA,9031,TOPE AMORTIGUADOR,ACCESORIOS,"Complementos para automotores, industrias y otros usos",,Tope y fuelle universal para amortiguador trasero (vástago fino),vástago fino,https://reygoma.com.ar/wp-content/uploads/2018/12/9031.gif,https://reygoma.com.ar/producto/art-9031/,"ACCESORIOS | Complementos para automotores, industrias y otros usos",
REY GOMA,9030,TOPE AMORTIGUADOR,ACCESORIOS,"Complementos para automotores, industrias y otros usos",,Tope y fuelle universal para amortiguador delantero (vástago de 20mm y 22mm).,vástago de 20mm y 22mm,https://reygoma.com.ar/wp-content/uploads/2018/12/9030.gif,https://reygoma.com.ar/producto/art-9030/,"ACCESORIOS | Complementos para automotores, industrias y otros usos",
REY GOMA,9029,SOPORTE / GOMA-METAL,ACCESORIOS,"Complementos para automotores, industrias y otros usos",,Anillo de goma (abrazadera),abrazadera,https://reygoma.com.ar/wp-content/uploads/2018/12/9029.gif,https://reygoma.com.ar/producto/art-9029/,"ACCESORIOS | Complementos para automotores, industrias y otros usos",
REY GOMA,9028,SOPORTE / GOMA-METAL,ACCESORIOS,"Complementos para automotores, industrias y otros usos",,Fuelle universal adaptable para 4×4 y utilitarios,,https://reygoma.com.ar/wp-content/uploads/2018/12/9028.gif,https://reygoma.com.ar/producto/art-9028/,"ACCESORIOS | Complementos para automotores, industrias y otros usos",
REY GOMA,9027,SOPORTE / GOMA-METAL,ACCESORIOS,"Complementos para automotores, industrias y otros usos",,Saca filtros de aceite RG (grande),grande,https://reygoma.com.ar/wp-content/uploads/2018/12/90271x1.gif,https://reygoma.com.ar/producto/art-9027/,"ACCESORIOS | Complementos para automotores, industrias y otros usos",
REY GOMA,9026,SOPORTE / GOMA-METAL,ACCESORIOS,"Complementos para automotores, industrias y otros usos",,Saca filtros de aceite RG (chico),chico,https://reygoma.com.ar/wp-content/uploads/2018/12/90261x1.gif,https://reygoma.com.ar/producto/art-9026/,"ACCESORIOS | Complementos para automotores, industrias y otros usos",
REY GOMA,9024,SOPORTE / GOMA-METAL,ACCESORIOS,"Complementos para automotores, industrias y otros usos",,Juego cubrebornes y terminales de batería,,https://reygoma.com.ar/wp-content/uploads/2018/12/90241x1.gif,https://reygoma.com.ar/producto/art-9024/,"ACCESORIOS | Complementos para automotores, industrias y otros usos",
REY GOMA,9023,SOPORTE / GOMA-METAL,ACCESORIOS,"Complementos para automotores, industrias y otros usos",,Fuelle semi eje universal adaptable,,https://reygoma.com.ar/wp-content/uploads/2018/12/9023.gif,https://reygoma.com.ar/producto/art-9023/,"ACCESORIOS | Complementos para automotores, industrias y otros usos",
REY GOMA,9021,SOPORTE / GOMA-METAL,ACCESORIOS,"Complementos para automotores, industrias y otros usos",,Fuelle cremallera dirección universal adaptable,,https://reygoma.com.ar/wp-content/uploads/2018/12/9021.gif,https://reygoma.com.ar/producto/art-9021/,"ACCESORIOS | Complementos para automotores, industrias y otros usos",
REY GOMA,5005,SOPORTE / GOMA-METAL,ALFA ROMEO,,,"(7601064) Silentblock central brazo de suspensión delantera (20.9mm) modelos 145, 146, 155 y 164.",7601064 | 20.9mm,https://reygoma.com.ar/wp-content/uploads/2018/10/imp6535.jpg,https://reygoma.com.ar/producto/art-5005/,ALFA ROMEO,CENTRO
REY GOMA,5004,SOPORTE / GOMA-METAL,ALFA ROMEO,,,"(7601055) Silentblock exterior brazo de suspensión izquierdo (20.9mm) modelos 145, 146, 155 y 164",7601055 | 20.9mm,https://reygoma.com.ar/wp-content/uploads/2018/10/imp5004.jpg,https://reygoma.com.ar/producto/art-5004/,ALFA ROMEO,IZQUIERDO
REY GOMA,5003,SOPORTE / GOMA-METAL,ALFA ROMEO,,,"(7601068) Silentblock extremo brazo de suspensión derecho (20.9mm) modelos 145, 146, 155 y 164.",7601068 | 20.9mm,https://reygoma.com.ar/wp-content/uploads/2018/10/imp6533.jpg,https://reygoma.com.ar/producto/art-5003/,ALFA ROMEO,DERECHO
REY GOMA,5002,SOPORTE / GOMA-METAL,ALFA ROMEO,,,"(7601064) Silentblock central brazo de suspensión delantera (19.9mm) modelos 145, 146, 155 y 164.",7601064 | 19.9mm,https://reygoma.com.ar/wp-content/uploads/2018/10/imp6524.jpg,https://reygoma.com.ar/producto/art-5002/,ALFA ROMEO,CENTRO
REY GOMA,5001,SOPORTE / GOMA-METAL,ALFA ROMEO,,,"(7601065) Silentblock extremo brazo de suspensión delantera izquierda ( 19.9mm) modelos 145, 146, 155 y 164.",7601065 | 19.9mm,https://reygoma.com.ar/wp-content/uploads/2018/10/imp6523.jpg,https://reygoma.com.ar/producto/art-5001/,ALFA ROMEO,IZQUIERDO
REY GOMA,5000,SOPORTE / GOMA-METAL,ALFA ROMEO,,,"(7601068) Silentblock extremo brazo de suspensión delantera derecha (19.9mm) modelos 145, 146, 155 y 164",7601068 | 19.9mm,https://reygoma.com.ar/wp-content/uploads/2018/10/imp6522.jpg,https://reygoma.com.ar/producto/art-5000/,ALFA ROMEO,DERECHO
REY GOMA,8826,SOPORTE / GOMA-METAL,BEDFORD,,,(Reforma) Soporte central de cardán sin pestaña para rulemán N° 88509,Reforma,https://reygoma.com.ar/wp-content/uploads/2018/10/88261x1.jpg,https://reygoma.com.ar/producto/art-8826/,BEDFORD,CENTRO
REY GOMA,8815/1,SOPORTE / GOMA-METAL,BEDFORD,,,(B5QH4827) Soporte central de cardán para rulemán N° 88508,B5QH4827,https://reygoma.com.ar/wp-content/uploads/2018/10/88051x1.jpg,https://reygoma.com.ar/producto/art-8815-1/,BEDFORD,CENTRO
REY GOMA,8812,SOPORTE / GOMA-METAL,BEDFORD,,,(7146286) Soporte delantero de motor y Chevrolet diesel,7146286,https://reygoma.com.ar/wp-content/uploads/2018/10/88121x1.jpg,https://reygoma.com.ar/producto/art-8812/,BEDFORD,
REY GOMA,8811,PEDAL,BEDFORD,,,(6315014) Cubre pedal de freno y de embrague,6315014,https://reygoma.com.ar/wp-content/uploads/2018/10/88111x1.jpg,https://reygoma.com.ar/producto/art-8811/,BEDFORD,
REY GOMA,8809,SOPORTE DE CAJA,BEDFORD,,,(6328287) Soporte caja de velocidades,6328287,https://reygoma.com.ar/wp-content/uploads/2018/10/88091x1.jpg,https://reygoma.com.ar/producto/art-8809/,BEDFORD,CAJA
REY GOMA,8808,SOPORTE / GOMA-METAL,BEDFORD,,,(ED110) (7131004) Soporte de cabina,ED110 | 7131004,https://reygoma.com.ar/wp-content/uploads/2018/10/88081x1.jpg,https://reygoma.com.ar/producto/art-8808/,BEDFORD,
REY GOMA,8805,SOPORTE / GOMA-METAL,BEDFORD,,,(3314120) Soporte central de cardán (en caucho natural) para rulemán N° 88509.,3314120 | en caucho natural,https://reygoma.com.ar/wp-content/uploads/2018/10/88051x1.jpg,https://reygoma.com.ar/producto/art-8805/,BEDFORD,CENTRO
REY GOMA,8802,SOPORTE / GOMA-METAL,BEDFORD,,,(7130978) (6327727) Soporte delantero de motor .,7130978 | 6327727,https://reygoma.com.ar/wp-content/uploads/2018/10/88021x1.jpg,https://reygoma.com.ar/producto/art-8802/,BEDFORD,
REY GOMA,3080,SOPORTE DE MOTOR,BMW,,,(11811132321) Soporte de motor serie 3,11811132321,https://reygoma.com.ar/wp-content/uploads/2018/10/Art-3080.jpg,https://reygoma.com.ar/producto/art-3080/,BMW,
REY GOMA,1289,SOPORTE DE MOTOR,CHEVROLET,"Cobalt, Onix, Prisma, Sonic, Spin",,(95265891) Soporte de motor (lado izquierdo) (caja automatica),95265891 | lado izquierdo | caja automatica,https://reygoma.com.ar/wp-content/uploads/2026/04/1289-reducida-e1776351107947.jpg,https://reygoma.com.ar/producto/art-1289/,CHEVROLET | Cobalt | Onix | Prisma | Sonic | Spin,IZQUIERDO
REY GOMA,1287,SOPORTE DE MOTOR,CHEVROLET,Tracker,,(25947935) Soporte de motor (lado izquierdo) (caja manual),25947935 | lado izquierdo | caja manual,https://reygoma.com.ar/wp-content/uploads/2025/05/1287-reducido.jpg,https://reygoma.com.ar/producto/art-1287/,CHEVROLET | Tracker,IZQUIERDO
REY GOMA,1288,SOPORTE DE MOTOR,CHEVROLET,Cruze,,(13248605) Soporte de motor (lado izquierdo) 1.8 (caja manual),13248605 | lado izquierdo | caja manual,https://reygoma.com.ar/wp-content/uploads/2025/03/1288-reducido-2.jpg,https://reygoma.com.ar/producto/art-1288/,CHEVROLET | Cruze,IZQUIERDO
REY GOMA,1285,SOPORTE DE MOTOR,CHEVROLET,Cruze,,(13248575) Soporte de motor (lado derecho) 2.0 diesel,13248575 | lado derecho,https://reygoma.com.ar/wp-content/uploads/2022/12/1285.jpg,https://reygoma.com.ar/producto/art-1285/,CHEVROLET | Cruze,DERECHO
REY GOMA,1284,SOPORTE DE MOTOR,CHEVROLET,Cruze,,(13248600) Soporte de motor (lado izquierdo) años 2012 al 2016 (caja manual),13248600 | lado izquierdo | caja manual,https://reygoma.com.ar/wp-content/uploads/2022/12/1284.jpg,https://reygoma.com.ar/producto/art-1284/,CHEVROLET | Cruze,IZQUIERDO
REY GOMA,1283,SOPORTE DE MOTOR,CHEVROLET,Cruze,,(13248549) Soporte de motor (lado izquierdo),13248549 | lado izquierdo,https://reygoma.com.ar/wp-content/uploads/2022/12/1283-1.jpg,https://reygoma.com.ar/producto/art-1283/,CHEVROLET | Cruze,IZQUIERDO
REY GOMA,1282,SOPORTE DE MOTOR,CHEVROLET,"Cobalt, Onix, Prisma, Sonic, Spin",,(95190896) Soporte de motor (lado izquierdo) (caja automática) y 1.8,95190896 | lado izquierdo | caja automática,https://reygoma.com.ar/wp-content/uploads/2020/07/1282-3-e1595267749250.jpg,https://reygoma.com.ar/producto/art-1282/,CHEVROLET | Cobalt | Onix | Prisma | Sonic | Spin,IZQUIERDO
REY GOMA,1281,SOPORTE / GOMA-METAL,CHEVROLET,Cruze,,(13248630) Repuesto para soporte trasero de motor 1.8 / 2.0 naftero o diesel.,13248630,https://reygoma.com.ar/wp-content/uploads/2019/08/1281-300x300.jpg,https://reygoma.com.ar/producto/art-1281/,CHEVROLET | Cruze,
REY GOMA,1280,FUELLE DIRECCION,CHEVROLET,Corsa,,Fuelle dirección hidráulica (ambos lados) Classic (nuevo),ambos lados | nuevo,https://reygoma.com.ar/wp-content/uploads/2019/05/1280.png,https://reygoma.com.ar/producto/art-1280/,CHEVROLET | Corsa,AMBOS LADOS
REY GOMA,1279,SOPORTE / GOMA-METAL,CHEVROLET,"Corsa, Meriva",,(93302281) Repuesto para artículo 1243,93302281,https://reygoma.com.ar/wp-content/uploads/2019/05/Corsa-–-Rey-Goma-copia-300x300.png,https://reygoma.com.ar/producto/art-1279/,CHEVROLET | Corsa | Meriva,
REY GOMA,1273,SOPORTE / GOMA-METAL,Astra,CHEVROLET,,"(90538576) Soporte delantero de motor / CorsaII / Zafira,1.4 – 1.6 – 1.8",90538576,https://reygoma.com.ar/wp-content/uploads/2019/04/1273.gif,https://reygoma.com.ar/producto/art-1273-2/,Astra | CHEVROLET,
REY GOMA,1133,PEDAL,CHEVROLET,Pick up,,"(6256368) Cubre pedal de freno y de embrague 400, Chevy y pick-up.",6256368,https://reygoma.com.ar/wp-content/uploads/2019/03/11331x1.gif,https://reygoma.com.ar/producto/art-1133-4/,CHEVROLET | Pick up,
REY GOMA,1217,SOPORTE / GOMA-METAL,Celta,"CHEVROLET, Monza",,"(93230328) (52272845/47) Soporte trasero de motor Corsa, y .",93230328 | 52272845/47,https://reygoma.com.ar/wp-content/uploads/2019/03/12171x1.gif,https://reygoma.com.ar/producto/art-1217-3/,Celta | CHEVROLET | Monza,
REY GOMA,1268,CAZOLETA,CHEVROLET,Vectra,,"(90538936) cazoleta amortiguador delantero Corsa ii, Astra, Meriva, y Zafira",90538936,https://reygoma.com.ar/wp-content/uploads/2018/12/1268-4.gif,https://reygoma.com.ar/producto/art-1268-5/,CHEVROLET | Vectra,
REY GOMA,1267,SOPORTE / GOMA-METAL,CHEVROLET,Vectra,,"(90080552) Soporte de bomba inyectora modelos Corsa, Astra, .",90080552,https://reygoma.com.ar/wp-content/uploads/2018/12/IMP_5057-1.gif,https://reygoma.com.ar/producto/art-1267-3/,CHEVROLET | Vectra,
REY GOMA,1266,SOPORTE DE MOTOR,CHEVROLET,Vectra,,"(684285) (90279258) Soporte de motor (lado izquierdo) modelos Astra, 1.4/1.6",684285 | 90279258 | lado izquierdo,https://reygoma.com.ar/wp-content/uploads/2018/12/IMP_5044-2.gif,https://reygoma.com.ar/producto/art-1266-2/,CHEVROLET | Vectra,IZQUIERDO
REY GOMA,1265,SOPORTE DE ESCAPE,CHEVROLET,Vectra,,"(0852722) Soporte caño de escape modelos Astra, Kadett",0852722,https://reygoma.com.ar/wp-content/uploads/2018/12/IMP_5026-2-e1554132418936.gif,https://reygoma.com.ar/producto/art-1265-3/,CHEVROLET | Vectra,
REY GOMA,1249,SOPORTE DE MOTOR,CHEVROLET,Vectra,,"(684643) (684282) (90372699) Soporte de motor Astra, naftero ó diesel.",684643 | 684282 | 90372699,https://reygoma.com.ar/wp-content/uploads/2018/12/IMP_5051-2.gif,https://reygoma.com.ar/producto/art-1249-2/,CHEVROLET | Vectra,
REY GOMA,1248,SOPORTE DE MOTOR,CHEVROLET,Vectra,,(90497967) Soporte de motor (hidráulico) (lado izquierdo) 8V ó 16V naftero año 1997 en adelante.,90497967 | hidráulico | lado izquierdo,https://reygoma.com.ar/wp-content/uploads/2018/12/1248.gif,https://reygoma.com.ar/producto/art-1248/,CHEVROLET | Vectra,IZQUIERDO
REY GOMA,1247,SOPORTE DE MOTOR,CHEVROLET,Vectra,,(90495447) Soporte de motor (hidráulico) (lado derecho) 8V ó 16V naftero año 1997 en adelante.,90495447 | hidráulico | lado derecho,https://reygoma.com.ar/wp-content/uploads/2018/12/1247.gif,https://reygoma.com.ar/producto/art-1247/,CHEVROLET | Vectra,DERECHO
REY GOMA,1238,SOPORTE / GOMA-METAL,CHEVROLET,Vectra,,"(090496942) Soporte central de motor naftero o diesel año 1997 en adelante, (motor brasilero)",090496942 | motor brasilero,https://reygoma.com.ar/wp-content/uploads/2018/12/1238.gif,https://reygoma.com.ar/producto/art-1238/,CHEVROLET | Vectra,CENTRO
REY GOMA,1234,TOPE AMORTIGUADOR,CHEVROLET,Vectra,,Tope rebote de amortiguador .,,https://reygoma.com.ar/wp-content/uploads/2018/12/1234.gif,https://reygoma.com.ar/producto/art-1234/,CHEVROLET | Vectra,
REY GOMA,1278,SOPORTE DE MOTOR,CHEVROLET,"Prisma, Sonic",,"(95164488)(52068329) Repuesto para soporte de motor (lado derecho) Spin, Cobalt, y 1.8 naftero",95164488 | 52068329 | lado derecho,https://reygoma.com.ar/wp-content/uploads/2018/12/1278-3.gif,https://reygoma.com.ar/producto/art-1278-3/,CHEVROLET | Prisma | Sonic,DERECHO
REY GOMA,1275,SOPORTE DE MOTOR,CHEVROLET,"Prisma, Sonic",,"(95164488)(52068329) Soporte de motor (lado derecho) Spin, Cobalt, y 1.8 naftero",95164488 | 52068329 | lado derecho,https://reygoma.com.ar/wp-content/uploads/2018/12/1275-1-1.gif,https://reygoma.com.ar/producto/art-1275-3/,CHEVROLET | Prisma | Sonic,DERECHO
REY GOMA,1274,SOPORTE / GOMA-METAL,CHEVROLET,Sonic,,"(95493722) Soporte trasero de motor Cobalt, Spin, Tracker 1.8 – Prisma, Onix 1.4",95493722,https://reygoma.com.ar/wp-content/uploads/2018/12/1274-5.gif,https://reygoma.com.ar/producto/art-1274-6/,CHEVROLET | Sonic,
REY GOMA,1237,SOPORTE DE MOTOR,CHEVROLET,Pick up,,"(93216441) Soporte de motor C20, D20 años 93 al 96 y Silverado año 97 / diesel T",93216441,https://reygoma.com.ar/wp-content/uploads/2018/12/1237-1.gif,https://reygoma.com.ar/producto/art-1237-2/,CHEVROLET | Pick up,
REY GOMA,1228,SOPORTE DE CAJA,CHEVROLET,Pick up,,(93216625) Soporte caja de velocidades pick-up S10 y Blazer,93216625,https://reygoma.com.ar/wp-content/uploads/2018/12/1228-2.gif,https://reygoma.com.ar/producto/art-1228-3/,CHEVROLET | Pick up,CAJA
REY GOMA,1227,SOPORTE DE CAJA,CHEVROLET,Pick up,,"(93203602) Soporte caja de velocidades pick-up D20, C20",93203602,https://reygoma.com.ar/wp-content/uploads/2018/12/1227.gif,https://reygoma.com.ar/producto/art-1227/,CHEVROLET | Pick up,CAJA
REY GOMA,1215,SOPORTE / GOMA-METAL,CHEVROLET,Pick up,,(94647865) Soporte delantero de motor pick-up D 20 (diesel).,94647865 | diesel,https://reygoma.com.ar/wp-content/uploads/2018/12/12151x1.gif,https://reygoma.com.ar/producto/art-1215/,CHEVROLET | Pick up,
REY GOMA,1214,SOPORTE / GOMA-METAL,CHEVROLET,Pick up,,(93216407) Complemento superior soporte de cabina pick-up modelos C 20 y D 20.,93216407,https://reygoma.com.ar/wp-content/uploads/2018/12/12141x1.gif,https://reygoma.com.ar/producto/art-1214/,CHEVROLET | Pick up,
REY GOMA,1213,SOPORTE / GOMA-METAL,CHEVROLET,Pick up,,(93216407) Soporte de cabina pick-up modelos C 20 y D 20.,93216407,https://reygoma.com.ar/wp-content/uploads/2018/12/12131x1.gif,https://reygoma.com.ar/producto/art-1213/,CHEVROLET | Pick up,
REY GOMA,1212,SOPORTE / GOMA-METAL,CHEVROLET,Pick up,,(15597629) Complemento para almohadilla superior pick-up C 10.,15597629,https://reygoma.com.ar/wp-content/uploads/2018/12/12121x1.gif,https://reygoma.com.ar/producto/art-1212/,CHEVROLET | Pick up,
REY GOMA,1211,SOPORTE / GOMA-METAL,CHEVROLET,Pick up,,(15597600) Almohadilla superior pick-upC 10.,15597600,https://reygoma.com.ar/wp-content/uploads/2018/12/12111x1.gif,https://reygoma.com.ar/producto/art-1211/,CHEVROLET | Pick up,
REY GOMA,1206,SOPORTE DE MOTOR,CHEVROLET,Pick up,,(9768321) Soporte de motor pick-up C 10.,9768321,https://reygoma.com.ar/wp-content/uploads/2018/12/12061x1.gif,https://reygoma.com.ar/producto/art-1206/,CHEVROLET | Pick up,
REY GOMA,1205,SOPORTE / GOMA-METAL,CHEVROLET,Pick up,,(6262208) Soporte delantero de motor pick-up años 1974 en adelante.,6262208,https://reygoma.com.ar/wp-content/uploads/2018/12/12051x1.gif,https://reygoma.com.ar/producto/art-1205/,CHEVROLET | Pick up,
REY GOMA,1204,SOPORTE / GOMA-METAL,CHEVROLET,Pick up,,(6262169) Soporte superior trasero de cabina pick-up años 1974/78.,6262169,https://reygoma.com.ar/wp-content/uploads/2018/12/12041x1.gif,https://reygoma.com.ar/producto/art-1204/,CHEVROLET | Pick up,
REY GOMA,1203,SOPORTE / GOMA-METAL,CHEVROLET,Pick up,,(3948404) Soporte superior delantero de cabina pick-up.,3948404,https://reygoma.com.ar/wp-content/uploads/2018/12/12031x1.gif,https://reygoma.com.ar/producto/art-1203/,CHEVROLET | Pick up,
REY GOMA,1202,SOPORTE / GOMA-METAL,CHEVROLET,Pick up,,(3948406) Soporte inferior trasero de cabina pick-up años 1963/73.,3948406,https://reygoma.com.ar/wp-content/uploads/2018/12/12021x1.gif,https://reygoma.com.ar/producto/art-1202/,CHEVROLET | Pick up,
REY GOMA,1201,SOPORTE / GOMA-METAL,CHEVROLET,Pick up,,(6274943) Soporte inferior de radiador pick-up años 1974/78.,6274943,https://reygoma.com.ar/wp-content/uploads/2018/12/12011x1.gif,https://reygoma.com.ar/producto/art-1201/,CHEVROLET | Pick up,
REY GOMA,1200,SOPORTE / GOMA-METAL,CHEVROLET,Pick up,,(3953134) Soporte superior de radiador pick-up años 1974/78.,3953134,https://reygoma.com.ar/wp-content/uploads/2018/12/12001x1-1.gif,https://reygoma.com.ar/producto/art-1200/,CHEVROLET | Pick up,
REY GOMA,1199,SOPORTE / GOMA-METAL,CHEVROLET,Pick up,,(3953135) Soporte de radiador pick-up años 1967/73.,3953135,https://reygoma.com.ar/wp-content/uploads/2018/12/11991x1-1.gif,https://reygoma.com.ar/producto/art-1199/,CHEVROLET | Pick up,
REY GOMA,1198,SOPORTE / GOMA-METAL,CHEVROLET,Pick up,,(6262168) Soporte inferior de carrocería pick-up años 1974/78.,6262168,https://reygoma.com.ar/wp-content/uploads/2018/12/11981x1.gif,https://reygoma.com.ar/producto/art-1198/,CHEVROLET | Pick up,
REY GOMA,1197,SOPORTE / GOMA-METAL,CHEVROLET,Pick up,,(3889871) Soporte de cabina pick-up.,3889871,https://reygoma.com.ar/wp-content/uploads/2018/12/11971x1.gif,https://reygoma.com.ar/producto/art-1197/,CHEVROLET | Pick up,
REY GOMA,1195,SOPORTE / GOMA-METAL,CHEVROLET,Pick up,,(3889073) Almohadilla de soporte de radiador camión pick-up.,3889073,https://reygoma.com.ar/wp-content/uploads/2018/12/11951x1-1.gif,https://reygoma.com.ar/producto/art-1195-2/,CHEVROLET | Pick up,
REY GOMA,1194,SOPORTE / GOMA-METAL,CHEVROLET,Pick up,,(3948408) Soporte de cabina pick-up años 1963/73.,3948408,https://reygoma.com.ar/wp-content/uploads/2018/12/11941x1.gif,https://reygoma.com.ar/producto/art-1194/,CHEVROLET | Pick up,
REY GOMA,1165,SOPORTE / GOMA-METAL,CHEVROLET,Pick up,,(7130978) (6327727) Soporte delantero de motor camión C 350 años 1957/76 y pick-up años 1974/76.,7130978 | 6327727,https://reygoma.com.ar/wp-content/uploads/2018/12/11651x1-1.gif,https://reygoma.com.ar/producto/art-1165-2/,CHEVROLET | Pick up,
REY GOMA,1164/1,MANCHON,CHEVROLET,Pick up,,(5754054) Manchón de dirección pick-up.,5754054,https://reygoma.com.ar/wp-content/uploads/2018/12/1164-11x1.gif,https://reygoma.com.ar/producto/art-1164-1/,CHEVROLET | Pick up,
REY GOMA,1160,BUJE,CHEVROLET,Pick up,,(3790341) Buje superior de amortiguador todos los modelos.,3790341,https://reygoma.com.ar/wp-content/uploads/2018/12/11601x1-1.gif,https://reygoma.com.ar/producto/art-1160-3/,CHEVROLET | Pick up,
REY GOMA,1159,BUJE,CHEVROLET,Pick up,,"(2792933) Buje de goma (con buje metálico) para amortiguador, 400 y pick-up.",2792933 | con buje metálico,https://reygoma.com.ar/wp-content/uploads/2018/12/11591x1.gif,https://reygoma.com.ar/producto/art-1159-2/,CHEVROLET | Pick up,
REY GOMA,1153,BUJE,CHEVROLET,Pick up,,(3833108) Buje leva selectora de cambios 400 y pick-up años 1955/62.,3833108,https://reygoma.com.ar/wp-content/uploads/2018/12/11531x1.gif,https://reygoma.com.ar/producto/art-1153-2/,CHEVROLET | Pick up,
REY GOMA,1149,SOPORTE / GOMA-METAL,CHEVROLET,Pick up,,(3838198) Soporte delantero de motor pick-up año 1963 última serie y años 1964/73.,3838198,https://reygoma.com.ar/wp-content/uploads/2018/12/11491x1.gif,https://reygoma.com.ar/producto/art-1149/,CHEVROLET | Pick up,
REY GOMA,1148,BUJE,CHEVROLET,Pick up,,(3748357) Buje palanca de cambios pick-up años 1960/64.,3748357,https://reygoma.com.ar/wp-content/uploads/2018/12/11481x1.gif,https://reygoma.com.ar/producto/art-1148/,CHEVROLET | Pick up,
REY GOMA,1135,TOPE AMORTIGUADOR,CHEVROLET,Pick up,,(3790214) (6176) Tope de goma para elástico trasero 400 y pick-up.,3790214 | 6176,https://reygoma.com.ar/wp-content/uploads/2018/12/11351x1.gif,https://reygoma.com.ar/producto/art-1135-2/,CHEVROLET | Pick up,
REY GOMA,1133,PEDAL,CHEVROLET,,,"(6256368) Cubre pedal de freno y de embrague 400, Chevy y pick-up.",6256368,https://reygoma.com.ar/wp-content/uploads/2018/12/11331x1-1.gif,https://reygoma.com.ar/producto/art-1133-3/,CHEVROLET,
REY GOMA,1129,TOPE AMORTIGUADOR,CHEVROLET,Pick up,,(3763039) (3773361) Tope superior de suspensión pick-up todos los modelos.,3763039 | 3773361,https://reygoma.com.ar/wp-content/uploads/2018/12/11291x1.gif,https://reygoma.com.ar/producto/art-1129/,CHEVROLET | Pick up,
REY GOMA,1127,SOPORTE DE CAJA,CHEVROLET,Pick up,,"(3792133) (2790968) (5748665) Soporte caja de velocidades 400, Chevy y pick-up años 1962/76.",3792133 | 2790968 | 5748665,https://reygoma.com.ar/wp-content/uploads/2018/12/11271x1-1.gif,https://reygoma.com.ar/producto/art-1127-3/,CHEVROLET | Pick up,CAJA
REY GOMA,1125/1,SOPORTE / GOMA-METAL,CHEVROLET,Pick up,,(REFORMA) Soporte metálico para gancho de goma chico para capot pick-up.,REFORMA,https://reygoma.com.ar/wp-content/uploads/2018/12/1125-11x1.gif,https://reygoma.com.ar/producto/art-1125-1/,CHEVROLET | Pick up,
REY GOMA,1125,SOPORTE / GOMA-METAL,CHEVROLET,Pick up,,(REFORMA) Gancho de goma chico para capot pick-up.,REFORMA,https://reygoma.com.ar/wp-content/uploads/2018/12/11251x1.gif,https://reygoma.com.ar/producto/art-1125/,CHEVROLET | Pick up,
REY GOMA,1119,PEDAL,CHEVROLET,Pick up,,(3763960FK15) Pedal de acelerador pick-up.,3763960FK15,https://reygoma.com.ar/wp-content/uploads/2018/12/11191x1.gif,https://reygoma.com.ar/producto/art-1119/,CHEVROLET | Pick up,
REY GOMA,1117,PEDAL,CHEVROLET,Pick up,,(3769303) Cubre pedal de freno y embrague pick-up.,3769303,https://reygoma.com.ar/wp-content/uploads/2018/12/11171x1.gif,https://reygoma.com.ar/producto/art-1117/,CHEVROLET | Pick up,
REY GOMA,1232,SOPORTE / GOMA-METAL,CHEVROLET,Luv,,"(94334158) Soporte delantero de motor diesel 2,5 (lado derecho)",94334158 | lado derecho,https://reygoma.com.ar/wp-content/uploads/2018/12/1232.gif,https://reygoma.com.ar/producto/art-1232/,CHEVROLET | Luv,DERECHO
REY GOMA,1231,SOPORTE / GOMA-METAL,CHEVROLET,Luv,,"(94334159) Soporte delantero de motor diesel 2,5 (lado izquierdo)",94334159 | lado izquierdo,https://reygoma.com.ar/wp-content/uploads/2018/12/1231.gif,https://reygoma.com.ar/producto/art-1231/,CHEVROLET | Luv,IZQUIERDO
REY GOMA,1230,SOPORTE / GOMA-METAL,CHEVROLET,Luv,,(94422868) Soporte delantero de motor naftero (lado izquierdo) motor 2.3 (4×4) motor 2.6 (4×2 y 4×4).,94422868 | lado izquierdo | 4×4 | 4×2 y 4×4,https://reygoma.com.ar/wp-content/uploads/2018/12/1230.gif,https://reygoma.com.ar/producto/art-1230/,CHEVROLET | Luv,IZQUIERDO
REY GOMA,1229,SOPORTE / GOMA-METAL,CHEVROLET,Luv,,(97066800) Soporte delantero de motor naftero (lado derecho) motor 2.3 (4×4) motor 2.6 (4×2 y 4×4).,97066800 | lado derecho | 4×4 | 4×2 y 4×4,https://reygoma.com.ar/wp-content/uploads/2018/12/1229.gif,https://reygoma.com.ar/producto/art-1229/,CHEVROLET | Luv,DERECHO
REY GOMA,1273,SOPORTE / GOMA-METAL,CHEVROLET,Corsa,,"(90538576) Soporte delantero de motor Astra/ CorsaII / Zafira,1.4 – 1.6 – 1.8",90538576,https://reygoma.com.ar/wp-content/uploads/2018/12/1273-2.gif,https://reygoma.com.ar/producto/art-1273-3/,CHEVROLET | Corsa,
REY GOMA,1268,CAZOLETA,CHEVROLET,Corsa,,"(90538936) cazoleta amortiguador delantero ii, Astra, Meriva, Vectra y Zafira",90538936,https://reygoma.com.ar/wp-content/uploads/2018/12/1268-3.gif,https://reygoma.com.ar/producto/art-1268-4/,CHEVROLET | Corsa,
REY GOMA,1267,SOPORTE / GOMA-METAL,CHEVROLET,Corsa,,"(90080552) Soporte de bomba inyectora modelos Astra, Vectra.",90080552,https://reygoma.com.ar/wp-content/uploads/2018/12/IMP_5057-2.gif,https://reygoma.com.ar/producto/art-1267-2/,CHEVROLET | Corsa,
REY GOMA,1264,SOPORTE DE ESCAPE,CHEVROLET,Corsa,,(0852726) Soporte de caño de escape modelo,0852726,https://reygoma.com.ar/wp-content/uploads/2018/12/IMP_5015-e1553698806671.gif,https://reygoma.com.ar/producto/art-1264/,CHEVROLET | Corsa,
REY GOMA,1263,SOPORTE DE MOTOR,CHEVROLET,Corsa,,(684280) Soporte motor delantero izquierdo diesel.,684280,https://reygoma.com.ar/wp-content/uploads/2018/12/imp5009b.gif,https://reygoma.com.ar/producto/art-1263/,CHEVROLET | Corsa,MOTOR / IZQUIERDO
REY GOMA,1262,SOPORTE DE MOTOR,CHEVROLET,Corsa,,(684262) Soporte motor delantero izquierdo nafta.,684262,https://reygoma.com.ar/wp-content/uploads/2018/12/imp5009.gif,https://reygoma.com.ar/producto/art-1262/,CHEVROLET | Corsa,MOTOR / IZQUIERDO
REY GOMA,1261,SOPORTE DE MOTOR,CHEVROLET,Corsa,,"(93302279/80) Soporte de motor (lado derecho) 8V – 16V II y Meriva nafta, año 2004 en adelante.",93302279/80 | lado derecho,https://reygoma.com.ar/wp-content/uploads/2018/12/1261-1.gif,https://reygoma.com.ar/producto/art-1261-2/,CHEVROLET | Corsa,DERECHO
REY GOMA,1259,SOPORTE DE MOTOR,CHEVROLET,Corsa,,(93302284) Soporte de motor hidráulico (lado izquierdo) II 1.7 diesel.,93302284 | lado izquierdo,https://reygoma.com.ar/wp-content/uploads/2018/12/1241-2.gif,https://reygoma.com.ar/producto/art-1259/,CHEVROLET | Corsa,IZQUIERDO
REY GOMA,1258,SOPORTE DE MOTOR,CHEVROLET,Corsa,,(93302282) Soporte de motor hidráulico (lado izquierdo) II 1.8 naftero.,93302282 | lado izquierdo,https://reygoma.com.ar/wp-content/uploads/2018/12/1240-2.gif,https://reygoma.com.ar/producto/art-1258/,CHEVROLET | Corsa,IZQUIERDO
REY GOMA,1254,SOPORTE / GOMA-METAL,CHEVROLET,Corsa,,Fuelle de cremallera hidráulica,,https://reygoma.com.ar/wp-content/uploads/2018/12/1254.gif,https://reygoma.com.ar/producto/art-1254/,CHEVROLET | Corsa,
REY GOMA,1253,SOPORTE / GOMA-METAL,CHEVROLET,Corsa,,(93302287) Soporte tensor inferior II y Meriva,93302287,https://reygoma.com.ar/wp-content/uploads/2018/12/1253-1.gif,https://reygoma.com.ar/producto/art-1253-2/,CHEVROLET | Corsa,
REY GOMA,1252,SOPORTE / GOMA-METAL,CHEVROLET,Corsa,,(93302286) Soporte tensor superior II y Meriva,93302286,https://reygoma.com.ar/wp-content/uploads/2018/12/1252-1.gif,https://reygoma.com.ar/producto/art-1252-2/,CHEVROLET | Corsa,
REY GOMA,1244,SOPORTE / GOMA-METAL,CHEVROLET,Corsa,,(682600) (682603) (90538063) (94740876) Soporte trasero de motor Tigra naftero o diesel y Agile.,682600 | 682603 | 90538063 | 94740876,https://reygoma.com.ar/wp-content/uploads/2018/12/imp5008-2.gif,https://reygoma.com.ar/producto/art-1244-3/,CHEVROLET | Corsa,
REY GOMA,1243,SOPORTE / GOMA-METAL,CHEVROLET,Corsa,,(93302281) Soporte delantero de motor (lado izquierdo) II y Meriva,93302281 | lado izquierdo,https://reygoma.com.ar/wp-content/uploads/2018/12/1243-1.gif,https://reygoma.com.ar/producto/art-1243-2/,CHEVROLET | Corsa,IZQUIERDO
REY GOMA,1242,SOPORTE / GOMA-METAL,Celta,"CHEVROLET, Corsa",,(684294) Soporte derecho de motor y Tigra.,684294,https://reygoma.com.ar/wp-content/uploads/2018/12/imp5056-3.gif,https://reygoma.com.ar/producto/art-1242-2/,Celta | CHEVROLET | Corsa,DERECHO
REY GOMA,1241,SOPORTE DE MOTOR,CHEVROLET,Corsa,,(93302284) Soporte de motor (lado izquierdo) II 1.7 Diesel,93302284 | lado izquierdo,https://reygoma.com.ar/wp-content/uploads/2018/12/1241.gif,https://reygoma.com.ar/producto/art-1241/,CHEVROLET | Corsa,IZQUIERDO
REY GOMA,1240,SOPORTE DE MOTOR,CHEVROLET,Corsa,,(93302282) Soporte de motor (lado izquierdo) II 1.8 Nafta,93302282 | lado izquierdo,https://reygoma.com.ar/wp-content/uploads/2018/12/1240.gif,https://reygoma.com.ar/producto/art-1240/,CHEVROLET | Corsa,IZQUIERDO
REY GOMA,1226/2,SOPORTE / GOMA-METAL,CHEVROLET,Corsa,,Fuelle semi eje + chapa y kit con abrazaderas y lubricante,,https://reygoma.com.ar/wp-content/uploads/2018/12/1226-2.gif,https://reygoma.com.ar/producto/art-1226-2/,CHEVROLET | Corsa,
REY GOMA,1226/1,SOPORTE / GOMA-METAL,CHEVROLET,Corsa,,Kit con abrazaderas y lubricante,,https://reygoma.com.ar/wp-content/uploads/2018/12/1226-1.gif,https://reygoma.com.ar/producto/art-1226-1/,CHEVROLET | Corsa,
REY GOMA,1226,SOPORTE / GOMA-METAL,CHEVROLET,Corsa,,Fuelle semi eje (lado caja),lado caja,https://reygoma.com.ar/wp-content/uploads/2018/12/1226.gif,https://reygoma.com.ar/producto/art-1226/,CHEVROLET | Corsa,CAJA
REY GOMA,1225/1,SOPORTE / GOMA-METAL,CHEVROLET,Corsa,,Kit con abrazaderas y lubricante,,https://reygoma.com.ar/wp-content/uploads/2018/12/1225-1.gif,https://reygoma.com.ar/producto/art-1225-1/,CHEVROLET | Corsa,
REY GOMA,1225,SOPORTE / GOMA-METAL,CHEVROLET,Corsa,,Fuelle semi eje (lado rueda),lado rueda,https://reygoma.com.ar/wp-content/uploads/2018/12/1225.gif,https://reygoma.com.ar/producto/art-1225/,CHEVROLET | Corsa,
REY GOMA,1223,SOPORTE DE MOTOR,CHEVROLET,Corsa,,(93269291) Soporte de motor lado caja 1.7 diesel,93269291,https://reygoma.com.ar/wp-content/uploads/2018/12/1223.jpg,https://reygoma.com.ar/producto/art-1223/,CHEVROLET | Corsa,CAJA
REY GOMA,1219,SOPORTE DE MOTOR,Celta,"CHEVROLET, Corsa",,(93305641) Soporte de motor (lado derecho) 1.4 y 1.6 naftero con aire acondicionado año 1996 en adelante y Agile.,93305641 | lado derecho,https://reygoma.com.ar/wp-content/uploads/2018/12/1219.jpg,https://reygoma.com.ar/producto/art-1219-2/,Celta | CHEVROLET | Corsa,DERECHO
REY GOMA,1218,SOPORTE DE MOTOR,Celta,"CHEVROLET, Corsa",,(90495170) Soporte de motor lado izquierdo 1.4 / 1.6 nafta 96 (en adelante) con aire acondicionado y Agile.,90495170 | en adelante,https://reygoma.com.ar/wp-content/uploads/2018/12/1218.gif,https://reygoma.com.ar/producto/art-1218-2/,Celta | CHEVROLET | Corsa,IZQUIERDO
REY GOMA,1217,SOPORTE DE MOTOR,CHEVROLET,Corsa,,(93230328) (52272845/47) Soporte de motor 1.6 (lado derecho) y trasero Monza.,93230328 | 52272845/47 | lado derecho,https://reygoma.com.ar/wp-content/uploads/2018/12/12171x1-1.gif,https://reygoma.com.ar/producto/art-1217-2/,CHEVROLET | Corsa,DERECHO
REY GOMA,1216,SOPORTE DE MOTOR,CHEVROLET,Corsa,,(90495169) (93201397) Soporte de motor (lado izquierdo) modelos y Monza con motor 1.6.,90495169 | 93201397 | lado izquierdo,https://reygoma.com.ar/wp-content/uploads/2018/12/12161x1-1.gif,https://reygoma.com.ar/producto/art-1216-2/,CHEVROLET | Corsa,IZQUIERDO
REY GOMA,1233,TOPE AMORTIGUADOR,Blazer,CHEVROLET,,Tope rebote de amortiguador .,,https://reygoma.com.ar/wp-content/uploads/2018/12/1233-1.gif,https://reygoma.com.ar/producto/art-1233/,Blazer | CHEVROLET,
REY GOMA,1228,SOPORTE DE CAJA,Blazer,CHEVROLET,,(93216625) Soporte caja de velocidades pick-up S10 y,93216625,https://reygoma.com.ar/wp-content/uploads/2018/12/1228-1.gif,https://reygoma.com.ar/producto/art-1228-2/,Blazer | CHEVROLET,CAJA
REY GOMA,1222,SOPORTE / GOMA-METAL,Blazer,CHEVROLET,,(93231708) Soporte delantero de motor (lado derecho) S/10 y diesel,93231708 | lado derecho,https://reygoma.com.ar/wp-content/uploads/2018/12/1222-1.gif,https://reygoma.com.ar/producto/art-1222-2/,Blazer | CHEVROLET,DERECHO
REY GOMA,1221,SOPORTE / GOMA-METAL,Blazer,CHEVROLET,,(93216613) Soporte delantero de motor (lado izquierdo) S/10 y diesel,93216613 | lado izquierdo,https://reygoma.com.ar/wp-content/uploads/2018/12/1221-2.gif,https://reygoma.com.ar/producto/art-1221-2/,Blazer | CHEVROLET,IZQUIERDO
REY GOMA,1220,SOPORTE / GOMA-METAL,Blazer,CHEVROLET,,(8977805) (512021232) Soporte travesaño diesel.,8977805 | 512021232,https://reygoma.com.ar/wp-content/uploads/2018/12/1220.gif,https://reygoma.com.ar/producto/art-1220/,Blazer | CHEVROLET,
REY GOMA,1274,SOPORTE / GOMA-METAL,CHEVROLET,Tracker,,"(95493722) Soporte trasero de motor Cobalt, Spin, Sonic, 1.8 – Prisma, Onix 1.4",95493722,https://reygoma.com.ar/wp-content/uploads/2018/12/1274-4.gif,https://reygoma.com.ar/producto/art-1274-5/,CHEVROLET | Tracker,
REY GOMA,1237,SOPORTE DE MOTOR,CHEVROLET,Silverado,,"(93216441) Soporte de motor C20, D20 años 93 al 96 y año 97 / diesel T",93216441,https://reygoma.com.ar/wp-content/uploads/2018/12/1237.gif,https://reygoma.com.ar/producto/art-1237/,CHEVROLET | Silverado,
REY GOMA,1236,SOPORTE / GOMA-METAL,CHEVROLET,Silverado,,(69495072) Soporte delantero de motor (no hidráulico) diesel del 80 al 85.,69495072 | no hidráulico,https://reygoma.com.ar/wp-content/uploads/2018/12/70181x1.gif,https://reygoma.com.ar/producto/art-1236/,CHEVROLET | Silverado,
REY GOMA,1265,SOPORTE DE ESCAPE,CHEVROLET,Kadett,,"(0852722) Soporte caño de escape modelos Astra, Vectra,",0852722,https://reygoma.com.ar/wp-content/uploads/2018/12/IMP_5026-1.gif,https://reygoma.com.ar/producto/art-1265-2/,CHEVROLET | Kadett,
REY GOMA,1274,SOPORTE / GOMA-METAL,CHEVROLET,Onix,,"(95493722) Soporte trasero de motor Cobalt, Spin, Sonic, Tracker 1.8 – Prisma, 1.4",95493722,https://reygoma.com.ar/wp-content/uploads/2018/12/1274-2.gif,https://reygoma.com.ar/producto/art-1274-4/,CHEVROLET | Onix,
REY GOMA,1210,SOPORTE / GOMA-METAL,CHEVROLET,Chevy,,(3914802) Montante intermedio N° 2 complemento superior carrocería .,3914802,https://reygoma.com.ar/wp-content/uploads/2018/12/12101x1-1.gif,https://reygoma.com.ar/producto/art-1210/,CHEVROLET | Chevy,
REY GOMA,1209,SOPORTE / GOMA-METAL,CHEVROLET,Chevy,,(3962720) Montante delantero y trasero N° 1 complemento superior carrocería .,3962720,https://reygoma.com.ar/wp-content/uploads/2018/12/12091x1.gif,https://reygoma.com.ar/producto/art-1209/,CHEVROLET | Chevy,
REY GOMA,1208,SOPORTE / GOMA-METAL,CHEVROLET,Chevy,,(3928380) Montante intermedio N° 2 carrocería,3928380,https://reygoma.com.ar/wp-content/uploads/2018/12/12081x1.gif,https://reygoma.com.ar/producto/art-1208/,CHEVROLET | Chevy,
REY GOMA,1207,SOPORTE / GOMA-METAL,CHEVROLET,Chevy,,(3893156) Montante delantero y trasero N° 1 carrocería,3893156,https://reygoma.com.ar/wp-content/uploads/2018/12/12071x1.gif,https://reygoma.com.ar/producto/art-1207/,CHEVROLET | Chevy,
REY GOMA,1185,BUJE,CHEVROLET,Chevy,,(381957) Buje superior de amortiguador .,381957,https://reygoma.com.ar/wp-content/uploads/2018/12/11851x1.gif,https://reygoma.com.ar/producto/art-1185/,CHEVROLET | Chevy,
REY GOMA,1184,BUJE,CHEVROLET,Chevy,,(5325788) Buje de barra estabilizadora .,5325788,https://reygoma.com.ar/wp-content/uploads/2018/12/11841x1.gif,https://reygoma.com.ar/producto/art-1184/,CHEVROLET | Chevy,
REY GOMA,1182,TOPE AMORTIGUADOR,CHEVROLET,Chevy,,(3923564) Tope de eje trasero .,3923564,https://reygoma.com.ar/wp-content/uploads/2018/12/11821x1.gif,https://reygoma.com.ar/producto/art-1182/,CHEVROLET | Chevy,
REY GOMA,1179,SOPORTE / GOMA-METAL,CHEVROLET,Chevy,,(3866247) Soporte delantero de motor .,3866247,https://reygoma.com.ar/wp-content/uploads/2018/12/11791x1.gif,https://reygoma.com.ar/producto/art-1179/,CHEVROLET | Chevy,
REY GOMA,1160,BUJE,CHEVROLET,Chevy,,(3790341) Buje superior de amortiguador todos los modelos.,3790341,https://reygoma.com.ar/wp-content/uploads/2018/12/11601x1.gif,https://reygoma.com.ar/producto/art-1160-2/,CHEVROLET | Chevy,
REY GOMA,1138,BUJE,CHEVROLET,Chevy,,(3792614) Buje de goma para elástico trasero (p delantera) 400 y .,3792614 | p delantera,https://reygoma.com.ar/wp-content/uploads/2018/12/11381x1.gif,https://reygoma.com.ar/producto/art-1138-2/,CHEVROLET | Chevy,
REY GOMA,1137,BUJE,CHEVROLET,Chevy,,(3790876) Buje de goma para elástico trasero (p trasera) 400 y .,3790876 | p trasera,https://reygoma.com.ar/wp-content/uploads/2018/12/11371x1.gif,https://reygoma.com.ar/producto/art-1137-2/,CHEVROLET | Chevy,
REY GOMA,1127,SOPORTE DE CAJA,CHEVROLET,Chevy,,"(3792133) (2790968) (5748665) Soporte caja de velocidades 400, y pick-up años 1962/76.",3792133 | 2790968 | 5748665,https://reygoma.com.ar/wp-content/uploads/2018/12/11271x1.gif,https://reygoma.com.ar/producto/art-1127-2/,CHEVROLET | Chevy,CAJA
REY GOMA,1133,PEDAL,CHEVROLET,Chevy,,"(6256368) Cubre pedal de freno y de embrague 400, y pick-up.",6256368,https://reygoma.com.ar/wp-content/uploads/2018/12/11331x1.gif,https://reygoma.com.ar/producto/art-1133-2/,CHEVROLET | Chevy,
REY GOMA,1272,SOPORTE / GOMA-METAL,Aveo,CHEVROLET,,(96535410) Soporte trasero de motor 1.6 naftero,96535410,https://reygoma.com.ar/wp-content/uploads/2018/12/1272.gif,https://reygoma.com.ar/producto/art-1272/,Aveo | CHEVROLET,
REY GOMA,1270,SOPORTE DE MOTOR,Aveo,CHEVROLET,,(96535431) Soporte de motor (lado derecho) .,96535431 | lado derecho,https://reygoma.com.ar/wp-content/uploads/2018/12/1270.gif,https://reygoma.com.ar/producto/art-1270/,Aveo | CHEVROLET,DERECHO
REY GOMA,1269,SOPORTE DE MOTOR,Aveo,CHEVROLET,,(96535499) Soporte de motor (lado izquierdo) .,96535499 | lado izquierdo,https://reygoma.com.ar/wp-content/uploads/2018/12/1269.gif,https://reygoma.com.ar/producto/art-1269/,Aveo | CHEVROLET,IZQUIERDO
REY GOMA,1244,SOPORTE / GOMA-METAL,CHEVROLET,Tigra,,"(682600) (682603) (90538063) (94740876) Soporte trasero de motor Corsa, naftero o diesel y Agile.",682600 | 682603 | 90538063 | 94740876,https://reygoma.com.ar/wp-content/uploads/2018/12/imp5008.gif,https://reygoma.com.ar/producto/art-1244-2/,CHEVROLET | Tigra,
REY GOMA,1242,SOPORTE / GOMA-METAL,CHEVROLET,Tigra,,(684294) Soporte derecho de motor Corsa / .,684294,https://reygoma.com.ar/wp-content/uploads/2018/12/imp5056.gif,https://reygoma.com.ar/producto/art-1242/,CHEVROLET | Tigra,DERECHO
REY GOMA,1239,SOPORTE / GOMA-METAL,CHEVROLET,S/10,,(93285506) (93285507) Soporte delantero de motor (ambos lados) S10 2.8 motor MWM.,93285506 | 93285507 | ambos lados,https://reygoma.com.ar/wp-content/uploads/2018/12/1239.gif,https://reygoma.com.ar/producto/art-1239/,CHEVROLET | S/10,AMBOS LADOS
REY GOMA,1228,SOPORTE DE CAJA,CHEVROLET,S/10,,(93216625) Soporte caja de velocidades pick-up S10 y Blazer,93216625,https://reygoma.com.ar/wp-content/uploads/2018/12/1228.gif,https://reygoma.com.ar/producto/art-1228/,CHEVROLET | S/10,CAJA
REY GOMA,1222,SOPORTE / GOMA-METAL,CHEVROLET,S/10,,(93231708) Soporte delantero de motor (lado derecho) y Blazer diesel,93231708 | lado derecho,https://reygoma.com.ar/wp-content/uploads/2018/12/1222.gif,https://reygoma.com.ar/producto/art-1222/,CHEVROLET | S/10,DERECHO
REY GOMA,1221,SOPORTE / GOMA-METAL,CHEVROLET,S/10,,(93216613) Soporte delantero de motor (lado izquierdo) y Blazer diesel,93216613 | lado izquierdo,https://reygoma.com.ar/wp-content/uploads/2018/12/1221.gif,https://reygoma.com.ar/producto/art-1221/,CHEVROLET | S/10,IZQUIERDO
REY GOMA,1235,SOPORTE DE MOTOR,CHEVROLET,Monza,,(52272840) Soporte de motor (lado derecho).,52272840 | lado derecho,https://reygoma.com.ar/wp-content/uploads/2018/12/1235.gif,https://reygoma.com.ar/producto/art-1235/,CHEVROLET | Monza,DERECHO
REY GOMA,1224/1,SOPORTE / GOMA-METAL,CHEVROLET,Monza,,Kit de abrazaderas y lubricante,,https://reygoma.com.ar/wp-content/uploads/2018/12/1224-1.gif,https://reygoma.com.ar/producto/art-1224-1/,CHEVROLET | Monza,
REY GOMA,1224,SOPORTE / GOMA-METAL,CHEVROLET,Monza,,Fuelle semi eje (lado rueda),lado rueda,https://reygoma.com.ar/wp-content/uploads/2018/12/1224.gif,https://reygoma.com.ar/producto/art-1224/,CHEVROLET | Monza,
REY GOMA,1216,SOPORTE DE MOTOR,CHEVROLET,Monza,,(90495169) (93201397) Soporte de motor (lado izquierdo) modelos Corsa y con motor 1.6.,90495169 | 93201397 | lado izquierdo,https://reygoma.com.ar/wp-content/uploads/2018/12/12161x1.gif,https://reygoma.com.ar/producto/art-1216/,CHEVROLET | Monza,IZQUIERDO
REY GOMA,1277,SOPORTE DE MOTOR,CHEVROLET,Cruze,,(13248475) Soporte de motor (lado derecho) 1.8 naftero,13248475 | lado derecho,https://reygoma.com.ar/wp-content/uploads/2018/12/1277-1.gif,https://reygoma.com.ar/producto/art-1277/,CHEVROLET | Cruze,DERECHO
REY GOMA,1271,SOPORTE / GOMA-METAL,Astra,CHEVROLET,,(90575192) Soporte delantero de motor año 98 a 2005 y Zafira año 1999 a 2005 motor 2.0,90575192,https://reygoma.com.ar/wp-content/uploads/2018/12/1271-1.gif,https://reygoma.com.ar/producto/art-1271-2/,Astra | CHEVROLET,
REY GOMA,1268,CAZOLETA,Astra,CHEVROLET,,"(90538936) cazoleta amortiguador delantero Corsa ii, Meriva, Vectra y Zafira",90538936,https://reygoma.com.ar/wp-content/uploads/2018/12/1268-2.gif,https://reygoma.com.ar/producto/art-1268-3/,Astra | CHEVROLET,
REY GOMA,1267,SOPORTE / GOMA-METAL,Astra,CHEVROLET,,"(90080552) Soporte de bomba inyectora modelos Corsa, Vectra.",90080552,https://reygoma.com.ar/wp-content/uploads/2018/12/IMP_5057.gif,https://reygoma.com.ar/producto/art-1267/,Astra | CHEVROLET,
REY GOMA,1266,SOPORTE DE MOTOR,Astra,CHEVROLET,,"(684285) (90279258) Soporte de motor (lado izquierdo) modelos Vectra, 1.4/1.6",684285 | 90279258 | lado izquierdo,https://reygoma.com.ar/wp-content/uploads/2018/12/IMP_5044.gif,https://reygoma.com.ar/producto/art-1266/,Astra | CHEVROLET,IZQUIERDO
REY GOMA,1265,SOPORTE DE ESCAPE,Astra,CHEVROLET,,"(0852722) Soporte caño de escape modelos Vectra, Kadett",0852722,https://reygoma.com.ar/wp-content/uploads/2018/12/IMP_5026-3-e1553699325483.gif,https://reygoma.com.ar/producto/art-1265/,Astra | CHEVROLET,
REY GOMA,1260,SOPORTE DE MOTOR,Astra,CHEVROLET,,(90575460) (90575458) Soporte de motor hidráulico (lado izquierdo) y Zafira 16V / 8V TD.,90575460 | 90575458 | lado izquierdo,https://reygoma.com.ar/wp-content/uploads/2018/12/1250-4.gif,https://reygoma.com.ar/producto/art-1260-2/,Astra | CHEVROLET,IZQUIERDO
REY GOMA,1257,SOPORTE / GOMA-METAL,Astra,CHEVROLET,,(93333050) (90575186) Soporte delantero de motor / Meriva / Zafira 8V.,93333050 | 90575186,https://reygoma.com.ar/wp-content/uploads/2018/12/1257-2-1.gif,https://reygoma.com.ar/producto/art-1257-3/,Astra | CHEVROLET,
REY GOMA,1256,SOPORTE DE MOTOR,Astra,CHEVROLET,,(90576148) Soporte de motor (lado derecho) 2.4 16V,90576148 | lado derecho,https://reygoma.com.ar/wp-content/uploads/2018/12/1251-2.gif,https://reygoma.com.ar/producto/art-1256/,Astra | CHEVROLET,DERECHO
REY GOMA,1255,SOPORTE / GOMA-METAL,Astra,CHEVROLET,,(24427641) Soporte trasero de motor y Zafira 8V / 16V TD.,24427641,https://reygoma.com.ar/wp-content/uploads/2018/12/1255-1-e1553698986717.gif,https://reygoma.com.ar/producto/art-1255-2/,Astra | CHEVROLET,
REY GOMA,1251,SOPORTE DE MOTOR,Astra,CHEVROLET,,(90575779)(90576049) Soporte de motor (lado derecho) y Zafira 8V y TD,90575779 | 90576049 | lado derecho,https://reygoma.com.ar/wp-content/uploads/2018/12/1251-1.gif,https://reygoma.com.ar/producto/art-1251-2/,Astra | CHEVROLET,DERECHO
REY GOMA,1250,SOPORTE DE MOTOR,Astra,CHEVROLET,,(90575460) (90575458) Soporte de motor (lado izquierdo) y Zafira 16V ó 8V TD.,90575460 | 90575458 | lado izquierdo,https://reygoma.com.ar/wp-content/uploads/2018/12/1250-2.gif,https://reygoma.com.ar/producto/art-1250-2/,Astra | CHEVROLET,IZQUIERDO
REY GOMA,1249,SOPORTE DE MOTOR,Astra,CHEVROLET,,(684643) (684282) (90372699) Soporte de motor Vectra naftero ó diesel.,684643 | 684282 | 90372699,https://reygoma.com.ar/wp-content/uploads/2018/12/IMP_5051.gif,https://reygoma.com.ar/producto/art-1249/,Astra | CHEVROLET,
REY GOMA,1246,SOPORTE / GOMA-METAL,Astra,CHEVROLET,,(90576048) Soporte delantero de motor TD año 1999 en adelante.,90576048,https://reygoma.com.ar/wp-content/uploads/2018/12/1246.gif,https://reygoma.com.ar/producto/art-1246/,Astra | CHEVROLET,
REY GOMA,1245,SOPORTE / GOMA-METAL,Astra,CHEVROLET,,(90575190) Soporte delantero de motor 2.0 16V naftero y Zafira.,90575190,https://reygoma.com.ar/wp-content/uploads/2018/12/1245-1.gif,https://reygoma.com.ar/producto/art-1245-2/,Astra | CHEVROLET,
REY GOMA,1273,SOPORTE / GOMA-METAL,CHEVROLET,Zafira,,(90538576) Soporte delantero de motor Astra/ CorsaII / 1.4 – 1.6 – 1.8,90538576,https://reygoma.com.ar/wp-content/uploads/2018/12/1273.gif,https://reygoma.com.ar/producto/art-1273/,CHEVROLET | Zafira,
REY GOMA,1271,SOPORTE / GOMA-METAL,CHEVROLET,Zafira,,(90575192) Soporte delantero de motor Astra año 98 a 2005 y año 1999 a 2005 motor 2.0,90575192,https://reygoma.com.ar/wp-content/uploads/2018/12/1271.gif,https://reygoma.com.ar/producto/art-1271/,CHEVROLET | Zafira,
REY GOMA,1268,CAZOLETA,CHEVROLET,Zafira,,"(90538936) cazoleta amortiguador delantero Corsa ii, Astra, Meriva, Vectra y",90538936,https://reygoma.com.ar/wp-content/uploads/2018/12/1268-1.gif,https://reygoma.com.ar/producto/art-1268-2/,CHEVROLET | Zafira,
REY GOMA,1260,SOPORTE DE MOTOR,CHEVROLET,Zafira,,(90575460) (90575458) Soporte de motor hidráulico (lado izquierdo) Astra y 16V / 8V TD.,90575460 | 90575458 | lado izquierdo,https://reygoma.com.ar/wp-content/uploads/2018/12/1250-1.gif,https://reygoma.com.ar/producto/art-1260/,CHEVROLET | Zafira,IZQUIERDO
REY GOMA,1257,SOPORTE / GOMA-METAL,CHEVROLET,Zafira,,(93333050) (90575186) Soporte delantero de motor Astra / Meriva / 8V.,93333050 | 90575186,https://reygoma.com.ar/wp-content/uploads/2018/12/1257-1.gif,https://reygoma.com.ar/producto/art-1257-2/,CHEVROLET | Zafira,
REY GOMA,1255,SOPORTE / GOMA-METAL,CHEVROLET,Zafira,,(24427641) Soporte trasero de motor Astra y 8V / 16V TD.,24427641,https://reygoma.com.ar/wp-content/uploads/2018/12/1255-e1554127794191.gif,https://reygoma.com.ar/producto/art-1255/,CHEVROLET | Zafira,
REY GOMA,1251,SOPORTE DE MOTOR,CHEVROLET,Zafira,,(90575779)(90576049) Soporte de motor (lado derecho) Astra y 8V y TD,90575779 | 90576049 | lado derecho,https://reygoma.com.ar/wp-content/uploads/2018/12/1251.gif,https://reygoma.com.ar/producto/art-1251/,CHEVROLET | Zafira,DERECHO
REY GOMA,1250,SOPORTE DE MOTOR,CHEVROLET,Zafira,,(90575460) (90575458) Soporte de motor (lado izquierdo) Astra y 16V ó 8V TD.,90575460 | 90575458 | lado izquierdo,https://reygoma.com.ar/wp-content/uploads/2018/12/1250.gif,https://reygoma.com.ar/producto/art-1250/,CHEVROLET | Zafira,IZQUIERDO
REY GOMA,1245,SOPORTE / GOMA-METAL,CHEVROLET,Zafira,,(90575190) Soporte delantero de motor Astra 2.0 16V naftero y .,90575190,https://reygoma.com.ar/wp-content/uploads/2018/12/1245.gif,https://reygoma.com.ar/producto/art-1245/,CHEVROLET | Zafira,
REY GOMA,1278,SOPORTE DE MOTOR,CHEVROLET,Spin,,(95164488)(52068329) Repuesto para soporte de motor (lado derecho) Cobalt y Sonic 1.8 naftero,95164488 | 52068329 | lado derecho,https://reygoma.com.ar/wp-content/uploads/2018/12/1278-2.gif,https://reygoma.com.ar/producto/art-1278-2/,CHEVROLET | Spin,DERECHO
REY GOMA,1275,SOPORTE DE MOTOR,CHEVROLET,Spin,,(95164488)(52068329) Soporte de motor (lado derecho) Cobalt y Sonic 1.8 naftero,95164488 | 52068329 | lado derecho,https://reygoma.com.ar/wp-content/uploads/2018/12/1275-1.gif,https://reygoma.com.ar/producto/art-1275-2/,CHEVROLET | Spin,DERECHO
REY GOMA,1274,SOPORTE / GOMA-METAL,CHEVROLET,Spin,,"(95493722) Soporte trasero de motor Cobalt, Sonic, Tracker 1.8 – Prisma, Onix 1.4",95493722,https://reygoma.com.ar/wp-content/uploads/2018/12/1274-1-1.gif,https://reygoma.com.ar/producto/art-1274-3/,CHEVROLET | Spin,
REY GOMA,1274,SOPORTE / GOMA-METAL,CHEVROLET,Prisma,,"(95493722) Soporte trasero de motor Cobalt, Spin, Sonic, Tracker 1.8 – Onix 1.4",95493722,https://reygoma.com.ar/wp-content/uploads/2018/12/1274-1.gif,https://reygoma.com.ar/producto/art-1274-2/,CHEVROLET | Prisma,
REY GOMA,1268,CAZOLETA,CHEVROLET,Meriva,,"(90538936) cazoleta amortiguador delantero Corsa ii, Astra, Vectra y Zafira",90538936,https://reygoma.com.ar/wp-content/uploads/2018/12/1268.gif,https://reygoma.com.ar/producto/art-1268/,CHEVROLET | Meriva,
REY GOMA,1261,SOPORTE DE MOTOR,CHEVROLET,Meriva,,"(93302279/80) Soporte de motor (lado derecho) 8V – 16V Corsa II y nafta, año 2004 en adelante.",93302279/80 | lado derecho,https://reygoma.com.ar/wp-content/uploads/2018/12/1261.gif,https://reygoma.com.ar/producto/art-1261/,CHEVROLET | Meriva,DERECHO
REY GOMA,1257,SOPORTE / GOMA-METAL,CHEVROLET,Meriva,,(93333050) (90575186) Soporte delantero de motor Astra / / Zafira 8V.,93333050 | 90575186,https://reygoma.com.ar/wp-content/uploads/2018/12/1257.gif,https://reygoma.com.ar/producto/art-1257/,CHEVROLET | Meriva,
REY GOMA,1253,SOPORTE / GOMA-METAL,CHEVROLET,Meriva,,(93302287) Soporte tensor inferior Corsa II y,93302287,https://reygoma.com.ar/wp-content/uploads/2018/12/1253.gif,https://reygoma.com.ar/producto/art-1253/,CHEVROLET | Meriva,
REY GOMA,1252,SOPORTE / GOMA-METAL,CHEVROLET,Meriva,,(93302286) Soporte tensor superior Corsa II y,93302286,https://reygoma.com.ar/wp-content/uploads/2018/12/1252.gif,https://reygoma.com.ar/producto/art-1252/,CHEVROLET | Meriva,
REY GOMA,1243,SOPORTE / GOMA-METAL,CHEVROLET,Meriva,,(93302281) Soporte delantero de motor (lado izquierdo) Corsa II y,93302281 | lado izquierdo,https://reygoma.com.ar/wp-content/uploads/2018/12/1243.gif,https://reygoma.com.ar/producto/art-1243/,CHEVROLET | Meriva,IZQUIERDO
REY GOMA,1278,SOPORTE DE MOTOR,CHEVROLET,Cobalt,,"(95164488)(52068329) Repuesto para soporte de motor (lado derecho) Spin, y Sonic 1.8 naftero",95164488 | 52068329 | lado derecho,https://reygoma.com.ar/wp-content/uploads/2018/12/1278-1.gif,https://reygoma.com.ar/producto/art-1278/,CHEVROLET | Cobalt,DERECHO
REY GOMA,1276,SOPORTE DE MOTOR,CHEVROLET,"Cobalt, Sonic, Spin, Tracker",,(95032353) Soporte de motor (lado izquierdo) y 1.8 naftero,95032353 | lado izquierdo,https://reygoma.com.ar/wp-content/uploads/2018/12/1276-1.gif,https://reygoma.com.ar/producto/art-1276/,CHEVROLET | Cobalt | Sonic | Spin | Tracker,IZQUIERDO
REY GOMA,1275,SOPORTE DE MOTOR,CHEVROLET,Cobalt,,"(95164488)(52068329) Soporte de motor (lado derecho) Spin, y Sonic 1.8 naftero",95164488 | 52068329 | lado derecho,https://reygoma.com.ar/wp-content/uploads/2018/12/1275.gif,https://reygoma.com.ar/producto/art-1275/,CHEVROLET | Cobalt,DERECHO
REY GOMA,1274,SOPORTE / GOMA-METAL,CHEVROLET,Cobalt,,"(95493722) Soporte trasero de motor Spin, Sonic, Tracker 1.8 – Prisma, Onix 1.4",95493722,https://reygoma.com.ar/wp-content/uploads/2018/12/1274.gif,https://reygoma.com.ar/producto/art-1274/,CHEVROLET | Cobalt,
REY GOMA,1195,SOPORTE / GOMA-METAL,Camion,CHEVROLET,,(3889073) Almohadilla de soporte de radiador camión y pick-up.,3889073,https://reygoma.com.ar/wp-content/uploads/2018/12/11951x1.gif,https://reygoma.com.ar/producto/art-1195/,Camion | CHEVROLET,
REY GOMA,1186,TOPE AMORTIGUADOR,Camion,CHEVROLET,,(3823754) Tope de elástico camión.,3823754,https://reygoma.com.ar/wp-content/uploads/2018/12/11861x1.gif,https://reygoma.com.ar/producto/art-1186/,Camion | CHEVROLET,
REY GOMA,1178,SOPORTE / GOMA-METAL,Camion,CHEVROLET,,(3886729) Soporte de cabina camión.,3886729,https://reygoma.com.ar/wp-content/uploads/2018/12/11781x1.gif,https://reygoma.com.ar/producto/art-1178/,Camion | CHEVROLET,
REY GOMA,1177,SOPORTE / GOMA-METAL,Camion,CHEVROLET,,(3858296) Soporte de cabina camión años 1965/70,3858296,https://reygoma.com.ar/wp-content/uploads/2018/12/11771x1.gif,https://reygoma.com.ar/producto/art-1177/,Camion | CHEVROLET,
REY GOMA,1174,SOPORTE / GOMA-METAL,Camion,CHEVROLET,,(3897667) Almohadilla inferior soporte radiador camión.,3897667,https://reygoma.com.ar/wp-content/uploads/2018/12/11741x1.gif,https://reygoma.com.ar/producto/art-1174/,Camion | CHEVROLET,
REY GOMA,1173,SOPORTE / GOMA-METAL,Camion,CHEVROLET,,(3897666) Almohadilla superior soporte radiador camión.,3897666,https://reygoma.com.ar/wp-content/uploads/2018/12/11731x1.gif,https://reygoma.com.ar/producto/art-1173/,Camion | CHEVROLET,
REY GOMA,1166,SOPORTE DE CAJA,Camion,CHEVROLET,,(6328287) Soporte caja de velacidades camión C 350 años 1957/76.,6328287,https://reygoma.com.ar/wp-content/uploads/2018/12/11661x1.gif,https://reygoma.com.ar/producto/art-1166/,Camion | CHEVROLET,CAJA
REY GOMA,1165,SOPORTE / GOMA-METAL,Camion,CHEVROLET,,(7130978) (6327727) Soporte delantero de motor camión C 350 años 1957/76 y pick-up años 1974/76,7130978 | 6327727,https://reygoma.com.ar/wp-content/uploads/2018/12/11651x1.gif,https://reygoma.com.ar/producto/art-1165/,Camion | CHEVROLET,
REY GOMA,1161/3,SOPORTE / GOMA-METAL,Camion,CHEVROLET,,(REFORMA) Soporte central grande de cardán sin pestaña para rulemán N° 88508.,REFORMA,https://reygoma.com.ar/wp-content/uploads/2018/12/1161-31x1.gif,https://reygoma.com.ar/producto/art-1161-3/,Camion | CHEVROLET,CENTRO
REY GOMA,1161/1,SOPORTE / GOMA-METAL,Camion,CHEVROLET,,(REFORMA) Soporte central chico de cardán sin pestaña para rulemán N° 88507.,REFORMA,https://reygoma.com.ar/wp-content/uploads/2018/12/1161-11x1.gif,https://reygoma.com.ar/producto/art-1161-1/,Camion | CHEVROLET,CENTRO
REY GOMA,1105/3,SOPORTE / GOMA-METAL,Camion,CHEVROLET,,(G5439365724) Soporte central grande de cardán para rulemán N° 88508.,G5439365724,https://reygoma.com.ar/wp-content/uploads/2018/12/1105-31x1.gif,https://reygoma.com.ar/producto/art-1105-3/,Camion | CHEVROLET,CENTRO
REY GOMA,1105/1,SOPORTE / GOMA-METAL,Camion,CHEVROLET,,(G54393730827) Soporte central chico de cardán para rulemán N° 88507.,G54393730827,https://reygoma.com.ar/wp-content/uploads/2018/12/1105-1.gif,https://reygoma.com.ar/producto/art-1105-1/,Camion | CHEVROLET,CENTRO
REY GOMA,1193,BUJE,CHEVROLET,Chevrolet 400,,400 (2787352) Buje de tensor 400.,2787352,https://reygoma.com.ar/wp-content/uploads/2018/11/11931x1.gif,https://reygoma.com.ar/producto/art-1193/,CHEVROLET | Chevrolet 400,
REY GOMA,1188,SOPORTE / GOMA-METAL,CHEVROLET,Chevrolet 400,,400 (3791381) Almohadilla superior de elástico trasero 400.,3791381,https://reygoma.com.ar/wp-content/uploads/2018/11/11881x1.gif,https://reygoma.com.ar/producto/art-1188/,CHEVROLET | Chevrolet 400,
REY GOMA,1187,SOPORTE / GOMA-METAL,CHEVROLET,Chevrolet 400,,400 (3792586) Almohadilla inferior de elástico trasero 400.,3792586,https://reygoma.com.ar/wp-content/uploads/2018/11/11871x1.gif,https://reygoma.com.ar/producto/art-1187/,CHEVROLET | Chevrolet 400,
REY GOMA,1180,BUJE,CHEVROLET,Chevrolet 400,,400 (REFORMA) Buje refuerzo brazo inferior de suspensión 400.,REFORMA,https://reygoma.com.ar/wp-content/uploads/2018/11/11801x1.gif,https://reygoma.com.ar/producto/art-1180/,CHEVROLET | Chevrolet 400,
REY GOMA,1172,SOPORTE / GOMA-METAL,CHEVROLET,Chevrolet 400,,400 (3765360) Guardapolvo de freno 400.,3765360,https://reygoma.com.ar/wp-content/uploads/2018/11/11721x1.gif,https://reygoma.com.ar/producto/art-1172/,CHEVROLET | Chevrolet 400,
REY GOMA,1171,SOPORTE / GOMA-METAL,CHEVROLET,Chevrolet 400,,400 (3788402) Guardapolvo horquilla de embrague 400.,3788402,https://reygoma.com.ar/wp-content/uploads/2018/11/11711x1.gif,https://reygoma.com.ar/producto/art-1171/,CHEVROLET | Chevrolet 400,
REY GOMA,1160,BUJE,CHEVROLET,Chevrolet 400,,400 (3790341) Buje superior de amortiguador todos los modelos.,3790341,https://reygoma.com.ar/wp-content/uploads/2018/11/11601x1.gif,https://reygoma.com.ar/producto/art-1160/,CHEVROLET | Chevrolet 400,
REY GOMA,1159,BUJE,CHEVROLET,Chevrolet 400,,"400 (2792933) Buje de goma (con buje metálico) para amortiguador, 400 y pick-up.",2792933 | con buje metálico,https://reygoma.com.ar/wp-content/uploads/2018/11/11591x1.gif,https://reygoma.com.ar/producto/art-1159/,CHEVROLET | Chevrolet 400,
REY GOMA,1153,BUJE,CHEVROLET,Chevrolet 400,,400 (3833108) Buje leva selectora de cambios 400 y pick-up años 1955/62.,3833108,https://reygoma.com.ar/wp-content/uploads/2018/11/11531x1.gif,https://reygoma.com.ar/producto/art-1153/,CHEVROLET | Chevrolet 400,
REY GOMA,1152,ACCESORIO,CHEVROLET,Chevrolet 400,,400 (3834139) Arandela de leva para cambios de marchas 400.,3834139,https://reygoma.com.ar/wp-content/uploads/2018/11/11521x1.gif,https://reygoma.com.ar/producto/art-1152/,CHEVROLET | Chevrolet 400,
REY GOMA,1151,BUJE,CHEVROLET,Chevrolet 400,,400 (3792289) Buje de amortiguador delantero 400.,3792289,https://reygoma.com.ar/wp-content/uploads/2018/11/11511x1.gif,https://reygoma.com.ar/producto/art-1151/,CHEVROLET | Chevrolet 400,
REY GOMA,1142,BUJE,CHEVROLET,Chevrolet 400,,400 (3790304) Buje inferior asiento resorte superior 400.,3790304,https://reygoma.com.ar/wp-content/uploads/2018/11/11421x1.gif,https://reygoma.com.ar/producto/art-1142/,CHEVROLET | Chevrolet 400,
REY GOMA,1139,TOPE AMORTIGUADOR,CHEVROLET,Chevrolet 400,,400 (3792723) Tope brazo control superior de suspensión delantera 400.,3792723,https://reygoma.com.ar/wp-content/uploads/2018/11/11391x1.gif,https://reygoma.com.ar/producto/art-1139/,CHEVROLET | Chevrolet 400,
REY GOMA,1138,BUJE,CHEVROLET,Chevrolet 400,,400 (3792614) Buje de goma para elástico trasero (p delantera) 400 y Chevy.,3792614 | p delantera,https://reygoma.com.ar/wp-content/uploads/2018/11/11381x1.gif,https://reygoma.com.ar/producto/art-1138/,CHEVROLET | Chevrolet 400,
REY GOMA,1137,BUJE,CHEVROLET,Chevrolet 400,,400 (3790876) Buje de goma para elástico trasero (p trasera) 400 y Chevy.,3790876 | p trasera,https://reygoma.com.ar/wp-content/uploads/2018/11/11371x1.gif,https://reygoma.com.ar/producto/art-1137/,CHEVROLET | Chevrolet 400,
REY GOMA,1136,TOPE AMORTIGUADOR,CHEVROLET,Chevrolet 400,,400 (3790212) Tope de goma para eje trasero 400.,3790212,https://reygoma.com.ar/wp-content/uploads/2018/11/11361x1.gif,https://reygoma.com.ar/producto/art-1136/,CHEVROLET | Chevrolet 400,
REY GOMA,1135,TOPE AMORTIGUADOR,CHEVROLET,Chevrolet 400,,400 (3790214) (6176) Tope de goma para elástico trasero 400 y pick-up.,3790214 | 6176,https://reygoma.com.ar/wp-content/uploads/2018/11/11351x1.gif,https://reygoma.com.ar/producto/art-1135/,CHEVROLET | Chevrolet 400,
REY GOMA,1134,PEDAL,CHEVROLET,Chevrolet 400,,400 (3777523) Pedal de acelerador 400.,3777523,https://reygoma.com.ar/wp-content/uploads/2018/11/11341x1.gif,https://reygoma.com.ar/producto/art-1134/,CHEVROLET | Chevrolet 400,
REY GOMA,1133,PEDAL,CHEVROLET,Chevrolet 400,,"400 (6256368) Cubre pedal de freno y de embrague 400, Chevy y pick-up.",6256368,https://reygoma.com.ar/wp-content/uploads/2018/11/11331x1.gif,https://reygoma.com.ar/producto/art-1133/,CHEVROLET | Chevrolet 400,
REY GOMA,1127,SOPORTE DE CAJA,CHEVROLET,Chevrolet 400,,"400 (3792133) (2790968) (5748665) Soporte caja de velocidades 400, Chevy y pick-up años 1962/76.",3792133 | 2790968 | 5748665,https://reygoma.com.ar/wp-content/uploads/2018/11/11271x1.gif,https://reygoma.com.ar/producto/art-1127/,CHEVROLET | Chevrolet 400,CAJA
REY GOMA,1126,SOPORTE / GOMA-METAL,CHEVROLET,Chevrolet 400,,400 (3792404) Soporte delantero de motor 400.,3792404,https://reygoma.com.ar/wp-content/uploads/2018/11/11261x1.gif,https://reygoma.com.ar/producto/art-1126/,CHEVROLET | Chevrolet 400,
REY GOMA,1244,SOPORTE / GOMA-METAL,Agile,CHEVROLET,,"(682600) (682603) (90538063) (94740876) Soporte trasero de motor Corsa, Tigra naftero o diesel y .",682600 | 682603 | 90538063 | 94740876,https://reygoma.com.ar/wp-content/uploads/2018/11/Art.-1244.gif,https://reygoma.com.ar/producto/art-1244/,Agile | CHEVROLET,
REY GOMA,1219,SOPORTE DE MOTOR,Agile,CHEVROLET,,(93305641) Soporte de motor (lado derecho) Corsa 1.4 y 1.6 naftero con aire acondicionado año 1996 en adelante y .,93305641 | lado derecho,https://reygoma.com.ar/wp-content/uploads/2018/11/1219-2.jpg,https://reygoma.com.ar/producto/art-1219/,Agile | CHEVROLET,DERECHO
REY GOMA,1218,SOPORTE DE MOTOR,Agile,CHEVROLET,,(90495170) Soporte de motor lado izquierdo Corsa 1.4 / 1.6 nafta 96 (en adelante) con aire acondicionado y,90495170 | en adelante,https://reygoma.com.ar/wp-content/uploads/2018/11/1218-1.gif,https://reygoma.com.ar/producto/art-1218/,Agile | CHEVROLET,IZQUIERDO
REY GOMA,9201,SOPORTE DE MOTOR,CHRYSLER,,,"(46124277/993/431) Reparación soporte de motor (central) Caravan, Grand Caravan año 96 al 99",46124277/993/431 | central,https://reygoma.com.ar/wp-content/uploads/2018/11/9201.gif,https://reygoma.com.ar/producto/art-9201/,CHRYSLER,CENTRO
REY GOMA,9200,SOPORTE DE MOTOR,CHRYSLER,,,"(04612367) Buje reparación soporte de motor (lado derecho) Caravan, Grand Caravan año 96 al 00",04612367 | lado derecho,https://reygoma.com.ar/wp-content/uploads/2018/11/9200.gif,https://reygoma.com.ar/producto/art-9200/,CHRYSLER,DERECHO
REY GOMA,8405,CAZOLETA,C-Elysee,"C3, C4, CITROEN",,(5038G60) Cazoleta suspension delantera 2011/.. / Aircross / Picasso / Cactus,5038G60,https://reygoma.com.ar/wp-content/uploads/2024/10/6827reducido.jpg,https://reygoma.com.ar/producto/art-8405/,C-Elysee | C3 | C4 | CITROEN,
REY GOMA,8404,SOPORTE / GOMA-METAL,C4,"CITROEN, DS4, DS5",,"(1806AO) Soporte trasero de motor Lounge, Picasso, y c/motores 1.8 16V y 2.0 16V EW10A",1806AO,https://reygoma.com.ar/wp-content/uploads/2022/07/8404-1.jpg,https://reygoma.com.ar/producto/art-8404/,C4 | CITROEN | DS4 | DS5,
REY GOMA,8403,SOPORTE DE MOTOR,C3,CITROEN,,"(9654166080) Soporte de motor (hidráulico) (lado derecho) II 1.4 VTI naftero, años 2006 al 2012",9654166080 | hidráulico | lado derecho,https://reygoma.com.ar/wp-content/uploads/2021/04/6824-e1617738568414.jpg,https://reygoma.com.ar/producto/art-8403/,C3 | CITROEN,DERECHO
REY GOMA,8402,SOPORTE DE MOTOR,C3,CITROEN,,(9802185580) Soporte de motor (lado derecho) y Picasso 1.5 y 1.6 (motor TU4) año 2012 en adelante.,9802185580 | lado derecho | motor TU4,https://reygoma.com.ar/wp-content/uploads/2020/08/6822-1-300x245.jpg,https://reygoma.com.ar/producto/art-8402/,C3 | CITROEN,DERECHO
REY GOMA,8401,SOPORTE DE MOTOR,Berlingo,"CITROEN, Xsara, Zx",,"(1844770) Soporte de motor (hidráulico) (lado derecho) II 2.0 16V, 1.8 Iny, 2.0 TD",1844770 | hidráulico | lado derecho,https://reygoma.com.ar/wp-content/uploads/2018/12/7037-2.gif,https://reygoma.com.ar/producto/art-8401/,Berlingo | CITROEN | Xsara | Zx,DERECHO
REY GOMA,8400,SOPORTE / GOMA-METAL,Berlingo,"CITROEN, Xantia, Xsara, Zx",,(1807430) Soporte delantero de motor (hidráulico) (lado derecho) .,1807430 | hidráulico | lado derecho,https://reygoma.com.ar/wp-content/uploads/2019/01/70211x1-1.gif,https://reygoma.com.ar/producto/art-8400/,Berlingo | CITROEN | Xantia | Xsara | Zx,DERECHO
REY GOMA,8399,SOPORTE DE MOTOR,C3,CITROEN,,(1839F6) Soporte de motor (hidráulico) (lado derecho) 1.4 / 1.5,1839F6 | hidráulico | lado derecho,https://reygoma.com.ar/wp-content/uploads/2019/08/6821-e1567188303842-300x253.jpg,https://reygoma.com.ar/producto/art-8399/,C3 | CITROEN,DERECHO
REY GOMA,8398,SOPORTE / GOMA-METAL,Berlingo,CITROEN,,Capuchon precap,,https://reygoma.com.ar/wp-content/uploads/2019/09/8398achicado.jpg,https://reygoma.com.ar/producto/art-8398/,Berlingo | CITROEN,
REY GOMA,8352/1,SOPORTE / GOMA-METAL,CITROEN,Gs,,Kit con abrazaderas y lubricante,,https://reygoma.com.ar/wp-content/uploads/2019/03/8352.gif,https://reygoma.com.ar/producto/art-8352-1/,CITROEN | Gs,
REY GOMA,8391,SOPORTE DE MOTOR,C4,CITROEN,,(183999) Soporte de motor (lado derecho) HDI.,183999 | lado derecho,https://reygoma.com.ar/wp-content/uploads/2019/03/8391.gif,https://reygoma.com.ar/producto/art-8391/,C4 | CITROEN,DERECHO
REY GOMA,8383,SOPORTE DE ESCAPE,CITROEN,Zx,,(96037651) Soporte caño de escape modelos Xantia 38mm,96037651,https://reygoma.com.ar/wp-content/uploads/2019/01/IMP_8075-1-e1553699751353.gif,https://reygoma.com.ar/producto/art-8383-2/,CITROEN | Zx,
REY GOMA,8382,PEDAL,CITROEN,Zx,,(213013) Cubre pedal de freno modelos Xantia,213013,https://reygoma.com.ar/wp-content/uploads/2019/01/IMP_8060-1.gif,https://reygoma.com.ar/producto/art-8382-2/,CITROEN | Zx,
REY GOMA,8381,PEDAL,CITROEN,Zx,,(450412) Cubre pedal de embrague modelos Xantia,450412,https://reygoma.com.ar/wp-content/uploads/2019/01/IMP_8059-1.gif,https://reygoma.com.ar/producto/art-8381-2/,CITROEN | Zx,
REY GOMA,8376,SOPORTE / GOMA-METAL,CITROEN,Zx,,(513171) Soporte superior travesaño trasero Xsara y,513171,https://reygoma.com.ar/wp-content/uploads/2019/01/7077-1.gif,https://reygoma.com.ar/producto/art-8376-2/,CITROEN | Zx,
REY GOMA,8369,SOPORTE DE MOTOR,CITROEN,Zx,,"(184436) Soporte de motor (lado izquierdo) modelos Xsara 1.9 D / TD / 2.0 TD, Xsara Picasso 1.8 Iny./ 2.0 TD, Berlingo 1.8 Iny., 1.9 D / TD /…",184436 | lado izquierdo,https://reygoma.com.ar/wp-content/uploads/2019/01/7038-2.gif,https://reygoma.com.ar/producto/art-8369-3/,CITROEN | Zx,IZQUIERDO
REY GOMA,8359,TOPE AMORTIGUADOR,CITROEN,Zx,,(9607170880) Soporte tope de motor (lado derecho) modelos año 99 en adelante,9607170880 | lado derecho,https://reygoma.com.ar/wp-content/uploads/2019/01/8359.gif,https://reygoma.com.ar/producto/art-8359/,CITROEN | Zx,DERECHO
REY GOMA,8358,SOPORTE DE MOTOR,CITROEN,Zx,,(1844770) Soporte de motor (lado derecho) (no hidráulico) modelos y Berlingo,1844770 | lado derecho | no hidráulico,https://reygoma.com.ar/wp-content/uploads/2019/01/8358-1.gif,https://reygoma.com.ar/producto/art-8358-2/,CITROEN | Zx,DERECHO
REY GOMA,8357,BUJE,CITROEN,Zx,,"(1809160) Soporte buje central de motor Xantia, Xsara, Berlingo. Ø 70 mm.",1809160,https://reygoma.com.ar/wp-content/uploads/2019/01/8357-3.gif,https://reygoma.com.ar/producto/art-8357-4/,CITROEN | Zx,CENTRO
REY GOMA,8356,TOPE AMORTIGUADOR,CITROEN,Zx,,"(1844170) Soporte tope de motor (lado derecho) modelos AX,",1844170 | lado derecho,https://reygoma.com.ar/wp-content/uploads/2019/01/8356-1.gif,https://reygoma.com.ar/producto/art-8356-2/,CITROEN | Zx,DERECHO
REY GOMA,8355,SOPORTE / GOMA-METAL,CITROEN,Zx,,"(1843950) Soporte delante de motor (lado izquierdo) Xantia, Xsara, Berlingo",1843950 | lado izquierdo,https://reygoma.com.ar/wp-content/uploads/2019/01/8355-3.gif,https://reygoma.com.ar/producto/art-8355-4/,CITROEN | Zx,IZQUIERDO
REY GOMA,8354,SOPORTE / GOMA-METAL,CITROEN,Zx,,"(1807430) Soporte delantero de motor (lado derecho) Xantia, Xsara, Berlingo",1807430 | lado derecho,https://reygoma.com.ar/wp-content/uploads/2019/01/8354-3.gif,https://reygoma.com.ar/producto/art-8354-4/,CITROEN | Zx,DERECHO
REY GOMA,8376,SOPORTE / GOMA-METAL,CITROEN,Xsara,,(513171) Soporte superior travesaño trasero y ZX,513171,https://reygoma.com.ar/wp-content/uploads/2019/01/7077.gif,https://reygoma.com.ar/producto/art-8376/,CITROEN | Xsara,
REY GOMA,8372,BUJE,CITROEN,Xsara,,(352383) Buje de parrilla Ø 18.8 mm. Berlingo modelo 2000.,352383,https://reygoma.com.ar/wp-content/uploads/2019/01/8372-1.gif,https://reygoma.com.ar/producto/art-8372-2/,CITROEN | Xsara,
REY GOMA,8371,SOPORTE DE MOTOR,CITROEN,Xsara,,"(184451) Soporte de motor (lado izquierdo) modelos 1.4 Iny., Saxo 1.4 Iny. motor TU3JP / 1.6 Iny. 90 CV / 100CV, II 16V motor TUSJP4 1.6, Berlingo motor…",184451 | lado izquierdo,https://reygoma.com.ar/wp-content/uploads/2019/01/7036-4.gif,https://reygoma.com.ar/producto/art-8371-3/,CITROEN | Xsara,IZQUIERDO
REY GOMA,8369,SOPORTE DE MOTOR,CITROEN,Xsara,,"(184436) Soporte de motor (lado izquierdo) modelos 1.9 D / TD / 2.0 TD, Picasso 1.8 Iny./ 2.0 TD, Berlingo 1.8 Iny., ZX 1.9 D / TD /…",184436 | lado izquierdo,https://reygoma.com.ar/wp-content/uploads/2019/01/7038-1.gif,https://reygoma.com.ar/producto/art-8369-2/,CITROEN | Xsara,IZQUIERDO
REY GOMA,8365,SOPORTE / GOMA-METAL,CITROEN,Xsara,,(180921) Soporte central Xantia y Berlingo. Ø 70 mm.,180921,https://reygoma.com.ar/wp-content/uploads/2019/01/7039-2.gif,https://reygoma.com.ar/producto/art-8365-3/,CITROEN | Xsara,CENTRO
REY GOMA,8362,BUJE,CITROEN,Xsara,,"(352350) Buje parrilla de suspensión modelos Xantia y Berlingo, hasta año 2000. Ø 18,7 mm.",352350,https://reygoma.com.ar/wp-content/uploads/2019/01/70281x1-2.gif,https://reygoma.com.ar/producto/art-8362-3/,CITROEN | Xsara,
REY GOMA,8357,BUJE,CITROEN,Xsara,,"(1809160) Soporte buje central de motor Xantia, ZX, Berlingo. Ø 70 mm.",1809160,https://reygoma.com.ar/wp-content/uploads/2019/01/8357-2.gif,https://reygoma.com.ar/producto/art-8357-3/,CITROEN | Xsara,CENTRO
REY GOMA,8355,SOPORTE / GOMA-METAL,CITROEN,Xsara,,"(1843950) Soporte delante de motor (lado izquierdo) Xantia, ZX, Berlingo",1843950 | lado izquierdo,https://reygoma.com.ar/wp-content/uploads/2019/01/8355-2.gif,https://reygoma.com.ar/producto/art-8355-3/,CITROEN | Xsara,IZQUIERDO
REY GOMA,8354,SOPORTE / GOMA-METAL,CITROEN,Xsara,,"(1807430) Soporte delantero de motor (lado derecho) Xantia, ZX, Berlingo",1807430 | lado derecho,https://reygoma.com.ar/wp-content/uploads/2019/01/8354-2.gif,https://reygoma.com.ar/producto/art-8354-3/,CITROEN | Xsara,DERECHO
REY GOMA,8383,SOPORTE DE ESCAPE,CITROEN,Xantia,,"(96037651) Soporte caño de escape modelos ZX, 38mm",96037651,https://reygoma.com.ar/wp-content/uploads/2019/01/IMP_8075-e1553699653296.gif,https://reygoma.com.ar/producto/art-8383/,CITROEN | Xantia,
REY GOMA,8382,PEDAL,CITROEN,Xantia,,"(213013) Cubre pedal de freno modelos ZX,",213013,https://reygoma.com.ar/wp-content/uploads/2019/01/IMP_8060.gif,https://reygoma.com.ar/producto/art-8382/,CITROEN | Xantia,
REY GOMA,8381,PEDAL,CITROEN,Xantia,,"(450412) Cubre pedal de embrague modelos ZX,",450412,https://reygoma.com.ar/wp-content/uploads/2019/01/IMP_8059.gif,https://reygoma.com.ar/producto/art-8381/,CITROEN | Xantia,
REY GOMA,8370,SOPORTE DE MOTOR,CITROEN,Xantia,,(182710) Soporte de motor (lado izquierdo) modelo 2.0 16V / 2.0 Iny.,182710 | lado izquierdo,https://reygoma.com.ar/wp-content/uploads/2019/01/70301x1.gif,https://reygoma.com.ar/producto/art-8370/,CITROEN | Xantia,IZQUIERDO
REY GOMA,8365,SOPORTE / GOMA-METAL,CITROEN,Xantia,,"(180921) Soporte central Xsara, y Berlingo. Ø 70 mm.",180921,https://reygoma.com.ar/wp-content/uploads/2019/01/7039-1.gif,https://reygoma.com.ar/producto/art-8365-2/,CITROEN | Xantia,CENTRO
REY GOMA,8362,BUJE,CITROEN,Xantia,,"(352350) Buje parrilla de suspensión modelos Xsara, y Berlingo, hasta año 2000. Ø 18,7 mm.",352350,https://reygoma.com.ar/wp-content/uploads/2019/01/70281x1-1.gif,https://reygoma.com.ar/producto/art-8362-2/,CITROEN | Xantia,
REY GOMA,8361/1,SOPORTE / GOMA-METAL,CITROEN,Xantia,,Kit con abrazaderas y lubricante.,,https://reygoma.com.ar/wp-content/uploads/2019/01/8361-3.gif,https://reygoma.com.ar/producto/art-8361-1-2/,CITROEN | Xantia,
REY GOMA,8361,SOPORTE / GOMA-METAL,CITROEN,Xantia,,Fuelle s/eje caño (lado rueda) y Berlingo.,lado rueda,https://reygoma.com.ar/wp-content/uploads/2019/01/8361-2.gif,https://reygoma.com.ar/producto/art-8361-2/,CITROEN | Xantia,
REY GOMA,8360/1,SOPORTE / GOMA-METAL,CITROEN,Xantia,,Kit con abrazaderas y lubricante,,https://reygoma.com.ar/wp-content/uploads/2019/01/8360-3.gif,https://reygoma.com.ar/producto/art-8360-1-2/,CITROEN | Xantia,
REY GOMA,8360,SOPORTE / GOMA-METAL,CITROEN,Xantia,,Fuelle s/eje caño (lado caja) Berlingo (intermedio),lado caja | intermedio,https://reygoma.com.ar/wp-content/uploads/2019/01/8360-2.gif,https://reygoma.com.ar/producto/art-8360-2/,CITROEN | Xantia,CAJA
REY GOMA,8357,BUJE,CITROEN,Xantia,,"(1809160) Soporte buje central de motor Xsara, ZX, Berlingo. Ø 70 mm.",1809160,https://reygoma.com.ar/wp-content/uploads/2019/01/8357-1.gif,https://reygoma.com.ar/producto/art-8357-2/,CITROEN | Xantia,CENTRO
REY GOMA,8355,SOPORTE / GOMA-METAL,CITROEN,Xantia,,"(1843950) Soporte delante de motor (lado izquierdo) Xsara, ZX, Berlingo",1843950 | lado izquierdo,https://reygoma.com.ar/wp-content/uploads/2019/01/8355-1.gif,https://reygoma.com.ar/producto/art-8355-2/,CITROEN | Xantia,IZQUIERDO
REY GOMA,8354,SOPORTE / GOMA-METAL,CITROEN,Xantia,,"(1807430) Soporte delantero de motor (lado derecho) Xsara, ZX, Berlingo",1807430 | lado derecho,https://reygoma.com.ar/wp-content/uploads/2019/01/8354-1.gif,https://reygoma.com.ar/producto/art-8354-2/,CITROEN | Xantia,DERECHO
REY GOMA,8353/1,SOPORTE / GOMA-METAL,CITROEN,Visa,,Kit con abrazaderas y lubricante,,https://reygoma.com.ar/wp-content/uploads/2019/01/8353-1.gif,https://reygoma.com.ar/producto/art-8353-1/,CITROEN | Visa,
REY GOMA,8353,SOPORTE / GOMA-METAL,CITROEN,Visa,,Fuelle semi eje (lado rueda),lado rueda,https://reygoma.com.ar/wp-content/uploads/2019/01/8353.gif,https://reygoma.com.ar/producto/art-8353/,CITROEN | Visa,
REY GOMA,8351/1,SOPORTE / GOMA-METAL,CITROEN,Visa,,Kit con abrazaderas y lubricante,,https://reygoma.com.ar/wp-content/uploads/2019/01/8351-2.gif,https://reygoma.com.ar/producto/art-8351-1/,CITROEN | Visa,
REY GOMA,8351,SOPORTE / GOMA-METAL,CITROEN,Visa,,Fuelle semi eje (lado caja),lado caja,https://reygoma.com.ar/wp-content/uploads/2019/01/8351-1.gif,https://reygoma.com.ar/producto/art-8351/,CITROEN | Visa,CAJA
REY GOMA,8371,SOPORTE DE MOTOR,CITROEN,Saxo,,"(184451) Soporte de motor (lado izquierdo) modelos Xsara 1.4 Iny., 1.4 Iny. motor TU3JP / 1.6 Iny. 90 CV / 100CV, Xsara II 16V motor TUSJP4 1.6, Berlingo motor…",184451 | lado izquierdo,https://reygoma.com.ar/wp-content/uploads/2019/01/7036-1.gif,https://reygoma.com.ar/producto/art-8371-2/,CITROEN | Saxo,IZQUIERDO
REY GOMA,8397/1,SOPORTE / GOMA-METAL,CITROEN,Jumper,,Kit con abrazaderas y lubricante,,https://reygoma.com.ar/wp-content/uploads/2019/01/8397-1.gif,https://reygoma.com.ar/producto/art-8397-1/,CITROEN | Jumper,
REY GOMA,8397,SOPORTE / GOMA-METAL,CITROEN,Jumper,,"Fuelle semi eje (lado caja) palier grueso, con trébol",lado caja,https://reygoma.com.ar/wp-content/uploads/2019/01/8397.gif,https://reygoma.com.ar/producto/art-8397/,CITROEN | Jumper,CAJA
REY GOMA,8388/1,SOPORTE / GOMA-METAL,CITROEN,Jumper,,Kit con abrazaderas y lubricante.,,https://reygoma.com.ar/wp-content/uploads/2019/01/8388-1.gif,https://reygoma.com.ar/producto/art-8388-1/,CITROEN | Jumper,
REY GOMA,8388,SOPORTE / GOMA-METAL,CITROEN,Jumper,,Fuelle semi eje (lado rueda) .,lado rueda,https://reygoma.com.ar/wp-content/uploads/2019/01/8388.gif,https://reygoma.com.ar/producto/art-8388/,CITROEN | Jumper,
REY GOMA,8386,SOPORTE / GOMA-METAL,CITROEN,Jumper,,(184665) Soporte superior de motor,184665,https://reygoma.com.ar/wp-content/uploads/2019/01/8386.gif,https://reygoma.com.ar/producto/art-8386/,CITROEN | Jumper,
REY GOMA,8379,SOPORTE DE CAJA,CITROEN,Jumper,,(7663999) Soporte caja de velocidades 2.8,7663999,https://reygoma.com.ar/wp-content/uploads/2019/01/2325.gif,https://reygoma.com.ar/producto/art-8379/,CITROEN | Jumper,CAJA
REY GOMA,8378,SOPORTE DE MOTOR,CITROEN,Jumper,,(4456819) Soporte de motor 2.8,4456819,https://reygoma.com.ar/wp-content/uploads/2019/01/2324.gif,https://reygoma.com.ar/producto/art-8378/,CITROEN | Jumper,
REY GOMA,8377,SOPORTE DE MOTOR,CITROEN,Jumper,,"(180139) (180253) Soporte de motor (ambos lados) 2,8 TDI año 2005 en adelante.",180139 | 180253 | ambos lados,https://reygoma.com.ar/wp-content/uploads/2019/01/2339-1-1.gif,https://reygoma.com.ar/producto/art-8377/,CITROEN | Jumper,AMBOS LADOS
REY GOMA,8368,SOPORTE / GOMA-METAL,CITROEN,Jumper,,(182719) Soporte delantero de motor 2.5 (lado derecho),182719 | lado derecho,https://reygoma.com.ar/wp-content/uploads/2019/01/2334.gif,https://reygoma.com.ar/producto/art-8368/,CITROEN | Jumper,DERECHO
REY GOMA,8367,SOPORTE / GOMA-METAL,CITROEN,Jumper,,(182717) Soporte delantero de motor 2.5 (lado izquierdo),182717 | lado izquierdo,https://reygoma.com.ar/wp-content/uploads/2019/01/8367.gif,https://reygoma.com.ar/producto/art-8367/,CITROEN | Jumper,IZQUIERDO
REY GOMA,8366,SOPORTE DE CAJA,CITROEN,Jumper,,(184666) Soporte caja de velocidades modelo nuevo,184666,https://reygoma.com.ar/wp-content/uploads/2019/01/23297071-1.gif,https://reygoma.com.ar/producto/art-8366/,CITROEN | Jumper,CAJA
REY GOMA,8352,SOPORTE / GOMA-METAL,CITROEN,Gs,,Fuelle semi eje (lado caja),lado caja,https://reygoma.com.ar/wp-content/uploads/2019/01/8352.gif,https://reygoma.com.ar/producto/art-8352/,CITROEN | Gs,CAJA
REY GOMA,8338,SOPORTE / GOMA-METAL,CITROEN,Dyane,,"(VAN1332) Soporte delantero de motor 2 cv, 3 cv,",VAN1332,https://reygoma.com.ar/wp-content/uploads/2019/01/83381x1-1.gif,https://reygoma.com.ar/producto/art-8338-2/,CITROEN | Dyane,
REY GOMA,8325,SOPORTE DE CAJA,CITROEN,Dyane,,"(A1331A) Soporte caja de velocidades 2 cv, 3 cv,",A1331A,https://reygoma.com.ar/wp-content/uploads/2019/01/83251x1-1.gif,https://reygoma.com.ar/producto/art-8325-2/,CITROEN | Dyane,CAJA
REY GOMA,8394,SOPORTE DE MOTOR,C4,CITROEN,,(1807.GJ) Soporte de motor (hidráulico) (lado derecho) coupé 1.6 16V,1807.GJ | hidráulico | lado derecho,https://reygoma.com.ar/wp-content/uploads/2019/01/8394.gif,https://reygoma.com.ar/producto/art-8394/,C4 | CITROEN,DERECHO
REY GOMA,8393,SOPORTE DE MOTOR,C4,CITROEN,,(1807.GF) Soporte de motor (hidráulico)(lado derecho) 1.6 HDI,1807.GF | hidráulico | lado derecho,https://reygoma.com.ar/wp-content/uploads/2019/01/8393.gif,https://reygoma.com.ar/producto/art-8393/,C4 | CITROEN,DERECHO
REY GOMA,8392/1,SOPORTE / GOMA-METAL,C4,CITROEN,,Kit con abrazaderas y lubricante.,,https://reygoma.com.ar/wp-content/uploads/2019/01/8392-1.gif,https://reygoma.com.ar/producto/art-8392-1/,C4 | CITROEN,
REY GOMA,8392,SOPORTE / GOMA-METAL,C4,CITROEN,,Fuelle semi eje palier grueso (lado caja) c/forma .,lado caja,https://reygoma.com.ar/wp-content/uploads/2019/01/8392.gif,https://reygoma.com.ar/producto/art-8392/,C4 | CITROEN,CAJA
REY GOMA,8390,SOPORTE DE MOTOR,C4,CITROEN,,(1839H6) Soporte de motor (lado derecho) 2.0 L.,1839H6 | lado derecho,https://reygoma.com.ar/wp-content/uploads/2019/01/8390.gif,https://reygoma.com.ar/producto/art-8390/,C4 | CITROEN,DERECHO
REY GOMA,8389,SOPORTE DE MOTOR,C4,CITROEN,,(1839J1) Soporte de motor (lado derecho) 1.6 L.,1839J1 | lado derecho,https://reygoma.com.ar/wp-content/uploads/2019/01/8389.gif,https://reygoma.com.ar/producto/art-8389/,C4 | CITROEN,DERECHO
REY GOMA,8387/1,SOPORTE / GOMA-METAL,C4,CITROEN,,Kit con abrazaderas y lubricante.,,https://reygoma.com.ar/wp-content/uploads/2019/01/8387-1.gif,https://reygoma.com.ar/producto/art-8387-1/,C4 | CITROEN,
REY GOMA,8387,SOPORTE / GOMA-METAL,C4,CITROEN,,Fuelle semi eje (lado caja) .,lado caja,https://reygoma.com.ar/wp-content/uploads/2019/01/8387.gif,https://reygoma.com.ar/producto/art-8387/,C4 | CITROEN,CAJA
REY GOMA,8385,CAZOLETA,C4,CITROEN,,(5031-770C) Cazoleta suspension delantera (completa),5031-770C | completa,https://reygoma.com.ar/wp-content/uploads/2018/12/img830-300x300.jpg,https://reygoma.com.ar/producto/art-8385/,C4 | CITROEN,
REY GOMA,8384,CAZOLETA,C4,CITROEN,,(5031-770) Cazoleta suspension delantera,5031-770,https://reygoma.com.ar/wp-content/uploads/2019/01/8384.gif,https://reygoma.com.ar/producto/art-8384/,C4 | CITROEN,
REY GOMA,8396/1,SOPORTE / GOMA-METAL,C3,CITROEN,,Kit con abrazaderas y lubricante,,https://reygoma.com.ar/wp-content/uploads/2019/01/8396-1.gif,https://reygoma.com.ar/producto/art-8396-1/,C3 | CITROEN,
REY GOMA,8396,SOPORTE / GOMA-METAL,C3,CITROEN,,Fuelle semi eje (lado caja) (palier grueso),lado caja | palier grueso,https://reygoma.com.ar/wp-content/uploads/2019/01/8396.gif,https://reygoma.com.ar/producto/art-8396/,C3 | CITROEN,CAJA
REY GOMA,8395/1,SOPORTE / GOMA-METAL,C3,CITROEN,,Kit con abrazaderas y lubricante,,https://reygoma.com.ar/wp-content/uploads/2019/01/8395-1.gif,https://reygoma.com.ar/producto/art-8395-1/,C3 | CITROEN,
REY GOMA,8395,SOPORTE / GOMA-METAL,C3,CITROEN,,Fuelle semi eje (lado caja) (palier fino),lado caja | palier fino,https://reygoma.com.ar/wp-content/uploads/2019/01/8395.gif,https://reygoma.com.ar/producto/art-8395/,C3 | CITROEN,CAJA
REY GOMA,8380,SOPORTE DE MOTOR,C3,CITROEN,,(1807W6) Soporte de motor (lado derecho) diesel (hidráulico),1807W6 | lado derecho | hidráulico,https://reygoma.com.ar/wp-content/uploads/2019/01/8380.gif,https://reygoma.com.ar/producto/art-8380/,C3 | CITROEN,DERECHO
REY GOMA,8375,SOPORTE DE MOTOR,C3,CITROEN,,"(1839F0) Soporte de motor (lado derecho) nafta 1,6 16v (hidráulico)",1839F0 | lado derecho | hidráulico,https://reygoma.com.ar/wp-content/uploads/2019/01/8375.gif,https://reygoma.com.ar/producto/art-8375/,C3 | CITROEN,DERECHO
REY GOMA,8374,SOPORTE DE MOTOR,C3,CITROEN,,(181392) Soporte de motor (lado izquierdo) naftero 1.6 16V motor TU5JP4 diesel HDI.,181392 | lado izquierdo,https://reygoma.com.ar/wp-content/uploads/2019/01/8374.gif,https://reygoma.com.ar/producto/art-8374/,C3 | CITROEN,IZQUIERDO
REY GOMA,8373,SOPORTE / GOMA-METAL,C3,CITROEN,,(180659) Bieleta antipar 1.6 16V naftero ó diesel,180659,https://reygoma.com.ar/wp-content/uploads/2019/01/8373.gif,https://reygoma.com.ar/producto/art-8373/,C3 | CITROEN,
REY GOMA,8372,BUJE,Berlingo,CITROEN,,"(352383) Buje de parrilla Ø 18.8 mm. Xsara, modelo 2000.",352383,https://reygoma.com.ar/wp-content/uploads/2019/01/8372.gif,https://reygoma.com.ar/producto/art-8372/,Berlingo | CITROEN,
REY GOMA,8371,SOPORTE DE MOTOR,Berlingo,CITROEN,,"(184451) Soporte de motor (lado izquierdo) modelos Xsara 1.4 Iny., Saxo 1.4 Iny. motor TU3JP / 1.6 Iny. 90 CV / 100CV, Xsara II 16V motor TUSJP4 1.6, motor…",184451 | lado izquierdo,https://reygoma.com.ar/wp-content/uploads/2019/01/7036.gif,https://reygoma.com.ar/producto/art-8371/,Berlingo | CITROEN,IZQUIERDO
REY GOMA,8369,SOPORTE DE MOTOR,Berlingo,CITROEN,,"(184436) Soporte de motor (lado izquierdo) modelos Xsara 1.9 D / TD / 2.0 TD, Xsara Picasso 1.8 Iny./ 2.0 TD, 1.8 Iny., ZX 1.9 D / TD /…",184436 | lado izquierdo,https://reygoma.com.ar/wp-content/uploads/2019/01/7038.gif,https://reygoma.com.ar/producto/art-8369/,Berlingo | CITROEN,IZQUIERDO
REY GOMA,8365,SOPORTE / GOMA-METAL,Berlingo,CITROEN,,"(180921) Soporte central Xsara, Xantia y . Ø 70 mm.",180921,https://reygoma.com.ar/wp-content/uploads/2019/01/7039.gif,https://reygoma.com.ar/producto/art-8365/,Berlingo | CITROEN,CENTRO
REY GOMA,8364,CAZOLETA,Berlingo,CITROEN,,(503824) Cazoleta de amortiguador (sin dirección hidráulica).,503824 | sin dirección hidráulica,https://reygoma.com.ar/wp-content/uploads/2019/01/8364.gif,https://reygoma.com.ar/producto/art-8364/,Berlingo | CITROEN,
REY GOMA,8363,CAZOLETA,Berlingo,CITROEN,,(503821) Cazoleta de amortiguador (con dirección hidráulica).,503821 | con dirección hidráulica,https://reygoma.com.ar/wp-content/uploads/2019/01/7035.gif,https://reygoma.com.ar/producto/art-8363/,Berlingo | CITROEN,
REY GOMA,8362,BUJE,Berlingo,CITROEN,,"(352350) Buje parrilla de suspensión modelos Xsara, Xantia y hasta año 2000. Ø 18,7 mm.",352350,https://reygoma.com.ar/wp-content/uploads/2019/01/70281x1.gif,https://reygoma.com.ar/producto/art-8362/,Berlingo | CITROEN,
REY GOMA,8361/1,SOPORTE / GOMA-METAL,Berlingo,CITROEN,,Kit con abrazaderas y lubricante.,,https://reygoma.com.ar/wp-content/uploads/2019/01/8361-1.gif,https://reygoma.com.ar/producto/art-8361-1/,Berlingo | CITROEN,
REY GOMA,8361,SOPORTE / GOMA-METAL,Berlingo,CITROEN,,Fuelle s/eje Xantia caño (lado rueda) y .,lado rueda,https://reygoma.com.ar/wp-content/uploads/2019/01/8361.gif,https://reygoma.com.ar/producto/art-8361/,Berlingo | CITROEN,
REY GOMA,8360/1,SOPORTE / GOMA-METAL,Berlingo,CITROEN,,Kit con abrazaderas y lubricante,,https://reygoma.com.ar/wp-content/uploads/2019/01/8360-1.gif,https://reygoma.com.ar/producto/art-8360-1/,Berlingo | CITROEN,
REY GOMA,8360,SOPORTE / GOMA-METAL,Berlingo,CITROEN,,Fuelle s/eje Xantia caño (lado caja) (intermedio),lado caja | intermedio,https://reygoma.com.ar/wp-content/uploads/2019/01/8360.gif,https://reygoma.com.ar/producto/art-8360/,Berlingo | CITROEN,CAJA
REY GOMA,8358,SOPORTE DE MOTOR,Berlingo,CITROEN,,"(1844770) Soporte de motor (lado derecho) (no hidráulico) modelos ZX, y",1844770 | lado derecho | no hidráulico,https://reygoma.com.ar/wp-content/uploads/2019/01/8358.gif,https://reygoma.com.ar/producto/art-8358/,Berlingo | CITROEN,DERECHO
REY GOMA,8357,BUJE,Berlingo,CITROEN,,"(1809160) Soporte buje central de motor Xantia, Xsara, ZX, . Ø 70 mm.",1809160,https://reygoma.com.ar/wp-content/uploads/2019/01/8357.gif,https://reygoma.com.ar/producto/art-8357/,Berlingo | CITROEN,CENTRO
REY GOMA,8355,SOPORTE / GOMA-METAL,Berlingo,CITROEN,,"(1843950) Soporte delante de motor (lado izquierdo) Xantia, Xsara, ZX,",1843950 | lado izquierdo,https://reygoma.com.ar/wp-content/uploads/2019/01/8355.gif,https://reygoma.com.ar/producto/art-8355/,Berlingo | CITROEN,IZQUIERDO
REY GOMA,8354,SOPORTE / GOMA-METAL,Berlingo,CITROEN,,"(1807430) Soporte delantero de motor (lado derecho) Xantia, Xsara, ZX,",1807430 | lado derecho,https://reygoma.com.ar/wp-content/uploads/2019/01/8354.gif,https://reygoma.com.ar/producto/art-8354/,Berlingo | CITROEN,DERECHO
REY GOMA,8356,TOPE AMORTIGUADOR,Ax,CITROEN,,(1844170) Soporte tope de motor (lado derecho) modelos ZX,1844170 | lado derecho,https://reygoma.com.ar/wp-content/uploads/2019/01/8356.gif,https://reygoma.com.ar/producto/art-8356/,Ax | CITROEN,DERECHO
REY GOMA,8350,SOPORTE / GOMA-METAL,2 cv 3 cv,CITROEN,,(AM1323A) Junta de tapa de válvulas,AM1323A,https://reygoma.com.ar/wp-content/uploads/2019/01/83501x1.gif,https://reygoma.com.ar/producto/art-8350/,2 cv 3 cv | CITROEN,
REY GOMA,8349,SOPORTE / GOMA-METAL,2 cv 3 cv,CITROEN,,(AM37396) Anillo protector de guardapolvo,AM37396,https://reygoma.com.ar/wp-content/uploads/2019/01/83491x1.gif,https://reygoma.com.ar/producto/art-8349/,2 cv 3 cv | CITROEN,
REY GOMA,8348,SOPORTE / GOMA-METAL,2 cv 3 cv,CITROEN,,(AM37399) Fuelle guardapolvo cruceta,AM37399,https://reygoma.com.ar/wp-content/uploads/2019/01/83481x1.gif,https://reygoma.com.ar/producto/art-8348/,2 cv 3 cv | CITROEN,
REY GOMA,8347,SOPORTE / GOMA-METAL,2 cv 3 cv,CITROEN,,(A237288) Fuelle protector de transmisión,A237288,https://reygoma.com.ar/wp-content/uploads/2019/01/83471x1.gif,https://reygoma.com.ar/producto/art-8347/,2 cv 3 cv | CITROEN,
REY GOMA,8346,PEDAL,2 cv 3 cv,CITROEN,,(D45463) Cubre pedal de freno y de embrague,D45463,https://reygoma.com.ar/wp-content/uploads/2019/01/83461x1.gif,https://reygoma.com.ar/producto/art-8346/,2 cv 3 cv | CITROEN,
REY GOMA,8338,SOPORTE / GOMA-METAL,2 cv 3 cv,CITROEN,,"(VAN1332) Soporte delantero de motor 2 cv, 3 cv, Dyane",VAN1332,https://reygoma.com.ar/wp-content/uploads/2019/01/83381x1.gif,https://reygoma.com.ar/producto/art-8338/,2 cv 3 cv | CITROEN,
REY GOMA,8330,SOPORTE / GOMA-METAL,2 cv 3 cv,CITROEN,,(A22495B) Junta doble para tubo varilla de balancines,A22495B,https://reygoma.com.ar/wp-content/uploads/2019/01/83301x1.gif,https://reygoma.com.ar/producto/art-8330/,2 cv 3 cv | CITROEN,
REY GOMA,8328,SOPORTE / GOMA-METAL,2 cv 3 cv,CITROEN,,(A17199A) Capuchón cubre válvula depresora modelo 2 CV,A17199A,https://reygoma.com.ar/wp-content/uploads/2019/01/83281x1.gif,https://reygoma.com.ar/producto/art-8328/,2 cv 3 cv | CITROEN,
REY GOMA,8325,SOPORTE DE CAJA,2 cv 3 cv,CITROEN,,"(A1331A) Soporte caja de velocidades 2 cv, 3 cv, Dyane",A1331A,https://reygoma.com.ar/wp-content/uploads/2019/01/83251x1.gif,https://reygoma.com.ar/producto/art-8325/,2 cv 3 cv | CITROEN,CAJA
REY GOMA,8320,ACCESORIO,2 cv 3 cv,CITROEN,,(A86174) Arandela manija de puerta,A86174,https://reygoma.com.ar/wp-content/uploads/2019/01/83201x1.gif,https://reygoma.com.ar/producto/art-8320/,2 cv 3 cv | CITROEN,
REY GOMA,8314/1,SOPORTE / GOMA-METAL,2 cv 3 cv,CITROEN,,(Reforma) Fuelle de semi eje,Reforma,https://reygoma.com.ar/wp-content/uploads/2019/01/8314-41x1.gif,https://reygoma.com.ar/producto/art-8314-1/,2 cv 3 cv | CITROEN,
REY GOMA,8313,SOPORTE / GOMA-METAL,2 cv 3 cv,CITROEN,,(A96153) Entrechapa ventana (clava ventana),A96153 | clava ventana,https://reygoma.com.ar/wp-content/uploads/2019/01/83131x1.gif,https://reygoma.com.ar/producto/art-8313-2/,2 cv 3 cv | CITROEN,
REY GOMA,8312,BUJE,2 cv 3 cv,CITROEN,,(A33473) Buje palanca de cambios,A33473,https://reygoma.com.ar/wp-content/uploads/2019/01/83121x1.gif,https://reygoma.com.ar/producto/art-8312/,2 cv 3 cv | CITROEN,
REY GOMA,8310,SOPORTE / GOMA-METAL,2 cv 3 cv,CITROEN,,(A43486) Fuelle varilla de suspensión,A43486,https://reygoma.com.ar/wp-content/uploads/2019/01/83101x1.gif,https://reygoma.com.ar/producto/art-8310/,2 cv 3 cv | CITROEN,
REY GOMA,8305,ACCESORIO,2 cv 3 cv,CITROEN,,(A61584) Antichirrido grande para capot,A61584,https://reygoma.com.ar/wp-content/uploads/2019/01/83051x1.gif,https://reygoma.com.ar/producto/art-8305-2/,2 cv 3 cv | CITROEN,
REY GOMA,8304/1,SOPORTE / GOMA-METAL,2 cv 3 cv,CITROEN,,(AM37288) Fuelle de transmisión,AM37288,https://reygoma.com.ar/wp-content/uploads/2019/01/8304-11x1-1.gif,https://reygoma.com.ar/producto/art-8304-1/,2 cv 3 cv | CITROEN,
REY GOMA,8301,PEDAL,2 cv 3 cv,CITROEN,,(A45397) Cubre pedal de freno y de embrague modelo 2 CV,A45397,https://reygoma.com.ar/wp-content/uploads/2019/01/83011x1.gif,https://reygoma.com.ar/producto/art-8301/,2 cv 3 cv | CITROEN,
REY GOMA,8300,BUJE,2 cv 3 cv,CITROEN,,Buje de amortiguador,,https://reygoma.com.ar/wp-content/uploads/2019/01/83001x1-2.gif,https://reygoma.com.ar/producto/art-8300/,2 cv 3 cv | CITROEN,
REY GOMA,7852,SOPORTE / GOMA-METAL,DAEWOO,,,(90250348) Soporte delantero de motor (central) Espero.,90250348 | central,https://reygoma.com.ar/wp-content/uploads/2018/10/7852.jpg,https://reygoma.com.ar/producto/art-7852/,DAEWOO,CENTRO
REY GOMA,7851,SOPORTE DE MOTOR,DAEWOO,,,(90372412) Soporte de motor (lado caja) Espero.,90372412 | lado caja,https://reygoma.com.ar/wp-content/uploads/2018/10/7851.jpg,https://reygoma.com.ar/producto/art-7851/,DAEWOO,CAJA
REY GOMA,7850,SOPORTE DE MOTOR,DAEWOO,,,(90250437) Soporte de motor delantero (lado derecho) Espero.,90250437 | lado derecho,https://reygoma.com.ar/wp-content/uploads/2018/10/7850.jpg,https://reygoma.com.ar/producto/art-7850/,DAEWOO,DERECHO
REY GOMA,8920/1,SOPORTE / GOMA-METAL,DAIHATSU,,,Kit con abrazaderas y lubricante,,https://reygoma.com.ar/wp-content/uploads/2018/11/8920-1.gif,https://reygoma.com.ar/producto/art-8920-1/,DAIHATSU,
REY GOMA,8920,SOPORTE / GOMA-METAL,DAIHATSU,,,Fuelle semi eje (lado caja) Cuore,lado caja,https://reygoma.com.ar/wp-content/uploads/2018/11/8920.gif,https://reygoma.com.ar/producto/art-8920/,DAIHATSU,CAJA
REY GOMA,8606,SOPORTE DE CAJA,DEUTZ,,,(03072047) Soporte caja de velocidades pick-up Ford con motor,03072047,https://reygoma.com.ar/wp-content/uploads/2018/11/86061x1.gif,https://reygoma.com.ar/producto/art-8606/,DEUTZ,CAJA
REY GOMA,8605,SOPORTE / GOMA-METAL,DEUTZ,,,(04900130) (03018490) Soporte delantero de motor de pick-up Ford con motor,04900130 | 03018490,https://reygoma.com.ar/wp-content/uploads/2018/11/86051x1.gif,https://reygoma.com.ar/producto/art-8605/,DEUTZ,
REY GOMA,8604,SOPORTE / GOMA-METAL,DEUTZ,,,(15712) Soporte delantero de motor Júpiter. h 65 mm.,15712,https://reygoma.com.ar/wp-content/uploads/2018/11/86041x1.gif,https://reygoma.com.ar/producto/art-8604/,DEUTZ,
REY GOMA,8603,SOPORTE DE CAJA,DEUTZ,,,(03072046) Soporte caja de velocidades pick-up Ford con motor,03072046,https://reygoma.com.ar/wp-content/uploads/2018/11/86031x1.gif,https://reygoma.com.ar/producto/art-8603/,DEUTZ,CAJA
REY GOMA,8602,SOPORTE / GOMA-METAL,DEUTZ,,,(5157) Soporte delantero de motor camión Merckur 4 y 6 cilindros. h 59 mm.,5157,https://reygoma.com.ar/wp-content/uploads/2018/11/86021x1.gif,https://reygoma.com.ar/producto/art-8602/,DEUTZ,
REY GOMA,8601,SOPORTE / GOMA-METAL,DEUTZ,,,(515759) Soporte trasero de motor camión (agujeros de 7/16′),515759 | agujeros de 7/16′,https://reygoma.com.ar/wp-content/uploads/2018/11/86011x1.gif,https://reygoma.com.ar/producto/art-8601/,DEUTZ,
REY GOMA,8600,SOPORTE DE MOTOR,DEUTZ,,,Soporte de motor trasero ómnibus,,https://reygoma.com.ar/wp-content/uploads/2018/11/86001x1.gif,https://reygoma.com.ar/producto/art-8600/,DEUTZ,
REY GOMA,4402/4,SOPORTE / GOMA-METAL,DODGE-VW,Journey,,(5147774AC) Soporte trasero de motor años 2011 al 2016,5147774AC,https://reygoma.com.ar/wp-content/uploads/2021/04/4402-4.jpg,https://reygoma.com.ar/producto/art-4402-4-2/,DODGE-VW | Journey,
REY GOMA,4402/3,SOPORTE DE MOTOR,DODGE-VW,Journey,,(05171085AC) Buje reparación soporte de motor trasero y delantero año 2009 en adelante.,05171085AC,https://reygoma.com.ar/wp-content/uploads/2019/03/4402.3-e1553699909386.gif,https://reygoma.com.ar/producto/art-4402-3-2/,DODGE-VW | Journey,
REY GOMA,4402/2,SOPORTE DE MOTOR,DODGE-VW,Journey,,(04766474AC) Buje reparación soporte de motor (lado izquierdo) año 2009 en adelante.,04766474AC | lado izquierdo,https://reygoma.com.ar/wp-content/uploads/2019/03/4402.2.gif,https://reygoma.com.ar/producto/art-4402-2-2/,DODGE-VW | Journey,IZQUIERDO
REY GOMA,4423,TOPE AMORTIGUADOR,DODGE-VW,Valiant,,(2535027) (2462578) (1858070) Tope brazo inferior de suspensión delantera y Dodge,2535027 | 2462578 | 1858070,https://reygoma.com.ar/wp-content/uploads/2018/12/44231x1-1.gif,https://reygoma.com.ar/producto/art-4423-2/,DODGE-VW | Valiant,
REY GOMA,4421,TOPE AMORTIGUADOR,DODGE-VW,Valiant,,(2928433) Tope de parrilla superior y Dodge,2928433,https://reygoma.com.ar/wp-content/uploads/2018/12/44211x1-1.gif,https://reygoma.com.ar/producto/art-4421-2/,DODGE-VW | Valiant,
REY GOMA,4310,SOPORTE / GOMA-METAL,DODGE-VW,Valiant,,"(1889921) Capuchón de bujía Polara, Coronado y D 100 con motor Slant Six",1889921,https://reygoma.com.ar/wp-content/uploads/2018/12/43101x1-3.gif,https://reygoma.com.ar/producto/art-4310-4/,DODGE-VW | Valiant,
REY GOMA,4308,SOPORTE DE CAJA,DODGE-VW,Valiant,,(2265836) Soporte caja de velocidades,2265836,https://reygoma.com.ar/wp-content/uploads/2018/12/43081x1.gif,https://reygoma.com.ar/producto/art-4308/,DODGE-VW | Valiant,CAJA
REY GOMA,4306,PEDAL,DODGE-VW,Valiant,,(1731228) Cubre pedal de freno y de embrague,1731228,https://reygoma.com.ar/wp-content/uploads/2018/12/43061x1.gif,https://reygoma.com.ar/producto/art-4306/,DODGE-VW | Valiant,
REY GOMA,4302,SOPORTE / GOMA-METAL,DODGE-VW,Valiant,,(2265018) Soporte delantero izquierdo de motor,2265018,https://reygoma.com.ar/wp-content/uploads/2018/12/43021x1.gif,https://reygoma.com.ar/producto/art-4302/,DODGE-VW | Valiant,IZQUIERDO
REY GOMA,4301,SOPORTE / GOMA-METAL,DODGE-VW,Valiant,,(2264140) Soporte delantero de motor,2264140,https://reygoma.com.ar/wp-content/uploads/2018/12/43011x1.gif,https://reygoma.com.ar/producto/art-4301/,DODGE-VW | Valiant,
REY GOMA,4423,TOPE AMORTIGUADOR,DODGE-VW,Polara,,(2535027) (2462578) (1858070) Tope brazo inferior de suspensión delantera Valiant y Dodge,2535027 | 2462578 | 1858070,https://reygoma.com.ar/wp-content/uploads/2018/12/44231x1.gif,https://reygoma.com.ar/producto/art-4423/,DODGE-VW | Polara,
REY GOMA,4421,TOPE AMORTIGUADOR,DODGE-VW,Polara,,(2928433) Tope de parrilla superior Valiant y Dodge,2928433,https://reygoma.com.ar/wp-content/uploads/2018/12/44211x1.gif,https://reygoma.com.ar/producto/art-4421/,DODGE-VW | Polara,
REY GOMA,4402,SOPORTE DE CAJA,DODGE-VW,Polara,,(T06010) Soporte caja de velocidades para coches con motor Perkins,T06010,https://reygoma.com.ar/wp-content/uploads/2018/12/44021x1-1.gif,https://reygoma.com.ar/producto/art-4402-4/,DODGE-VW | Polara,CAJA
REY GOMA,4401,SOPORTE / GOMA-METAL,DODGE-VW,Polara,,(A003334/1) (0060150006069) (Perkins 06015) Soporte delantero de motor para coches con motor Perkins 4-203,A003334/1 | 0060150006069 | Perkins 06015,https://reygoma.com.ar/wp-content/uploads/2018/12/44011x1-1.gif,https://reygoma.com.ar/producto/art-4401-2/,DODGE-VW | Polara,
REY GOMA,4310,SOPORTE / GOMA-METAL,DODGE-VW,Polara,,"(1889921) Capuchón de bujía Valiant, Coronado y D 100 con motor Slant Six",1889921,https://reygoma.com.ar/wp-content/uploads/2018/12/43101x1-2.gif,https://reygoma.com.ar/producto/art-4310-3/,DODGE-VW | Polara,
REY GOMA,4236,SOPORTE / GOMA-METAL,DODGE-VW,Polara,,(2487305) Tapa registro de frenos todos,2487305,https://reygoma.com.ar/wp-content/uploads/2018/12/42361x1-2.gif,https://reygoma.com.ar/producto/art-4236-3/,DODGE-VW | Polara,
REY GOMA,4235/1,MANCHON,DODGE-VW,Polara,,(222664X) Manchón de dirección Dodge y REFORMA,222664X,https://reygoma.com.ar/wp-content/uploads/2018/12/4235-11x1-1.gif,https://reygoma.com.ar/producto/art-4235-1-2/,DODGE-VW | Polara,
REY GOMA,4402,SOPORTE DE CAJA,DODGE-VW,Pick up,,(T06010) Soporte caja de velocidades para coches con motor Perkins,T06010,https://reygoma.com.ar/wp-content/uploads/2018/12/44021x1.gif,https://reygoma.com.ar/producto/art-4402/,DODGE-VW | Pick up,CAJA
REY GOMA,4401,SOPORTE / GOMA-METAL,DODGE-VW,Pick up,,(A003334/1) (0060150006069) (Perkins 06015) Soporte delantero de motor para coches con motor Perkins 4-203,A003334/1 | 0060150006069 | Perkins 06015,https://reygoma.com.ar/wp-content/uploads/2018/12/44011x1.gif,https://reygoma.com.ar/producto/art-4401/,DODGE-VW | Pick up,
REY GOMA,4310,SOPORTE / GOMA-METAL,DODGE-VW,Pick up,,"(1889921) Capuchón de bujía Valiant, Polara, Coronado y D100 con motor Slant Six",1889921,https://reygoma.com.ar/wp-content/uploads/2018/12/43101x1-1.gif,https://reygoma.com.ar/producto/art-4310-2/,DODGE-VW | Pick up,
REY GOMA,4239,SOPORTE DE MOTOR,DODGE-VW,Pick up,,(2264675) Soporte de motor modelos D100 y D400 con motor Slant Six,2264675,https://reygoma.com.ar/wp-content/uploads/2018/12/42391x1-1.gif,https://reygoma.com.ar/producto/art-4239-2/,DODGE-VW | Pick up,
REY GOMA,4236,SOPORTE / GOMA-METAL,DODGE-VW,Pick up,,(2487305) Tapa registro de frenos todos,2487305,https://reygoma.com.ar/wp-content/uploads/2018/12/42361x1-1.gif,https://reygoma.com.ar/producto/art-4236-2/,DODGE-VW | Pick up,
REY GOMA,4235/1,MANCHON,DODGE-VW,Pick up,,(222664X) Manchón de dirección Dodge y REFORMA Polara,222664X,https://reygoma.com.ar/wp-content/uploads/2018/12/4235-11x1.gif,https://reygoma.com.ar/producto/art-4235-1/,DODGE-VW | Pick up,
REY GOMA,4231/1,SOPORTE DE CAJA,DODGE-VW,Pick up,,"(2489388) Soporte sin tornillo para caja de velocidades modelos D 100, D 200, DP 200 y D 400 motor Perkins M-6354",2489388,https://reygoma.com.ar/wp-content/uploads/2018/12/4231-11x1-1.gif,https://reygoma.com.ar/producto/art-4231-1-2/,DODGE-VW | Pick up,CAJA
REY GOMA,4231,SOPORTE DE CAJA,DODGE-VW,Pick up,,"(2489388) Soporte con tornillo para caja de velocidades con motor Slant Six modelos D100, D200, DP 200 y D400",2489388,https://reygoma.com.ar/wp-content/uploads/2018/12/42311x1-1.gif,https://reygoma.com.ar/producto/art-4231-2/,DODGE-VW | Pick up,CAJA
REY GOMA,4224,SOPORTE DE CAJA,DODGE-VW,Pick up,,"(2230368) (2487561) Soporte caja de velocidades modelos D100, D400 y D 500 motor Perkins M-6354",2230368 | 2487561,https://reygoma.com.ar/wp-content/uploads/2018/12/42241x1-1.gif,https://reygoma.com.ar/producto/art-4224-2/,DODGE-VW | Pick up,CAJA
REY GOMA,4222/1,SOPORTE / GOMA-METAL,DODGE-VW,Pick up,,(REFORMA) Soporte metálico para gancho de goma chico para capot modelos D100 y D400,REFORMA,https://reygoma.com.ar/wp-content/uploads/2018/12/4222-11x1-1.gif,https://reygoma.com.ar/producto/art-4222-1-2/,DODGE-VW | Pick up,
REY GOMA,4222,SOPORTE / GOMA-METAL,DODGE-VW,Pick up,,(REFORMA) Gancho de goma chico para capot modelos D100 y D400,REFORMA,https://reygoma.com.ar/wp-content/uploads/2018/12/42221x1-1.gif,https://reygoma.com.ar/producto/art-4222-2/,DODGE-VW | Pick up,
REY GOMA,4221,PEDAL,DODGE-VW,Pick up,,(1937956) Cubre pedal de freno y de embrague modelo D100,1937956,https://reygoma.com.ar/wp-content/uploads/2018/12/42211x1.gif,https://reygoma.com.ar/producto/art-4221/,DODGE-VW | Pick up,
REY GOMA,4155,BUJE,DODGE-VW,Pick up,,(668164) Buje de amortiguador,668164,https://reygoma.com.ar/wp-content/uploads/2018/12/41551x1.gif,https://reygoma.com.ar/producto/art-4155/,DODGE-VW | Pick up,
REY GOMA,4402/1,SOPORTE DE MOTOR,DODGE-VW,Journey,,(05171071AC) (05171070AD) Reparación soporte de motor (lado derecho) 2.4 y 2.7 años 2009 al 2012,05171071AC | 05171070AD | lado derecho,https://reygoma.com.ar/wp-content/uploads/2018/12/4402-1.gif,https://reygoma.com.ar/producto/art-4402-1/,DODGE-VW | Journey,DERECHO
REY GOMA,4310,SOPORTE / GOMA-METAL,Coronado,DODGE-VW,,"(1889921) Capuchón de bujía Valiant, Polara, y D 100 con motor Slant Six",1889921,https://reygoma.com.ar/wp-content/uploads/2018/12/43101x1.gif,https://reygoma.com.ar/producto/art-4310/,Coronado | DODGE-VW,
REY GOMA,4239,SOPORTE DE MOTOR,Camion,DODGE-VW,,(2264675) Soporte de motor modelos D 100 y D 400 con motor Slant Six,2264675,https://reygoma.com.ar/wp-content/uploads/2018/12/42391x1.gif,https://reygoma.com.ar/producto/art-4239/,Camion | DODGE-VW,
REY GOMA,4238,SOPORTE / GOMA-METAL,Camion,DODGE-VW,,(1563193) Soporte de cabina (alto) camiones Dodge todos,1563193 | alto,https://reygoma.com.ar/wp-content/uploads/2018/12/42381x1.gif,https://reygoma.com.ar/producto/art-4238/,Camion | DODGE-VW,
REY GOMA,4237,SOPORTE / GOMA-METAL,Camion,DODGE-VW,,Soporte de cabina (bajo) camiones Dodge todos,bajo,https://reygoma.com.ar/wp-content/uploads/2018/12/42371x1.gif,https://reygoma.com.ar/producto/art-4237/,Camion | DODGE-VW,
REY GOMA,4236,SOPORTE / GOMA-METAL,Camion,DODGE-VW,,(2487305) Tapa registro de frenos todos,2487305,https://reygoma.com.ar/wp-content/uploads/2018/12/42361x1.gif,https://reygoma.com.ar/producto/art-4236/,Camion | DODGE-VW,
REY GOMA,4231/1,SOPORTE DE CAJA,Camion,DODGE-VW,,"(2489388) Soporte sin tornillo para caja de velocidades modelos D 100, D 200, DP 200 y D 400 motor Perkins M-6354",2489388,https://reygoma.com.ar/wp-content/uploads/2018/12/4231-11x1.gif,https://reygoma.com.ar/producto/art-4231-1/,Camion | DODGE-VW,CAJA
REY GOMA,4231,SOPORTE DE CAJA,Camion,DODGE-VW,,"(2489388) Soporte con tornillo para caja de velocidades con motor Slant Six modelos D 100, D 200, DP 200 y D 400",2489388,https://reygoma.com.ar/wp-content/uploads/2018/12/42311x1.gif,https://reygoma.com.ar/producto/art-4231/,Camion | DODGE-VW,CAJA
REY GOMA,4224,SOPORTE DE CAJA,Camion,DODGE-VW,,"(2230368) (2487561) Soporte caja de velocidades modelos D 100, D 400 y D 500 motor Perkins M-6354",2230368 | 2487561,https://reygoma.com.ar/wp-content/uploads/2018/12/42241x1.gif,https://reygoma.com.ar/producto/art-4224/,Camion | DODGE-VW,CAJA
REY GOMA,4222/1,SOPORTE / GOMA-METAL,Camion,DODGE-VW,,(REFORMA) Soporte metálico para gancho de goma chico para capot modelos D 100 y D 400,REFORMA,https://reygoma.com.ar/wp-content/uploads/2018/12/4222-11x1.gif,https://reygoma.com.ar/producto/art-4222-1/,Camion | DODGE-VW,
REY GOMA,4222,SOPORTE / GOMA-METAL,Camion,DODGE-VW,,(REFORMA) Gancho de goma chico para capot modelos D100 y D 400,REFORMA,https://reygoma.com.ar/wp-content/uploads/2018/12/42221x1.gif,https://reygoma.com.ar/producto/art-4222/,Camion | DODGE-VW,
REY GOMA,4156,BUJE,Camion,DODGE-VW,,(868490) (689062) Buje supermedida de amortiguador (en caucho natural),868490 | 689062 | en caucho natural,https://reygoma.com.ar/wp-content/uploads/2018/12/41561x1.gif,https://reygoma.com.ar/producto/art-4156/,Camion | DODGE-VW,
REY GOMA,4429,CAZOLETA,Dodge 1.8,DODGE-VW,,(41250554) Cazoleta modelo 1500 y 1.8,41250554,https://reygoma.com.ar/wp-content/uploads/2018/12/44291x1-1.gif,https://reygoma.com.ar/producto/art-4429-2/,Dodge 1.8 | DODGE-VW,
REY GOMA,4428,BUJE,Dodge 1.8,DODGE-VW,,(4171269) Buje tensor modelo 1500 y 1.8,4171269,https://reygoma.com.ar/wp-content/uploads/2018/12/44281x1-1.gif,https://reygoma.com.ar/producto/art-4428-2/,Dodge 1.8 | DODGE-VW,
REY GOMA,4422,SOPORTE / GOMA-METAL,Dodge 1.8,DODGE-VW,,(71241763) Guardapolvo de horquilla de embrague modelos 1500 y 1.8,71241763,https://reygoma.com.ar/wp-content/uploads/2018/12/44221x1-1.gif,https://reygoma.com.ar/producto/art-4422-2/,Dodge 1.8 | DODGE-VW,
REY GOMA,4419,MANCHON,Dodge 1.8,DODGE-VW,,(71241343) Manchón de dirección modelos 1500 y 1.8,71241343,https://reygoma.com.ar/wp-content/uploads/2018/12/44191x1-1.gif,https://reygoma.com.ar/producto/art-4419-2/,Dodge 1.8 | DODGE-VW,
REY GOMA,4418,BUJE,Dodge 1.8,DODGE-VW,,(71244559) Buje de barra estabilizadora modelos 1500 y 1.8,71244559,https://reygoma.com.ar/wp-content/uploads/2018/12/44181x1-1.gif,https://reygoma.com.ar/producto/art-4418-2/,Dodge 1.8 | DODGE-VW,
REY GOMA,4416,SOPORTE / GOMA-METAL,Dodge 1.8,DODGE-VW,,Adaptador de goma para los fuelles 4414 y 4415 (nacionales e importados),nacionales e importados,https://reygoma.com.ar/wp-content/uploads/2018/12/44161x1-1.gif,https://reygoma.com.ar/producto/art-4416-2/,Dodge 1.8 | DODGE-VW,
REY GOMA,4415,SOPORTE / GOMA-METAL,Dodge 1.8,DODGE-VW,,(71061262) (75061286) Fuelle de dirección lado derecho (largo) modelos 1500 y 1.8,71061262 | 75061286 | largo,https://reygoma.com.ar/wp-content/uploads/2018/12/44151x1-1.gif,https://reygoma.com.ar/producto/art-4415-2/,Dodge 1.8 | DODGE-VW,DERECHO
REY GOMA,4414,SOPORTE / GOMA-METAL,Dodge 1.8,DODGE-VW,,(71061261) (75061285) Fuelle de dirección lado izquierdo (corto) modelos 1500 y 1.8,71061261 | 75061285 | corto,https://reygoma.com.ar/wp-content/uploads/2018/12/44141x1-1.gif,https://reygoma.com.ar/producto/art-4414-2/,Dodge 1.8 | DODGE-VW,IZQUIERDO
REY GOMA,4412,BUJE,Dodge 1.8,DODGE-VW,,(71247932) Buje brazo recesión suspensión delantera modelos 1500 y 1.8,71247932,https://reygoma.com.ar/wp-content/uploads/2018/12/44121x1-1.gif,https://reygoma.com.ar/producto/art-4412-2/,Dodge 1.8 | DODGE-VW,
REY GOMA,4411,BUJE,Dodge 1.8,DODGE-VW,,(71247943) Buje suspensión trasera modelos 1500 y 1.8,71247943,https://reygoma.com.ar/wp-content/uploads/2018/12/44111x1-1.gif,https://reygoma.com.ar/producto/art-4411-2/,Dodge 1.8 | DODGE-VW,
REY GOMA,4410,PEDAL,Dodge 1.8,DODGE-VW,,(71301003) Cubre pedal de freno y de embrague modelos 1500 y 1.8,71301003,https://reygoma.com.ar/wp-content/uploads/2018/12/44101x1-1.gif,https://reygoma.com.ar/producto/art-4410-2/,Dodge 1.8 | DODGE-VW,
REY GOMA,4409,BUJE,Dodge 1.8,DODGE-VW,,(71247934) Buje Silent Block de barra superior trasera modelos 1500 y 1.8,71247934,https://reygoma.com.ar/wp-content/uploads/2018/12/44091x1-1.gif,https://reygoma.com.ar/producto/art-4409-2/,Dodge 1.8 | DODGE-VW,
REY GOMA,4408,BUJE,Dodge 1.8,DODGE-VW,,(71244641) Buje de barra estabilizadora modelos 1500 y 1.8,71244641,https://reygoma.com.ar/wp-content/uploads/2018/12/44081x1-1.gif,https://reygoma.com.ar/producto/art-4408-2/,Dodge 1.8 | DODGE-VW,
REY GOMA,4407,BUJE,Dodge 1.8,DODGE-VW,,(71248055) Buje de travesaño suspensión delantera modelos 1500 y 1.8,71248055,https://reygoma.com.ar/wp-content/uploads/2018/12/44071x1-1.gif,https://reygoma.com.ar/producto/art-4407-2/,Dodge 1.8 | DODGE-VW,
REY GOMA,4406,BUJE,Dodge 1.8,DODGE-VW,,(71247935) Buje Silent Block de barra inferior trasera modelos 1500 y 1.8,71247935,https://reygoma.com.ar/wp-content/uploads/2018/12/44061x1-1.gif,https://reygoma.com.ar/producto/art-4406-2/,Dodge 1.8 | DODGE-VW,
REY GOMA,4405,SOPORTE DE CAJA,Dodge 1.8,DODGE-VW,,(71247954) Soporte caja de velocidades modelo 1500 y 1.8,71247954,https://reygoma.com.ar/wp-content/uploads/2018/12/44051x1-1.gif,https://reygoma.com.ar/producto/art-4405-2/,Dodge 1.8 | DODGE-VW,CAJA
REY GOMA,4404,SOPORTE / GOMA-METAL,Dodge 1.8,DODGE-VW,,(3519205) Soporte delantero de motor modelo 1500 y 1.8,3519205,https://reygoma.com.ar/wp-content/uploads/2018/12/44041x1-1.gif,https://reygoma.com.ar/producto/art-4404-2/,Dodge 1.8 | DODGE-VW,
REY GOMA,4403,PEDAL,Dodge 1.8,DODGE-VW,,(71244508) Cubre pedal de freno y de embrague modelos 1500 y 1.8,71244508,https://reygoma.com.ar/wp-content/uploads/2018/12/44031x1-1.gif,https://reygoma.com.ar/producto/art-4403-2/,Dodge 1.8 | DODGE-VW,
REY GOMA,4441,SOPORTE DE CAJA,Dodge 1500,DODGE-VW,,(ZAD399115A) Soporte caja de 5 velocidades modelo 1500,ZAD399115A,https://reygoma.com.ar/wp-content/uploads/2018/12/44411x1.gif,https://reygoma.com.ar/producto/art-4441/,Dodge 1500 | DODGE-VW,CAJA
REY GOMA,4429,CAZOLETA,Dodge 1500,DODGE-VW,,(41250554) Cazoleta modelo 1500 y 1.8,41250554,https://reygoma.com.ar/wp-content/uploads/2018/12/44291x1.gif,https://reygoma.com.ar/producto/art-4429/,Dodge 1500 | DODGE-VW,
REY GOMA,4428,BUJE,Dodge 1500,DODGE-VW,,(4171269) Buje tensor modelo 1500 y 1.8,4171269,https://reygoma.com.ar/wp-content/uploads/2018/12/44281x1.gif,https://reygoma.com.ar/producto/art-4428/,Dodge 1500 | DODGE-VW,
REY GOMA,4422,SOPORTE / GOMA-METAL,Dodge 1500,DODGE-VW,,(71241763) Guardapolvo de horquilla de embrague modelos 1500 y 1.8,71241763,https://reygoma.com.ar/wp-content/uploads/2018/12/44221x1.gif,https://reygoma.com.ar/producto/art-4422/,Dodge 1500 | DODGE-VW,
REY GOMA,4419,MANCHON,Dodge 1500,DODGE-VW,,(71241343) Manchón de dirección modelos 1500 y 1.8,71241343,https://reygoma.com.ar/wp-content/uploads/2018/12/44191x1.gif,https://reygoma.com.ar/producto/art-4419/,Dodge 1500 | DODGE-VW,
REY GOMA,4418,BUJE,Dodge 1500,DODGE-VW,,(71244559) Buje de barra estabilizadora modelos 1500 y 1.8,71244559,https://reygoma.com.ar/wp-content/uploads/2018/12/44181x1.gif,https://reygoma.com.ar/producto/art-4418/,Dodge 1500 | DODGE-VW,
REY GOMA,4416,SOPORTE / GOMA-METAL,Dodge 1500,DODGE-VW,,Adaptador de goma para los fuelles 4414 y 4415 (nacionales e importados),nacionales e importados,https://reygoma.com.ar/wp-content/uploads/2018/12/44161x1.gif,https://reygoma.com.ar/producto/art-4416/,Dodge 1500 | DODGE-VW,
REY GOMA,4415,SOPORTE / GOMA-METAL,Dodge 1500,DODGE-VW,,(71061262) (75061286) Fuelle de dirección lado derecho (largo) modelos 1500 y 1.8,71061262 | 75061286 | largo,https://reygoma.com.ar/wp-content/uploads/2018/12/44151x1.gif,https://reygoma.com.ar/producto/art-4415/,Dodge 1500 | DODGE-VW,DERECHO
REY GOMA,4414,SOPORTE / GOMA-METAL,Dodge 1500,DODGE-VW,,(71061261) (75061285) Fuelle de dirección lado izquierdo (corto) modelos 1500 y 1.8,71061261 | 75061285 | corto,https://reygoma.com.ar/wp-content/uploads/2018/12/44141x1.gif,https://reygoma.com.ar/producto/art-4414/,Dodge 1500 | DODGE-VW,IZQUIERDO
REY GOMA,4412,BUJE,Dodge 1500,DODGE-VW,,(71247932) Buje brazo recesión suspensión delantera modelos 1500 y 1.8,71247932,https://reygoma.com.ar/wp-content/uploads/2018/12/44121x1.gif,https://reygoma.com.ar/producto/art-4412/,Dodge 1500 | DODGE-VW,
REY GOMA,4411,BUJE,Dodge 1500,DODGE-VW,,(71247943) Buje suspensión trasera modelos 1500 y 1.8,71247943,https://reygoma.com.ar/wp-content/uploads/2018/12/44111x1.gif,https://reygoma.com.ar/producto/art-4411/,Dodge 1500 | DODGE-VW,
REY GOMA,4410,PEDAL,Dodge 1500,DODGE-VW,,(71301003) Cubre pedal de freno y de embrague modelos 1500 y 1.8,71301003,https://reygoma.com.ar/wp-content/uploads/2018/12/44101x1.gif,https://reygoma.com.ar/producto/art-4410/,Dodge 1500 | DODGE-VW,
REY GOMA,4409,BUJE,Dodge 1500,DODGE-VW,,(71247934) Buje Silent Block de barra superior trasera modelos 1500 y 1.8,71247934,https://reygoma.com.ar/wp-content/uploads/2018/12/44091x1.gif,https://reygoma.com.ar/producto/art-4409/,Dodge 1500 | DODGE-VW,
REY GOMA,4408,BUJE,Dodge 1500,DODGE-VW,,(71244641) Buje de barra estabilizadora modelos 1500 y 1.8,71244641,https://reygoma.com.ar/wp-content/uploads/2018/12/44081x1.gif,https://reygoma.com.ar/producto/art-4408/,Dodge 1500 | DODGE-VW,
REY GOMA,4407,BUJE,Dodge 1500,DODGE-VW,,(71248055) Buje de travesaño suspensión delantera modelos 1500 y 1.8,71248055,https://reygoma.com.ar/wp-content/uploads/2018/12/44071x1.gif,https://reygoma.com.ar/producto/art-4407/,Dodge 1500 | DODGE-VW,
REY GOMA,4406,BUJE,Dodge 1500,DODGE-VW,,(71247935) Buje Silent Block de barra inferior trasera modelos 1500 y 1.8,71247935,https://reygoma.com.ar/wp-content/uploads/2018/12/44061x1.gif,https://reygoma.com.ar/producto/art-4406/,Dodge 1500 | DODGE-VW,
REY GOMA,4405,SOPORTE DE CAJA,Dodge 1500,DODGE-VW,,(71247954) Soporte caja de velocidades modelo 1500 y 1.8,71247954,https://reygoma.com.ar/wp-content/uploads/2018/12/44051x1.gif,https://reygoma.com.ar/producto/art-4405/,Dodge 1500 | DODGE-VW,CAJA
REY GOMA,4404,SOPORTE / GOMA-METAL,Dodge 1500,DODGE-VW,,(3519205) Soporte delantero de motor modelo 1500 y 1.8,3519205,https://reygoma.com.ar/wp-content/uploads/2018/12/44041x1.gif,https://reygoma.com.ar/producto/art-4404/,Dodge 1500 | DODGE-VW,
REY GOMA,4403,PEDAL,Dodge 1500,DODGE-VW,,(71244508) Cubre pedal de freno y de embrague modelos 1500 y 1.8,71244508,https://reygoma.com.ar/wp-content/uploads/2018/12/44031x1.gif,https://reygoma.com.ar/producto/art-4403/,Dodge 1500 | DODGE-VW,
REY GOMA,2401,SOPORTE DE MOTOR,Argo,"Cronos, FIAT",,(52045705) Soporte de motor (lado izquierdo) y 1.8 año 2017 en adelante,52045705 | lado izquierdo,https://reygoma.com.ar/wp-content/uploads/2026/04/2401-reducida-e1776351949502.jpg,https://reygoma.com.ar/producto/art-2401/,Argo | Cronos | FIAT,IZQUIERDO
REY GOMA,2399,SOPORTE / GOMA-METAL,FIAT,Toro,,(52004329) Soporte trasero de motor 2.0 AT9 (caja automática),52004329 | caja automática,https://reygoma.com.ar/wp-content/uploads/2024/10/2399reducido.jpg,https://reygoma.com.ar/producto/art-2399/,FIAT | Toro,
REY GOMA,2400,CAZOLETA,Argo,"FIAT, Mobi, Palio, Siena, Uno",,(46464273) Cazoleta amortiguador trasero / / Nuevo / / / 2 / 3,46464273,https://reygoma.com.ar/wp-content/uploads/2024/10/2400reducido.jpg,https://reygoma.com.ar/producto/art-2400/,Argo | FIAT | Mobi | Palio | Siena | Uno,
REY GOMA,2398,SOPORTE DE MOTOR,Argo,"Cronos, FIAT, Uno",,"(52194205) (51987500) Soporte de motor (lado izquierdo) Drive 1.3, Drive 1.3, Way 1.3",52194205 | 51987500 | lado izquierdo,https://reygoma.com.ar/wp-content/uploads/2023/10/2398.jpg,https://reygoma.com.ar/producto/art-2398/,Argo | Cronos | FIAT | Uno,IZQUIERDO
REY GOMA,,SOPORTE DE MOTOR,Argo,"Cronos, FIAT, Uno",,"2397 (52086864) Soporte de motor (lado derecho) Drive 1.3, Drive 1.3, Way 1.3",52086864 | lado derecho,https://reygoma.com.ar/wp-content/uploads/2023/08/2397.jpg,https://reygoma.com.ar/producto/2397/,Argo | Cronos | FIAT | Uno,DERECHO
REY GOMA,2396,SOPORTE / GOMA-METAL,FIAT,Toro,,(51999635) Complemento para soporte trasero de motor 2.0 JTD 4×2 (caja manual),51999635 | caja manual,https://reygoma.com.ar/wp-content/uploads/2022/11/2396.jpg,https://reygoma.com.ar/producto/art-2396/,FIAT | Toro,
REY GOMA,2395,SOPORTE / GOMA-METAL,Doblo,FIAT,,(51815759) Soporte trasero de motor 1.4,51815759,https://reygoma.com.ar/wp-content/uploads/2022/11/2395-2-1.jpg,https://reygoma.com.ar/producto/art-2395/,Doblo | FIAT,
REY GOMA,2393,SOPORTE / GOMA-METAL,Argo,"Cronos, FIAT",,(52083762) Soporte trasero de motor y 1.3,52083762,https://reygoma.com.ar/wp-content/uploads/2022/06/2393-1.jpg,https://reygoma.com.ar/producto/art-2393/,Argo | Cronos | FIAT,
REY GOMA,2394,SOPORTE / GOMA-METAL,FIAT,Fiat 500,,"500 (51739522) Soporte trasero de motor 500, motor Fire 1.4 16V naftero.",51739522,https://reygoma.com.ar/wp-content/uploads/2021/07/2394-300x123.jpg,https://reygoma.com.ar/producto/art-2394/,FIAT | Fiat 500,
REY GOMA,2390,SOPORTE DE MOTOR,FIAT,"Mobi, Palio, Siena",,"(51940090) Soporte de motor (lado derecho) Grand 1.4, Attractive (nuevo) 1.4, Easy Fire y Way Fire 1.0",51940090 | lado derecho | nuevo,https://reygoma.com.ar/wp-content/uploads/2021/06/2390-1-300x300.jpg,https://reygoma.com.ar/producto/art-2390/,FIAT | Mobi | Palio | Siena,DERECHO
REY GOMA,2392,SOPORTE / GOMA-METAL,FIAT,Linea,,(51797847) Soporte trasero de motor 1.9 16V,51797847,https://reygoma.com.ar/wp-content/uploads/2019/01/2361-1.gif,https://reygoma.com.ar/producto/art-2392/,FIAT | Linea,
REY GOMA,2388,SOPORTE DE MOTOR,FIAT,Toro,,(52078032) Repuesto para soporte de motor (lado derecho) (no hidráulico) 2.0 JTD 4×4,52078032 | lado derecho | no hidráulico,https://reygoma.com.ar/wp-content/uploads/2019/08/2388.jpg,https://reygoma.com.ar/producto/art-2388/,FIAT | Toro,DERECHO
REY GOMA,2391,SOPORTE DE MOTOR,FIAT,Punto,,(51799110) Soporte de motor (lado derecho) JTD 1.3,51799110 | lado derecho,https://reygoma.com.ar/wp-content/uploads/2019/05/2391.png,https://reygoma.com.ar/producto/art-2391/,FIAT | Punto,DERECHO
REY GOMA,2389,SOPORTE DE MOTOR,Ducato,FIAT,,(1335123080) Soporte de motor (lado izquierdo) 2.3,1335123080 | lado izquierdo,https://reygoma.com.ar/wp-content/uploads/2019/05/2389.png,https://reygoma.com.ar/producto/art-2389/,Ducato | FIAT,IZQUIERDO
REY GOMA,2387,SOPORTE DE MOTOR,FIAT,Toro,,(51936025) Soporte de motor (lado izquierdo) 2.0 4×4 (caja manual).,51936025 | lado izquierdo | caja manual,https://reygoma.com.ar/wp-content/uploads/2019/05/2387.png,https://reygoma.com.ar/producto/art-2387/,FIAT | Toro,IZQUIERDO
REY GOMA,2386,SOPORTE DE MOTOR,FIAT,Toro,,(52058667) Soporte de motor (lado izquierdo) 2.0 JTD 4×2 (caja manual).,52058667 | lado izquierdo | caja manual,https://reygoma.com.ar/wp-content/uploads/2019/05/2386.png,https://reygoma.com.ar/producto/art-2386/,FIAT | Toro,IZQUIERDO
REY GOMA,2385,SOPORTE / GOMA-METAL,FIAT,Toro,,(52050501) Soporte trasero de motor 2.0 JTD 4×4 y 4×2 (caja manual).,52050501 | caja manual,https://reygoma.com.ar/wp-content/uploads/2019/05/2385-reducido.jpg,https://reygoma.com.ar/producto/art-2385/,FIAT | Toro,
REY GOMA,2314,SOPORTE / GOMA-METAL,FIAT,Regatta,,"Fuelle semi eje (ambos lados) Regata, Tempra.",ambos lados,https://reygoma.com.ar/wp-content/uploads/2019/04/2314.gif,https://reygoma.com.ar/producto/art-2314/,FIAT | Regatta,AMBOS LADOS
REY GOMA,2381,SOPORTE DE MOTOR,FIAT,Siena,,"(51921213) Soporte de motor (lado derecho) Strada, Grand 1.6 16 V motor E-Torq",51921213 | lado derecho,https://reygoma.com.ar/wp-content/uploads/2019/01/2381-1.gif,https://reygoma.com.ar/producto/art-2381-2/,FIAT | Siena,DERECHO
REY GOMA,2378,SOPORTE / GOMA-METAL,FIAT,Siena,,(51843060) Soporte trasero de motor Grand 1.4 MPI 8V (Fire),51843060 | Fire,https://reygoma.com.ar/wp-content/uploads/2019/01/2378.gif,https://reygoma.com.ar/producto/art-2378/,FIAT | Siena,
REY GOMA,2377,SOPORTE / GOMA-METAL,Argo,"Cronos, FIAT, Siena, Strada",,(51844475) (51987514) Soporte trasero de motor Grand 1.6 con motor E-Torq – / 1.8,51844475 | 51987514,https://reygoma.com.ar/wp-content/uploads/2019/01/2377-1.gif,https://reygoma.com.ar/producto/art-2377-2/,Argo | Cronos | FIAT | Siena | Strada,
REY GOMA,2374,SOPORTE DE MOTOR,FIAT,Siena,,"(51877337) Soporte de motor (lado derecho) (no hidráulico) Grand 1.4 MPI 8V (Fire), Uno fase II Sporting y Nuevo Palio",51877337 | lado derecho | no hidráulico | Fire,https://reygoma.com.ar/wp-content/uploads/2019/01/2374-1-1.gif,https://reygoma.com.ar/producto/art-2374-3/,FIAT | Siena,DERECHO
REY GOMA,2369,SOPORTE DE MOTOR,FIAT,"Fiorino, Siena",,"(51834107) Soporte de motor (lado izquierdo) Uno fase II, Grand 1.4 naftero. Nueva 1.4",51834107 | lado izquierdo,https://reygoma.com.ar/wp-content/uploads/2019/01/2369-1.gif,https://reygoma.com.ar/producto/art-2369-2/,FIAT | Fiorino | Siena,IZQUIERDO
REY GOMA,2345,SOPORTE DE MOTOR,FIAT,Siena,,(51736530) Soporte de motor lado izquierdo Palio / 1.4,51736530,https://reygoma.com.ar/wp-content/uploads/2019/01/2342-2.gif,https://reygoma.com.ar/producto/art-2345-2/,FIAT | Siena,IZQUIERDO
REY GOMA,2344,SOPORTE DE CAJA,FIAT,Siena,,(51736531) Soporte caja de velocidades Palio / 1.4,51736531,https://reygoma.com.ar/wp-content/uploads/2019/01/2341-2.gif,https://reygoma.com.ar/producto/art-2344-2/,FIAT | Siena,CAJA
REY GOMA,2340,SOPORTE DE MOTOR,FIAT,Siena,,"(51709049) Soporte de motor Palio / 16V con motor Fire 1,3 naftero año 2001 en adelante.",51709049,https://reygoma.com.ar/wp-content/uploads/2019/01/2340-1.gif,https://reygoma.com.ar/producto/art-2340-2/,FIAT | Siena,
REY GOMA,2338,SOPORTE / GOMA-METAL,FIAT,"Fiorino, Siena",,"(51736529) Soporte superior de motor (lado derecho) Uno con motor Fire 1.3 8V, Palio / / Strada con motor Fire 1.3 16V año 2004/…1.6 y 1.3 Fire",51736529 | lado derecho,https://reygoma.com.ar/wp-content/uploads/2019/01/2338-1-1.gif,https://reygoma.com.ar/producto/art-2338-4/,FIAT | Fiorino | Siena,DERECHO
REY GOMA,2336,SOPORTE DE MOTOR,FIAT,"Fiorino, Siena",,(46523938) (51709070) Soporte de motor (lado caja) Palio fase II con motor Fire MPI 1.3 / 1.6 16V y Strada 1.3 8V Fire. 1.6 y 1.3 Fire,46523938 | 51709070 | lado caja,https://reygoma.com.ar/wp-content/uploads/2019/01/2336-2.gif,https://reygoma.com.ar/producto/art-2336-3/,FIAT | Fiorino | Siena,CAJA
REY GOMA,2332,SOPORTE DE MOTOR,FIAT,Siena,,(803007) Soporte de motor (lado caja) /Palio motor 1.3 naftero,803007 | lado caja,https://reygoma.com.ar/wp-content/uploads/2019/01/2332-1.gif,https://reygoma.com.ar/producto/art-2332-2/,FIAT | Siena,CAJA
REY GOMA,2313,SOPORTE / GOMA-METAL,FIAT,Siena,,Fuelle único de cremallera mecánica o hidráulica Palio,,https://reygoma.com.ar/wp-content/uploads/2019/01/2313-1.gif,https://reygoma.com.ar/producto/art-2313-2/,FIAT | Siena,
REY GOMA,2310,CAZOLETA,FIAT,Siena,,(8515560) Cazoleta delantera izquierda Palio / .,8515560,https://reygoma.com.ar/wp-content/uploads/2019/01/2310-1.jpg,https://reygoma.com.ar/producto/art-2310-2/,FIAT | Siena,IZQUIERDO
REY GOMA,2309,CAZOLETA,FIAT,Siena,,(8515550) Cazoleta delantera derecha Palio / .,8515550,https://reygoma.com.ar/wp-content/uploads/2019/01/2309-1.jpg,https://reygoma.com.ar/producto/art-2309-2/,FIAT | Siena,DERECHO
REY GOMA,2307,SOPORTE DE MOTOR,FIAT,Siena,,"(46439600) Soporte de motor (lado distribución) Palio, nafta o diesel",46439600 | lado distribución,https://reygoma.com.ar/wp-content/uploads/2019/01/23071x1-1.gif,https://reygoma.com.ar/producto/art-2307-2/,FIAT | Siena,
REY GOMA,2306,SOPORTE / GOMA-METAL,FIAT,Siena,,"(7799243) Soporte central de motor Palio, nafta o diesel",7799243,https://reygoma.com.ar/wp-content/uploads/2019/01/23061x1-1.gif,https://reygoma.com.ar/producto/art-2306-2/,FIAT | Siena,CENTRO
REY GOMA,2305,SOPORTE DE MOTOR,FIAT,Siena,,"(46444759) Soporte de motor (lado caja) Palio, naftero o diesel y Strada 1.2 8V Fire",46444759 | lado caja,https://reygoma.com.ar/wp-content/uploads/2019/01/23051x1-2.gif,https://reygoma.com.ar/producto/art-2305-3/,FIAT | Siena,CAJA
REY GOMA,2374,SOPORTE DE MOTOR,FIAT,Uno,,"(51877337) Soporte de motor (lado derecho) (no hidráulico) Grand Siena 1.4 MPI 8V (Fire), fase II Sporting y Nuevo Palio",51877337 | lado derecho | no hidráulico | Fire,https://reygoma.com.ar/wp-content/uploads/2019/01/2374-1.gif,https://reygoma.com.ar/producto/art-2374-2/,FIAT | Uno,DERECHO
REY GOMA,2372,SOPORTE / GOMA-METAL,FIAT,"Fiorino, Uno",,Repuesto para artículo 2368,,https://reygoma.com.ar/wp-content/uploads/2019/01/2372.gif,https://reygoma.com.ar/producto/art-2372/,FIAT | Fiorino | Uno,
REY GOMA,2369,SOPORTE DE MOTOR,FIAT,Uno,,"(51834107) Soporte de motor (lado izquierdo) fase II, Grand Siena 1.4 naftero. Nueva Fiorino 1.4",51834107 | lado izquierdo,https://reygoma.com.ar/wp-content/uploads/2019/01/2369.gif,https://reygoma.com.ar/producto/art-2369/,FIAT | Uno,IZQUIERDO
REY GOMA,2368,SOPORTE DE MOTOR,FIAT,"Fiorino, Uno",,"(51834103) Soporte de motor (lado derecho) fase II, 1,4 nafta. Nueva 1.4",51834103 | lado derecho,https://reygoma.com.ar/wp-content/uploads/2019/01/2368.gif,https://reygoma.com.ar/producto/art-2368/,FIAT | Fiorino | Uno,DERECHO
REY GOMA,2371,SOPORTE DE CAJA,FIAT,Uno,,(50017753) Soporte caja de velocidades 8V y Fiorino 1.3 Fire.,50017753,https://reygoma.com.ar/wp-content/uploads/2019/01/2371-1.gif,https://reygoma.com.ar/producto/art-2371-2/,FIAT | Uno,CAJA
REY GOMA,2367,SOPORTE / GOMA-METAL,FIAT,"Fiorino, Uno",,(51834114) Soporte trasero de motor 1.4 nafta. Nueva 1.4,51834114,https://reygoma.com.ar/wp-content/uploads/2019/01/2367.gif,https://reygoma.com.ar/producto/art-2367/,FIAT | Fiorino | Uno,
REY GOMA,2353,SOPORTE DE ESCAPE,FIAT,Uno,,(5989798) Soporte caño de escape diesel.,5989798,https://reygoma.com.ar/wp-content/uploads/2019/01/imp6520.gif,https://reygoma.com.ar/producto/art-2353/,FIAT | Uno,
REY GOMA,2351,SOPORTE DE ESCAPE,FIAT,Uno,,(5989798) Soporte caño de escape .,5989798,https://reygoma.com.ar/wp-content/uploads/2019/01/imp6508.gif,https://reygoma.com.ar/producto/art-2351/,FIAT | Uno,
REY GOMA,2338,SOPORTE / GOMA-METAL,FIAT,Uno,,"(51736529) Soporte superior de motor (lado derecho) con motor Fire 1.3 8V, Palio / Siena / Strada con motor Fire 1.3 16V año 2004/…Fiorino 1.6 y 1.3 Fire",51736529 | lado derecho,https://reygoma.com.ar/wp-content/uploads/2019/01/2338-2.gif,https://reygoma.com.ar/producto/art-2338-3/,FIAT | Uno,DERECHO
REY GOMA,2328,SOPORTE / GOMA-METAL,FIAT,Uno,,(5960254) Soporte superior de suspensión .,5960254,https://reygoma.com.ar/wp-content/uploads/2019/01/imp6521.gif,https://reygoma.com.ar/producto/art-2328/,FIAT | Uno,
REY GOMA,2327,SOPORTE / GOMA-METAL,FIAT,Uno,,"(1481244) Taco de apoyo elástico modelos 147, Duna, (con refuerzo textil).",1481244 | con refuerzo textil,https://reygoma.com.ar/wp-content/uploads/2019/01/2327-1.gif,https://reygoma.com.ar/producto/art-2327-3/,FIAT | Uno,
REY GOMA,2323,SOPORTE DE ESCAPE,FIAT,Uno,,(4422885) Soporte caño de escape Duna – - Regatta.,4422885,https://reygoma.com.ar/wp-content/uploads/2019/01/2323-2.gif,https://reygoma.com.ar/producto/art-2323-3/,FIAT | Uno,
REY GOMA,2321/1,SOPORTE / GOMA-METAL,FIAT,Uno,,Kit con abrazaderas (no utiliza lubricante),no utiliza lubricante,https://reygoma.com.ar/wp-content/uploads/2019/01/2321-1-1.gif,https://reygoma.com.ar/producto/art-2321-1-2/,FIAT | Uno,
REY GOMA,2321,SOPORTE / GOMA-METAL,FIAT,Uno,,Fuelle semi eje (lado caja) Duna y 94/99,lado caja,https://reygoma.com.ar/wp-content/uploads/2019/01/2321-2.gif,https://reygoma.com.ar/producto/art-2321-2/,FIAT | Uno,CAJA
REY GOMA,2318/1,SOPORTE / GOMA-METAL,FIAT,Uno,,Kit con 1 abrazadera (no utiliza lubricante),no utiliza lubricante,https://reygoma.com.ar/wp-content/uploads/2019/01/2318-1-1.gif,https://reygoma.com.ar/producto/art-2318-1-2/,FIAT | Uno,
REY GOMA,2318,SOPORTE / GOMA-METAL,FIAT,Uno,,Fuelle semi eje (lado caja) y Duna año 90/93,lado caja,https://reygoma.com.ar/wp-content/uploads/2019/01/2318-2.gif,https://reygoma.com.ar/producto/art-2318-2/,FIAT | Uno,CAJA
REY GOMA,2315/1,SOPORTE / GOMA-METAL,FIAT,Uno,,Kit con abrazaderas y lubricante,,https://reygoma.com.ar/wp-content/uploads/2019/01/2315-1-2.gif,https://reygoma.com.ar/producto/art-2315-1-4/,FIAT | Uno,
REY GOMA,2315,SOPORTE / GOMA-METAL,FIAT,Uno,,"Fuelle semi eje (lado rueda) Regatta, Duna, Super Europa.",lado rueda,https://reygoma.com.ar/wp-content/uploads/2019/01/2315-5.gif,https://reygoma.com.ar/producto/art-2315-4/,FIAT | Uno,
REY GOMA,2308,SOPORTE / GOMA-METAL,FIAT,Uno,,"(7635228) Soporte amortiguador trasero Duna, y Fiorino.",7635228,https://reygoma.com.ar/wp-content/uploads/2019/01/2308-2.gif,https://reygoma.com.ar/producto/art-2308-3/,FIAT | Uno,
REY GOMA,2302,CAZOLETA,FIAT,Uno,,(75831852) Buje cazoleta amortiguador Duna y años 1993 en adelante,75831852,https://reygoma.com.ar/wp-content/uploads/2019/01/23021x1-1.gif,https://reygoma.com.ar/producto/art-2302-2/,FIAT | Uno,
REY GOMA,2301,CAZOLETA,FIAT,Uno,,(7583113) Platillo cazoleta amortiguador Duna y años 1993 en adelante,7583113,https://reygoma.com.ar/wp-content/uploads/2019/01/23011x1-1.gif,https://reygoma.com.ar/producto/art-2301-2/,FIAT | Uno,
REY GOMA,2299,SOPORTE DE CAJA,FIAT,"Fiorino, Uno",,(7587675) Soporte caja de velocidades Duna y con motor Tipo 1.4 y 1.6 y Weekend 1.7 diesel. 1.4 y 1.6,7587675,https://reygoma.com.ar/wp-content/uploads/2019/01/22991x1-2.gif,https://reygoma.com.ar/producto/art-2299-3/,FIAT | Fiorino | Uno,CAJA
REY GOMA,2291,SOPORTE DE MOTOR,FIAT,"Fiorino, Uno",,(5978393) Soporte de motor y caja de velocidades Duna naftero y . 1.3 Diesel,5978393,https://reygoma.com.ar/wp-content/uploads/2019/01/22911x1-1.gif,https://reygoma.com.ar/producto/art-2291-2/,FIAT | Fiorino | Uno,CAJA
REY GOMA,2287,SOPORTE DE MOTOR,FIAT,"Fiorino, Uno",,(7563985) Soporte de motor y Duna con motor Tipo 1.4 y 1.6. 1.4 y 1.6,7563985,https://reygoma.com.ar/wp-content/uploads/2019/01/22871x1-1.gif,https://reygoma.com.ar/producto/art-2287-2/,FIAT | Fiorino | Uno,
REY GOMA,2285,SOPORTE DE MOTOR,FIAT,Uno,,(7536020) (5995864) Soporte de motor 1.3 y 1.5 Duna naftero y,7536020 | 5995864,https://reygoma.com.ar/wp-content/uploads/2019/01/22851x1-1.gif,https://reygoma.com.ar/producto/art-2285-2/,FIAT | Uno,
REY GOMA,2277,SOPORTE / GOMA-METAL,FIAT,Uno,,"(4191524) Taco elástico apoyo resorte brazo oscilante suspensión posterior modelos 128, 147 y",4191524,https://reygoma.com.ar/wp-content/uploads/2019/01/22771x1.gif,https://reygoma.com.ar/producto/art-2277-3/,FIAT | Uno,
REY GOMA,2359,SOPORTE / GOMA-METAL,FIAT,Tipo,,(7601064) Silentbloc cent. brazo suspensión delantero (20.9 mm.) – Bravo.,7601064 | 20.9 mm.,https://reygoma.com.ar/wp-content/uploads/2019/01/imp6535-1.gif,https://reygoma.com.ar/producto/art-2359-2/,FIAT | Tipo,
REY GOMA,2358,SOPORTE / GOMA-METAL,FIAT,Tipo,,(7601055) Silentbloc ext. brazo suspensión izquierdo (20.9 mm.) – Bravo.,7601055 | 20.9 mm.,https://reygoma.com.ar/wp-content/uploads/2019/01/imp6534-1.gif,https://reygoma.com.ar/producto/art-2358-2/,FIAT | Tipo,IZQUIERDO
REY GOMA,2357,SOPORTE / GOMA-METAL,FIAT,Tipo,,(7601068) Silentbloc ext. brazo suspensión derecho (20.9 mm.) – Bravo.,7601068 | 20.9 mm.,https://reygoma.com.ar/wp-content/uploads/2019/01/imp6533-1.gif,https://reygoma.com.ar/producto/art-2357-2/,FIAT | Tipo,DERECHO
REY GOMA,2356,SOPORTE / GOMA-METAL,FIAT,Tipo,,(7601064) Silentbloc cent. brazo suspensión delantero (19.9 mm.) – Brava – Dedra.,7601064 | 19.9 mm.,https://reygoma.com.ar/wp-content/uploads/2019/01/imp6524-2.gif,https://reygoma.com.ar/producto/art-2356-3/,FIAT | Tipo,
REY GOMA,2355,SOPORTE / GOMA-METAL,FIAT,Tipo,,(7601065) Silentbloc ext. brazo suspensión delantero izquierdo (19.9 mm.) – Brava – Dedra.,7601065 | 19.9 mm.,https://reygoma.com.ar/wp-content/uploads/2019/01/imp6523-2.gif,https://reygoma.com.ar/producto/art-2355-3/,FIAT | Tipo,IZQUIERDO
REY GOMA,2354,SOPORTE / GOMA-METAL,FIAT,Tipo,,(7601068) Silentbloc ext. brazo suspensión delantero derecho (19.9 mm.) – Bravo.,7601068 | 19.9 mm.,https://reygoma.com.ar/wp-content/uploads/2019/01/imp6522-1.gif,https://reygoma.com.ar/producto/art-2354-2/,FIAT | Tipo,DERECHO
REY GOMA,2317/1,SOPORTE / GOMA-METAL,FIAT,Tempra,,Kit con abrazaderas y lubricante,,https://reygoma.com.ar/wp-content/uploads/2019/01/2317-5.gif,https://reygoma.com.ar/producto/art-2317-1-3/,FIAT | Tempra,
REY GOMA,2317,SOPORTE / GOMA-METAL,FIAT,Tempra,,Fuelle semi eje (lado rueda) Regatta 2000 y,lado rueda,https://reygoma.com.ar/wp-content/uploads/2019/01/2317-4.gif,https://reygoma.com.ar/producto/art-2317-3/,FIAT | Tempra,
REY GOMA,2316/1,SOPORTE / GOMA-METAL,FIAT,Tempra,,Kit con abrazaderas y lubricante,,https://reygoma.com.ar/wp-content/uploads/2019/01/2316-3.gif,https://reygoma.com.ar/producto/art-2316-1-2/,FIAT | Tempra,
REY GOMA,2316,SOPORTE / GOMA-METAL,FIAT,Tempra,,Fuelle semi eje (lado rueda),lado rueda,https://reygoma.com.ar/wp-content/uploads/2019/01/2316-2.gif,https://reygoma.com.ar/producto/art-2316-2/,FIAT | Tempra,
REY GOMA,2314,SOPORTE / GOMA-METAL,FIAT,Tempra,,"Fuelle semi eje (ambos lados) Regata,",ambos lados,https://reygoma.com.ar/wp-content/uploads/2019/01/2314-4.gif,https://reygoma.com.ar/producto/art-2314-4/,FIAT | Tempra,AMBOS LADOS
REY GOMA,2304,SOPORTE / GOMA-METAL,FIAT,Tempra,,(7717286) Soporte delantero de motor (derecho e izquierdo),7717286 | derecho e izquierdo,https://reygoma.com.ar/wp-content/uploads/2019/01/23041x1-1.gif,https://reygoma.com.ar/producto/art-2304-2/,FIAT | Tempra,DERECHO / IZQUIERDO
REY GOMA,2303,SOPORTE / GOMA-METAL,FIAT,Tempra,,(7718247) Soporte trasero de motor (lado caja),7718247 | lado caja,https://reygoma.com.ar/wp-content/uploads/2019/01/23031x1-1.gif,https://reygoma.com.ar/producto/art-2303-2/,FIAT | Tempra,CAJA
REY GOMA,2348,SOPORTE / GOMA-METAL,FIAT,Regatta,,Fuelle cremallera mecánica (intermedio),intermedio,https://reygoma.com.ar/wp-content/uploads/2019/01/2348.gif,https://reygoma.com.ar/producto/art-2348/,FIAT | Regatta,
REY GOMA,2323,SOPORTE DE ESCAPE,FIAT,Regatta,,(4422885) Soporte caño de escape Duna – Uno- .,4422885,https://reygoma.com.ar/wp-content/uploads/2019/01/2323-1.gif,https://reygoma.com.ar/producto/art-2323-2/,FIAT | Regatta,
REY GOMA,2317/1,SOPORTE / GOMA-METAL,FIAT,Regatta,,Kit con abrazaderas y lubricante,,https://reygoma.com.ar/wp-content/uploads/2019/01/2317-3.gif,https://reygoma.com.ar/producto/art-2317-1-2/,FIAT | Regatta,
REY GOMA,2317,SOPORTE / GOMA-METAL,FIAT,Regatta,,Fuelle semi eje (lado rueda) 2000 y Tempra,lado rueda,https://reygoma.com.ar/wp-content/uploads/2019/01/2317-2.gif,https://reygoma.com.ar/producto/art-2317-2/,FIAT | Regatta,
REY GOMA,2315/1,SOPORTE / GOMA-METAL,FIAT,Regatta,,Kit con abrazaderas y lubricante,,https://reygoma.com.ar/wp-content/uploads/2019/01/2315-1-1.gif,https://reygoma.com.ar/producto/art-2315-1-3/,FIAT | Regatta,
REY GOMA,2315,SOPORTE / GOMA-METAL,FIAT,Regatta,,"Fuelle semi eje (lado rueda) Duna, Uno, Super Europa.",lado rueda,https://reygoma.com.ar/wp-content/uploads/2019/01/2315-4.gif,https://reygoma.com.ar/producto/art-2315-3/,FIAT | Regatta,
REY GOMA,2314/2,SOPORTE / GOMA-METAL,FIAT,Regatta,,Fuelle semi eje (ambos lados) Tempra + chapa y kit con abrazaderas y lubricante,ambos lados,https://reygoma.com.ar/wp-content/uploads/2019/01/2314-2-1-1.gif,https://reygoma.com.ar/producto/art-2314-2-2/,FIAT | Regatta,AMBOS LADOS
REY GOMA,2314/1,SOPORTE / GOMA-METAL,FIAT,Regatta,,Kit con abrazaderas y lubricante,,https://reygoma.com.ar/wp-content/uploads/2019/01/2314-3.gif,https://reygoma.com.ar/producto/art-2314-1-2/,FIAT | Regatta,
REY GOMA,2298,CAZOLETA,FIAT,Regatta,,(7618141) Cazoleta SC-85 y 2000,7618141,https://reygoma.com.ar/wp-content/uploads/2019/01/22981x1.gif,https://reygoma.com.ar/producto/art-2298/,FIAT | Regatta,
REY GOMA,2297,SOPORTE / GOMA-METAL,FIAT,Regatta,,(4433965) Soporte inferior de motor SC-85,4433965,https://reygoma.com.ar/wp-content/uploads/2019/01/22971x1.gif,https://reygoma.com.ar/producto/art-2297/,FIAT | Regatta,
REY GOMA,2288,SOPORTE DE MOTOR,FIAT,Regatta,,(5987098) Soporte de motor 100,5987098,https://reygoma.com.ar/wp-content/uploads/2019/01/22881x1.gif,https://reygoma.com.ar/producto/art-2288/,FIAT | Regatta,
REY GOMA,2284,SOPORTE DE MOTOR,FIAT,Regatta,,(4433965) Soporte de motor 85 y 2000,4433965,https://reygoma.com.ar/wp-content/uploads/2019/01/22841x1.gif,https://reygoma.com.ar/producto/art-2284/,FIAT | Regatta,
REY GOMA,2273,SOPORTE / GOMA-METAL,FIAT,Regatta,,(5968403) (4188797) Taco elástico apoyo brazo oscilante suspensión posterior modelo 128 y .,5968403 | 4188797,https://reygoma.com.ar/wp-content/uploads/2019/01/22731x1.gif,https://reygoma.com.ar/producto/art-2273-2/,FIAT | Regatta,
REY GOMA,2272,SOPORTE DE CAJA,FIAT,Regatta,,(5983731) Soporte de caja de velocidades (lado cambios) todos,5983731 | lado cambios,https://reygoma.com.ar/wp-content/uploads/2019/01/22721x1.gif,https://reygoma.com.ar/producto/art-2272/,FIAT | Regatta,CAJA
REY GOMA,2300,SOPORTE / GOMA-METAL,FIAT,Weekend,,(7587673) (7587674) Soporte delantero de motor Duna y con motor 1.7 diesel,7587673 | 7587674,https://reygoma.com.ar/wp-content/uploads/2019/01/23001x1-1.gif,https://reygoma.com.ar/producto/art-2300-2/,FIAT | Weekend,
REY GOMA,2299,SOPORTE DE CAJA,FIAT,Weekend,,(7587675) Soporte caja de velocidades Duna y Uno con motor Tipo 1.4 y 1.6 y 1.7 diesel. Fiorino 1.4 y 1.6,7587675,https://reygoma.com.ar/wp-content/uploads/2019/01/22991x1-1.gif,https://reygoma.com.ar/producto/art-2299-2/,FIAT | Weekend,CAJA
REY GOMA,2316/1,SOPORTE / GOMA-METAL,FIAT,Tempra,,Kit con abrazaderas y lubricante,,https://reygoma.com.ar/wp-content/uploads/2019/01/2316-1.gif,https://reygoma.com.ar/producto/art-2316-1/,FIAT | Tempra,
REY GOMA,2314/2,SOPORTE / GOMA-METAL,FIAT,Tempra,,"Fuelle semi eje (ambos lados) Regatta, + chapa y kit con abrazaderas y lubricante",ambos lados,https://reygoma.com.ar/wp-content/uploads/2019/01/2314-2.gif,https://reygoma.com.ar/producto/art-2314-2/,FIAT | Tempra,AMBOS LADOS
REY GOMA,2314/1,SOPORTE / GOMA-METAL,FIAT,Tempra,,Kit con abrazaderas y lubricante,,https://reygoma.com.ar/wp-content/uploads/2019/01/2314-1.gif,https://reygoma.com.ar/producto/art-2314-1/,FIAT | Tempra,
REY GOMA,2381,SOPORTE DE MOTOR,FIAT,Strada,,(51921213) Soporte de motor (lado derecho) Grand Siena 1.6 16 V motor E-Torq,51921213 | lado derecho,https://reygoma.com.ar/wp-content/uploads/2019/01/2381.gif,https://reygoma.com.ar/producto/art-2381/,FIAT | Strada,DERECHO
REY GOMA,2363,SOPORTE DE MOTOR,FIAT,Strada,,"(51761607) (51761609) Soporte de motor (lado izquierdo) Punto, y Qubo 1.4 nafteros",51761607 | 51761609 | lado izquierdo,https://reygoma.com.ar/wp-content/uploads/2019/01/2363-1-1.gif,https://reygoma.com.ar/producto/art-2363-3/,FIAT | Strada,IZQUIERDO
REY GOMA,2362,SOPORTE DE MOTOR,FIAT,Strada,,(51761601) Soporte de motor (lado derecho) Punto y 1.4L naftero.,51761601 | lado derecho,https://reygoma.com.ar/wp-content/uploads/2019/01/2362-1.gif,https://reygoma.com.ar/producto/art-2362-2/,FIAT | Strada,DERECHO
REY GOMA,2361,SOPORTE / GOMA-METAL,FIAT,Strada,,(51795196) Soporte tensor de motor Punto y 1.4L naftero.,51795196,https://reygoma.com.ar/wp-content/uploads/2019/01/2361-1.gif,https://reygoma.com.ar/producto/art-2361-2/,FIAT | Strada,
REY GOMA,2338,SOPORTE / GOMA-METAL,FIAT,Strada,,"(51736529) Soporte superior de motor (lado derecho) Uno con motor Fire 1.3 8V, Palio / Siena / con motor Fire 1.3 16V año 2004/…Fiorino 1.6 y 1.3 Fire",51736529 | lado derecho,https://reygoma.com.ar/wp-content/uploads/2019/01/2338-1.gif,https://reygoma.com.ar/producto/art-2338-2/,FIAT | Strada,DERECHO
REY GOMA,2336,SOPORTE DE MOTOR,FIAT,Strada,,"(46523938) (51709070) Soporte de motor (lado caja) Siena, Palio fase II con motor Fire MPI 1.3 / 1.6 16V y 1.3 8V Fire. Fiorino 1.6 y 1.3 Fire",46523938 | 51709070 | lado caja,https://reygoma.com.ar/wp-content/uploads/2019/01/2336-1.gif,https://reygoma.com.ar/producto/art-2336-2/,FIAT | Strada,CAJA
REY GOMA,2305,SOPORTE DE MOTOR,FIAT,Strada,,"(46444759) Soporte de motor (lado caja) Palio, Siena naftero o diesel y 1.2 8V Fire",46444759 | lado caja,https://reygoma.com.ar/wp-content/uploads/2019/01/23051x1-1.gif,https://reygoma.com.ar/producto/art-2305-2/,FIAT | Strada,CAJA
REY GOMA,2380,SOPORTE / GOMA-METAL,FIAT,Qubo,,(51805434) Soporte trasero de motor 1.4,51805434,https://reygoma.com.ar/wp-content/uploads/2019/01/2380.gif,https://reygoma.com.ar/producto/art-2380/,FIAT | Qubo,
REY GOMA,2379,SOPORTE DE MOTOR,FIAT,Qubo,,(51821084) Soporte de motor (lado derecho) 1.4,51821084 | lado derecho,https://reygoma.com.ar/wp-content/uploads/2019/01/2379.gif,https://reygoma.com.ar/producto/art-2379/,FIAT | Qubo,DERECHO
REY GOMA,2363,SOPORTE DE MOTOR,FIAT,Qubo,,"(51761607) (51761609) Soporte de motor (lado izquierdo) Punto, Strada y 1.4 nafteros",51761607 | 51761609 | lado izquierdo,https://reygoma.com.ar/wp-content/uploads/2019/01/2363-1.gif,https://reygoma.com.ar/producto/art-2363-2/,FIAT | Qubo,IZQUIERDO
REY GOMA,2376,SOPORTE / GOMA-METAL,FIAT,Palio,,(51796654) Soporte trasero de motor Idea 1.8 naftero y Adventure,51796654,https://reygoma.com.ar/wp-content/uploads/2019/01/2376-1.gif,https://reygoma.com.ar/producto/art-2376-2/,FIAT | Palio,
REY GOMA,2374,SOPORTE DE MOTOR,FIAT,Palio,,"(51877337) Soporte de motor (lado derecho) (no hidráulico) Grand Siena 1.4 MPI 8V (Fire), Uno fase II Sporting y Nuevo",51877337 | lado derecho | no hidráulico | Fire,https://reygoma.com.ar/wp-content/uploads/2019/01/2374.gif,https://reygoma.com.ar/producto/art-2374/,FIAT | Palio,DERECHO
REY GOMA,2345,SOPORTE DE MOTOR,FIAT,Palio,,(51736530) Soporte de motor lado izquierdo / Siena 1.4,51736530,https://reygoma.com.ar/wp-content/uploads/2019/01/2342-1.gif,https://reygoma.com.ar/producto/art-2345/,FIAT | Palio,IZQUIERDO
REY GOMA,2344,SOPORTE DE CAJA,FIAT,Palio,,(51736531) Soporte caja de velocidades / Siena 1.4,51736531,https://reygoma.com.ar/wp-content/uploads/2019/01/2341-1.gif,https://reygoma.com.ar/producto/art-2344/,FIAT | Palio,CAJA
REY GOMA,2343,SOPORTE DE MOTOR,FIAT,Palio,,(51753286) Soporte de motor (lado derecho) 1.8,51753286 | lado derecho,https://reygoma.com.ar/wp-content/uploads/2019/01/2343.gif,https://reygoma.com.ar/producto/art-2343/,FIAT | Palio,DERECHO
REY GOMA,2342,SOPORTE DE MOTOR,FIAT,Palio,,"(0046808873) Soporte de motor (lado izquierdo) 1,8",0046808873 | lado izquierdo,https://reygoma.com.ar/wp-content/uploads/2019/01/2342.gif,https://reygoma.com.ar/producto/art-2342/,FIAT | Palio,IZQUIERDO
REY GOMA,2341,SOPORTE DE CAJA,FIAT,Palio,,"(0051715728) Soporte caja de velocidades 1,8",0051715728,https://reygoma.com.ar/wp-content/uploads/2019/01/2341.gif,https://reygoma.com.ar/producto/art-2341/,FIAT | Palio,CAJA
REY GOMA,2340,SOPORTE DE MOTOR,FIAT,Palio,,"(51709049) Soporte de motor / Siena 16V con motor Fire 1,3 naftero año 2001 en adelante.",51709049,https://reygoma.com.ar/wp-content/uploads/2019/01/2340.gif,https://reygoma.com.ar/producto/art-2340/,FIAT | Palio,
REY GOMA,2338,SOPORTE / GOMA-METAL,FIAT,Palio,,"(51736529) Soporte superior de motor (lado derecho) Uno con motor Fire 1.3 8V, / Siena / Strada con motor Fire 1.3 16V año 2004/…Fiorino 1.6 y 1.3 Fire",51736529 | lado derecho,https://reygoma.com.ar/wp-content/uploads/2019/01/2338.gif,https://reygoma.com.ar/producto/art-2338/,FIAT | Palio,DERECHO
REY GOMA,2337,SOPORTE / GOMA-METAL,FIAT,Palio,,(46762366) Soporte delantero de motor (lado caja) HLX / ELX Nafta / Diesel,46762366 | lado caja,https://reygoma.com.ar/wp-content/uploads/2019/01/2337.gif,https://reygoma.com.ar/producto/art-2337/,FIAT | Palio,CAJA
REY GOMA,2336,SOPORTE DE MOTOR,FIAT,Palio,,"(46523938) (51709070) Soporte de motor (lado caja) Siena, fase II con motor Fire MPI 1.3 / 1.6 16V y Strada 1.3 8V Fire. Fiorino 1.6 y 1.3 Fire",46523938 | 51709070 | lado caja,https://reygoma.com.ar/wp-content/uploads/2019/01/2336.gif,https://reygoma.com.ar/producto/art-2336/,FIAT | Palio,CAJA
REY GOMA,2332,SOPORTE DE MOTOR,FIAT,Palio,,(803007) Soporte de motor (lado caja) Siena/motor 1.3 naftero,803007 | lado caja,https://reygoma.com.ar/wp-content/uploads/2019/01/2332.gif,https://reygoma.com.ar/producto/art-2332/,FIAT | Palio,CAJA
REY GOMA,2313,SOPORTE / GOMA-METAL,FIAT,Palio,,"Fuelle único de cremallera mecánica o hidráulica Siena,",,https://reygoma.com.ar/wp-content/uploads/2019/01/2313.gif,https://reygoma.com.ar/producto/art-2313/,FIAT | Palio,
REY GOMA,2310,CAZOLETA,FIAT,Palio,,(8515560) Cazoleta delantera izquierda / Siena.,8515560,https://reygoma.com.ar/wp-content/uploads/2019/01/2310.jpg,https://reygoma.com.ar/producto/art-2310/,FIAT | Palio,IZQUIERDO
REY GOMA,2309,CAZOLETA,FIAT,Palio,,(8515550) Cazoleta delantera derecha / Siena.,8515550,https://reygoma.com.ar/wp-content/uploads/2019/01/2309.jpg,https://reygoma.com.ar/producto/art-2309/,FIAT | Palio,DERECHO
REY GOMA,2307,SOPORTE DE MOTOR,FIAT,Palio,,(46439600) Soporte de motor (lado distribución) Siena nafta o diesel,46439600 | lado distribución,https://reygoma.com.ar/wp-content/uploads/2019/01/23071x1.gif,https://reygoma.com.ar/producto/art-2307/,FIAT | Palio,
REY GOMA,2306,SOPORTE / GOMA-METAL,FIAT,Palio,,(7799243) Soporte central de motor Siena nafta o diesel,7799243,https://reygoma.com.ar/wp-content/uploads/2019/01/23061x1.gif,https://reygoma.com.ar/producto/art-2306/,FIAT | Palio,CENTRO
REY GOMA,2305,SOPORTE DE MOTOR,FIAT,Palio,,(46444759) Soporte de motor (lado caja) Siena naftero o diesel y Strada 1.2 8V Fire,46444759 | lado caja,https://reygoma.com.ar/wp-content/uploads/2019/01/23051x1.gif,https://reygoma.com.ar/producto/art-2305/,FIAT | Palio,CAJA
REY GOMA,2384,SOPORTE DE MOTOR,FIAT,Punto,,(51879121) Soporte de motor (lado derecho) 1.4 8V naftero,51879121 | lado derecho,https://reygoma.com.ar/wp-content/uploads/2019/01/2384.gif,https://reygoma.com.ar/producto/art-2384/,FIAT | Punto,DERECHO
REY GOMA,2375,SOPORTE / GOMA-METAL,FIAT,Punto,,(51795195) Soporte trasero de motor 1.8,51795195,https://reygoma.com.ar/wp-content/uploads/2019/01/2375.gif,https://reygoma.com.ar/producto/art-2375/,FIAT | Punto,
REY GOMA,2365,SOPORTE DE MOTOR,FIAT,Punto,,(51761602) Soporte de motor (lado derecho) 1.8L nafta.,51761602 | lado derecho,https://reygoma.com.ar/wp-content/uploads/2019/01/2365.gif,https://reygoma.com.ar/producto/art-2365/,FIAT | Punto,DERECHO
REY GOMA,2363,SOPORTE DE MOTOR,FIAT,Punto,,(51761607) (51761609) Soporte de motor (lado izquierdo) Strada y Qubo 1.4 nafteros,51761607 | 51761609 | lado izquierdo,https://reygoma.com.ar/wp-content/uploads/2019/01/2363.gif,https://reygoma.com.ar/producto/art-2363/,FIAT | Punto,IZQUIERDO
REY GOMA,2362,SOPORTE DE MOTOR,FIAT,Punto,,(51761601) Soporte de motor (lado derecho) y Strada 1.4L naftero.,51761601 | lado derecho,https://reygoma.com.ar/wp-content/uploads/2019/01/2362.gif,https://reygoma.com.ar/producto/art-2362/,FIAT | Punto,DERECHO
REY GOMA,2361,SOPORTE / GOMA-METAL,FIAT,Punto,,(51795196) Soporte tensor de motor y Strada 1.4L naftero.,51795196,https://reygoma.com.ar/wp-content/uploads/2019/01/2361.gif,https://reygoma.com.ar/producto/art-2361/,FIAT | Punto,
REY GOMA,2322,CAZOLETA,FIAT,Marea,,(46469709) Cazoleta delantera,46469709,https://reygoma.com.ar/wp-content/uploads/2019/01/2322.gif,https://reygoma.com.ar/producto/art-2322/,FIAT | Marea,
REY GOMA,2376,SOPORTE / GOMA-METAL,FIAT,Idea,,(51796654) Soporte trasero de motor 1.8 naftero y Adventure,51796654,https://reygoma.com.ar/wp-content/uploads/2019/01/2376.gif,https://reygoma.com.ar/producto/art-2376/,FIAT | Idea,
REY GOMA,2373,SOPORTE DE MOTOR,FIAT,Idea,,(51744580) Soporte de motor (lado izquierdo) 1.8 HLX naftero,51744580 | lado izquierdo,https://reygoma.com.ar/wp-content/uploads/2019/01/2373.gif,https://reygoma.com.ar/producto/art-2373/,FIAT | Idea,IZQUIERDO
REY GOMA,2366,SOPORTE / GOMA-METAL,FIAT,Idea,,(51796653) Soporte trasero de motor 1.4 nafta.,51796653,https://reygoma.com.ar/wp-content/uploads/2019/01/2366.gif,https://reygoma.com.ar/producto/art-2366/,FIAT | Idea,
REY GOMA,2364,SOPORTE DE MOTOR,FIAT,Idea,,(51744579) (51744602) Soporte de motor (lado derecho) 1.4 y 1.8 nafta.,51744579 | 51744602 | lado derecho,https://reygoma.com.ar/wp-content/uploads/2019/01/2364.gif,https://reygoma.com.ar/producto/art-2364/,FIAT | Idea,DERECHO
REY GOMA,2371,SOPORTE DE CAJA,FIAT,Fiorino,,(50017753) Soporte caja de velocidades Uno 8V y 1.3 Fire.,50017753,https://reygoma.com.ar/wp-content/uploads/2019/01/2371.gif,https://reygoma.com.ar/producto/art-2371/,FIAT | Fiorino,CAJA
REY GOMA,2308,SOPORTE / GOMA-METAL,FIAT,Fiorino,,"(7635228) Soporte amortiguador trasero Duna, Uno y .",7635228,https://reygoma.com.ar/wp-content/uploads/2019/01/2308-1.gif,https://reygoma.com.ar/producto/art-2308-2/,FIAT | Fiorino,
REY GOMA,2315/1,SOPORTE / GOMA-METAL,Europa,FIAT,,Kit con abrazaderas y lubricante,,https://reygoma.com.ar/wp-content/uploads/2019/01/2315-3.gif,https://reygoma.com.ar/producto/art-2315-1-2/,Europa | FIAT,
REY GOMA,2315,SOPORTE / GOMA-METAL,Europa,FIAT,,"Fuelle semi eje (lado rueda) Regatta, Duna, Uno, Super .",lado rueda,https://reygoma.com.ar/wp-content/uploads/2019/01/2315-2.gif,https://reygoma.com.ar/producto/art-2315-2/,Europa | FIAT,
REY GOMA,2294,SOPORTE / GOMA-METAL,Europa,FIAT,,(94002057) Tirante de anclaje modelo 128 Super motor 1500,94002057,https://reygoma.com.ar/wp-content/uploads/2019/01/22941x1.gif,https://reygoma.com.ar/producto/art-2294/,Europa | FIAT,
REY GOMA,2293,SOPORTE / GOMA-METAL,Europa,FIAT,,(940001137) tirante de anclaje Super y posteriores,940001137,https://reygoma.com.ar/wp-content/uploads/2019/01/22931x1.gif,https://reygoma.com.ar/producto/art-2293/,Europa | FIAT,
REY GOMA,2281,SOPORTE DE MOTOR,Europa,FIAT,,(97053070) Soporte de motor y caja Super motor 1500,97053070,https://reygoma.com.ar/wp-content/uploads/2019/01/22811x1.gif,https://reygoma.com.ar/producto/art-2281/,Europa | FIAT,
REY GOMA,2280,SOPORTE DE MOTOR,Europa,FIAT,,(4204386) Soporte de motor y caja Super motor 1300,4204386,https://reygoma.com.ar/wp-content/uploads/2019/01/22801x1.gif,https://reygoma.com.ar/producto/art-2280/,Europa | FIAT,
REY GOMA,2327,SOPORTE / GOMA-METAL,Duna,FIAT,,"(1481244) Taco de apoyo elástico modelos 147, Uno (con refuerzo textil).",1481244 | con refuerzo textil,https://reygoma.com.ar/wp-content/uploads/2019/01/2327.gif,https://reygoma.com.ar/producto/art-2327-2/,Duna | FIAT,
REY GOMA,2326,TOPE AMORTIGUADOR,Duna,FIAT,,Tope rebote de amortiguador .,,https://reygoma.com.ar/wp-content/uploads/2019/01/2326.gif,https://reygoma.com.ar/producto/art-2326/,Duna | FIAT,
REY GOMA,2323,SOPORTE DE ESCAPE,Duna,FIAT,,(4422885) Soporte caño de escape – Uno- Regatta.,4422885,https://reygoma.com.ar/wp-content/uploads/2019/01/2323.gif,https://reygoma.com.ar/producto/art-2323/,Duna | FIAT,
REY GOMA,2321/1,SOPORTE / GOMA-METAL,Duna,FIAT,,Kit con abrazaderas (no utiliza lubricante),no utiliza lubricante,https://reygoma.com.ar/wp-content/uploads/2019/01/2321-1.gif,https://reygoma.com.ar/producto/art-2321-1/,Duna | FIAT,
REY GOMA,2321,SOPORTE / GOMA-METAL,Duna,FIAT,,Fuelle semi eje (lado caja) y Uno 94/99,lado caja,https://reygoma.com.ar/wp-content/uploads/2019/01/2321.gif,https://reygoma.com.ar/producto/art-2321/,Duna | FIAT,CAJA
REY GOMA,2318/1,SOPORTE / GOMA-METAL,Duna,FIAT,,Kit con 1 abrazadera (no utiliza lubricante),no utiliza lubricante,https://reygoma.com.ar/wp-content/uploads/2019/01/2318-1.gif,https://reygoma.com.ar/producto/art-2318-1/,Duna | FIAT,
REY GOMA,2318,SOPORTE / GOMA-METAL,Duna,FIAT,,Fuelle semi eje (lado caja) Uno y año 90/93,lado caja,https://reygoma.com.ar/wp-content/uploads/2019/01/2318.gif,https://reygoma.com.ar/producto/art-2318/,Duna | FIAT,CAJA
REY GOMA,2315/1,SOPORTE / GOMA-METAL,Duna,FIAT,,Kit con abrazaderas y lubricante,,https://reygoma.com.ar/wp-content/uploads/2019/01/2315-1.gif,https://reygoma.com.ar/producto/art-2315-1/,Duna | FIAT,
REY GOMA,2315,SOPORTE / GOMA-METAL,Duna,FIAT,,"Fuelle semi eje (lado rueda) Regatta, Uno, Super Europa.",lado rueda,https://reygoma.com.ar/wp-content/uploads/2019/01/2315.gif,https://reygoma.com.ar/producto/art-2315/,Duna | FIAT,
REY GOMA,2308,SOPORTE / GOMA-METAL,Duna,FIAT,,(7635228) Soporte amortiguador trasero Uno y Fiorino.,7635228,https://reygoma.com.ar/wp-content/uploads/2019/01/2308.gif,https://reygoma.com.ar/producto/art-2308/,Duna | FIAT,
REY GOMA,2302,CAZOLETA,Duna,FIAT,,(75831852) Buje cazoleta amortiguador y Uno año 1993 en adelante,75831852,https://reygoma.com.ar/wp-content/uploads/2019/01/23021x1.gif,https://reygoma.com.ar/producto/art-2302/,Duna | FIAT,
REY GOMA,2301,CAZOLETA,Duna,FIAT,,(7583113) Platillo cazoleta amortiguador y Uno años 1993 en adelante,7583113,https://reygoma.com.ar/wp-content/uploads/2019/01/23011x1.gif,https://reygoma.com.ar/producto/art-2301/,Duna | FIAT,
REY GOMA,2300,SOPORTE / GOMA-METAL,Duna,FIAT,,(7587673) (7587674) Soporte delantero de motor y Weekend con motor 1.7 diesel,7587673 | 7587674,https://reygoma.com.ar/wp-content/uploads/2019/01/23001x1.gif,https://reygoma.com.ar/producto/art-2300/,Duna | FIAT,
REY GOMA,2299,SOPORTE DE CAJA,Duna,FIAT,,(7587675) Soporte caja de velocidades y Uno con motor Tipo 1.4 y 1.6 y Weekend 1.7 diesel. Fiorino 1.4 y 1.6,7587675,https://reygoma.com.ar/wp-content/uploads/2019/01/22991x1.gif,https://reygoma.com.ar/producto/art-2299/,Duna | FIAT,CAJA
REY GOMA,2291,SOPORTE DE MOTOR,Duna,FIAT,,(5978393) Soporte de motor y caja de velocidades naftero y Uno. Fiorino 1.3 Diesel,5978393,https://reygoma.com.ar/wp-content/uploads/2019/01/22911x1.gif,https://reygoma.com.ar/producto/art-2291/,Duna | FIAT,CAJA
REY GOMA,2287,SOPORTE DE MOTOR,Duna,FIAT,,(7563985) Soporte de motor Uno y con motor Tipo 1.4 y 1.6. Fiorino 1.4 y 1.6,7563985,https://reygoma.com.ar/wp-content/uploads/2019/01/22871x1.gif,https://reygoma.com.ar/producto/art-2287/,Duna | FIAT,
REY GOMA,2286,SOPORTE DE MOTOR,Duna,FIAT,,(7563957) Soporte de motor (lado caja de velocidades) motor diesel,7563957 | lado caja de velocidades,https://reygoma.com.ar/wp-content/uploads/2019/01/22861x1.gif,https://reygoma.com.ar/producto/art-2286/,Duna | FIAT,CAJA
REY GOMA,2285,SOPORTE DE MOTOR,Duna,FIAT,,(7536020) (5995864) Soporte de motor 1.3 y 1.5 naftero y Uno,7536020 | 5995864,https://reygoma.com.ar/wp-content/uploads/2019/01/22851x1.gif,https://reygoma.com.ar/producto/art-2285/,Duna | FIAT,
REY GOMA,2382/1,SOPORTE / GOMA-METAL,Ducato,FIAT,,Kit con abrazaderas y lubricante,,https://reygoma.com.ar/wp-content/uploads/2019/01/2382-1.gif,https://reygoma.com.ar/producto/art-2382-1/,Ducato | FIAT,
REY GOMA,2382,SOPORTE / GOMA-METAL,Ducato,FIAT,,"Fuelle semi eje (lado caja) Max, palier grueso, con trébol",lado caja,https://reygoma.com.ar/wp-content/uploads/2019/01/2382.gif,https://reygoma.com.ar/producto/art-2382/,Ducato | FIAT,CAJA
REY GOMA,2370/1,SOPORTE / GOMA-METAL,Ducato,FIAT,,Kit con abrazaderas y lubricante.,,https://reygoma.com.ar/wp-content/uploads/2019/01/2370-1.gif,https://reygoma.com.ar/producto/art-2370-1/,Ducato | FIAT,
REY GOMA,2370,SOPORTE / GOMA-METAL,Ducato,FIAT,,Fuelle semi eje (lado rueda) .,lado rueda,https://reygoma.com.ar/wp-content/uploads/2019/01/2370.gif,https://reygoma.com.ar/producto/art-2370/,Ducato | FIAT,
REY GOMA,2360,SOPORTE / GOMA-METAL,Ducato,FIAT,,(1310575080) soporte superior de motor,1310575080,https://reygoma.com.ar/wp-content/uploads/2019/01/2360.gif,https://reygoma.com.ar/producto/art-2360/,Ducato | FIAT,
REY GOMA,2352,SOPORTE DE MOTOR,Ducato,FIAT,,(430107441) Silentbloc soporte motor 2.8,430107441,https://reygoma.com.ar/wp-content/uploads/2019/01/imp6510-sil.gif,https://reygoma.com.ar/producto/art-2352/,Ducato | FIAT,MOTOR
REY GOMA,2350,CAZOLETA,Ducato,FIAT,,(1307241080) Cazoleta izquierda amortiguador,1307241080,https://reygoma.com.ar/wp-content/uploads/2019/01/imp_1887-1.gif,https://reygoma.com.ar/producto/art-2350/,Ducato | FIAT,IZQUIERDO
REY GOMA,2349,CAZOLETA,Ducato,FIAT,,(1307242080) Cazoleta derecha amortiguador,1307242080,https://reygoma.com.ar/wp-content/uploads/2019/01/imp_1886-1.gif,https://reygoma.com.ar/producto/art-2349/,Ducato | FIAT,DERECHO
REY GOMA,2347,SOPORTE DE MOTOR,Ducato,FIAT,,(1326573080) Soporte de motor 2.8 JTD año 2007 en adelante (lado izquierdo),1326573080 | lado izquierdo,https://reygoma.com.ar/wp-content/uploads/2019/01/2347.gif,https://reygoma.com.ar/producto/art-2347/,Ducato | FIAT,IZQUIERDO
REY GOMA,2346,SOPORTE DE MOTOR,Ducato,FIAT,,(1335129080) Soporte de motor 2.8 JTD año 2007 en adelante (lado derecho),1335129080 | lado derecho,https://reygoma.com.ar/wp-content/uploads/2019/01/2346.gif,https://reygoma.com.ar/producto/art-2346/,Ducato | FIAT,DERECHO
REY GOMA,2339,SOPORTE DE MOTOR,Ducato,FIAT,,"(1333573080) Soporte de motor (ambos lados) 2,8 TDI año 2005 en adelante.",1333573080 | ambos lados,https://reygoma.com.ar/wp-content/uploads/2019/01/2339-2.gif,https://reygoma.com.ar/producto/art-2339/,Ducato | FIAT,AMBOS LADOS
REY GOMA,2335/1,SOPORTE / GOMA-METAL,Ducato,FIAT,,Kit con abrazaderas y lubricante.,,https://reygoma.com.ar/wp-content/uploads/2019/01/2335-1.gif,https://reygoma.com.ar/producto/art-2335-1/,Ducato | FIAT,
REY GOMA,2335,SOPORTE / GOMA-METAL,Ducato,FIAT,,Fuelle semi eje (lado rueda) Max.,lado rueda,https://reygoma.com.ar/wp-content/uploads/2019/01/2335.gif,https://reygoma.com.ar/producto/art-2335/,Ducato | FIAT,
REY GOMA,2334,SOPORTE / GOMA-METAL,Ducato,FIAT,,(182719) Soporte delantero de motor (lado derecho) 2.5,182719 | lado derecho,https://reygoma.com.ar/wp-content/uploads/2019/01/2334-1.gif,https://reygoma.com.ar/producto/art-2334/,Ducato | FIAT,DERECHO
REY GOMA,2333,SOPORTE / GOMA-METAL,Ducato,FIAT,,(182717) Soporte delantero de motor (lado izquierdo) 2.5,182717 | lado izquierdo,https://reygoma.com.ar/wp-content/uploads/2019/01/2333.gif,https://reygoma.com.ar/producto/art-2333/,Ducato | FIAT,IZQUIERDO
REY GOMA,2331,PEDAL,Ducato,FIAT,,(4504160) Cubre pedal de freno y de embrague .,4504160,https://reygoma.com.ar/wp-content/uploads/2019/01/2331.gif,https://reygoma.com.ar/producto/art-2331/,Ducato | FIAT,
REY GOMA,2330,TOPE AMORTIGUADOR,Ducato,FIAT,,Tope rebote de amortiguador (trasero) .,trasero,https://reygoma.com.ar/wp-content/uploads/2019/01/2330-e1553700187862.gif,https://reygoma.com.ar/producto/art-2330/,Ducato | FIAT,
REY GOMA,2329,SOPORTE DE CAJA,Ducato,FIAT,,(B-184666) Soporte caja de velocidades (modelo nuevo).,B-184666 | modelo nuevo,https://reygoma.com.ar/wp-content/uploads/2019/01/23297071-2.gif,https://reygoma.com.ar/producto/art-2329/,Ducato | FIAT,CAJA
REY GOMA,2325,SOPORTE DE CAJA,Ducato,FIAT,,(7663999) Soporte de caja de velocidades (moderno).,7663999 | moderno,https://reygoma.com.ar/wp-content/uploads/2019/01/2325-1.gif,https://reygoma.com.ar/producto/art-2325/,Ducato | FIAT,CAJA
REY GOMA,2324,SOPORTE DE MOTOR,Ducato,FIAT,,(4456819) Soporte de motor (completo).,4456819 | completo,https://reygoma.com.ar/wp-content/uploads/2019/01/2324-1.gif,https://reygoma.com.ar/producto/art-2324/,Ducato | FIAT,
REY GOMA,2320/1,SOPORTE / GOMA-METAL,Ducato,FIAT,,Kit con abrazaderas y lubricante,,https://reygoma.com.ar/wp-content/uploads/2019/01/2320-1.gif,https://reygoma.com.ar/producto/art-2320-1/,Ducato | FIAT,
REY GOMA,2320,SOPORTE / GOMA-METAL,Ducato,FIAT,,Fuelle semi eje (lado rueda),lado rueda,https://reygoma.com.ar/wp-content/uploads/2019/01/2320.gif,https://reygoma.com.ar/producto/art-2320/,Ducato | FIAT,
REY GOMA,2319/1,SOPORTE / GOMA-METAL,Ducato,FIAT,,Kit con abrazaderas y lubricante,,https://reygoma.com.ar/wp-content/uploads/2019/01/2319-1.gif,https://reygoma.com.ar/producto/art-2319-1/,Ducato | FIAT,
REY GOMA,2319,SOPORTE / GOMA-METAL,Ducato,FIAT,,Fuelle semi eje (lado caja),lado caja,https://reygoma.com.ar/wp-content/uploads/2019/01/2319.gif,https://reygoma.com.ar/producto/art-2319/,Ducato | FIAT,CAJA
REY GOMA,2312,BUJE,Ducato,FIAT,,(3521-650T) Buje parrilla delantera .,3521-650T,https://reygoma.com.ar/wp-content/uploads/2019/01/2312.jpg,https://reygoma.com.ar/producto/art-2312/,Ducato | FIAT,
REY GOMA,2311,BUJE,Ducato,FIAT,,(3521-650D) Buje parrilla delantera (goma y caño).,3521-650D | goma y caño,https://reygoma.com.ar/wp-content/uploads/2019/01/2311.jpg,https://reygoma.com.ar/producto/art-2311/,Ducato | FIAT,
REY GOMA,2383,SOPORTE DE MOTOR,Doblo,FIAT,,(51849522) Soporte de motor (lado derecho) 1.4 naftero,51849522 | lado derecho,https://reygoma.com.ar/wp-content/uploads/2019/01/2383.gif,https://reygoma.com.ar/producto/art-2383/,Doblo | FIAT,DERECHO
REY GOMA,2356,SOPORTE / GOMA-METAL,Dedra,FIAT,,(7601064) Silentbloc cent. brazo suspensión delantero (19.9 mm.) Tipo – Brava – .,7601064 | 19.9 mm.,https://reygoma.com.ar/wp-content/uploads/2019/01/imp6524-1.gif,https://reygoma.com.ar/producto/art-2356-2/,Dedra | FIAT,
REY GOMA,2355,SOPORTE / GOMA-METAL,Dedra,FIAT,,(7601065) Silentbloc ext. brazo suspensión delantero izquierdo (19.9 mm.) Tipo – Brava – .,7601065 | 19.9 mm.,https://reygoma.com.ar/wp-content/uploads/2019/01/imp6523-1.gif,https://reygoma.com.ar/producto/art-2355-2/,Dedra | FIAT,IZQUIERDO
REY GOMA,2269,SOPORTE DE ESCAPE,Camion,FIAT,,"(4643918) Soporte caño de escape camiones 619, 673 y 697 N y T. Ø 50 mm. h 31 mm. rosca M 10 x 1,25",4643918,https://reygoma.com.ar/wp-content/uploads/2019/01/22691x1.gif,https://reygoma.com.ar/producto/art-2269/,Camion | FIAT,
REY GOMA,2267,SOPORTE / GOMA-METAL,Camion,FIAT,,(4628369) Soporte trasero de motor camión 619 N y 697,4628369,https://reygoma.com.ar/wp-content/uploads/2019/01/22671x1.gif,https://reygoma.com.ar/producto/art-2267/,Camion | FIAT,
REY GOMA,2266,SOPORTE / GOMA-METAL,Camion,FIAT,,(4668731) Soporte delantero de motor camión 673 N,4668731,https://reygoma.com.ar/wp-content/uploads/2019/01/22661x1.gif,https://reygoma.com.ar/producto/art-2266/,Camion | FIAT,
REY GOMA,2265,SOPORTE / GOMA-METAL,Camion,FIAT,,(4617444) Soporte delantero de motor camiones 619 N y 697,4617444,https://reygoma.com.ar/wp-content/uploads/2019/01/22651x1.gif,https://reygoma.com.ar/producto/art-2265/,Camion | FIAT,
REY GOMA,2264,SOPORTE / GOMA-METAL,Camion,FIAT,,(8545771) Soporte trasero de motor camiones 673 N y T,8545771,https://reygoma.com.ar/wp-content/uploads/2019/01/22641x1.gif,https://reygoma.com.ar/producto/art-2264/,Camion | FIAT,
REY GOMA,2359,SOPORTE / GOMA-METAL,Brava-Bravo,FIAT,,(7601064) Silentbloc cent. brazo suspensión delantero (20.9 mm.) Tipo – Bravo.,7601064 | 20.9 mm.,https://reygoma.com.ar/wp-content/uploads/2019/01/imp6535.gif,https://reygoma.com.ar/producto/art-2359/,Brava-Bravo | FIAT,
REY GOMA,2358,SOPORTE / GOMA-METAL,Brava-Bravo,FIAT,,(7601055) Silentbloc ext. brazo suspensión izquierdo (20.9 mm.) Tipo – Bravo.,7601055 | 20.9 mm.,https://reygoma.com.ar/wp-content/uploads/2019/01/imp6534.gif,https://reygoma.com.ar/producto/art-2358/,Brava-Bravo | FIAT,IZQUIERDO
REY GOMA,2357,SOPORTE / GOMA-METAL,Brava-Bravo,FIAT,,(7601068) Silentbloc ext. brazo suspensión derecho (20.9 mm.) Tipo – Bravo.,7601068 | 20.9 mm.,https://reygoma.com.ar/wp-content/uploads/2019/01/imp6533.gif,https://reygoma.com.ar/producto/art-2357/,Brava-Bravo | FIAT,DERECHO
REY GOMA,2356,SOPORTE / GOMA-METAL,Brava-Bravo,FIAT,,(7601064) Silentbloc cent. brazo suspensión delantero (19.9 mm.) Tipo – Brava – Dedra.,7601064 | 19.9 mm.,https://reygoma.com.ar/wp-content/uploads/2019/01/imp6524.gif,https://reygoma.com.ar/producto/art-2356/,Brava-Bravo | FIAT,
REY GOMA,2355,SOPORTE / GOMA-METAL,Brava-Bravo,FIAT,,(7601065) Silentbloc ext. brazo suspensión delantero izquierdo (19.9 mm.) Tipo – Brava – Dedra.,7601065 | 19.9 mm.,https://reygoma.com.ar/wp-content/uploads/2019/01/imp6523.gif,https://reygoma.com.ar/producto/art-2355/,Brava-Bravo | FIAT,IZQUIERDO
REY GOMA,2354,SOPORTE / GOMA-METAL,Brava-Bravo,FIAT,,(7601068) Silentbloc ext. brazo suspensión delantero derecho (19.9 mm.) Tipo – Bravo.,7601068 | 19.9 mm.,https://reygoma.com.ar/wp-content/uploads/2019/01/imp6522.gif,https://reygoma.com.ar/producto/art-2354/,Brava-Bravo | FIAT,DERECHO
REY GOMA,2258,BUJE,FIAT,Fiat 1500 y 1600,,"1500 y 1600 (814677) Buje de amortiguador modelos1500, 1600, 128 y 125",814677,https://reygoma.com.ar/wp-content/uploads/2019/01/22581x1.gif,https://reygoma.com.ar/producto/art-2258-2/,FIAT | Fiat 1500 y 1600,
REY GOMA,2244,SOPORTE / GOMA-METAL,FIAT,Fiat 1500 y 1600,,"1500 y 1600 (4286570) Soporte delantero de motor modelos 1600 y 125 años 1972/76. Ø 70 mm. h 52 mm. rosca M 10 x 1,25",4286570,https://reygoma.com.ar/wp-content/uploads/2019/01/22441x1.gif,https://reygoma.com.ar/producto/art-2244-2/,FIAT | Fiat 1500 y 1600,
REY GOMA,2236,BUJE,FIAT,Fiat 1500 y 1600,,"1500 y 1600 (4137841) Buje palanca de cambios al piso modelos 1500, 1600 y 125",4137841,https://reygoma.com.ar/wp-content/uploads/2019/01/22361x1.gif,https://reygoma.com.ar/producto/art-2236-2/,FIAT | Fiat 1500 y 1600,
REY GOMA,2213,SOPORTE DE ESCAPE,FIAT,Fiat 1500 y 1600,,"1500 y 1600 (4214979) Soporte caño de escape modelos 128, 1600 y 125",4214979,https://reygoma.com.ar/wp-content/uploads/2019/01/22131x1.gif,https://reygoma.com.ar/producto/art-2213-2/,FIAT | Fiat 1500 y 1600,
REY GOMA,2207,BUJE,FIAT,Fiat 1500 y 1600,,"1500 y 1600 (4125492) Conjunto buje tensor de dirección modelos 1500, 1600 y 125",4125492,https://reygoma.com.ar/wp-content/uploads/2019/01/22071x1.gif,https://reygoma.com.ar/producto/art-2207-2/,FIAT | Fiat 1500 y 1600,
REY GOMA,2205,BUJE,FIAT,Fiat 1500 y 1600,,"1500 y 1600 (849128) (1036680) Buje de amortiguador modelos 600 todos, 1600 y 125",849128 | 1036680,https://reygoma.com.ar/wp-content/uploads/2019/01/22051x1-1.gif,https://reygoma.com.ar/producto/art-2205-3/,FIAT | Fiat 1500 y 1600,
REY GOMA,2204,TOPE AMORTIGUADOR,FIAT,Fiat 1500 y 1600,,"1500 y 1600 (4060028) (1031906) Tope grande de suspensión modelos 1500, 1600 y 125",4060028 | 1031906,https://reygoma.com.ar/wp-content/uploads/2019/01/22041x1.gif,https://reygoma.com.ar/producto/art-2204-2/,FIAT | Fiat 1500 y 1600,
REY GOMA,2203,BUJE,FIAT,Fiat 1500 y 1600,,1500 y 1600 (1036680) Buje de amortiguador modelo 1500,1036680,https://reygoma.com.ar/wp-content/uploads/2019/01/22031x1.gif,https://reygoma.com.ar/producto/art-2203/,FIAT | Fiat 1500 y 1600,
REY GOMA,2179,SOPORTE DE ESCAPE,FIAT,Fiat 1500 y 1600,,1500 y 1600 (4066081) Soporte caño de escape modelo 1500,4066081,https://reygoma.com.ar/wp-content/uploads/2019/01/21791x1.gif,https://reygoma.com.ar/producto/art-2179/,FIAT | Fiat 1500 y 1600,
REY GOMA,2162,SOPORTE DE ESCAPE,FIAT,Fiat 1500 y 1600,,1500 y 1600 (4112293) Soporte caño de escape modelo 1500,4112293,https://reygoma.com.ar/wp-content/uploads/2019/01/21621x1.gif,https://reygoma.com.ar/producto/art-2162/,FIAT | Fiat 1500 y 1600,
REY GOMA,2161,BUJE,FIAT,Fiat 1500 y 1600,,1500 y 1600 (4094243) Buje barra estabilizadora trasera modelo 1500,4094243,https://reygoma.com.ar/wp-content/uploads/2019/01/21611x1.gif,https://reygoma.com.ar/producto/art-2161/,FIAT | Fiat 1500 y 1600,
REY GOMA,2150,SOPORTE / GOMA-METAL,FIAT,Fiat 1500 y 1600,,1500 y 1600 (12056686) Capuchón de bujía todos los modelos,12056686,https://reygoma.com.ar/wp-content/uploads/2019/01/21501x1-1.gif,https://reygoma.com.ar/producto/art-2150-3/,FIAT | Fiat 1500 y 1600,
REY GOMA,2149,SOPORTE DE ESCAPE,FIAT,Fiat 1500 y 1600,,1500 y 1600 (4125193) Soporte caño de escape modelo 1500,4125193,https://reygoma.com.ar/wp-content/uploads/2019/01/21491x1.gif,https://reygoma.com.ar/producto/art-2149/,FIAT | Fiat 1500 y 1600,
REY GOMA,2148,PEDAL,FIAT,Fiat 1500 y 1600,,1500 y 1600 (2510) Cubre pedal de freno y de embrague modelos 1500 y 125,2510,https://reygoma.com.ar/wp-content/uploads/2019/01/21481x1.gif,https://reygoma.com.ar/producto/art-2148-2/,FIAT | Fiat 1500 y 1600,
REY GOMA,2147,SOPORTE / GOMA-METAL,FIAT,Fiat 1500 y 1600,,1500 y 1600 (4072153) Anillo para rulemán de palier modelo 1500,4072153,https://reygoma.com.ar/wp-content/uploads/2019/01/21471x1.gif,https://reygoma.com.ar/producto/art-2147/,FIAT | Fiat 1500 y 1600,
REY GOMA,2144,ACCESORIO,FIAT,Fiat 1500 y 1600,,1500 y 1600 (45672) Tornillo de goma sujeta alfombra todos los modelos,45672,https://reygoma.com.ar/wp-content/uploads/2019/01/21441x1-1.gif,https://reygoma.com.ar/producto/art-2144-4/,FIAT | Fiat 1500 y 1600,
REY GOMA,2139,SOPORTE / GOMA-METAL,FIAT,Fiat 1500 y 1600,,1500 y 1600 (A4066936) Soporte delantero de motor modelo 1500,A4066936,https://reygoma.com.ar/wp-content/uploads/2019/01/21391x1.gif,https://reygoma.com.ar/producto/art-2139/,FIAT | Fiat 1500 y 1600,
REY GOMA,2138,BUJE,FIAT,Fiat 1500 y 1600,,1500 y 1600 (4109523) Buje de amortiguador modelo 1500,4109523,https://reygoma.com.ar/wp-content/uploads/2019/01/21381x1.gif,https://reygoma.com.ar/producto/art-2138/,FIAT | Fiat 1500 y 1600,
REY GOMA,2135,SOPORTE / GOMA-METAL,FIAT,Fiat 1500 y 1600,,1500 y 1600 (987112) Anillo retén polea de distribución modelos 600 todos y 1500,987112,https://reygoma.com.ar/wp-content/uploads/2019/01/21351x1-1.gif,https://reygoma.com.ar/producto/art-2135-2/,FIAT | Fiat 1500 y 1600,
REY GOMA,2131,SOPORTE DE CAJA,FIAT,Fiat 1500 y 1600,,"1500 y 1600 (4060117) Soporte caja de velocidades modelos 1500, 1600, 125 y multicarga",4060117,https://reygoma.com.ar/wp-content/uploads/2019/01/21311x1.gif,https://reygoma.com.ar/producto/art-2131-2/,FIAT | Fiat 1500 y 1600,CAJA
REY GOMA,2127,BUJE,FIAT,Fiat 1500 y 1600,,"1500 y 1600 (4094241) Buje barra estabilizadora delantera y trasera modelos 1500, 1600 y 125",4094241,https://reygoma.com.ar/wp-content/uploads/2019/01/21271x1.gif,https://reygoma.com.ar/producto/art-2127-2/,FIAT | Fiat 1500 y 1600,
REY GOMA,2125,PEDAL,FIAT,Fiat 1500 y 1600,,1500 y 1600 (4096202) Cubre pedal de freno y de embrague modelo 1500,4096202,https://reygoma.com.ar/wp-content/uploads/2019/01/21251x1.gif,https://reygoma.com.ar/producto/art-2125/,FIAT | Fiat 1500 y 1600,
REY GOMA,2240,SOPORTE / GOMA-METAL,FIAT,Fiat 600,,600 (4102056) Capuchón varilla de aceite modelo 600 todos y 128,4102056,https://reygoma.com.ar/wp-content/uploads/2019/01/22401x1.gif,https://reygoma.com.ar/producto/art-2240-2/,FIAT | Fiat 600,
REY GOMA,2211,SOPORTE / GOMA-METAL,FIAT,Fiat 600,,600 (4007969) Soporte de elástico modelo 600 todos,4007969,https://reygoma.com.ar/wp-content/uploads/2019/01/22111x1.gif,https://reygoma.com.ar/producto/art-2211/,FIAT | Fiat 600,
REY GOMA,2205,BUJE,FIAT,Fiat 600,,"600 (849128) (1036680) Buje de amortiguador modelos 600 todos, 1600 y 125",849128 | 1036680,https://reygoma.com.ar/wp-content/uploads/2019/01/22051x1.gif,https://reygoma.com.ar/producto/art-2205-2/,FIAT | Fiat 600,
REY GOMA,2176,SOPORTE / GOMA-METAL,FIAT,Fiat 600,,600 (4054976) Canalizador de aire modelo 600 todos,4054976,https://reygoma.com.ar/wp-content/uploads/2019/01/21761x1.gif,https://reygoma.com.ar/producto/art-2176/,FIAT | Fiat 600,
REY GOMA,2167,MANCHON,FIAT,Fiat 600,,600 (875546) Manchón palanca de cambios modelo 600 todos,875546,https://reygoma.com.ar/wp-content/uploads/2019/01/21671x1.gif,https://reygoma.com.ar/producto/art-2167/,FIAT | Fiat 600,
REY GOMA,2150,SOPORTE / GOMA-METAL,FIAT,Fiat 600,,600 (12056686) Capuchón de bujía todos los modelos,12056686,https://reygoma.com.ar/wp-content/uploads/2019/01/21501x1.gif,https://reygoma.com.ar/producto/art-2150-2/,FIAT | Fiat 600,
REY GOMA,2145,BUJE,FIAT,Fiat 600,,600 (992767) Buje varilla de cambios modelo 600 todos,992767,https://reygoma.com.ar/wp-content/uploads/2019/01/21451x1.gif,https://reygoma.com.ar/producto/art-2145/,FIAT | Fiat 600,
REY GOMA,2144,ACCESORIO,FIAT,Fiat 600,,600 (45672) Tornillo de goma sujeta alfombra todos los modelos,45672,https://reygoma.com.ar/wp-content/uploads/2019/01/21441x1.gif,https://reygoma.com.ar/producto/art-2144-3/,FIAT | Fiat 600,
REY GOMA,2142,SOPORTE / GOMA-METAL,FIAT,Fiat 600,,600 (743598) Tapón grande para piso modelo 600 todos,743598,https://reygoma.com.ar/wp-content/uploads/2019/01/21421x1.gif,https://reygoma.com.ar/producto/art-2142/,FIAT | Fiat 600,
REY GOMA,2137/1,PEDAL,FIAT,Fiat 600,,600 (992486) Cubre pedal de freno modelo 600 todos,992486,https://reygoma.com.ar/wp-content/uploads/2019/01/2137-11x1.gif,https://reygoma.com.ar/producto/art-2137-1/,FIAT | Fiat 600,
REY GOMA,2137,PEDAL,FIAT,Fiat 600,,600 (992482) Cubre pedal de embrague modelo 600 todos,992482,https://reygoma.com.ar/wp-content/uploads/2019/01/21371x1.gif,https://reygoma.com.ar/producto/art-2137/,FIAT | Fiat 600,
REY GOMA,2135,SOPORTE / GOMA-METAL,FIAT,Fiat 600,,600 (987112) Anillo retén polea de distribución modelos 600 todos y 1500,987112,https://reygoma.com.ar/wp-content/uploads/2019/01/21351x1.gif,https://reygoma.com.ar/producto/art-2135/,FIAT | Fiat 600,
REY GOMA,2134,SOPORTE / GOMA-METAL,FIAT,Fiat 600,,600 (991591) Asiento superior elástico delantero modelo 600 todos,991591,https://reygoma.com.ar/wp-content/uploads/2019/01/21341x1.gif,https://reygoma.com.ar/producto/art-2134/,FIAT | Fiat 600,
REY GOMA,2129,SOPORTE / GOMA-METAL,FIAT,Fiat 600,,600 (4010514) Goma asiento espiral de suspensión modelo 600 todos,4010514,https://reygoma.com.ar/wp-content/uploads/2019/01/21291x1.gif,https://reygoma.com.ar/producto/art-2129/,FIAT | Fiat 600,
REY GOMA,2126,MANCHON,FIAT,Fiat 600,,600 (4094901) Capuchón acople al manchón modelo 600 todos,4094901,https://reygoma.com.ar/wp-content/uploads/2019/01/21261x1.gif,https://reygoma.com.ar/producto/art-2126/,FIAT | Fiat 600,
REY GOMA,2115,SOPORTE DE CAJA,FIAT,Fiat 600,,600 (870286) Soporte caja de velocidades modelo 600 todos,870286,https://reygoma.com.ar/wp-content/uploads/2019/01/21151x1.gif,https://reygoma.com.ar/producto/art-2115/,FIAT | Fiat 600,CAJA
REY GOMA,2114,SOPORTE / GOMA-METAL,FIAT,Fiat 600,,600 (878166IA) Soporte delantero superior de motor modelo 600 todos,878166IA,https://reygoma.com.ar/wp-content/uploads/2019/01/21141x1.gif,https://reygoma.com.ar/producto/art-2114/,FIAT | Fiat 600,
REY GOMA,2113,SOPORTE / GOMA-METAL,FIAT,Fiat 600,,600 (878165) Soporte delantero inferior de motor modelo 600 todos,878165,https://reygoma.com.ar/wp-content/uploads/2019/01/21131x1.gif,https://reygoma.com.ar/producto/art-2113/,FIAT | Fiat 600,
REY GOMA,2107,BUJE,FIAT,Fiat 600,,600 (849128IA) Buje amortiguador delantero modelo 600 todos,849128IA,https://reygoma.com.ar/wp-content/uploads/2019/01/21071x1.gif,https://reygoma.com.ar/producto/art-2107/,FIAT | Fiat 600,
REY GOMA,2100,SOPORTE / GOMA-METAL,FIAT,Fiat 600,,600 (4061139) (4084637) Fuelle salida de palier modelo 600 todos,4061139 | 4084637,https://reygoma.com.ar/wp-content/uploads/2018/12/21001x1-e1553700037145.gif,https://reygoma.com.ar/producto/art-2100/,FIAT | Fiat 600,
REY GOMA,2327,SOPORTE / GOMA-METAL,FIAT,Fiat 133 y 147,,"133 y 147 (1481244) Taco de apoyo elástico modelos 147, Duna, Uno (con refuerzo textil).",1481244 | con refuerzo textil,https://reygoma.com.ar/wp-content/uploads/2018/12/2327.gif,https://reygoma.com.ar/producto/art-2327/,FIAT | Fiat 133 y 147,
REY GOMA,2296,MANCHON,FIAT,Fiat 133 y 147,,133 y 147 (1471101) Manchón de acople de palanca de cambios modelo 128 (motor 1300) y modelo 133 (agujero grande Ø 12 mm),1471101 | motor 1300 | agujero grande Ø 12 mm,https://reygoma.com.ar/wp-content/uploads/2018/12/22961x1-1.gif,https://reygoma.com.ar/producto/art-2296-2/,FIAT | Fiat 133 y 147,
REY GOMA,2295,MANCHON,FIAT,Fiat 133 y 147,,133 y 147 (4102856) manchón acople palanca de cambios modelo 128 (motor 1100) y modelo 147 (agujero chico Ø 11mm),4102856 | motor 1100 | agujero chico Ø 11mm,https://reygoma.com.ar/wp-content/uploads/2018/12/22951x1-1.gif,https://reygoma.com.ar/producto/art-2295-2/,FIAT | Fiat 133 y 147,
REY GOMA,2290,SOPORTE DE MOTOR,FIAT,"Fiat 133 y 147, Fiorino",,"133 y 147 , (4471185) Soporte de motor (lado derecho) modelo 147 Spazio, 1.3 diesel",4471185 | lado derecho,https://reygoma.com.ar/wp-content/uploads/2018/12/22901x1.gif,https://reygoma.com.ar/producto/art-2290/,FIAT | Fiat 133 y 147 | Fiorino,DERECHO
REY GOMA,2289,SOPORTE DE MOTOR,FIAT,"Fiat 133 y 147, Fiorino",,"133 y 147 , (5983379) Soporte de motor (lado izquierdo) modelo 147 Spazio, 1.3 diesel",5983379 | lado izquierdo,https://reygoma.com.ar/wp-content/uploads/2018/12/22891x1.gif,https://reygoma.com.ar/producto/art-2289/,FIAT | Fiat 133 y 147 | Fiorino,IZQUIERDO
REY GOMA,2283,SOPORTE DE MOTOR,FIAT,Fiat 133 y 147,,133 y 147 (1481625) Soporte de motor lado distribución modelo 147,1481625,https://reygoma.com.ar/wp-content/uploads/2018/12/22831x1.gif,https://reygoma.com.ar/producto/art-2283/,FIAT | Fiat 133 y 147,
REY GOMA,2282,SOPORTE DE MOTOR,FIAT,Fiat 133 y 147,,133 y 147 (4471189) Soporte de motor y caja modelo 147 motor diesel,4471189,https://reygoma.com.ar/wp-content/uploads/2018/12/22821x1.gif,https://reygoma.com.ar/producto/art-2282/,FIAT | Fiat 133 y 147,
REY GOMA,2278,SOPORTE DE ESCAPE,FIAT,Fiat 133 y 147,,133 y 147 (4296059) Soporte caño de escape modelo 147,4296059,https://reygoma.com.ar/wp-content/uploads/2018/12/22781x1.gif,https://reygoma.com.ar/producto/art-2278/,FIAT | Fiat 133 y 147,
REY GOMA,2277,SOPORTE / GOMA-METAL,FIAT,Fiat 133 y 147,,"133 y 147 (4191524) Taco elástico apoyo resorte brazo oscilante suspensión posterior modelos 128, 147 y Uno",4191524,https://reygoma.com.ar/wp-content/uploads/2018/12/22771x1-1.gif,https://reygoma.com.ar/producto/art-2277-2/,FIAT | Fiat 133 y 147,
REY GOMA,2276,SOPORTE DE CAJA,FIAT,Fiat 133 y 147,,133 y 147 (1481135) Soporte trasero de motor (lado caja de velocidades) modelo 147,1481135 | lado caja de velocidades,https://reygoma.com.ar/wp-content/uploads/2018/12/22761x1.gif,https://reygoma.com.ar/producto/art-2276/,FIAT | Fiat 133 y 147,CAJA
REY GOMA,2271,SOPORTE DE CAJA,FIAT,Fiat 133 y 147,,133 y 147 (4395666) Soporte caja de velocidades modelo 147,4395666,https://reygoma.com.ar/wp-content/uploads/2018/12/22711x1.gif,https://reygoma.com.ar/producto/art-2271/,FIAT | Fiat 133 y 147,CAJA
REY GOMA,2296,MANCHON,FIAT,Fiat 125 y 128,,125 y 128 (1471101) Manchón de acople de palanca de cambios modelo 128 (motor 1300) y modelo 133 (agujero de Ø 12 mm),1471101 | motor 1300 | agujero de Ø 12 mm,https://reygoma.com.ar/wp-content/uploads/2018/12/22961x1.gif,https://reygoma.com.ar/producto/art-2296/,FIAT | Fiat 125 y 128,
REY GOMA,2295,MANCHON,FIAT,Fiat 125 y 128,,125 y 128 (4102856) Manchón acople palanca de cambios modelo 128 (motor 1100) y modelo 147 (agujero chico Ø 11 mm),4102856 | motor 1100 | agujero chico Ø 11 mm,https://reygoma.com.ar/wp-content/uploads/2018/12/22951x1.gif,https://reygoma.com.ar/producto/art-2295/,FIAT | Fiat 125 y 128,
REY GOMA,2292,SOPORTE / GOMA-METAL,FIAT,Fiat 125 y 128,,125 y 128 (94000562) Tirante de anclaje modelo 128,94000562,https://reygoma.com.ar/wp-content/uploads/2018/12/22921x1.gif,https://reygoma.com.ar/producto/art-2292/,FIAT | Fiat 125 y 128,
REY GOMA,2279,SOPORTE DE MOTOR,FIAT,Fiat 125 y 128,,"125 y 128 (4218081) Soporte de motor (reparación) modelo 128 motor 1100, 1300, 1500 todos",4218081 | reparación,https://reygoma.com.ar/wp-content/uploads/2018/12/22791x1.gif,https://reygoma.com.ar/producto/art-2279/,FIAT | Fiat 125 y 128,
REY GOMA,2277,SOPORTE / GOMA-METAL,FIAT,Fiat 125 y 128,,"125 y 128 (4191524) Taco elástico apoyo resorte brazo oscilante suspensión posterior modelos 128, 147 y Uno",4191524,https://reygoma.com.ar/wp-content/uploads/2018/12/22771x1.gif,https://reygoma.com.ar/producto/art-2277/,FIAT | Fiat 125 y 128,
REY GOMA,2274,SOPORTE / GOMA-METAL,FIAT,Fiat 125 y 128,,125 y 128 (1039995) Taco elástico de cabeza de amortiguador modelo 128,1039995,https://reygoma.com.ar/wp-content/uploads/2018/12/22741x1.gif,https://reygoma.com.ar/producto/art-2274/,FIAT | Fiat 125 y 128,
REY GOMA,2273,SOPORTE / GOMA-METAL,FIAT,Fiat 125 y 128,,125 y 128 (5968403) (4188797) Taco elástico apoyo brazo oscilante suspensión posterior modelo 128 y Regatta.,5968403 | 4188797,https://reygoma.com.ar/wp-content/uploads/2018/12/22731x1.gif,https://reygoma.com.ar/producto/art-2273/,FIAT | Fiat 125 y 128,
REY GOMA,2270,SOPORTE DE MOTOR,FIAT,Fiat 125 y 128,,125 y 128 (4218081) Soporte de motor y caja de velocidades modelo 128 motor 1300 c.c.,4218081,https://reygoma.com.ar/wp-content/uploads/2018/12/22701x1.gif,https://reygoma.com.ar/producto/art-2270/,FIAT | Fiat 125 y 128,CAJA
REY GOMA,2258,BUJE,FIAT,Fiat 125 y 128,,"125 y 128 (814677) Buje de amortiguador modelos 1500, 1600, 128 y 125",814677,https://reygoma.com.ar/wp-content/uploads/2018/12/22581x1.gif,https://reygoma.com.ar/producto/art-2258/,FIAT | Fiat 125 y 128,
REY GOMA,2251,SOPORTE / GOMA-METAL,FIAT,Fiat 125 y 128,,125 y 128 (4136976) Guardapolvo horquilla de embrague modelo 125,4136976,https://reygoma.com.ar/wp-content/uploads/2018/12/22511x1.gif,https://reygoma.com.ar/producto/art-2251/,FIAT | Fiat 125 y 128,
REY GOMA,2248,SOPORTE / GOMA-METAL,FIAT,Fiat 125 y 128,,125 y 128 (4342648) Fuelle de dirección lado derecho (largo) modelo 128,4342648 | largo,https://reygoma.com.ar/wp-content/uploads/2018/12/22481x1.gif,https://reygoma.com.ar/producto/art-2248/,FIAT | Fiat 125 y 128,DERECHO
REY GOMA,2247,SOPORTE / GOMA-METAL,FIAT,Fiat 125 y 128,,125 y 128 (4342641) Fuelle de dirección lado izquierdo (corto) modelo 128,4342641 | corto,https://reygoma.com.ar/wp-content/uploads/2018/12/22471x1.gif,https://reygoma.com.ar/producto/art-2247/,FIAT | Fiat 125 y 128,IZQUIERDO
REY GOMA,2246,SOPORTE / GOMA-METAL,FIAT,Fiat 125 y 128,,125 y 128 (4093279) Guardapolvo palanca de cambios modelo 128,4093279,https://reygoma.com.ar/wp-content/uploads/2018/12/22461x1.gif,https://reygoma.com.ar/producto/art-2246/,FIAT | Fiat 125 y 128,
REY GOMA,2245,TOPE AMORTIGUADOR,FIAT,Fiat 125 y 128,,125 y 128 (4180865) Tope elástico trasero modelo 125,4180865,https://reygoma.com.ar/wp-content/uploads/2018/12/22451x1.gif,https://reygoma.com.ar/producto/art-2245/,FIAT | Fiat 125 y 128,
REY GOMA,2244,SOPORTE / GOMA-METAL,FIAT,Fiat 125 y 128,,"125 y 128 (4286570) Soporte delantero de motor modelos 1600 y 125 años 1972/76. Ø 70 mm. h 52 mm. rosca M 10 x 1,25",4286570,https://reygoma.com.ar/wp-content/uploads/2018/12/22441x1.gif,https://reygoma.com.ar/producto/art-2244/,FIAT | Fiat 125 y 128,
REY GOMA,2240,SOPORTE / GOMA-METAL,FIAT,Fiat 125 y 128,,125 y 128 (4102056) Capuchón varilla de aceite modelo 600 todos y 128,4102056,https://reygoma.com.ar/wp-content/uploads/2018/12/22401x1.gif,https://reygoma.com.ar/producto/art-2240/,FIAT | Fiat 125 y 128,
REY GOMA,2239/1,SOPORTE / GOMA-METAL,FIAT,Fiat 125 y 128,,125 y 128 Kit con abrazaderas y lubricante,,https://reygoma.com.ar/wp-content/uploads/2018/12/22391x1-1.gif,https://reygoma.com.ar/producto/art-2239-1/,FIAT | Fiat 125 y 128,
REY GOMA,2239,SOPORTE / GOMA-METAL,FIAT,Fiat 125 y 128,,125 y 128 (4215015) Guardapolvo de junta homocinética modelo 128,4215015,https://reygoma.com.ar/wp-content/uploads/2018/12/22391x1.gif,https://reygoma.com.ar/producto/art-2239/,FIAT | Fiat 125 y 128,
REY GOMA,2238,SOPORTE / GOMA-METAL,FIAT,Fiat 125 y 128,,125 y 128 (4177472) Fuelle salida de palier modelo 128,4177472,https://reygoma.com.ar/wp-content/uploads/2018/12/22381x1.gif,https://reygoma.com.ar/producto/art-2238/,FIAT | Fiat 125 y 128,
REY GOMA,2237,BUJE,FIAT,Fiat 125 y 128,,125 y 128 (4540587) Buje de tensor modelo 128,4540587,https://reygoma.com.ar/wp-content/uploads/2018/12/22371x1.gif,https://reygoma.com.ar/producto/art-2237/,FIAT | Fiat 125 y 128,
REY GOMA,2236,BUJE,FIAT,Fiat 125 y 128,,"125 y 128 (4137841) Buje palanca de cambios al piso modelos 1500, 1600 y 125",4137841,https://reygoma.com.ar/wp-content/uploads/2018/12/22361x1.gif,https://reygoma.com.ar/producto/art-2236/,FIAT | Fiat 125 y 128,
REY GOMA,2229,SOPORTE DE MOTOR,FIAT,Fiat 125 y 128,,125 y 128 (4204386) (4304789) Soporte de motor y caja modelo 128 motor 1100 c.c. años 1971/73,4204386 | 4304789,https://reygoma.com.ar/wp-content/uploads/2018/12/22291x1.gif,https://reygoma.com.ar/producto/art-2229/,FIAT | Fiat 125 y 128,
REY GOMA,2228,BUJE,FIAT,Fiat 125 y 128,,125 y 128 (4233062) Buje barra estabilizadora modelo 128,4233062,https://reygoma.com.ar/wp-content/uploads/2018/12/22281x1.gif,https://reygoma.com.ar/producto/art-2228/,FIAT | Fiat 125 y 128,
REY GOMA,2220,SOPORTE DE ESCAPE,FIAT,Fiat 125 y 128,,125 y 128 (4243589) Soporte superior caño de escape modelo 128,4243589,https://reygoma.com.ar/wp-content/uploads/2018/12/22201x1.gif,https://reygoma.com.ar/producto/art-2220/,FIAT | Fiat 125 y 128,
REY GOMA,2219,BUJE,FIAT,Fiat 125 y 128,,125 y 128 (4227114) Buje superior de amortiguador delantero y trasero modelo 128,4227114,https://reygoma.com.ar/wp-content/uploads/2018/12/22191x1.gif,https://reygoma.com.ar/producto/art-2219/,FIAT | Fiat 125 y 128,
REY GOMA,2218,PEDAL,FIAT,Fiat 125 y 128,,125 y 128 (4187379) Cubre pedal de acelerador modelo 128,4187379,https://reygoma.com.ar/wp-content/uploads/2018/12/22181x1-1.gif,https://reygoma.com.ar/producto/art-2218/,FIAT | Fiat 125 y 128,
REY GOMA,2217,PEDAL,FIAT,Fiat 125 y 128,,125 y 128 (4144275) Cubre pedal de freno y de embrague modelo 128,4144275,https://reygoma.com.ar/wp-content/uploads/2018/12/22171x1.gif,https://reygoma.com.ar/producto/art-2217/,FIAT | Fiat 125 y 128,
REY GOMA,2213,SOPORTE DE ESCAPE,FIAT,Fiat 125 y 128,,"125 y 128 (4214979) Soporte caño de escape modelos 128, 1600 y 125",4214979,https://reygoma.com.ar/wp-content/uploads/2018/12/22131x1.gif,https://reygoma.com.ar/producto/art-2213/,FIAT | Fiat 125 y 128,
REY GOMA,2207,BUJE,FIAT,Fiat 125 y 128,,"125 y 128 (4125492) Conjunto buje tensor de dirección modelos 1500, 1600 y 125",4125492,https://reygoma.com.ar/wp-content/uploads/2018/12/22071x1.gif,https://reygoma.com.ar/producto/art-2207/,FIAT | Fiat 125 y 128,
REY GOMA,2205,BUJE,FIAT,Fiat 125 y 128,,"125 y 128 (849128) (1036680) Buje de amortiguador modelos 600 todos, 1600 y 125",849128 | 1036680,https://reygoma.com.ar/wp-content/uploads/2018/12/22051x1.gif,https://reygoma.com.ar/producto/art-2205/,FIAT | Fiat 125 y 128,
REY GOMA,2204,TOPE AMORTIGUADOR,FIAT,Fiat 125 y 128,,"125 y 128 (4060028) (1031906) Tope grande de suspensión modelos 1500, 1600 y 125",4060028 | 1031906,https://reygoma.com.ar/wp-content/uploads/2018/12/22041x1.gif,https://reygoma.com.ar/producto/art-2204/,FIAT | Fiat 125 y 128,
REY GOMA,2150,SOPORTE / GOMA-METAL,FIAT,Fiat 125 y 128,,125 y 128 (12056686) Capuchón de bujía todos los modelos,12056686,https://reygoma.com.ar/wp-content/uploads/2018/12/21501x1.gif,https://reygoma.com.ar/producto/art-2150/,FIAT | Fiat 125 y 128,
REY GOMA,2148,PEDAL,FIAT,Fiat 125 y 128,,125 y 128 (2510) Cubre pedal de freno y de embrague modelos 1500 y 125,2510,https://reygoma.com.ar/wp-content/uploads/2018/12/21481x1.gif,https://reygoma.com.ar/producto/art-2148/,FIAT | Fiat 125 y 128,
REY GOMA,2144,ACCESORIO,FIAT,Fiat 125 y 128,,125 y 128 (45672) Tornillo de goma sujeta alfombra todos los modelos,45672,https://reygoma.com.ar/wp-content/uploads/2018/12/21441x1.gif,https://reygoma.com.ar/producto/art-2144-2/,FIAT | Fiat 125 y 128,
REY GOMA,2131,SOPORTE DE CAJA,FIAT,Fiat 125 y 128,,"125 y 128 (4060117) Soporte caja de velocidades modelos 1500, 1600, 125 y multicarga",4060117,https://reygoma.com.ar/wp-content/uploads/2018/12/21311x1.gif,https://reygoma.com.ar/producto/art-2131/,FIAT | Fiat 125 y 128,CAJA
REY GOMA,2127,BUJE,FIAT,Fiat 125 y 128,,"125 y 128 (4094241) Buje barra estabilizadora delantera y trasera modelos 1500, 1600 y 125",4094241,https://reygoma.com.ar/wp-content/uploads/2018/12/21271x1.gif,https://reygoma.com.ar/producto/art-2127/,FIAT | Fiat 125 y 128,
REY GOMA,35899,SOPORTE DE MOTOR,Ecosport,FORD,,(GN1Z-6038-J) Soporte de motor (lado derecho) Kinetic 1.5 Dragon,GN1Z-6038-J | lado derecho,https://reygoma.com.ar/wp-content/uploads/2025/03/35899-reducido.jpg,https://reygoma.com.ar/producto/art-35899/,Ecosport | FORD,DERECHO
REY GOMA,35898,SOPORTE DE MOTOR,FORD,Ka,,(J7BG-7M121-AC) Soporte de motor (lado izquierdo) 2016 en adelante,J7BG-7M121-AC | lado izquierdo,https://reygoma.com.ar/wp-content/uploads/2025/03/35898-reducido-2.jpg,https://reygoma.com.ar/producto/art-35898/,FORD | Ka,IZQUIERDO
REY GOMA,35897,CAZOLETA,Ecosport,"Fiesta/Courier, FORD",,(2S6518A116AE) Cazoleta suspension trasera / Fiesta 2002/…,2S6518A116AE,https://reygoma.com.ar/wp-content/uploads/2024/10/35897reducido.jpg,https://reygoma.com.ar/producto/art-35897/,Ecosport | Fiesta/Courier | FORD,
REY GOMA,35896,CAZOLETA,Ecosport,FORD,,(8V513K155BA) Cazoleta de amortiguador kinetic,8V513K155BA,https://reygoma.com.ar/wp-content/uploads/2024/10/35896reducifo.jpg,https://reygoma.com.ar/producto/art-35896/,Ecosport | FORD,
REY GOMA,35895/1,SOPORTE / GOMA-METAL,FORD,"Kuga, Ranger",,Kit con abrazaderas y lubricante,,https://reygoma.com.ar/wp-content/uploads/2019/05/3552-2.gif,https://reygoma.com.ar/producto/art-35895-1/,FORD | Kuga | Ranger,
REY GOMA,35895,SOPORTE / GOMA-METAL,FORD,"Kuga, Ranger",,Fuelle semi eje (lado caja) (con forma) y,lado caja | con forma,https://reygoma.com.ar/wp-content/uploads/2019/05/3552-2.gif,https://reygoma.com.ar/producto/art-35895/,FORD | Kuga | Ranger,CAJA
REY GOMA,35894/1,SOPORTE / GOMA-METAL,FORD,Ka,,Kit con abrazaderas y lubricante,,https://reygoma.com.ar/wp-content/uploads/2019/05/3551-3.gif,https://reygoma.com.ar/producto/art-35894-1/,FORD | Ka,
REY GOMA,35894,SOPORTE / GOMA-METAL,FORD,Ka,,Fuelle semi eje (lado caja) (con forma),lado caja | con forma,https://reygoma.com.ar/wp-content/uploads/2019/05/3551-3.gif,https://reygoma.com.ar/producto/art-35894/,FORD | Ka,CAJA
REY GOMA,,SOPORTE / GOMA-METAL,FORD,Ka,,35893/1 Kit con abrazaderas y lubricante,,https://reygoma.com.ar/wp-content/uploads/2019/05/3551-3.gif,https://reygoma.com.ar/producto/35893-1/,FORD | Ka,
REY GOMA,,SOPORTE / GOMA-METAL,FORD,Ka,,35893 Fuelle semi eje (lado caja) Kinetic,lado caja,https://reygoma.com.ar/wp-content/uploads/2019/05/3551-3.gif,https://reygoma.com.ar/producto/35893/,FORD | Ka,CAJA
REY GOMA,35892,SOPORTE / GOMA-METAL,Ecosport,"FORD, Ka",,(GN11/6P082/CD) (GN11/6P082/CE) Soporte trasero de motor y 1.5 Dragon (3 cilindros) Caja IB5 (manual y automática),GN11/6P082/CD | GN11/6P082/CE | 3 cilindros | manual y automática,https://reygoma.com.ar/wp-content/uploads/2022/11/35892.jpg,https://reygoma.com.ar/producto/art-35892/,Ecosport | FORD | Ka,
REY GOMA,35890,SOPORTE DE MOTOR,FORD,Pick-up,,(6C35-6B032-BA) Repuesto para soporte de motor (lado izquierdo) F-100 3.9 (4×4) c/motor Cummins,6C35-6B032-BA | lado izquierdo | 4×4,https://reygoma.com.ar/wp-content/uploads/2019/05/35890.png,https://reygoma.com.ar/producto/art-35890/,FORD | Pick-up,IZQUIERDO
REY GOMA,35891,SOPORTE / GOMA-METAL,Ecosport,"Fiesta/Courier, FORD",,"(7565-6P082-AB) Soporte trasero de motor Fiesta año 2002 al 2014, 2012 en adelante con motor 1.6 naftero ó 1.4 diesel.",7565-6P082-AB,https://reygoma.com.ar/wp-content/uploads/2019/05/35891-e1559145921978.png,https://reygoma.com.ar/producto/art-35891/,Ecosport | Fiesta/Courier | FORD,
REY GOMA,3497,SOPORTE / GOMA-METAL,FORD,Sierra,,(726B8125AA) Aislador superior radiador 84 en adelante. Ø 25 mm. h 25 mm. rosca M 6 x 1,726B8125AA,https://reygoma.com.ar/wp-content/uploads/2019/03/3494.gif,https://reygoma.com.ar/producto/art-3497-2/,FORD | Sierra,
REY GOMA,3482/1,SOPORTE / GOMA-METAL,FORD,Sierra,,Kit con abrazaderas y lubricante,,https://reygoma.com.ar/wp-content/uploads/2019/03/3482.gif,https://reygoma.com.ar/producto/art-3482-1-2/,FORD | Sierra,
REY GOMA,3482/2,SOPORTE / GOMA-METAL,FORD,Sierra,,Fuelle semi eje trasero (lado diferencial) 2.3 + chapa y kit con abrazaderas y lubricante,lado diferencial,https://reygoma.com.ar/wp-content/uploads/2019/03/3482-2.gif,https://reygoma.com.ar/producto/art-3482-2-2/,FORD | Sierra,
REY GOMA,3505,SOPORTE / GOMA-METAL,FORD,Pick-up,,(6038DA) (6B032DA) Soporte delantero de motor F-100 motor MWM 99 en adelante.,6038DA | 6B032DA,https://reygoma.com.ar/wp-content/uploads/2019/03/3505.gif,https://reygoma.com.ar/producto/art-3505-2/,FORD | Pick-up,
REY GOMA,3285,BUJE,FORD,Pick-up,,(C3AZ18198A) Buje de amortiguador Falcon y F 100,C3AZ18198A,https://reygoma.com.ar/wp-content/uploads/2019/03/32851x1.gif,https://reygoma.com.ar/producto/art-3285-3/,FORD | Pick-up,
REY GOMA,35877,SOPORTE DE MOTOR,Focus,FORD,,(3M51-6F012-AG) (AV6Z/6038/A) Soporte de motor (hidráulico) (lado derecho) II Duratec 2.0 año 2009 en adelante y III,3M51-6F012-AG | AV6Z/6038/A | hidráulico | lado derecho,https://reygoma.com.ar/wp-content/uploads/2019/03/35877.gif,https://reygoma.com.ar/producto/art-35877/,Focus | FORD,DERECHO
REY GOMA,3492,SOPORTE DE MOTOR,Focus,FORD,,(1104173) Soporte de motor lado izquierdo naftero y diesel.,1104173,https://reygoma.com.ar/wp-content/uploads/2019/03/3492.gif,https://reygoma.com.ar/producto/art-3492/,Focus | FORD,IZQUIERDO
REY GOMA,3303,SOPORTE / GOMA-METAL,Falcon,FORD,,(C2DZ3A187A) Juego completo de reparación para barra tensora de suspensión delantera,C2DZ3A187A,https://reygoma.com.ar/wp-content/uploads/2019/03/33031x1.gif,https://reygoma.com.ar/producto/art-3303-2/,Falcon | FORD,
REY GOMA,3268,SOPORTE / GOMA-METAL,Falcon,FORD,,(CODD6038F) Soporte delantero de motor 4 bancadas,CODD6038F,https://reygoma.com.ar/wp-content/uploads/2019/03/32681x1.gif,https://reygoma.com.ar/producto/art-3268/,Falcon | FORD,
REY GOMA,3544,SOPORTE DE MOTOR,FORD,Transit,,(95BV6038BF) Soporte de motor (hidráulico) (lado derecho) diesel.,95BV6038BF | hidráulico | lado derecho,https://reygoma.com.ar/wp-content/uploads/2019/01/34591x1-1.gif,https://reygoma.com.ar/producto/art-3544/,FORD | Transit,DERECHO
REY GOMA,3543,SOPORTE DE MOTOR,FORD,Transit,,(95BVB6B032BA) Soporte de motor (hidráulico) (lado izquierdo) diesel.,95BVB6B032BA | hidráulico | lado izquierdo,https://reygoma.com.ar/wp-content/uploads/2019/01/34581x1-1.gif,https://reygoma.com.ar/producto/art-3543/,FORD | Transit,IZQUIERDO
REY GOMA,3523,SOPORTE DE MOTOR,FORD,Transit,,(4059402) Soporte de motor lado izquierdo 2000 en adelante.,4059402,https://reygoma.com.ar/wp-content/uploads/2019/01/3523-e1554131194804.gif,https://reygoma.com.ar/producto/art-3523/,FORD | Transit,IZQUIERDO
REY GOMA,3522,SOPORTE DE MOTOR,FORD,Transit,,(4077637) Soporte de motor lado derecho 2000 en adelante.,4077637,https://reygoma.com.ar/wp-content/uploads/2019/01/3522-e1554131088728.gif,https://reygoma.com.ar/producto/art-3522/,FORD | Transit,DERECHO
REY GOMA,3521,SOPORTE DE CAJA,FORD,Transit,,"(4059109) Repuesto soporte caja de velocidades año 2000 en adelante. Ø 49 mm. h 34 mm. rosca M 8 x 1,25",4059109,https://reygoma.com.ar/wp-content/uploads/2019/01/3521.gif,https://reygoma.com.ar/producto/art-3521/,FORD | Transit,CAJA
REY GOMA,3507,SOPORTE / GOMA-METAL,FORD,Transit,,Fuelle cremallera mecánica e hidráulica (ambos lados).,ambos lados,https://reygoma.com.ar/wp-content/uploads/2019/01/3507.gif,https://reygoma.com.ar/producto/art-3507/,FORD | Transit,AMBOS LADOS
REY GOMA,3470,MANCHON,FORD,Transit,,"(72664684-BA) Manchón de cardan Taunus, Sierra y .",72664684-BA,https://reygoma.com.ar/wp-content/uploads/2019/01/3470-2.gif,https://reygoma.com.ar/producto/art-3470-3/,FORD | Transit,
REY GOMA,3460,CAZOLETA,FORD,Transit,,(92VB3K55AD) Cazoleta de amortiguador,92VB3K55AD,https://reygoma.com.ar/wp-content/uploads/2019/01/34601x1.gif,https://reygoma.com.ar/producto/art-3460/,FORD | Transit,
REY GOMA,3459,SOPORTE DE MOTOR,FORD,Transit,,(95BV6038BF) Soporte de motor (no hidráulico) (lado derecho) diesel,95BV6038BF | no hidráulico | lado derecho,https://reygoma.com.ar/wp-content/uploads/2019/01/34591x1.gif,https://reygoma.com.ar/producto/art-3459/,FORD | Transit,DERECHO
REY GOMA,3458,SOPORTE DE MOTOR,FORD,Transit,,(95BVB6B032BA) Soporte de motor (no hidráulico) (lado izquierdo) diesel,95BVB6B032BA | no hidráulico | lado izquierdo,https://reygoma.com.ar/wp-content/uploads/2019/01/34581x1.gif,https://reygoma.com.ar/producto/art-3458/,FORD | Transit,IZQUIERDO
REY GOMA,3457,SOPORTE DE CAJA,FORD,Transit,,(88UB6038AB) Soporte caja de velocidades diesel,88UB6038AB,https://reygoma.com.ar/wp-content/uploads/2019/01/34571x1.gif,https://reygoma.com.ar/producto/art-3457/,FORD | Transit,CAJA
REY GOMA,3470,MANCHON,FORD,Taunus,,(72664684-BA) Manchón de cardan Sierra y Transit.,72664684-BA,https://reygoma.com.ar/wp-content/uploads/2019/01/3470-1.gif,https://reygoma.com.ar/producto/art-3470-2/,FORD | Taunus,
REY GOMA,3407,SOPORTE / GOMA-METAL,FORD,Taunus,,(72GG7227BA) Resorte palanca de cambios,72GG7227BA,https://reygoma.com.ar/wp-content/uploads/2019/01/34071x1.gif,https://reygoma.com.ar/producto/art-3407/,FORD | Taunus,
REY GOMA,3406,SOPORTE / GOMA-METAL,FORD,Taunus,,(74BR17664A) Bombín lavaparabrisas,74BR17664A,https://reygoma.com.ar/wp-content/uploads/2019/01/34061x1.gif,https://reygoma.com.ar/producto/art-3406/,FORD | Taunus,
REY GOMA,3395,TOPE AMORTIGUADOR,FORD,Taunus,,(74BR3025A) Tope suspensión delantera,74BR3025A,https://reygoma.com.ar/wp-content/uploads/2019/01/33951x1-e1554130857144.gif,https://reygoma.com.ar/producto/art-3395/,FORD | Taunus,
REY GOMA,3384,SOPORTE / GOMA-METAL,FORD,Taunus,,(377936S) Tapón chico para piso,377936S,https://reygoma.com.ar/wp-content/uploads/2019/01/33841x1.gif,https://reygoma.com.ar/producto/art-3384/,FORD | Taunus,
REY GOMA,3383,TOPE AMORTIGUADOR,FORD,Taunus,,(D2RY167588) Tope de capot,D2RY167588,https://reygoma.com.ar/wp-content/uploads/2019/01/33831x1.gif,https://reygoma.com.ar/producto/art-3383/,FORD | Taunus,
REY GOMA,3381,SOPORTE / GOMA-METAL,FORD,Taunus,,(74BR4R024A) Soporte portarulemán de cardán,74BR4R024A,https://reygoma.com.ar/wp-content/uploads/2019/01/33811x1.gif,https://reygoma.com.ar/producto/art-3381/,FORD | Taunus,
REY GOMA,3374,BUJE,FORD,Taunus,,(74BR5484B) Buje de barra estabilizadora,74BR5484B,https://reygoma.com.ar/wp-content/uploads/2019/01/33741x1.gif,https://reygoma.com.ar/producto/art-3374/,FORD | Taunus,
REY GOMA,3372,BUJE,FORD,Taunus,,(74BB3470AA) (74BB3B197AA) Buje tensor delantero y trasero,74BB3470AA | 74BB3B197AA,https://reygoma.com.ar/wp-content/uploads/2019/01/33721x1.gif,https://reygoma.com.ar/producto/art-3372/,FORD | Taunus,
REY GOMA,3371,BUJE,FORD,Taunus,,(71BB3K576AH) Buje columna de dirección,71BB3K576AH,https://reygoma.com.ar/wp-content/uploads/2019/01/33711x1.gif,https://reygoma.com.ar/producto/art-3371/,FORD | Taunus,
REY GOMA,3362,TOPE AMORTIGUADOR,FORD,Taunus,,(D3RY16758B) Tope delantero de capot,D3RY16758B,https://reygoma.com.ar/wp-content/uploads/2019/01/33621x1.gif,https://reygoma.com.ar/producto/art-3362/,FORD | Taunus,
REY GOMA,3361,TOPE AMORTIGUADOR,FORD,Taunus,,(74BR5A103D) Tope de suspensión delantera,74BR5A103D,https://reygoma.com.ar/wp-content/uploads/2019/01/33611x1.gif,https://reygoma.com.ar/producto/art-3361/,FORD | Taunus,
REY GOMA,3360,SOPORTE / GOMA-METAL,FORD,Taunus,,(71BB3K661BA) Fuelle de dirección lado izquierdo (corto),71BB3K661BA | corto,https://reygoma.com.ar/wp-content/uploads/2019/01/33601x1.gif,https://reygoma.com.ar/producto/art-3360/,FORD | Taunus,IZQUIERDO
REY GOMA,3359,SOPORTE / GOMA-METAL,FORD,Taunus,,(71BB3K668BA) Fuelle de dirección lado derecho (largo),71BB3K668BA | largo,https://reygoma.com.ar/wp-content/uploads/2019/01/33591x1.gif,https://reygoma.com.ar/producto/art-3359/,FORD | Taunus,DERECHO
REY GOMA,3358,TOPE AMORTIGUADOR,FORD,Taunus,,(74BR5L021D) Tope de suspensión delantera,74BR5L021D,https://reygoma.com.ar/wp-content/uploads/2019/01/33581x1.gif,https://reygoma.com.ar/producto/art-3358/,FORD | Taunus,
REY GOMA,3357,TOPE AMORTIGUADOR,FORD,Taunus,,(71BB5K570AB) Tope espiral trasero,71BB5K570AB,https://reygoma.com.ar/wp-content/uploads/2019/01/33571x1.gif,https://reygoma.com.ar/producto/art-3357/,FORD | Taunus,
REY GOMA,3356,MANCHON,FORD,Taunus,,(74BB3B763AA) Manchón de dirección,74BB3B763AA,https://reygoma.com.ar/wp-content/uploads/2019/01/33561x1.gif,https://reygoma.com.ar/producto/art-3356/,FORD | Taunus,
REY GOMA,3355,SOPORTE DE ESCAPE,FORD,Taunus,,(706B5281A) Soporte caño de escape,706B5281A,https://reygoma.com.ar/wp-content/uploads/2019/01/33551x1.gif,https://reygoma.com.ar/producto/art-3355/,FORD | Taunus,
REY GOMA,3353,SOPORTE / GOMA-METAL,FORD,Taunus,,"(74BR6038A) Soporte delantero de motor 2.0 y 2.3 . Ø 70 mm. h 34 mm. rosca M 10 x 1,5",74BR6038A,https://reygoma.com.ar/wp-content/uploads/2019/01/33531x1.gif,https://reygoma.com.ar/producto/art-3353/,FORD | Taunus,
REY GOMA,3352,SOPORTE DE CAJA,FORD,Taunus,,(74BR6068A) Soporte de caja de velocidades motor 2.0 y 2.3,74BR6068A,https://reygoma.com.ar/wp-content/uploads/2019/01/33521x1.gif,https://reygoma.com.ar/producto/art-3352/,FORD | Taunus,CAJA
REY GOMA,3351,BUJE,FORD,Taunus,,(74BR5L492CB) Buje de brazo suspensión delantera,74BR5L492CB,https://reygoma.com.ar/wp-content/uploads/2019/01/33511x1.gif,https://reygoma.com.ar/producto/art-3351/,FORD | Taunus,
REY GOMA,3350,BUJE,FORD,Taunus,,(74BR3069B) Buje inferior de brazo de suspensión delantera,74BR3069B,https://reygoma.com.ar/wp-content/uploads/2019/01/33501x1.gif,https://reygoma.com.ar/producto/art-3350/,FORD | Taunus,
REY GOMA,3349,PEDAL,FORD,Taunus,,"(72BB2457AA) Cubre pedal de freno Sierra L, sierra Ghia y Sierra XR4",72BB2457AA,https://reygoma.com.ar/wp-content/uploads/2019/01/33491x1-1.gif,https://reygoma.com.ar/producto/art-3349-2/,FORD | Taunus,
REY GOMA,3348,PEDAL,FORD,Taunus,,"(72BB7A624AA) Cubre pedal de embrague Sierra L, Sierra Ghia y Sierra XR4",72BB7A624AA,https://reygoma.com.ar/wp-content/uploads/2019/01/33481x1-1.gif,https://reygoma.com.ar/producto/art-3348-2/,FORD | Taunus,
REY GOMA,3347,TOPE AMORTIGUADOR,FORD,Taunus,,(74BB3030BA) Tope de suspensión delantera,74BB3030BA,https://reygoma.com.ar/wp-content/uploads/2019/01/33471x1.gif,https://reygoma.com.ar/producto/art-3347/,FORD | Taunus,
REY GOMA,3346,SOPORTE / GOMA-METAL,FORD,Taunus,,(71BB5K498BB) Aislador de barra estabilizadora delantera,71BB5K498BB,https://reygoma.com.ar/wp-content/uploads/2019/01/33461x1.gif,https://reygoma.com.ar/producto/art-3346/,FORD | Taunus,
REY GOMA,3482,SOPORTE / GOMA-METAL,FORD,Sierra,,Fuelle semi eje trasero (lado diferencial) 2.3,lado diferencial,https://reygoma.com.ar/wp-content/uploads/2019/01/3482.gif,https://reygoma.com.ar/producto/art-3482/,FORD | Sierra,
REY GOMA,3476,FUELLE DIRECCION,FORD,Sierra,,Fuelle dirección hidráuliza ambos lados,,https://reygoma.com.ar/wp-content/uploads/2019/01/3476.gif,https://reygoma.com.ar/producto/art-3476/,FORD | Sierra,AMBOS LADOS
REY GOMA,3470,MANCHON,FORD,Sierra,,"(72664684-BA) Manchón de cardan Taunus, y Transit.",72664684-BA,https://reygoma.com.ar/wp-content/uploads/2019/01/3470.gif,https://reygoma.com.ar/producto/art-3470/,FORD | Sierra,
REY GOMA,3427,CAZOLETA,FORD,Sierra,,(86AU3K047AA) Cazoleta superior y Escort año 1989 en adelante,86AU3K047AA,https://reygoma.com.ar/wp-content/uploads/2019/01/34271x1-1.gif,https://reygoma.com.ar/producto/art-3427-2/,FORD | Sierra,
REY GOMA,3426/2,SOPORTE / GOMA-METAL,FORD,Sierra,,(77TT3A331FA) Fuelle con chapa de semi eje trasero 1.6 kit con abrazaderas y lubricante,77TT3A331FA,https://reygoma.com.ar/wp-content/uploads/2019/01/3426-2.gif,https://reygoma.com.ar/producto/art-3426-2/,FORD | Sierra,
REY GOMA,3426/1,SOPORTE / GOMA-METAL,FORD,Sierra,,Kit con abrazaderas y lubricante,,https://reygoma.com.ar/wp-content/uploads/2019/01/34261x1-1.gif,https://reygoma.com.ar/producto/art-3426-1/,FORD | Sierra,
REY GOMA,3426,SOPORTE / GOMA-METAL,FORD,Sierra,,(77TT3A331FA) Fuelle de semi eje trasero 1.6,77TT3A331FA,https://reygoma.com.ar/wp-content/uploads/2019/01/34261x1.gif,https://reygoma.com.ar/producto/art-3426/,FORD | Sierra,
REY GOMA,3412,SOPORTE / GOMA-METAL,FORD,Sierra,,(85HF6038AA) (85HF6038FA) Soporte delantero de motor (no hidráulico) 1.6 con aire y 2.3 con aire,85HF6038AA | 85HF6038FA | no hidráulico,https://reygoma.com.ar/wp-content/uploads/2019/01/34121x1.gif,https://reygoma.com.ar/producto/art-3412/,FORD | Sierra,
REY GOMA,3411,SOPORTE / GOMA-METAL,FORD,Sierra,,(87BR06038A) Soporte delantero de motor 1.6 sin aire,87BR06038A,https://reygoma.com.ar/wp-content/uploads/2019/01/34111x1.gif,https://reygoma.com.ar/producto/art-3411/,FORD | Sierra,
REY GOMA,3405,SOPORTE / GOMA-METAL,FORD,Sierra,,(83B5K817AC) Aislador montante travesaño trasero,83B5K817AC,https://reygoma.com.ar/wp-content/uploads/2019/01/34051x1.gif,https://reygoma.com.ar/producto/art-3405/,FORD | Sierra,
REY GOMA,3404,BUJE,FORD,Sierra,,(83BB18016BB) Buje inferior de amortiguador trasero,83BB18016BB,https://reygoma.com.ar/wp-content/uploads/2019/01/34041x1.gif,https://reygoma.com.ar/producto/art-3404/,FORD | Sierra,
REY GOMA,3403,BUJE,FORD,Sierra,,(83BB5K653AC) Buje exterior parrilla suspensión trasera,83BB5K653AC,https://reygoma.com.ar/wp-content/uploads/2019/01/34031x1.gif,https://reygoma.com.ar/producto/art-3403/,FORD | Sierra,
REY GOMA,3402,BUJE,FORD,Sierra,,(81AB3063BB) Buje superior suspensión delantera,81AB3063BB,https://reygoma.com.ar/wp-content/uploads/2019/01/34021x1.gif,https://reygoma.com.ar/producto/art-3402/,FORD | Sierra,
REY GOMA,3401,BUJE,FORD,Sierra,,(83BB5493AD) Buje de barra de suspensión delantera,83BB5493AD,https://reygoma.com.ar/wp-content/uploads/2019/01/34011x1.gif,https://reygoma.com.ar/producto/art-3401/,FORD | Sierra,
REY GOMA,3399,SOPORTE DE CAJA,FORD,Sierra,,(83HF6068A1C) Soporte de caja de velocidades todos,83HF6068A1C,https://reygoma.com.ar/wp-content/uploads/2019/01/33991x1.gif,https://reygoma.com.ar/producto/art-3399/,FORD | Sierra,CAJA
REY GOMA,3398,SOPORTE / GOMA-METAL,FORD,Sierra,,"(83HF6038BA) Soporte delantero de motor (no hidráulico) 2,3 Ghia",83HF6038BA | no hidráulico,https://reygoma.com.ar/wp-content/uploads/2019/01/33981x1.gif,https://reygoma.com.ar/producto/art-3398/,FORD | Sierra,
REY GOMA,3397,SOPORTE / GOMA-METAL,FORD,Sierra,,"(83HF6038B2B) Soporte delantero de motor (no hidráulico) L 1,6",83HF6038B2B | no hidráulico,https://reygoma.com.ar/wp-content/uploads/2019/01/33971x1.gif,https://reygoma.com.ar/producto/art-3397/,FORD | Sierra,
REY GOMA,3396,BUJE,FORD,Sierra,,(84BR5484C) Buje de barra estabilizadora,84BR5484C,https://reygoma.com.ar/wp-content/uploads/2019/01/33961x1.gif,https://reygoma.com.ar/producto/art-3396/,FORD | Sierra,
REY GOMA,3392,SOPORTE DE ESCAPE,FORD,Sierra,,(77FB5A262CA) Soporte caño de escape,77FB5A262CA,https://reygoma.com.ar/wp-content/uploads/2019/01/33921x1-1.gif,https://reygoma.com.ar/producto/art-3392/,FORD | Sierra,
REY GOMA,3391,BUJE,FORD,Sierra,,(83B644037AB) Buje de barra estabilizadora XR4,83B644037AB,https://reygoma.com.ar/wp-content/uploads/2019/01/33911x1.gif,https://reygoma.com.ar/producto/art-3391/,FORD | Sierra,
REY GOMA,3390,TOPE AMORTIGUADOR,FORD,Sierra,,(83BB3K132AB) Tope de amortiguador delantero,83BB3K132AB,https://reygoma.com.ar/wp-content/uploads/2019/01/33901x1.gif,https://reygoma.com.ar/producto/art-3390/,FORD | Sierra,
REY GOMA,3349,PEDAL,FORD,Sierra,,"(72BB2457AA) Cubre pedal de freno Taunus, L, Ghia y XR4",72BB2457AA,https://reygoma.com.ar/wp-content/uploads/2019/01/33491x1.gif,https://reygoma.com.ar/producto/art-3349/,FORD | Sierra,
REY GOMA,3348,PEDAL,FORD,Sierra,,"(72BB7A624AA) Cubre pedal de embrague Taunus, L, Ghia y XR4",72BB7A624AA,https://reygoma.com.ar/wp-content/uploads/2019/01/33481x1.gif,https://reygoma.com.ar/producto/art-3348/,FORD | Sierra,
REY GOMA,35881,SOPORTE DE MOTOR,FORD,Ranger,,"(AB39-6B032-AF) Soporte de motor (lado izquierdo) 2012 en adelante, 2.2 motor Puma (4×2)",AB39-6B032-AF | lado izquierdo | 4×2,https://reygoma.com.ar/wp-content/uploads/2019/01/35881.gif,https://reygoma.com.ar/producto/art-35881/,FORD | Ranger,IZQUIERDO
REY GOMA,35880,SOPORTE / GOMA-METAL,FORD,Ranger,,"(AB39-6B032-BF) Soporte delantero de motor (lado izquierdo) 2012 en adelante, 3.2 motor Puma (4×2)",AB39-6B032-BF | lado izquierdo | 4×2,https://reygoma.com.ar/wp-content/uploads/2019/01/35880.gif,https://reygoma.com.ar/producto/art-35880/,FORD | Ranger,IZQUIERDO
REY GOMA,35879,SOPORTE DE MOTOR,FORD,Ranger,,"(AB39-6038-AF) Soporte de motor (lado derecho) 2012 en adelante, 2.2 motor Puma (4×2)",AB39-6038-AF | lado derecho | 4×2,https://reygoma.com.ar/wp-content/uploads/2019/01/35879.gif,https://reygoma.com.ar/producto/art-35879/,FORD | Ranger,DERECHO
REY GOMA,35878,SOPORTE / GOMA-METAL,FORD,Ranger,,"(AB39-6038-BF) Soporte delantero de motor (lado derecho) 2012 en adelante, 3.2 motor Puma (4×2)",AB39-6038-BF | lado derecho | 4×2,https://reygoma.com.ar/wp-content/uploads/2019/01/35878.gif,https://reygoma.com.ar/producto/art-35878/,FORD | Ranger,DERECHO
REY GOMA,35871,SOPORTE DE CAJA,FORD,Ranger,,"(AB39-7E373-KD) Soporte caja de velocidades 4×4 3.2 Puma, doble y simple cabina",AB39-7E373-KD,https://reygoma.com.ar/wp-content/uploads/2019/01/35870-2.gif,https://reygoma.com.ar/producto/art-35871/,FORD | Ranger,CAJA
REY GOMA,35870,SOPORTE DE CAJA,FORD,Ranger,,(AB39-7E373-JC) Soporte caja de velocidades 2.2 Puma,AB39-7E373-JC,https://reygoma.com.ar/wp-content/uploads/2019/01/35870.gif,https://reygoma.com.ar/producto/art-35870/,FORD | Ranger,CAJA
REY GOMA,3586,SOPORTE DE CAJA,FORD,Ranger,,"(AB39-7E373-HE) Soporte caja de velocidades 3.2 – 6 velocidades, año 2012 en adelante",AB39-7E373-HE,https://reygoma.com.ar/wp-content/uploads/2019/01/3586.gif,https://reygoma.com.ar/producto/art-3586/,FORD | Ranger,CAJA
REY GOMA,3585,SOPORTE DE CAJA,FORD,Ranger,,(AB39-7E373-NA) Soporte caja de velocidades 2.2 – 6 velocidades (manual),AB39-7E373-NA | manual,https://reygoma.com.ar/wp-content/uploads/2019/01/3585.gif,https://reygoma.com.ar/producto/art-3585/,FORD | Ranger,CAJA
REY GOMA,3578/1,SOPORTE / GOMA-METAL,FORD,Ranger,,Kit con abrazaderas y lubricante.,,https://reygoma.com.ar/wp-content/uploads/2019/01/3578_1.gif,https://reygoma.com.ar/producto/art-3578-1/,FORD | Ranger,
REY GOMA,3578,SOPORTE / GOMA-METAL,FORD,Ranger,,Fuelle semi eje (lado caja) con forma,lado caja,https://reygoma.com.ar/wp-content/uploads/2019/01/3578.gif,https://reygoma.com.ar/producto/art-3578/,FORD | Ranger,CAJA
REY GOMA,3568,SOPORTE / GOMA-METAL,FORD,Ranger,,(4L55-6038-AA) Soporte delantero de motor (lado derecho) 3.0 L.,4L55-6038-AA | lado derecho,https://reygoma.com.ar/wp-content/uploads/2019/01/3500-1.gif,https://reygoma.com.ar/producto/art-3568/,FORD | Ranger,DERECHO
REY GOMA,3567,SOPORTE DE MOTOR,FORD,Ranger,,(747Z-6038-A) Soporte de motor hidráulico diesel,747Z-6038-A,https://reygoma.com.ar/wp-content/uploads/2019/01/3488-1.gif,https://reygoma.com.ar/producto/art-3567/,FORD | Ranger,
REY GOMA,3561,TOPE AMORTIGUADOR,FORD,Ranger,,(5L55-3B461-AC) Tope de suspension delantera año 2004 en adelante.,5L55-3B461-AC,https://reygoma.com.ar/wp-content/uploads/2019/01/3561.gif,https://reygoma.com.ar/producto/art-3561/,FORD | Ranger,
REY GOMA,3556,TOPE AMORTIGUADOR,FORD,Ranger,,(F5TZ-3020-A) Tope de suspensión delantera y Explorer 4×2 y 4×4 año 95 en adelante,F5TZ-3020-A,https://reygoma.com.ar/wp-content/uploads/2019/01/3556-1.gif,https://reygoma.com.ar/producto/art-3556-2/,FORD | Ranger,
REY GOMA,3528,FUELLE DIRECCION,FORD,Ranger,,Fuelle direccion hidráulica (ambos lados) y Explorer,ambos lados,https://reygoma.com.ar/wp-content/uploads/2019/01/3528-1.gif,https://reygoma.com.ar/producto/art-3528-2/,FORD | Ranger,AMBOS LADOS
REY GOMA,3500,SOPORTE / GOMA-METAL,FORD,Ranger,,(YL54-6038AA) Soporte delantero de motor lado derecho diesel 2.5 y 2.8,YL54-6038AA,https://reygoma.com.ar/wp-content/uploads/2019/01/3500.gif,https://reygoma.com.ar/producto/art-3500/,FORD | Ranger,DERECHO
REY GOMA,3499,SOPORTE / GOMA-METAL,FORD,Ranger,,"(787R6038A) Soporte delantero de motor lado izquierdo diesel 2.5, 2.8 y 3.0",787R6038A,https://reygoma.com.ar/wp-content/uploads/2019/01/3499.gif,https://reygoma.com.ar/producto/art-3499/,FORD | Ranger,IZQUIERDO
REY GOMA,3488,SOPORTE DE MOTOR,FORD,Ranger,,(747Z-6038-A) Soporte de motor diesel,747Z-6038-A,https://reygoma.com.ar/wp-content/uploads/2019/01/3488.gif,https://reygoma.com.ar/producto/art-3488/,FORD | Ranger,
REY GOMA,3468,SOPORTE DE CAJA,FORD,Ranger,,(F57Z-6068-C) Soporte caja velocidades simple y doble tracción y F-100 4×4 88/97 (caja Mazda) y motor Maxion.,F57Z-6068-C | caja Mazda,https://reygoma.com.ar/wp-content/uploads/2019/01/3468-1.gif,https://reygoma.com.ar/producto/art-3468-2/,FORD | Ranger,CAJA
REY GOMA,3555,SOPORTE / GOMA-METAL,FORD,Pick-up,,(1C356B032DA) Soporte delantero de motor (lado izquierdo) F100 motor MWM año 1999 en adelante.,1C356B032DA | lado izquierdo,https://reygoma.com.ar/wp-content/uploads/2019/01/3555.gif,https://reygoma.com.ar/producto/art-3555/,FORD | Pick-up,IZQUIERDO
REY GOMA,3527,SOPORTE / GOMA-METAL,FORD,Pick-up,,(F75Z/1000155/KA) Aislador trasero inferior cabina F-100/F-4000 año 1999 en adelante,F75Z/1000155/KA,https://reygoma.com.ar/wp-content/uploads/2019/01/3527.gif,https://reygoma.com.ar/producto/art-3527/,FORD | Pick-up,
REY GOMA,3526,SOPORTE / GOMA-METAL,FORD,Pick-up,,(YC3Z/1000154/CA) Aislador trasero superior cabina F-100/F-4000 año 1999 en adelante,YC3Z/1000154/CA,https://reygoma.com.ar/wp-content/uploads/2019/01/3526.gif,https://reygoma.com.ar/producto/art-3526/,FORD | Pick-up,
REY GOMA,3525,SOPORTE / GOMA-METAL,FORD,Pick-up,,(F81Z/1000154/AA) Aislador delantero superior cabina F-100/F-4000 año 1999 en adelante,F81Z/1000154/AA,https://reygoma.com.ar/wp-content/uploads/2019/01/3525.gif,https://reygoma.com.ar/producto/art-3525/,FORD | Pick-up,
REY GOMA,3524,SOPORTE / GOMA-METAL,FORD,Pick-up,,"(F812Z/1000155/AA) Aislador delantero inferior cabina F-100 / F-4000, año 99 en adelante.",F812Z/1000155/AA,https://reygoma.com.ar/wp-content/uploads/2019/01/3524-e1554130713571.gif,https://reygoma.com.ar/producto/art-3524/,FORD | Pick-up,
REY GOMA,3517,SOPORTE DE CAJA,FORD,Pick-up,,(6068AA) Soporte caja de velocidades F-100 con motor MWM diesel y naftero 4.2 (acabado dorado),6068AA | acabado dorado,https://reygoma.com.ar/wp-content/uploads/2019/01/3517-1.gif,https://reygoma.com.ar/producto/art-3517/,FORD | Pick-up,CAJA
REY GOMA,3516,SOPORTE DE CAJA,FORD,Pick-up,,(6068BA) Soporte caja de velocidades F-100 con motor Cummins (acabado negro),6068BA | acabado negro,https://reygoma.com.ar/wp-content/uploads/2019/01/3516.gif,https://reygoma.com.ar/producto/art-3516/,FORD | Pick-up,CAJA
REY GOMA,3515,SOPORTE DE MOTOR,FORD,Pick-up,,(6038-AD) Soporte de motor (lado derecho) F-100 motor Cummins diesel,6038-AD | lado derecho,https://reygoma.com.ar/wp-content/uploads/2019/01/3515.gif,https://reygoma.com.ar/producto/art-3515/,FORD | Pick-up,DERECHO
REY GOMA,3514,SOPORTE DE MOTOR,FORD,Pick-up,,(6B6032AE) Soporte de motor (lado izquierdo) F-100 con motor Cummins diesel,6B6032AE | lado izquierdo,https://reygoma.com.ar/wp-content/uploads/2019/01/3514.gif,https://reygoma.com.ar/producto/art-3514/,FORD | Pick-up,IZQUIERDO
REY GOMA,3506,SOPORTE / GOMA-METAL,FORD,Pick-up,,(2SB/199201) Soporte delantero motor F-100 Cummins turbo 96/98 y Cargo 915 MWM diesel.,2SB/199201,https://reygoma.com.ar/wp-content/uploads/2019/01/3506-1.gif,https://reygoma.com.ar/producto/art-3506-2/,FORD | Pick-up,
REY GOMA,3498,SOPORTE DE CAJA,FORD,Pick-up,,(75006068-8) Soporte caja de velocidades F-100 naftera con caja Clark.,75006068-8,https://reygoma.com.ar/wp-content/uploads/2019/01/3498.gif,https://reygoma.com.ar/producto/art-3498/,FORD | Pick-up,CAJA
REY GOMA,3475,SOPORTE / GOMA-METAL,FORD,Pick-up,,"(TJG199381) Soporte trasero de motor (lado caja) modelos F 4000, F14000 serie 10 motor MWM. Ø 88 mm. Ø int. 38 mm. h 76 mm.",TJG199381 | lado caja,https://reygoma.com.ar/wp-content/uploads/2019/01/3475.gif,https://reygoma.com.ar/producto/art-3475/,FORD | Pick-up,CAJA
REY GOMA,3473,SOPORTE / GOMA-METAL,FORD,Pick-up,,(F3VZ6038B) Soporte delantero izquierdo de motor F 100 motor 4.9 naftero a inyección,F3VZ6038B,https://reygoma.com.ar/wp-content/uploads/2019/01/3473.gif,https://reygoma.com.ar/producto/art-3473/,FORD | Pick-up,IZQUIERDO
REY GOMA,3468,SOPORTE DE CAJA,FORD,Pick-up,,"(F57Z-6068-C) Soporte caja velocidades Ranger, simple y doble tracción y F-100 4×4 88/97 (caja Mazda) y motor Maxion..",F57Z-6068-C | caja Mazda,https://reygoma.com.ar/wp-content/uploads/2019/01/3468.gif,https://reygoma.com.ar/producto/art-3468/,FORD | Pick-up,CAJA
REY GOMA,3464,SOPORTE DE CAJA,FORD,Pick-up,,(E7TZ-6068-D) Soporte caja de velocidades F-100 motor 4.9 nafta inyección y motor Maxion.,E7TZ-6068-D,https://reygoma.com.ar/wp-content/uploads/2019/01/34641x1.gif,https://reygoma.com.ar/producto/art-3464/,FORD | Pick-up,CAJA
REY GOMA,3463,SOPORTE / GOMA-METAL,FORD,Pick-up,,(F4TZ-6038-A) Soporte delantero de motor F-100 motor 4.9 nafta inyección,F4TZ-6038-A,https://reygoma.com.ar/wp-content/uploads/2019/01/34631x1.gif,https://reygoma.com.ar/producto/art-3463/,FORD | Pick-up,
REY GOMA,3452,SOPORTE / GOMA-METAL,FORD,Pick-up,,(96TU6038AA) Soporte delantero de motor modelo F 100 diesel Maxion,96TU6038AA,https://reygoma.com.ar/wp-content/uploads/2019/01/34521x1.gif,https://reygoma.com.ar/producto/art-3452/,FORD | Pick-up,
REY GOMA,3441,SOPORTE DE CAJA,FORD,Pick-up,,(BAE7TZ6068A) Soporte caja de velocidades modelo F 100 4×4,BAE7TZ6068A,https://reygoma.com.ar/wp-content/uploads/2019/01/34411x1.gif,https://reygoma.com.ar/producto/art-3441/,FORD | Pick-up,CAJA
REY GOMA,3440,SOPORTE / GOMA-METAL,FORD,Pick-up,,(CITB-8A320-AX) Juego completo de soporte de cabina (Bajo radiador) modelos F 100 y F 7000 años 1968/80,CITB-8A320-AX | Bajo radiador,https://reygoma.com.ar/wp-content/uploads/2019/01/34401x1-1.gif,https://reygoma.com.ar/producto/art-3440-2/,FORD | Pick-up,
REY GOMA,3433,SOPORTE / GOMA-METAL,FORD,Pick-up,,(FT71199201) Soporte delantero de motor modelos F 100 y F 150 con motor MWM,FT71199201,https://reygoma.com.ar/wp-content/uploads/2019/01/34331x1.gif,https://reygoma.com.ar/producto/art-3433/,FORD | Pick-up,
REY GOMA,3432,SOPORTE / GOMA-METAL,FORD,Pick-up,,"(FT71199381) (79TU6068B) Soporte trasero de motor (lado caja) modelos F 100, F 350, F 4000 y F 14000 con motor MWM",FT71199381 | 79TU6068B | lado caja,https://reygoma.com.ar/wp-content/uploads/2019/01/34321x1-1.gif,https://reygoma.com.ar/producto/art-3432-2/,FORD | Pick-up,CAJA
REY GOMA,3424,SOPORTE / GOMA-METAL,FORD,Pick-up,,"(C5TZ8100154A) Soporte trasero de cabina F 100 (grande) Los artículos 3418, 3419, 3420, 3421, 3422, 3423, 3424, también se proveen en kit completo con tornillo solicitando el número de artículo deseado,…",C5TZ8100154A | grande,https://reygoma.com.ar/wp-content/uploads/2019/01/34241x1.gif,https://reygoma.com.ar/producto/art-3424/,FORD | Pick-up,
REY GOMA,3423,SOPORTE / GOMA-METAL,FORD,Pick-up,,"(C5TZ8100155A) Soporte delantero de cabina F 100 (chico) Los artículos 3418, 3419, 3420, 3421, 3422, 3423, 3424, también se proveen en kit completo con tornillo solicitando el número de artículo deseado,…",C5TZ8100155A | chico,https://reygoma.com.ar/wp-content/uploads/2019/01/34231x1.gif,https://reygoma.com.ar/producto/art-3423/,FORD | Pick-up,
REY GOMA,3422,SOPORTE / GOMA-METAL,FORD,Pick-up,,"(C7TZ8100154C) Soporte de cabina F 100 año 1981 en adelante Los artículos 3418, 3419, 3420, 3421, 3422, 3423, 3424, también se proveen en kit completo con tornillo solicitando el número de…",C7TZ8100154C,https://reygoma.com.ar/wp-content/uploads/2019/01/34221x1.gif,https://reygoma.com.ar/producto/art-3422/,FORD | Pick-up,
REY GOMA,3421,SOPORTE / GOMA-METAL,FORD,Pick-up,,"(C7TZ8100155) Soporte de cabina F 100 año 1974 a 1981 Los artículos 3418, 3419, 3420, 3421, 3422, 3423, 3424, también se proveen en kit completo con tornillo solicitando el número de…",C7TZ8100155,https://reygoma.com.ar/wp-content/uploads/2019/01/34211x1.gif,https://reygoma.com.ar/producto/art-3421/,FORD | Pick-up,
REY GOMA,3420,SOPORTE / GOMA-METAL,FORD,Pick-up,,"(D3TZ1000396A) Soporte trasero de cabina F 100 año 1974 a 1981 Los artículos 3418, 3419, 3420, 3421, 3422, 3423, 3424, también se proveen en kit completo con tornillo solicitando el número…",D3TZ1000396A,https://reygoma.com.ar/wp-content/uploads/2019/01/34201x1.gif,https://reygoma.com.ar/producto/art-3420/,FORD | Pick-up,
REY GOMA,3419,SOPORTE / GOMA-METAL,FORD,Pick-up,,"(D3TZ1000396B) Soporte delantero de cabina F 100 año 1974 a 1981 Los artículos 3418, 3419, 3420, 3421, 3422, 3423, 3424, también se proveen en kit completo con tornillo solicitando el número…",D3TZ1000396B,https://reygoma.com.ar/wp-content/uploads/2019/01/34191x1.gif,https://reygoma.com.ar/producto/art-3419/,FORD | Pick-up,
REY GOMA,3418,SOPORTE / GOMA-METAL,FORD,Pick-up,,"(D5UZ1000155A) Soporte trasero de cabina F 100 año 1981 en adelante Los artículos 3418, 3419, 3420, 3421, 3422, 3423, 3424, también se proveen en kit completo con tornillo solicitando el número…",D5UZ1000155A,https://reygoma.com.ar/wp-content/uploads/2019/01/34181x1.gif,https://reygoma.com.ar/producto/art-3418/,FORD | Pick-up,
REY GOMA,3382,SOPORTE DE CAJA,FORD,Pick-up,,"(BADIOS6068A) Soporte caja de velocidades modelos F 250, F 350 y F 7000 con motor Perkins 6-305",BADIOS6068A,https://reygoma.com.ar/wp-content/uploads/2019/01/33821x1-1.gif,https://reygoma.com.ar/producto/art-3382-2/,FORD | Pick-up,CAJA
REY GOMA,3367,PEDAL,FORD,Pick-up,,(D3TZ2457A) Cubre pedal de freno modelo F 100,D3TZ2457A,https://reygoma.com.ar/wp-content/uploads/2019/01/33671x1.gif,https://reygoma.com.ar/producto/art-3367/,FORD | Pick-up,
REY GOMA,3364,SOPORTE / GOMA-METAL,FORD,Pick-up,,(BAAK8100272A) Suplemento de soporte de cabina modelo F 100,BAAK8100272A,https://reygoma.com.ar/wp-content/uploads/2019/01/33641x1.gif,https://reygoma.com.ar/producto/art-3364/,FORD | Pick-up,
REY GOMA,3363,SOPORTE / GOMA-METAL,FORD,Pick-up,,(B7C8100228A) Soporte de cabina modelo F 100,B7C8100228A,https://reygoma.com.ar/wp-content/uploads/2019/01/33631x1.gif,https://reygoma.com.ar/producto/art-3363/,FORD | Pick-up,
REY GOMA,3341,SOPORTE / GOMA-METAL,FORD,Pick-up,,(BADODZ6038A) Soporte delantero de motor y camiones con motor Perkins,BADODZ6038A,https://reygoma.com.ar/wp-content/uploads/2019/01/33411x1-1.gif,https://reygoma.com.ar/producto/art-3341-2/,FORD | Pick-up,
REY GOMA,3339,SOPORTE / GOMA-METAL,FORD,Pick-up,,(CGTZ8100154) Soporte aislador superior de cabina (económico),CGTZ8100154 | económico,https://reygoma.com.ar/wp-content/uploads/2019/01/33391x1.gif,https://reygoma.com.ar/producto/art-3339/,FORD | Pick-up,
REY GOMA,3335,SOPORTE / GOMA-METAL,FORD,Pick-up,,(CO7PZ8100154) Soporte superior de carrocería modelo F 100,CO7PZ8100154,https://reygoma.com.ar/wp-content/uploads/2019/01/33351x1.gif,https://reygoma.com.ar/producto/art-3335/,FORD | Pick-up,
REY GOMA,3334,SOPORTE / GOMA-METAL,FORD,Pick-up,,(CSPA8100155) Soporte inferior de carrocería (80 mm) modelo F 100,CSPA8100155 | 80 mm,https://reygoma.com.ar/wp-content/uploads/2019/01/33341x1.gif,https://reygoma.com.ar/producto/art-3334/,FORD | Pick-up,
REY GOMA,3333,SOPORTE / GOMA-METAL,FORD,Pick-up,,(CO7PZ8100BOA) Soporte superior de carrocería modelo F 100,CO7PZ8100BOA,https://reygoma.com.ar/wp-content/uploads/2019/01/33331x1.gif,https://reygoma.com.ar/producto/art-3333/,FORD | Pick-up,
REY GOMA,3331,SOPORTE / GOMA-METAL,FORD,Pick-up,,(CITB8100272A) Asiento de carrocería modelo F 100,CITB8100272A,https://reygoma.com.ar/wp-content/uploads/2019/01/33311x1.gif,https://reygoma.com.ar/producto/art-3331/,FORD | Pick-up,
REY GOMA,3329,SOPORTE DE CAJA,FORD,Pick-up,,(BAC6TZ6068A) Soporte de caja de velocidades modelo F 100,BAC6TZ6068A,https://reygoma.com.ar/wp-content/uploads/2019/01/33291x1.gif,https://reygoma.com.ar/producto/art-3329/,FORD | Pick-up,CAJA
REY GOMA,3328,SOPORTE / GOMA-METAL,FORD,Pick-up,,(CIMM6038C) Soporte delantero de motor modelo F 100 8 cilindros,CIMM6038C,https://reygoma.com.ar/wp-content/uploads/2019/01/33281x1.gif,https://reygoma.com.ar/producto/art-3328/,FORD | Pick-up,
REY GOMA,3327,SOPORTE / GOMA-METAL,FORD,Pick-up,,"(6DZ6038F) (BAD8DZ6038F) Soporte delantero de motor 6 cilindros modelos Fairlane, Falcon y F 100",6DZ6038F | BAD8DZ6038F,https://reygoma.com.ar/wp-content/uploads/2019/01/33271x1-2.gif,https://reygoma.com.ar/producto/art-3327-3/,FORD | Pick-up,
REY GOMA,3324,SOPORTE / GOMA-METAL,FORD,Pick-up,,(C5TZ3B203B) (C5TZ3B203C) Conjunto brazo tensor suspensión independiente modelo F 100,C5TZ3B203B | C5TZ3B203C,https://reygoma.com.ar/wp-content/uploads/2019/01/33241x1.gif,https://reygoma.com.ar/producto/art-3324/,FORD | Pick-up,
REY GOMA,3321,BUJE,FORD,Pick-up,,(C3TZ7343A) Buje palanca de cambios Falcon y F 100,C3TZ7343A,https://reygoma.com.ar/wp-content/uploads/2019/01/33211x1-1.gif,https://reygoma.com.ar/producto/art-3321-2/,FORD | Pick-up,
REY GOMA,3320,SOPORTE / GOMA-METAL,FORD,Pick-up,,(8A2092) Tapa registro de freno todos,8A2092,https://reygoma.com.ar/wp-content/uploads/2019/01/33201x1-2.gif,https://reygoma.com.ar/producto/art-3320-4/,FORD | Pick-up,
REY GOMA,3318/1,MANCHON,FORD,Pick-up,,"Manchón de dirección modelos F 100, F 250, F 350, F 500 y F 600",,https://reygoma.com.ar/wp-content/uploads/2019/01/3318-11x1-1.gif,https://reygoma.com.ar/producto/art-3318-1-2/,FORD | Pick-up,
REY GOMA,3310,SOPORTE / GOMA-METAL,FORD,Pick-up,,(B8S7335A) Camisa de palanca de transmisión Falcon y F 100,B8S7335A,https://reygoma.com.ar/wp-content/uploads/2019/01/33101x1-1-1.gif,https://reygoma.com.ar/producto/art-3310-2/,FORD | Pick-up,
REY GOMA,3304,ACCESORIO,FORD,Pick-up,,"(C1TB16758B) Antichirrido entre capot y guardabarro modelos F 100, F 350 y F 600",C1TB16758B,https://reygoma.com.ar/wp-content/uploads/2019/01/33041x1-1.gif,https://reygoma.com.ar/producto/art-3304-3/,FORD | Pick-up,
REY GOMA,3297,TOPE AMORTIGUADOR,FORD,Pick-up,,"(CITT4730B) Tope de elástico trasero modelos F 100, F 350 y Falcon Taxi",CITT4730B,https://reygoma.com.ar/wp-content/uploads/2019/01/32971x1-1-1.gif,https://reygoma.com.ar/producto/art-3297-3/,FORD | Pick-up,
REY GOMA,3296,TOPE AMORTIGUADOR,FORD,Pick-up,,(CITT3020D) Tope de elástico delantero modelo F 100,CITT3020D,https://reygoma.com.ar/wp-content/uploads/2019/01/32961x1.gif,https://reygoma.com.ar/producto/art-3296/,FORD | Pick-up,
REY GOMA,3295,TOPE AMORTIGUADOR,FORD,Pick-up,,"(B7C5783A) Tope de elástico trasero modelos F 100, F 350 y F 600",B7C5783A,https://reygoma.com.ar/wp-content/uploads/2019/01/32951x1-1.gif,https://reygoma.com.ar/producto/art-3295-2/,FORD | Pick-up,
REY GOMA,3282,TOPE AMORTIGUADOR,FORD,Pick-up,,(B7C3020A) Tope de eje delantero modelos F 100 y F 600,B7C3020A,https://reygoma.com.ar/wp-content/uploads/2019/01/32821x1-1.gif,https://reygoma.com.ar/producto/art-3282-2/,FORD | Pick-up,
REY GOMA,3280,BUJE,FORD,Pick-up,,(8A5719) Buje para elástico delantero modelo F 100 años 1957/60,8A5719,https://reygoma.com.ar/wp-content/uploads/2019/01/32801x1.gif,https://reygoma.com.ar/producto/art-3280/,FORD | Pick-up,
REY GOMA,3272,PEDAL,FORD,Pick-up,,(AJ2454A) (C8TZ2457A) Cubre pedal de freno y de embrague Falcon años 1962/68 y embrague F 100,AJ2454A | C8TZ2457A,https://reygoma.com.ar/wp-content/uploads/2019/01/32721x1-1.gif,https://reygoma.com.ar/producto/art-3272-2/,FORD | Pick-up,
REY GOMA,3267/1,SOPORTE / GOMA-METAL,FORD,Pick-up,,(REFORMA) Soporte metálico para gancho de goma chico para capot y camiones,REFORMA,https://reygoma.com.ar/wp-content/uploads/2019/01/3267-11x1-1.gif,https://reygoma.com.ar/producto/art-3267-1-2/,FORD | Pick-up,
REY GOMA,3267,SOPORTE / GOMA-METAL,FORD,Pick-up,,(REFORMA) Gancho de goma chico para capot y camiones,REFORMA,https://reygoma.com.ar/wp-content/uploads/2019/01/32671x1-1.gif,https://reygoma.com.ar/producto/art-3267-2/,FORD | Pick-up,
REY GOMA,3257,SOPORTE / GOMA-METAL,FORD,Pick-up,,"(CITT6A061C) Soporte complemento inferior delantero y trasero de motor modelos F 100, F 350, F 500 y F 600",CITT6A061C,https://reygoma.com.ar/wp-content/uploads/2019/01/32571x1-1.gif,https://reygoma.com.ar/producto/art-3257-2/,FORD | Pick-up,
REY GOMA,3256,SOPORTE / GOMA-METAL,FORD,Pick-up,,"(CITT6068B) (C3TZ6068D) Soporte superior delantero y trasero de motor modelos F 100, F 350, F 500 y F 600",CITT6068B | C3TZ6068D,https://reygoma.com.ar/wp-content/uploads/2019/01/32561x1-1.gif,https://reygoma.com.ar/producto/art-3256-2/,FORD | Pick-up,
REY GOMA,3253,PEDAL,FORD,Pick-up,,(TAAK2457A) Cubre pedal de freno y de embrague y camiones,TAAK2457A,https://reygoma.com.ar/wp-content/uploads/2019/01/32531x1-1.gif,https://reygoma.com.ar/producto/art-3253-2/,FORD | Pick-up,
REY GOMA,3209,BUJE,FORD,Pick-up,,(B2A1819A) Buje de amortiguador modelos F 500 y F 600,B2A1819A,https://reygoma.com.ar/wp-content/uploads/2019/01/32091x1.gif,https://reygoma.com.ar/producto/art-3209/,FORD | Pick-up,
REY GOMA,3486/2,SOPORTE / GOMA-METAL,FORD,Orion,,"Fuelle semi eje (lado caja) Escort, Galaxy, + chapa y kit con abrazaderas y lubricante",lado caja,https://reygoma.com.ar/wp-content/uploads/2019/01/3486-2-2.gif,https://reygoma.com.ar/producto/art-3486-2-3/,FORD | Orion,CAJA
REY GOMA,3486/1,SOPORTE / GOMA-METAL,FORD,Orion,,Kit con abrazaderas y lubricante,,https://reygoma.com.ar/wp-content/uploads/2019/01/3486-6.gif,https://reygoma.com.ar/producto/art-3486-1-3/,FORD | Orion,
REY GOMA,3486,SOPORTE / GOMA-METAL,FORD,Orion,,"Fuelle semi eje (lado caja) Escort, Galaxy,",lado caja,https://reygoma.com.ar/wp-content/uploads/2019/01/3486-5.gif,https://reygoma.com.ar/producto/art-3486-4/,FORD | Orion,CAJA
REY GOMA,3485/1,SOPORTE / GOMA-METAL,FORD,Orion,,Kit con abrazaderas y lubricante,,https://reygoma.com.ar/wp-content/uploads/2019/01/3485-5.gif,https://reygoma.com.ar/producto/art-3485-1-3/,FORD | Orion,
REY GOMA,3485,SOPORTE / GOMA-METAL,FORD,Orion,,"Fuelle semi eje (lado rueda) Escort, Galaxy,",lado rueda,https://reygoma.com.ar/wp-content/uploads/2019/01/3485-4.gif,https://reygoma.com.ar/producto/art-3485-3/,FORD | Orion,
REY GOMA,3481,SOPORTE / GOMA-METAL,FORD,Orion,,"Fuelle de cremallera hidráulica (ambos lados) Escort, Orión",ambos lados,https://reygoma.com.ar/wp-content/uploads/2019/01/3481-1.gif,https://reygoma.com.ar/producto/art-3481-2/,FORD | Orion,AMBOS LADOS
REY GOMA,3447,SOPORTE / GOMA-METAL,FORD,Orion,,"(547820197) Soporte radiador de aire acondicionado . Ø 30 mm. h 15 mm. rosca M 8 x 1,25",547820197,https://reygoma.com.ar/wp-content/uploads/2019/01/34471x1.gif,https://reygoma.com.ar/producto/art-3447/,FORD | Orion,
REY GOMA,3446,CAZOLETA,FORD,Orion,,(547412325) Cazoleta amortiguador,547412325,https://reygoma.com.ar/wp-content/uploads/2019/01/34461x1.gif,https://reygoma.com.ar/producto/art-3446/,FORD | Orion,
REY GOMA,3437,SOPORTE / GOMA-METAL,FORD,Orion,,(547199262D) Soporte delantero inferior de motor 1.8,547199262D,https://reygoma.com.ar/wp-content/uploads/2019/01/34371x1.gif,https://reygoma.com.ar/producto/art-3437/,FORD | Orion,
REY GOMA,3436,SOPORTE / GOMA-METAL,FORD,Orion,,(547199262B) Soporte delantero superior de motor 1.8,547199262B,https://reygoma.com.ar/wp-content/uploads/2019/01/34361x1.gif,https://reygoma.com.ar/producto/art-3436/,FORD | Orion,
REY GOMA,3546/1,SOPORTE / GOMA-METAL,FORD,Mondeo,,Kit con abrazaderas y lubricante,,https://reygoma.com.ar/wp-content/uploads/2019/01/3546-1.gif,https://reygoma.com.ar/producto/art-3546-1/,FORD | Mondeo,
REY GOMA,3546,SOPORTE / GOMA-METAL,FORD,Mondeo,,Fuelle semi eje (lado caja),lado caja,https://reygoma.com.ar/wp-content/uploads/2019/01/3546.gif,https://reygoma.com.ar/producto/art-3546/,FORD | Mondeo,CAJA
REY GOMA,3545/1,SOPORTE / GOMA-METAL,FORD,Mondeo,,Kit con abrazaderas y lubricante.,,https://reygoma.com.ar/wp-content/uploads/2019/01/3545-1.gif,https://reygoma.com.ar/producto/art-3545-1/,FORD | Mondeo,
REY GOMA,3545,SOPORTE / GOMA-METAL,FORD,Mondeo,,Fuelle semi eje homocinética (lado rueda),lado rueda,https://reygoma.com.ar/wp-content/uploads/2019/01/3545.gif,https://reygoma.com.ar/producto/art-3545/,FORD | Mondeo,
REY GOMA,3510,SOPORTE DE MOTOR,FORD,Mondeo,,(7303747) Soporte de motor (lado derecho) diesel.,7303747 | lado derecho,https://reygoma.com.ar/wp-content/uploads/2019/01/3510.gif,https://reygoma.com.ar/producto/art-3510/,FORD | Mondeo,DERECHO
REY GOMA,3504,SOPORTE / GOMA-METAL,FORD,Mondeo,,(7304920) Soporte delantero de motor (lado izquierdo) diesel 96 en adelante.,7304920 | lado izquierdo,https://reygoma.com.ar/wp-content/uploads/2019/01/3504.gif,https://reygoma.com.ar/producto/art-3504/,FORD | Mondeo,IZQUIERDO
REY GOMA,3503,SOPORTE DE MOTOR,FORD,Mondeo,,(7244910) Soporte de motor lado caja nafta/diesel y Escort TD 2000 en adelante,7244910,https://reygoma.com.ar/wp-content/uploads/2019/01/3503-1.gif,https://reygoma.com.ar/producto/art-3503-2/,FORD | Mondeo,CAJA
REY GOMA,3501,CAZOLETA,FORD,Mondeo,,(6799585) Cazoleta de amortiguador .,6799585,https://reygoma.com.ar/wp-content/uploads/2019/01/3501.gif,https://reygoma.com.ar/producto/art-3501/,FORD | Mondeo,
REY GOMA,3496,SOPORTE DE MOTOR,FORD,Mondeo,,(1097914) Soporte motor lado izquierdo naftero,1097914,https://reygoma.com.ar/wp-content/uploads/2019/01/3496.gif,https://reygoma.com.ar/producto/art-3496/,FORD | Mondeo,MOTOR / IZQUIERDO
REY GOMA,3495,SOPORTE DE MOTOR,FORD,Mondeo,,(1097920) Soporte motor lado izquierdo diesel hasta 1996,1097920,https://reygoma.com.ar/wp-content/uploads/2019/01/3495.gif,https://reygoma.com.ar/producto/art-3495/,FORD | Mondeo,MOTOR / IZQUIERDO
REY GOMA,3557,FUELLE DIRECCION,FORD,Ka,,"Fuelle dirección mecánica Escort, Fiesta y Courier (ambos lados)",ambos lados,https://reygoma.com.ar/wp-content/uploads/2019/01/3557-3.gif,https://reygoma.com.ar/producto/art-3557-3/,FORD | Ka,AMBOS LADOS
REY GOMA,3552/1,SOPORTE / GOMA-METAL,FORD,Ka,,Kit con abrazaderas y lubricante,,https://reygoma.com.ar/wp-content/uploads/2019/01/3552-1.gif,https://reygoma.com.ar/producto/art-3552-1/,FORD | Ka,
REY GOMA,3552,SOPORTE / GOMA-METAL,FORD,Ka,,Fuelle semi eje (lado rueda),lado rueda,https://reygoma.com.ar/wp-content/uploads/2019/01/3552.gif,https://reygoma.com.ar/producto/art-3552/,FORD | Ka,
REY GOMA,3551/1,SOPORTE / GOMA-METAL,FORD,Ka,,Kit con abrazaderas y lubricante,,https://reygoma.com.ar/wp-content/uploads/2019/01/3551-3.gif,https://reygoma.com.ar/producto/art-3551-1-2/,FORD | Ka,
REY GOMA,3551,SOPORTE / GOMA-METAL,FORD,Ka,,Fuelle semi eje (lado caja) y Fiesta,lado caja,https://reygoma.com.ar/wp-content/uploads/2019/01/3551-2.gif,https://reygoma.com.ar/producto/art-3551-2/,FORD | Ka,CAJA
REY GOMA,3512,SOPORTE DE MOTOR,FORD,Ka,,(XS516038AC) Soporte de motor (lado derecho) modelo naftero con motor Zetec Rocam 1.0 y 1.6 año 99 en adelante,XS516038AC | lado derecho,https://reygoma.com.ar/wp-content/uploads/2019/01/3512.gif,https://reygoma.com.ar/producto/art-3512/,FORD | Ka,DERECHO
REY GOMA,3511,TOPE AMORTIGUADOR,FORD,Ka,,Tope rebote de amortiguador modelos Focus y .,,https://reygoma.com.ar/wp-content/uploads/2019/01/3511-1.gif,https://reygoma.com.ar/producto/art-3511-2/,FORD | Ka,
REY GOMA,3487/1,SOPORTE / GOMA-METAL,FORD,Ka,,Kit con abrazaderas y lubricante,,https://reygoma.com.ar/wp-content/uploads/2019/01/3487-3.gif,https://reygoma.com.ar/producto/art-3487-1-2/,FORD | Ka,
REY GOMA,3487,SOPORTE / GOMA-METAL,FORD,Ka,,"Fuelle semi eje Fiesta, (lado caja)",lado caja,https://reygoma.com.ar/wp-content/uploads/2019/01/3487-2.gif,https://reygoma.com.ar/producto/art-3487-2/,FORD | Ka,CAJA
REY GOMA,3474,CAZOLETA,FORD,Ka,,(96FB-18198-AG) Cazoleta trasera – Fiesta 97/ .,96FB-18198-AG,https://reygoma.com.ar/wp-content/uploads/2019/01/3474-1.jpg,https://reygoma.com.ar/producto/art-3474-2/,FORD | Ka,
REY GOMA,3471,CAZOLETA,FORD,Ka,,"(96FB-3K-155AB) Cazoleta delantera Courier, y Fiesta.",96FB-3K-155AB,https://reygoma.com.ar/wp-content/uploads/2019/01/3471-1.gif,https://reygoma.com.ar/producto/art-3471-2/,FORD | Ka,
REY GOMA,3467,SOPORTE DE MOTOR,FORD,Ka,,(97-KB-68049-AH) Soporte de motor lado caja modelo .,97-KB-68049-AH,https://reygoma.com.ar/wp-content/uploads/2019/01/3467.gif,https://reygoma.com.ar/producto/art-3467/,FORD | Ka,CAJA
REY GOMA,3466,SOPORTE DE MOTOR,FORD,Ka,,(97-KB-68032-AE) Soporte de motor lado izquierdo modelo .,97-KB-68032-AE,https://reygoma.com.ar/wp-content/uploads/2019/01/3466.gif,https://reygoma.com.ar/producto/art-3466/,FORD | Ka,IZQUIERDO
REY GOMA,3465,SOPORTE DE MOTOR,FORD,Ka,,(97-KB-6038-AD) Soporte de motor lado derecho modelo .,97-KB-6038-AD,https://reygoma.com.ar/wp-content/uploads/2019/01/3465.gif,https://reygoma.com.ar/producto/art-3465/,FORD | Ka,DERECHO
REY GOMA,3571,CAZOLETA,FORD,Galaxy,,(377/412113) cazoleta suspension con crapodina,377/412113,https://reygoma.com.ar/wp-content/uploads/2019/01/3571.gif,https://reygoma.com.ar/producto/art-3571/,FORD | Galaxy,
REY GOMA,3570,CAZOLETA,FORD,Galaxy,,(ZBC412323) cazoleta suspension,ZBC412323,https://reygoma.com.ar/wp-content/uploads/2019/01/3570.gif,https://reygoma.com.ar/producto/art-3570/,FORD | Galaxy,
REY GOMA,3508,TOPE AMORTIGUADOR,FORD,Galaxy,,Tope rebote de amortiguador .,,https://reygoma.com.ar/wp-content/uploads/2019/01/3508.gif,https://reygoma.com.ar/producto/art-3508/,FORD | Galaxy,
REY GOMA,3486/2,SOPORTE / GOMA-METAL,FORD,Galaxy,,"Fuelle semi eje (lado caja) Escort, Orion + chapa y kit con abrazaderas y lubricante",lado caja,https://reygoma.com.ar/wp-content/uploads/2019/01/3486-2-1-1.gif,https://reygoma.com.ar/producto/art-3486-2-2/,FORD | Galaxy,CAJA
REY GOMA,3486/1,SOPORTE / GOMA-METAL,FORD,Galaxy,,Kit con abrazaderas y lubricante,,https://reygoma.com.ar/wp-content/uploads/2019/01/3486-4.gif,https://reygoma.com.ar/producto/art-3486-1-2/,FORD | Galaxy,
REY GOMA,3486,SOPORTE / GOMA-METAL,FORD,Galaxy,,"Fuelle semi eje (lado caja) Escort, Orion",lado caja,https://reygoma.com.ar/wp-content/uploads/2019/01/3486-2-1.gif,https://reygoma.com.ar/producto/art-3486-3/,FORD | Galaxy,CAJA
REY GOMA,3485/1,SOPORTE / GOMA-METAL,FORD,Galaxy,,Kit con abrazaderas y lubricante,,https://reygoma.com.ar/wp-content/uploads/2019/01/3485-3.gif,https://reygoma.com.ar/producto/art-3485-1-2/,FORD | Galaxy,
REY GOMA,3485,SOPORTE / GOMA-METAL,FORD,Galaxy,,"Fuelle semi eje (lado rueda) Escort, Orion",lado rueda,https://reygoma.com.ar/wp-content/uploads/2019/01/3485-2.gif,https://reygoma.com.ar/producto/art-3485-2/,FORD | Galaxy,
REY GOMA,3480,SOPORTE / GOMA-METAL,FORD,Galaxy,,Fuelle de cremallera mecánica o hidráulica,,https://reygoma.com.ar/wp-content/uploads/2019/01/3480.gif,https://reygoma.com.ar/producto/art-3480/,FORD | Galaxy,
REY GOMA,3435,SOPORTE DE CAJA,FORD,Galaxy,,(811399151B) Soporte de caja de velocidades modelo,811399151B,https://reygoma.com.ar/wp-content/uploads/2019/01/34351x1.gif,https://reygoma.com.ar/producto/art-3435/,FORD | Galaxy,CAJA
REY GOMA,3434,SOPORTE / GOMA-METAL,FORD,Galaxy,,(823199381) (823199382) Soporte delantero de motor,823199381 | 823199382,https://reygoma.com.ar/wp-content/uploads/2019/01/34341x1.gif,https://reygoma.com.ar/producto/art-3434/,FORD | Galaxy,
REY GOMA,3415,TOPE AMORTIGUADOR,FORD,Galaxy,,(823199339A) Tope delantero de motor,823199339A,https://reygoma.com.ar/wp-content/uploads/2019/01/34151x1.gif,https://reygoma.com.ar/producto/art-3415/,FORD | Galaxy,
REY GOMA,35888/1,SOPORTE / GOMA-METAL,Focus,FORD,,Kit con abrazaderas y lubricante,,https://reygoma.com.ar/wp-content/uploads/2019/01/35888-1.gif,https://reygoma.com.ar/producto/art-35888-1/,Focus | FORD,
REY GOMA,35888,SOPORTE / GOMA-METAL,Focus,FORD,,Fuelle semi eje (lado caja) con forma,lado caja,https://reygoma.com.ar/wp-content/uploads/2019/01/35888.gif,https://reygoma.com.ar/producto/art-35888/,Focus | FORD,CAJA
REY GOMA,35883,SOPORTE DE MOTOR,Focus,FORD,,(4M51-6F012-DC) Soporte de motor (lado derecho) II diesel,4M51-6F012-DC | lado derecho,https://reygoma.com.ar/wp-content/uploads/2019/01/35883.gif,https://reygoma.com.ar/producto/art-35883/,Focus | FORD,DERECHO
REY GOMA,35887,SOPORTE / GOMA-METAL,Focus,FORD,,"(AV61-6P082-AB) Soporte trasero de motor II naftero ó diesel, año 2009 en adelante",AV61-6P082-AB,https://reygoma.com.ar/wp-content/uploads/2019/01/35887.gif,https://reygoma.com.ar/producto/art-35887/,Focus | FORD,
REY GOMA,35876,SOPORTE DE MOTOR,Focus,FORD,,(3M51-6F012-CH) Soporte de motor (hidráulico) (lado derecho) 1.6 Sigma naftero (línea nueva),3M51-6F012-CH | hidráulico | lado derecho | línea nueva,https://reygoma.com.ar/wp-content/uploads/2019/01/35876.gif,https://reygoma.com.ar/producto/art-35876/,Focus | FORD,DERECHO
REY GOMA,35875,SOPORTE DE MOTOR,Focus,FORD,,"(5S4Z-6038-CB) Soporte de motor (hidráulico) (lado derecho) Duratec 2.0, años 2005 al 2009",5S4Z-6038-CB | hidráulico | lado derecho,https://reygoma.com.ar/wp-content/uploads/2019/01/35875.gif,https://reygoma.com.ar/producto/art-35875/,Focus | FORD,DERECHO
REY GOMA,35874,SOPORTE DE MOTOR,Focus,FORD,,(AV61-7M121-BC) Soporte de motor (lado izquierdo) 2.0 Duratec,AV61-7M121-BC | lado izquierdo,https://reygoma.com.ar/wp-content/uploads/2019/01/35874.gif,https://reygoma.com.ar/producto/art-35874/,Focus | FORD,IZQUIERDO
REY GOMA,3577,SOPORTE DE MOTOR,Focus,FORD,,(3M51-6F012-AH) (3M51-6F012-AG) Soporte de motor (lado derecho) II Duratec 2.0 año 2009 en adelante,3M51-6F012-AH | 3M51-6F012-AG | lado derecho,https://reygoma.com.ar/wp-content/uploads/2019/01/3577.gif,https://reygoma.com.ar/producto/art-3577/,Focus | FORD,DERECHO
REY GOMA,3576,SOPORTE DE MOTOR,Focus,FORD,,(3M51-6F012-CH) Soporte de motor (lado derecho) 1.6 L Sigma naftero línea nueva,3M51-6F012-CH | lado derecho,https://reygoma.com.ar/wp-content/uploads/2019/01/3576.gif,https://reygoma.com.ar/producto/art-3576/,Focus | FORD,DERECHO
REY GOMA,3575,SOPORTE DE MOTOR,Focus,FORD,,"(5S4Z-6038-CB) Soporte de motor (lado derecho) Duratec 2.0 L, año 2005 al 2009",5S4Z-6038-CB | lado derecho,https://reygoma.com.ar/wp-content/uploads/2019/01/3575.gif,https://reygoma.com.ar/producto/art-3575/,Focus | FORD,DERECHO
REY GOMA,3573/1,SOPORTE / GOMA-METAL,Focus,FORD,,Kit con abrazaderas y lubricante.,,https://reygoma.com.ar/wp-content/uploads/2019/01/3573-1.gif,https://reygoma.com.ar/producto/art-3573-1/,Focus | FORD,
REY GOMA,3573,SOPORTE / GOMA-METAL,Focus,FORD,,Fuelle semi eje (lado caja) caja automática.,lado caja,https://reygoma.com.ar/wp-content/uploads/2019/01/3573.gif,https://reygoma.com.ar/producto/art-3573/,Focus | FORD,CAJA
REY GOMA,3569,BUJE,Focus,FORD,,(98AG-5K743) brazo suspension trasera con bujes año 1999 en adelante,98AG-5K743,https://reygoma.com.ar/wp-content/uploads/2019/01/3569.gif,https://reygoma.com.ar/producto/art-3569/,Focus | FORD,
REY GOMA,3565,SOPORTE DE ESCAPE,Focus,FORD,,(98AB5A262DA) Soporte delantero de caño de escape diesel año 1999 en adelante,98AB5A262DA,https://reygoma.com.ar/wp-content/uploads/2019/01/3565.gif,https://reygoma.com.ar/producto/art-3565/,Focus | FORD,
REY GOMA,3564,SOPORTE DE ESCAPE,Focus,FORD,,(98AB5A262CA) Soporte delantero de caño de escape 1.8L y 2.0L nafta año 1999 en adelante,98AB5A262CA,https://reygoma.com.ar/wp-content/uploads/2019/01/3564.gif,https://reygoma.com.ar/producto/art-3564/,Focus | FORD,
REY GOMA,3563,SOPORTE DE ESCAPE,Focus,FORD,,"(96AB5A262EA) Soporte caño de escape año 1999 en adelante, trasero diesel",96AB5A262EA,https://reygoma.com.ar/wp-content/uploads/2019/01/3562-1.gif,https://reygoma.com.ar/producto/art-3563/,Focus | FORD,
REY GOMA,3562,SOPORTE DE ESCAPE,Focus,FORD,,"(98AB5A262AE) Soporte caño de escape año 1999 en adelante, trasero nafta",98AB5A262AE,https://reygoma.com.ar/wp-content/uploads/2019/01/3562.gif,https://reygoma.com.ar/producto/art-3562/,Focus | FORD,
REY GOMA,3558,SOPORTE / GOMA-METAL,Focus,FORD,,"(2N15/6F012/JB) (2N15/6F012/NA) (2S41/6F012/AA) Soporte delantero de motor hidráulico (lado derecho) Ecosport, con motor Zetec diesel ó Rocam 1,6 naftero",2N15/6F012/JB | 2N15/6F012/NA | 2S41/6F012/AA | lado derecho,https://reygoma.com.ar/wp-content/uploads/2019/01/3536-1-1.gif,https://reygoma.com.ar/producto/art-3558-2/,Focus | FORD,DERECHO
REY GOMA,3549,SOPORTE DE MOTOR,Focus,FORD,,(1104173) Soporte de motor hidráulico (lado izquierdo) Naftero y Diesel,1104173 | lado izquierdo,https://reygoma.com.ar/wp-content/uploads/2019/01/3492-1.gif,https://reygoma.com.ar/producto/art-3549/,Focus | FORD,IZQUIERDO
REY GOMA,3548,SOPORTE DE MOTOR,Focus,FORD,,(10.725.72) (1102456) Soporte de motor hidráulico (lado derecho) Naftero y Diesel,10.725.72 | 1102456 | lado derecho,https://reygoma.com.ar/wp-content/uploads/2019/01/3489-1.gif,https://reygoma.com.ar/producto/art-3548/,Focus | FORD,DERECHO
REY GOMA,3547,SOPORTE DE MOTOR,Focus,FORD,,(1M51-6F012-AD) Soporte de motor (lado derecho) 1.8 Diesel año 2003/…,1M51-6F012-AD | lado derecho,https://reygoma.com.ar/wp-content/uploads/2019/01/3547.gif,https://reygoma.com.ar/producto/art-3547/,Focus | FORD,DERECHO
REY GOMA,3536,SOPORTE / GOMA-METAL,Focus,FORD,,"(2N15/6F012/JB) (2N15/6F012/NA) (2S41/6F012/AA) Soporte delantero de motor (lado derecho) (no hidráulico)Ecosport, con motor Zetec diesel o Rocam 1.6 naftero.",2N15/6F012/JB | 2N15/6F012/NA | 2S41/6F012/AA | lado derecho | no hidráulico,https://reygoma.com.ar/wp-content/uploads/2019/01/3536-2.gif,https://reygoma.com.ar/producto/art-3536-2/,Focus | FORD,DERECHO
REY GOMA,3530,SOPORTE DE CAJA,Focus,FORD,,(98AB7M121) Soporte de caja de velocidades con motor Zetec 1.8 y 2.0,98AB7M121,https://reygoma.com.ar/wp-content/uploads/2019/01/3530.gif,https://reygoma.com.ar/producto/art-3530/,Focus | FORD,CAJA
REY GOMA,3511,TOPE AMORTIGUADOR,Focus,FORD,,Tope rebote de amortiguador modelos y Ka.,,https://reygoma.com.ar/wp-content/uploads/2019/01/3511.gif,https://reygoma.com.ar/producto/art-3511/,Focus | FORD,
REY GOMA,3493,CAZOLETA,Focus,FORD,,(1087177) Cazoleta de amortiguador delantera.,1087177,https://reygoma.com.ar/wp-content/uploads/2019/01/3493.gif,https://reygoma.com.ar/producto/art-3493/,Focus | FORD,
REY GOMA,3491,SOPORTE / GOMA-METAL,Focus,FORD,,(1070177) Soporte central de motor naftero (motor ZTEC),1070177 | motor ZTEC,https://reygoma.com.ar/wp-content/uploads/2019/01/3491.gif,https://reygoma.com.ar/producto/art-3491/,Focus | FORD,CENTRO
REY GOMA,3490,SOPORTE / GOMA-METAL,Focus,FORD,,(1061205) Soporte central de motor diesel,1061205,https://reygoma.com.ar/wp-content/uploads/2019/01/3490.gif,https://reygoma.com.ar/producto/art-3490/,Focus | FORD,CENTRO
REY GOMA,3489,SOPORTE DE MOTOR,Focus,FORD,,(1072572) Soporte de motor (lado derecho) naftero o diesel,1072572 | lado derecho,https://reygoma.com.ar/wp-content/uploads/2019/01/3489.gif,https://reygoma.com.ar/producto/art-3489/,Focus | FORD,DERECHO
REY GOMA,35889,SOPORTE DE MOTOR,Ecosport,"Fiesta/Courier, FORD, Ka",,(8V51-7M121-AE) Soporte de motor (lado izquierdo) Fiesta Kinetic año 2013/.. 1.5 2017/..y 1.5 2018/..,8V51-7M121-AE | lado izquierdo,https://reygoma.com.ar/wp-content/uploads/2019/01/35889.gif,https://reygoma.com.ar/producto/art-35889/,Ecosport | Fiesta/Courier | FORD | Ka,IZQUIERDO
REY GOMA,35884,SOPORTE DE MOTOR,Fiesta/Courier,FORD,,(8V5Z-6038-B) Soporte de motor (hidráulico) (lado derecho) Fiesta Kinetic 1.6 naftero,8V5Z-6038-B | hidráulico | lado derecho,https://reygoma.com.ar/wp-content/uploads/2019/01/3579-1-e1554130498887.gif,https://reygoma.com.ar/producto/art-35884/,Fiesta/Courier | FORD,DERECHO
REY GOMA,3584,SOPORTE / GOMA-METAL,Fiesta/Courier,FORD,,Fuelle de cremallera (ambos lados) Fiesta Max,ambos lados,https://reygoma.com.ar/wp-content/uploads/2019/01/3584.gif,https://reygoma.com.ar/producto/art-3584/,Fiesta/Courier | FORD,AMBOS LADOS
REY GOMA,3579,SOPORTE DE MOTOR,Fiesta/Courier,FORD,,(8V5Z-6038-B) Soporte de motor (lado derecho) Fiesta Kinetic línea nueva 1.6 naftero (elastomérico),8V5Z-6038-B | lado derecho | elastomérico,https://reygoma.com.ar/wp-content/uploads/2019/01/3579-e1554130418216.gif,https://reygoma.com.ar/producto/art-3579/,Fiesta/Courier | FORD,DERECHO
REY GOMA,3574,SOPORTE / GOMA-METAL,Fiesta/Courier,FORD,,"(8V5Z/6068/A) Soporte trasero de motor Fiesta Kinetic, nafta 1,6,",8V5Z/6068/A,https://reygoma.com.ar/wp-content/uploads/2019/01/3574.gif,https://reygoma.com.ar/producto/art-3574/,Fiesta/Courier | FORD,
REY GOMA,3559,SOPORTE / GOMA-METAL,Fiesta/Courier,FORD,,(2S65/6F012/JA) (2S61/6038/AA) Soporte delantero de motor hidráulico (lado derecho) Fiesta naftero ó diesel.,2S65/6F012/JA | 2S61/6038/AA | lado derecho,https://reygoma.com.ar/wp-content/uploads/2019/01/3537-2.gif,https://reygoma.com.ar/producto/art-3559/,Fiesta/Courier | FORD,DERECHO
REY GOMA,3557,FUELLE DIRECCION,Fiesta/Courier,FORD,,"Fuelle dirección mecánica Escort, Ka, Fiesta y Courier (ambos lados)",ambos lados,https://reygoma.com.ar/wp-content/uploads/2019/01/3557-2.gif,https://reygoma.com.ar/producto/art-3557-2/,Fiesta/Courier | FORD,AMBOS LADOS
REY GOMA,3551/1,SOPORTE / GOMA-METAL,Fiesta/Courier,FORD,,Kit con abrazaderas y lubricante,,https://reygoma.com.ar/wp-content/uploads/2019/01/3551-1.gif,https://reygoma.com.ar/producto/art-3551-1/,Fiesta/Courier | FORD,
REY GOMA,3551,SOPORTE / GOMA-METAL,Fiesta/Courier,FORD,,Fuelle semi eje (lado caja) Ka y Fiesta,lado caja,https://reygoma.com.ar/wp-content/uploads/2019/01/3551.gif,https://reygoma.com.ar/producto/art-3551/,Fiesta/Courier | FORD,CAJA
REY GOMA,3550,SOPORTE / GOMA-METAL,Fiesta/Courier,FORD,,"Acople de semi eje Fiesta, Courier y Escort Diesel",,https://reygoma.com.ar/wp-content/uploads/2019/01/3550-2.gif,https://reygoma.com.ar/producto/art-3550-2/,Fiesta/Courier | FORD,
REY GOMA,3541,SOPORTE / GOMA-METAL,Fiesta/Courier,FORD,,"(1024123) (1060401) Soporte delantero de motor (hidráulico) Fiesta, Courier naftero año 1996 en adelante",1024123 | 1060401 | hidráulico,https://reygoma.com.ar/wp-content/uploads/2019/01/34621x1-1.gif,https://reygoma.com.ar/producto/art-3541/,Fiesta/Courier | FORD,
REY GOMA,3540,SOPORTE / GOMA-METAL,Fiesta/Courier,FORD,,"(1021268) Soporte delantero de motor (hidráulico) Fiesta, Courier diesel año 1996 en adelante",1021268 | hidráulico,https://reygoma.com.ar/wp-content/uploads/2019/01/34611x1-1.gif,https://reygoma.com.ar/producto/art-3540/,Fiesta/Courier | FORD,
REY GOMA,3539,SOPORTE DE MOTOR,Fiesta/Courier,FORD,,(XS617M12188) Soporte de motor (lado caja) Courier año 2002 en adelante.,XS617M12188 | lado caja,https://reygoma.com.ar/wp-content/uploads/2019/01/3539.gif,https://reygoma.com.ar/producto/art-3539/,Fiesta/Courier | FORD,CAJA
REY GOMA,3538,CAZOLETA,Fiesta/Courier,FORD,,"(2S65/3K155/CB) Cazoleta de amortiguador Fiesta, Ecosport naftero o diesel año 2003 en adelante.",2S65/3K155/CB,https://reygoma.com.ar/wp-content/uploads/2019/01/3538-1.gif,https://reygoma.com.ar/producto/art-3538-2/,Fiesta/Courier | FORD,
REY GOMA,3537,SOPORTE / GOMA-METAL,Fiesta/Courier,FORD,,(2S65/6F012/JA) (2S61/6038/AA) Soporte delantero de motor (lado derecho) (no hidráulico) Fiesta naftero o diesel,2S65/6F012/JA | 2S61/6038/AA | lado derecho | no hidráulico,https://reygoma.com.ar/wp-content/uploads/2019/01/3537.gif,https://reygoma.com.ar/producto/art-3537/,Fiesta/Courier | FORD,DERECHO
REY GOMA,3532,SOPORTE DE MOTOR,Fiesta/Courier,FORD,,(2S656F012-LB) Soporte de motor (lado derecho) Fiesta / Ecosport nafta/diesel año 2003 /…,2S656F012-LB | lado derecho,https://reygoma.com.ar/wp-content/uploads/2019/01/3532-1-e1554130334778.gif,https://reygoma.com.ar/producto/art-3532-2/,Fiesta/Courier | FORD,DERECHO
REY GOMA,3531,SOPORTE DE MOTOR,Fiesta/Courier,FORD,,(2S656F012-LB) (2N156F012/NA) Soporte de motor (lado derecho) Fiesta / Ecosport 1.6 nafta con motor Rocam,2S656F012-LB | 2N156F012/NA | lado derecho,https://reygoma.com.ar/wp-content/uploads/2019/01/3531-1-e1554130150485.gif,https://reygoma.com.ar/producto/art-3531-2/,Fiesta/Courier | FORD,DERECHO
REY GOMA,3529,SOPORTE / GOMA-METAL,Fiesta/Courier,FORD,,(2S616P082AB) Soporte trasero de motor Fiesta / Ecosport con motor Rocam,2S616P082AB,https://reygoma.com.ar/wp-content/uploads/2019/01/3529-1-e1554130031453.gif,https://reygoma.com.ar/producto/art-3529-2/,Fiesta/Courier | FORD,
REY GOMA,3513,SOPORTE DE MOTOR,Fiesta/Courier,FORD,,(XS616038AD) Soporte de motor (lado derecho) Fiesta 1.6 naftero año 99 en adelante,XS616038AD | lado derecho,https://reygoma.com.ar/wp-content/uploads/2019/01/3513.gif,https://reygoma.com.ar/producto/art-3513/,Fiesta/Courier | FORD,DERECHO
REY GOMA,3487/1,SOPORTE / GOMA-METAL,Fiesta/Courier,FORD,,Kit con abrazaderas y lubricante,,https://reygoma.com.ar/wp-content/uploads/2019/01/3487-1.gif,https://reygoma.com.ar/producto/art-3487-1/,Fiesta/Courier | FORD,
REY GOMA,3487,SOPORTE / GOMA-METAL,Fiesta/Courier,FORD,,"Fuelle semi eje Fiesta, Ka (lado caja)",lado caja,https://reygoma.com.ar/wp-content/uploads/2019/01/3487.gif,https://reygoma.com.ar/producto/art-3487/,Fiesta/Courier | FORD,CAJA
REY GOMA,3484/1,SOPORTE / GOMA-METAL,Fiesta/Courier,FORD,,Kit con abrazaderas y lubricante,,https://reygoma.com.ar/wp-content/uploads/2019/01/3484-2.gif,https://reygoma.com.ar/producto/art-3484-1-2/,Fiesta/Courier | FORD,
REY GOMA,3484,SOPORTE / GOMA-METAL,Fiesta/Courier,FORD,,"Fuelle semi eje Escort 1.6 (ambos lados) Escort 1.8 (lado rueda) Fiesta, Courier (lado rueda)",ambos lados | lado rueda | lado rueda,https://reygoma.com.ar/wp-content/uploads/2019/01/3484-1-1.gif,https://reygoma.com.ar/producto/art-3484-2/,Fiesta/Courier | FORD,AMBOS LADOS
REY GOMA,3483/2,SOPORTE / GOMA-METAL,Fiesta/Courier,FORD,,Fuelle semi eje s/trebol (lado caja) Fiesta + chapa y kit con abrazaderas y lubricante,lado caja,https://reygoma.com.ar/wp-content/uploads/2019/01/3483-2.gif,https://reygoma.com.ar/producto/art-3483-2/,Fiesta/Courier | FORD,CAJA
REY GOMA,3483/1,SOPORTE / GOMA-METAL,Fiesta/Courier,FORD,,Kit con abrazaderas y lubricante,,https://reygoma.com.ar/wp-content/uploads/2019/01/3483-1-1.gif,https://reygoma.com.ar/producto/art-3483-1/,Fiesta/Courier | FORD,
REY GOMA,3483,SOPORTE / GOMA-METAL,Fiesta/Courier,FORD,,Fuelle semi eje s/trebol (lado caja) Fiesta,lado caja,https://reygoma.com.ar/wp-content/uploads/2019/01/3483-1.gif,https://reygoma.com.ar/producto/art-3483/,Fiesta/Courier | FORD,CAJA
REY GOMA,3474,CAZOLETA,Fiesta/Courier,FORD,,(96FB-18198-AG) Cazoleta trasera Ka – Fiesta 97/ .,96FB-18198-AG,https://reygoma.com.ar/wp-content/uploads/2019/01/3474.jpg,https://reygoma.com.ar/producto/art-3474/,Fiesta/Courier | FORD,
REY GOMA,3471,CAZOLETA,Fiesta/Courier,FORD,,"(96FB-3K-155AB) Cazoleta delantera Courier, Ka y Fiesta.",96FB-3K-155AB,https://reygoma.com.ar/wp-content/uploads/2019/01/3471.gif,https://reygoma.com.ar/producto/art-3471/,Fiesta/Courier | FORD,
REY GOMA,3462,SOPORTE / GOMA-METAL,Fiesta/Courier,FORD,,(1024123) (1060401) Soporte delantero de motor Fiesta Courier nafta 96 (no hidráulico),1024123 | 1060401 | no hidráulico,https://reygoma.com.ar/wp-content/uploads/2019/01/34621x1.gif,https://reygoma.com.ar/producto/art-3462/,Fiesta/Courier | FORD,
REY GOMA,3461,SOPORTE / GOMA-METAL,Fiesta/Courier,FORD,,(1021268) Soporte delantero de motor Fiesta Courier diesel 96 (no hidráulico),1021268 | no hidráulico,https://reygoma.com.ar/wp-content/uploads/2019/01/34611x1.gif,https://reygoma.com.ar/producto/art-3461/,Fiesta/Courier | FORD,
REY GOMA,3450,SOPORTE DE CAJA,Fiesta/Courier,FORD,,(1014899) (1010530) Soporte caja de velocidades Fiesta naftero y diesel,1014899 | 1010530,https://reygoma.com.ar/wp-content/uploads/2019/01/34501x1.gif,https://reygoma.com.ar/producto/art-3450/,Fiesta/Courier | FORD,CAJA
REY GOMA,3449,SOPORTE / GOMA-METAL,Fiesta/Courier,FORD,,(1018303) Soporte central de motor Fiesta diesel,1018303,https://reygoma.com.ar/wp-content/uploads/2019/01/34491x1.gif,https://reygoma.com.ar/producto/art-3449/,Fiesta/Courier | FORD,CENTRO
REY GOMA,3448,SOPORTE / GOMA-METAL,Fiesta/Courier,FORD,,(1004888) Soporte central de motor Fiesta naftero,1004888,https://reygoma.com.ar/wp-content/uploads/2019/01/34481x1.gif,https://reygoma.com.ar/producto/art-3448/,Fiesta/Courier | FORD,CENTRO
REY GOMA,3445,SOPORTE / GOMA-METAL,Fiesta/Courier,FORD,,(7229329) Soporte delantero de motor Fiesta naftero,7229329,https://reygoma.com.ar/wp-content/uploads/2019/01/34451x1.gif,https://reygoma.com.ar/producto/art-3445/,Fiesta/Courier | FORD,
REY GOMA,3444,SOPORTE / GOMA-METAL,Fiesta/Courier,FORD,,(6185027) Soporte izquierdo de motor Fiesta diesel,6185027,https://reygoma.com.ar/wp-content/uploads/2019/01/34441x1.gif,https://reygoma.com.ar/producto/art-3444/,Fiesta/Courier | FORD,IZQUIERDO
REY GOMA,3443,SOPORTE / GOMA-METAL,Fiesta/Courier,FORD,,(6203710) Soporte derecho de motor Fiesta naftero y diesel,6203710,https://reygoma.com.ar/wp-content/uploads/2019/01/34431x1.gif,https://reygoma.com.ar/producto/art-3443/,Fiesta/Courier | FORD,DERECHO
REY GOMA,3442,SOPORTE / GOMA-METAL,Fiesta/Courier,FORD,,(6194624) Soporte trasero de motor Fiesta naftero,6194624,https://reygoma.com.ar/wp-content/uploads/2019/01/34421x1.gif,https://reygoma.com.ar/producto/art-3442/,Fiesta/Courier | FORD,
REY GOMA,3478,SOPORTE / GOMA-METAL,Falcon,FORD,,Montura válvula,,https://reygoma.com.ar/wp-content/uploads/2019/01/3478.gif,https://reygoma.com.ar/producto/art-3478/,Falcon | FORD,
REY GOMA,3477,SOPORTE / GOMA-METAL,Falcon,FORD,,Fuelle único dirección hidráulica,,https://reygoma.com.ar/wp-content/uploads/2019/01/3477.gif,https://reygoma.com.ar/producto/art-3477/,Falcon | FORD,
REY GOMA,3413,SOPORTE / GOMA-METAL,Falcon,FORD,,(BAE7D26038A) Soporte delantero de motor y Ranchero motor diesel MVM,BAE7D26038A,https://reygoma.com.ar/wp-content/uploads/2019/01/34131x1-e1554129644850.gif,https://reygoma.com.ar/producto/art-3413/,Falcon | FORD,
REY GOMA,3400,BUJE,Falcon,FORD,,(BAE2DZ6E094A) Buje aislador trasero 1982 en adelante,BAE2DZ6E094A,https://reygoma.com.ar/wp-content/uploads/2019/01/34001x1.gif,https://reygoma.com.ar/producto/art-3400/,Falcon | FORD,
REY GOMA,3394,BUJE,Falcon,FORD,,(82DR3470A) (82DR38197A) Conjunto buje de tensor 1982/85,82DR3470A | 82DR38197A,https://reygoma.com.ar/wp-content/uploads/2019/01/33941x1.gif,https://reygoma.com.ar/producto/art-3394/,Falcon | FORD,
REY GOMA,3393,SOPORTE DE CAJA,Falcon,FORD,,(BAE2DZ6068C) Soporte caja de velocidades 4 cilindros,BAE2DZ6068C,https://reygoma.com.ar/wp-content/uploads/2019/01/33931x1.gif,https://reygoma.com.ar/producto/art-3393/,Falcon | FORD,CAJA
REY GOMA,3389,SOPORTE DE CAJA,Falcon,FORD,,(BAE20Z6068B) Soporte caja de velocidades automático,BAE20Z6068B,https://reygoma.com.ar/wp-content/uploads/2019/01/33891x1.gif,https://reygoma.com.ar/producto/art-3389/,Falcon | FORD,CAJA
REY GOMA,3388,SOPORTE DE CAJA,Falcon,FORD,,(BAE20Z6068A) Soporte caja de velocidades 188 y 221,BAE20Z6068A,https://reygoma.com.ar/wp-content/uploads/2019/01/33881x1.gif,https://reygoma.com.ar/producto/art-3388/,Falcon | FORD,CAJA
REY GOMA,3387,SOPORTE / GOMA-METAL,Falcon,FORD,,(BAE20Z6038A) Soporte delantero de motor 4 cilindros,BAE20Z6038A,https://reygoma.com.ar/wp-content/uploads/2019/01/33871x1.gif,https://reygoma.com.ar/producto/art-3387/,Falcon | FORD,
REY GOMA,3370,TOPE AMORTIGUADOR,Falcon,FORD,,(BADIDZ4730A) (BAC9DZ4730A) Tope central de diferencial,BADIDZ4730A | BAC9DZ4730A,https://reygoma.com.ar/wp-content/uploads/2019/01/33701x1.gif,https://reygoma.com.ar/producto/art-3370/,Falcon | FORD,CENTRO
REY GOMA,3368,BUJE,Falcon,FORD,,(C3DZ5737A) Buje de barra estabilizadora Todos,C3DZ5737A,https://reygoma.com.ar/wp-content/uploads/2019/01/33681x1.gif,https://reygoma.com.ar/producto/art-3368/,Falcon | FORD,
REY GOMA,3354,SOPORTE / GOMA-METAL,Falcon,FORD,,(352285S) Tapón grande para piso,352285S,https://reygoma.com.ar/wp-content/uploads/2019/01/33541x1-1.gif,https://reygoma.com.ar/producto/art-3354/,Falcon | FORD,
REY GOMA,3340,BUJE,Falcon,FORD,,(CODZ5A486) Buje de barra estabilizadora,CODZ5A486,https://reygoma.com.ar/wp-content/uploads/2019/01/33401x1.gif,https://reygoma.com.ar/producto/art-3340/,Falcon | FORD,
REY GOMA,3332,PEDAL,Falcon,FORD,,(BAC6DZ2454A) Cubre pedal de freno y de embrague y F 350,BAC6DZ2454A,https://reygoma.com.ar/wp-content/uploads/2019/01/33321x1-1.gif,https://reygoma.com.ar/producto/art-3332-2/,Falcon | FORD,
REY GOMA,3330,SOPORTE / GOMA-METAL,Falcon,FORD,,(BAC9DZ6038A) Soporte delantero de motor 7 bancadas,BAC9DZ6038A,https://reygoma.com.ar/wp-content/uploads/2019/01/33301x1.gif,https://reygoma.com.ar/producto/art-3330/,Falcon | FORD,
REY GOMA,3327,SOPORTE / GOMA-METAL,Falcon,FORD,,"(6DZ6038F) (BAD8DZ6038F) Soporte delantero de motor 6 cilindros modelos Fairlane, y F 100",6DZ6038F | BAD8DZ6038F,https://reygoma.com.ar/wp-content/uploads/2019/01/33271x1-1.gif,https://reygoma.com.ar/producto/art-3327-2/,Falcon | FORD,
REY GOMA,3321,BUJE,Falcon,FORD,,(C3TZ7343A) Buje palanca de cambios y F 100,C3TZ7343A,https://reygoma.com.ar/wp-content/uploads/2019/01/33211x1.gif,https://reygoma.com.ar/producto/art-3321/,Falcon | FORD,
REY GOMA,3320,SOPORTE / GOMA-METAL,Falcon,FORD,,(8A2092) Tapa registro de freno todos,8A2092,https://reygoma.com.ar/wp-content/uploads/2019/01/33201x1-1-1.gif,https://reygoma.com.ar/producto/art-3320-3/,Falcon | FORD,
REY GOMA,3310,SOPORTE / GOMA-METAL,Falcon,FORD,,(B8S7335A) Camisa de palanca de transmisión y F 100,B8S7335A,https://reygoma.com.ar/wp-content/uploads/2019/01/33101x1.gif,https://reygoma.com.ar/producto/art-3310/,Falcon | FORD,
REY GOMA,3309,BUJE,Falcon,FORD,,(CODZ5A486B) (KC5549OA) Buje de goma para reparación de barra estabilizadora,CODZ5A486B | KC5549OA,https://reygoma.com.ar/wp-content/uploads/2019/01/33091x1.gif,https://reygoma.com.ar/producto/art-3309/,Falcon | FORD,
REY GOMA,3308,TOPE AMORTIGUADOR,Falcon,FORD,,(CODD4730B) Tope de elástico trasero,CODD4730B,https://reygoma.com.ar/wp-content/uploads/2019/01/33081x1.gif,https://reygoma.com.ar/producto/art-3308/,Falcon | FORD,
REY GOMA,3303/1,BUJE,Falcon,FORD,,(C2DZ3A187A) (2071443R) Buje para barra tensora,C2DZ3A187A | 2071443R,https://reygoma.com.ar/wp-content/uploads/2019/01/3303-11x1.gif,https://reygoma.com.ar/producto/art-3303-1/,Falcon | FORD,
REY GOMA,3301,TOPE AMORTIGUADOR,Falcon,FORD,,(C3DZ3020A) Tope de elástico delantero,C3DZ3020A,https://reygoma.com.ar/wp-content/uploads/2019/01/33011x1.gif,https://reygoma.com.ar/producto/art-3301/,Falcon | FORD,
REY GOMA,3297,TOPE AMORTIGUADOR,Falcon,FORD,,"(CITT4730B) Tope de elástico trasero modelos F 100, F 350 y Taxi",CITT4730B,https://reygoma.com.ar/wp-content/uploads/2019/01/32971x1-1.gif,https://reygoma.com.ar/producto/art-3297-2/,Falcon | FORD,
REY GOMA,3288,ACCESORIO,Falcon,FORD,,(CODD18A018) Arandela superior de varilla de suepensión,CODD18A018,https://reygoma.com.ar/wp-content/uploads/2019/01/32881x1-1.gif,https://reygoma.com.ar/producto/art-3288/,Falcon | FORD,
REY GOMA,3287/1,BUJE,Falcon,FORD,,(CODD5737H) Buje para barra de torsión elástico trasero agujero 11/16 (agujero de mayor diámetro),CODD5737H | agujero de mayor diámetro,https://reygoma.com.ar/wp-content/uploads/2019/01/3287-11x1.gif,https://reygoma.com.ar/producto/art-3287-1/,Falcon | FORD,
REY GOMA,3287,BUJE,Falcon,FORD,,(CODD5737H) Buje para barra de torsión elástico trasero,CODD5737H,https://reygoma.com.ar/wp-content/uploads/2019/01/32871x1.gif,https://reygoma.com.ar/producto/art-3287/,Falcon | FORD,
REY GOMA,3285,BUJE,Falcon,FORD,,(C3AZ18198A) Buje de amortiguador y F 100,C3AZ18198A,https://reygoma.com.ar/wp-content/uploads/2019/01/32851x1.gif,https://reygoma.com.ar/producto/art-3285/,Falcon | FORD,
REY GOMA,3278,BUJE,Falcon,FORD,,(CODZ5781B) Buje para elástico trasero años 1962/68,CODZ5781B,https://reygoma.com.ar/wp-content/uploads/2019/01/32781x1.gif,https://reygoma.com.ar/producto/art-3278/,Falcon | FORD,
REY GOMA,3272,PEDAL,Falcon,FORD,,(AJ2454A) (C8TZ2457A) Cubre pedal de freno y de embrague años 1962/68 y embrague F 100,AJ2454A | C8TZ2457A,https://reygoma.com.ar/wp-content/uploads/2019/01/32721x1.gif,https://reygoma.com.ar/producto/art-3272/,Falcon | FORD,
REY GOMA,3270,SOPORTE / GOMA-METAL,Falcon,FORD,,(CIDZ6A061A) Soporte inferior trasero de motor años 1962/80,CIDZ6A061A,https://reygoma.com.ar/wp-content/uploads/2019/01/32701x1.gif,https://reygoma.com.ar/producto/art-3270/,Falcon | FORD,
REY GOMA,3269,SOPORTE DE CAJA,Falcon,FORD,,(CIDZ6068A) Soporte de caja de velocidades años 1962/80,CIDZ6068A,https://reygoma.com.ar/wp-content/uploads/2019/01/32691x1.gif,https://reygoma.com.ar/producto/art-3269/,Falcon | FORD,CAJA
REY GOMA,3377,BUJE,Fairlane,FORD,,(C80Z3A187A) Conjunto buje de tensor,C80Z3A187A,https://reygoma.com.ar/wp-content/uploads/2019/01/33771x1-e1554128786600.gif,https://reygoma.com.ar/producto/art-3377/,Fairlane | FORD,
REY GOMA,3369,SOPORTE DE CAJA,Fairlane,FORD,,(C80Z6068B) Soporte de caja de velocidades 6 cilindros,C80Z6068B,https://reygoma.com.ar/wp-content/uploads/2019/01/33691x1-1.gif,https://reygoma.com.ar/producto/art-3369/,Fairlane | FORD,CAJA
REY GOMA,3338,SOPORTE / GOMA-METAL,Fairlane,FORD,,(C90A6038F) Soporte delantero de motor 8 cilindros,C90A6038F,https://reygoma.com.ar/wp-content/uploads/2019/01/33381x1.gif,https://reygoma.com.ar/producto/art-3338/,Fairlane | FORD,
REY GOMA,3327,SOPORTE / GOMA-METAL,Fairlane,FORD,,(6DZ6038F) (BAD8DZ6038F) Soporte delantero de motor 6 cilindros modelos Falcon y F 100,6DZ6038F | BAD8DZ6038F,https://reygoma.com.ar/wp-content/uploads/2019/01/33271x1.gif,https://reygoma.com.ar/producto/art-3327/,Fairlane | FORD,
REY GOMA,3326/1,PEDAL,Fairlane,FORD,,(BAC90Z7A624B) Cubrepedal de embrague 6 cilindros,BAC90Z7A624B,https://reygoma.com.ar/wp-content/uploads/2019/01/3326-11x1.gif,https://reygoma.com.ar/producto/art-3326-1/,Fairlane | FORD,
REY GOMA,3326,PEDAL,Fairlane,FORD,,(BACC9022457A) Cubrepedal de freno 6 cilindros,BACC9022457A,https://reygoma.com.ar/wp-content/uploads/2019/01/33261x1.gif,https://reygoma.com.ar/producto/art-3326/,Fairlane | FORD,
REY GOMA,3320,SOPORTE / GOMA-METAL,Fairlane,FORD,,(8A2092) Tapa registro de freno todos,8A2092,https://reygoma.com.ar/wp-content/uploads/2019/01/33201x1-1.gif,https://reygoma.com.ar/producto/art-3320-2/,Fairlane | FORD,
REY GOMA,3556,TOPE AMORTIGUADOR,Explorer,FORD,,(F5TZ-3020-A) Tope de suspensión delantera Ranger y 4×2 y 4×4 año 95 en adelante,F5TZ-3020-A,https://reygoma.com.ar/wp-content/uploads/2019/01/3556.gif,https://reygoma.com.ar/producto/art-3556/,Explorer | FORD,
REY GOMA,3528,FUELLE DIRECCION,Explorer,FORD,,Fuelle direccion hidráulica (ambos lados) Ranger y,ambos lados,https://reygoma.com.ar/wp-content/uploads/2019/01/3528.gif,https://reygoma.com.ar/producto/art-3528/,Explorer | FORD,AMBOS LADOS
REY GOMA,3560,SOPORTE / GOMA-METAL,Escort,FORD,,(95AB6038EF) Soporte lateral de motor hidráulico Zetec naftero.,95AB6038EF,https://reygoma.com.ar/wp-content/uploads/2019/01/34551x1-1.gif,https://reygoma.com.ar/producto/art-3560/,Escort | FORD,
REY GOMA,3557,FUELLE DIRECCION,Escort,FORD,,"Fuelle dirección mecánica Ka, Fiesta y Courier (ambos lados)",ambos lados,https://reygoma.com.ar/wp-content/uploads/2019/01/3557-1.gif,https://reygoma.com.ar/producto/art-3557/,Escort | FORD,AMBOS LADOS
REY GOMA,3554,SOPORTE / GOMA-METAL,Escort,FORD,,(95AB6038-CA) Soporte lateral de motor (hidráulico) diesel.,95AB6038-CA | hidráulico,https://reygoma.com.ar/wp-content/uploads/2019/01/34561x1.gif,https://reygoma.com.ar/producto/art-3554/,Escort | FORD,
REY GOMA,3550,SOPORTE / GOMA-METAL,Escort,FORD,,"Acople de semi eje Fiesta, Courier y Diesel",,https://reygoma.com.ar/wp-content/uploads/2019/01/3550-1.gif,https://reygoma.com.ar/producto/art-3550/,Escort | FORD,
REY GOMA,3542,SOPORTE DE MOTOR,Escort,FORD,,(94AB-6B049-CF) Soporte de motor (hidráulico) (lado caja) naftero o diesel,94AB-6B049-CF | hidráulico | lado caja,https://reygoma.com.ar/wp-content/uploads/2019/01/34541x1-1.gif,https://reygoma.com.ar/producto/art-3542/,Escort | FORD,CAJA
REY GOMA,3518,SOPORTE DE MOTOR,Escort,FORD,,(91AB-GP-082) Soporte de motor 2000 diesel turbo (lado derecho inferior),91AB-GP-082 | lado derecho inferior,https://reygoma.com.ar/wp-content/uploads/2019/01/3518-1.gif,https://reygoma.com.ar/producto/art-3518/,Escort | FORD,DERECHO
REY GOMA,3509,TOPE AMORTIGUADOR,Escort,FORD,,Tope rebote de amortiguador .,,https://reygoma.com.ar/wp-content/uploads/2019/01/3509.gif,https://reygoma.com.ar/producto/art-3509/,Escort | FORD,
REY GOMA,3503,SOPORTE DE MOTOR,Escort,FORD,,(7244910) Soporte de motor Mondeo lado caja nafta/diesel y TD 2000 en adelante,7244910,https://reygoma.com.ar/wp-content/uploads/2019/01/3503.gif,https://reygoma.com.ar/producto/art-3503/,Escort | FORD,CAJA
REY GOMA,3494,SOPORTE / GOMA-METAL,Escort,FORD,,(6501433) Soporte filtro de aire . Ø 25 mm. h 25 mm. rosca M 6 x 1,6501433,https://reygoma.com.ar/wp-content/uploads/2019/01/3494.gif,https://reygoma.com.ar/producto/art-3494/,Escort | FORD,
REY GOMA,3486/2,SOPORTE / GOMA-METAL,Escort,FORD,,"Fuelle semi eje (lado caja) Galaxy, Orion + chapa y kit con abrazaderas y lubricante",lado caja,https://reygoma.com.ar/wp-content/uploads/2019/01/3486-2.gif,https://reygoma.com.ar/producto/art-3486-2/,Escort | FORD,CAJA
REY GOMA,3486/1,SOPORTE / GOMA-METAL,Escort,FORD,,Kit con abrazaderas y lubricante,,https://reygoma.com.ar/wp-content/uploads/2019/01/3486-1.gif,https://reygoma.com.ar/producto/art-3486-1/,Escort | FORD,
REY GOMA,3486,SOPORTE / GOMA-METAL,Escort,FORD,,"Fuelle semi eje (lado caja) Galaxy, Orion",lado caja,https://reygoma.com.ar/wp-content/uploads/2019/01/3486.gif,https://reygoma.com.ar/producto/art-3486/,Escort | FORD,CAJA
REY GOMA,3485/1,SOPORTE / GOMA-METAL,Escort,FORD,,Kit con abrazaderas y lubricante,,https://reygoma.com.ar/wp-content/uploads/2019/01/3485-1.gif,https://reygoma.com.ar/producto/art-3485-1/,Escort | FORD,
REY GOMA,3485,SOPORTE / GOMA-METAL,Escort,FORD,,"Fuelle semi eje (lado rueda) Galaxy, Orion",lado rueda,https://reygoma.com.ar/wp-content/uploads/2019/01/3485.gif,https://reygoma.com.ar/producto/art-3485/,Escort | FORD,
REY GOMA,3484/1,SOPORTE / GOMA-METAL,Escort,FORD,,Kit con abrazaderas y lubricante,,https://reygoma.com.ar/wp-content/uploads/2019/01/3484-1.gif,https://reygoma.com.ar/producto/art-3484-1/,Escort | FORD,
REY GOMA,3484,SOPORTE / GOMA-METAL,Escort,FORD,,"Fuelle semi eje 1.6 (ambos lados) 1.8 (lado rueda) Fiesta, Courier (lado rueda)",ambos lados | lado rueda | lado rueda,https://reygoma.com.ar/wp-content/uploads/2019/01/3484.gif,https://reygoma.com.ar/producto/art-3484/,Escort | FORD,AMBOS LADOS
REY GOMA,3481,SOPORTE / GOMA-METAL,Escort,FORD,,Fuelle de cremallera hidráulica (ambos lados) Orión,ambos lados,https://reygoma.com.ar/wp-content/uploads/2019/01/3481.gif,https://reygoma.com.ar/producto/art-3481/,Escort | FORD,AMBOS LADOS
REY GOMA,3479/2,SOPORTE / GOMA-METAL,Escort,FORD,,Fuelle semi eje (lado caja) 1.8 + chapa y kit con abrazaderas y lubricante,lado caja,https://reygoma.com.ar/wp-content/uploads/2019/01/3479-2-1.gif,https://reygoma.com.ar/producto/art-3479-2/,Escort | FORD,CAJA
REY GOMA,3479/1,SOPORTE / GOMA-METAL,Escort,FORD,,Kit con abrazaderas y lubricante,,https://reygoma.com.ar/wp-content/uploads/2019/01/3479-1.gif,https://reygoma.com.ar/producto/art-3479-1/,Escort | FORD,
REY GOMA,3479,SOPORTE / GOMA-METAL,Escort,FORD,,Fuelle semi eje (lado caja) 1.8,lado caja,https://reygoma.com.ar/wp-content/uploads/2019/01/3479.gif,https://reygoma.com.ar/producto/art-3479/,Escort | FORD,CAJA
REY GOMA,3472,CAZOLETA,Escort,FORD,,(95AB-5789-AA) Cazoleta trasera 96.,95AB-5789-AA,https://reygoma.com.ar/wp-content/uploads/2019/01/3472.gif,https://reygoma.com.ar/producto/art-3472/,Escort | FORD,
REY GOMA,3469,SOPORTE DE MOTOR,Escort,FORD,,(94AB6B032AB) Soporte de motor lado derecho diesel 97 en adelante.,94AB6B032AB,https://reygoma.com.ar/wp-content/uploads/2019/01/3469.jpg,https://reygoma.com.ar/producto/art-3469/,Escort | FORD,DERECHO
REY GOMA,3456,SOPORTE DE MOTOR,Escort,FORD,,(95AB6038CA) Soporte de motor (no hidráulico) diesel,95AB6038CA | no hidráulico,https://reygoma.com.ar/wp-content/uploads/2019/01/34561x1-1.gif,https://reygoma.com.ar/producto/art-3456/,Escort | FORD,
REY GOMA,3455,SOPORTE / GOMA-METAL,Escort,FORD,,(95AB6038EF) Soporte lateral de motor (no hidráulico) Zetec naftero,95AB6038EF | no hidráulico,https://reygoma.com.ar/wp-content/uploads/2019/01/34551x1.gif,https://reygoma.com.ar/producto/art-3455/,Escort | FORD,
REY GOMA,3454,SOPORTE DE MOTOR,Escort,FORD,,(1012895) Soporte de motor (no hidráulico) (lado caja) naftero y diesel,1012895 | no hidráulico | lado caja,https://reygoma.com.ar/wp-content/uploads/2019/01/34541x1.gif,https://reygoma.com.ar/producto/art-3454/,Escort | FORD,CAJA
REY GOMA,3453,SOPORTE DE MOTOR,Escort,FORD,,(6845225) Soporte de motor (lado derecho) naftero y diesel,6845225 | lado derecho,https://reygoma.com.ar/wp-content/uploads/2019/01/34531x1.gif,https://reygoma.com.ar/producto/art-3453/,Escort | FORD,DERECHO
REY GOMA,3451,CAZOLETA,Escort,FORD,,(95AB3K155AD) Cazoleta de amortiguador 96…,95AB3K155AD,https://reygoma.com.ar/wp-content/uploads/2019/01/34511x1.gif,https://reygoma.com.ar/producto/art-3451/,Escort | FORD,
REY GOMA,3429,SOPORTE / GOMA-METAL,Escort,FORD,,(90AU6B049AA) Soporte trasero de motor (lado izquierdo) 1.8,90AU6B049AA | lado izquierdo,https://reygoma.com.ar/wp-content/uploads/2019/01/34291x1.gif,https://reygoma.com.ar/producto/art-3429/,Escort | FORD,IZQUIERDO
REY GOMA,3428,SOPORTE / GOMA-METAL,Escort,FORD,,(90AU6068BA) Soporte trasero de motor (lado derecho) 1.8,90AU6068BA | lado derecho,https://reygoma.com.ar/wp-content/uploads/2019/01/34281x1.gif,https://reygoma.com.ar/producto/art-3428/,Escort | FORD,DERECHO
REY GOMA,3427,CAZOLETA,Escort,FORD,,(86AU3K047AA) Cazoleta superior Sierra y año 1989 en adelante,86AU3K047AA,https://reygoma.com.ar/wp-content/uploads/2019/01/34271x1.gif,https://reygoma.com.ar/producto/art-3427/,Escort | FORD,
REY GOMA,3417,SOPORTE / GOMA-METAL,Escort,FORD,,"(90AU6038AA) Soporte trasero de motor lado derecho 1.8, XR3 y Cabriolet",90AU6038AA,https://reygoma.com.ar/wp-content/uploads/2019/01/34171x1-e1554129519671.gif,https://reygoma.com.ar/producto/art-3417/,Escort | FORD,DERECHO
REY GOMA,3414,CAZOLETA,Escort,FORD,,(86AU3K132AA) Cazoleta de suspensión,86AU3K132AA,https://reygoma.com.ar/wp-content/uploads/2019/01/34141x1-1.gif,https://reygoma.com.ar/producto/art-3414/,Escort | FORD,
REY GOMA,3410,SOPORTE / GOMA-METAL,Escort,FORD,,(86AU6B032C) Soporte delantero de motor,86AU6B032C,https://reygoma.com.ar/wp-content/uploads/2019/01/34101x1.gif,https://reygoma.com.ar/producto/art-3410/,Escort | FORD,
REY GOMA,3409,SOPORTE / GOMA-METAL,Escort,FORD,,(84AU6B049C) Soporte trasero de motor lado izquierdo,84AU6B049C,https://reygoma.com.ar/wp-content/uploads/2019/01/34091x1.gif,https://reygoma.com.ar/producto/art-3409/,Escort | FORD,IZQUIERDO
REY GOMA,3408,SOPORTE / GOMA-METAL,Escort,FORD,,(86AU6038AA) Soporte trasero de motor lado derecho,86AU6038AA,https://reygoma.com.ar/wp-content/uploads/2019/01/34081x1.gif,https://reygoma.com.ar/producto/art-3408/,Escort | FORD,DERECHO
REY GOMA,35886,SOPORTE DE MOTOR,Ecosport,FORD,,(CN15-6F012-DC) Soporte de motor (hidráulico) (lado derecho) Kinetic 2.0 Duratec,CN15-6F012-DC | hidráulico | lado derecho,https://reygoma.com.ar/wp-content/uploads/2019/01/3583-1-e1554129371308.gif,https://reygoma.com.ar/producto/art-35886/,Ecosport | FORD,DERECHO
REY GOMA,35885,SOPORTE DE MOTOR,Ecosport,FORD,,(CV21-6F012-FC) Soporte de motor (hidráulico) (lado derecho) Kinetic 1.6 Sigma,CV21-6F012-FC | hidráulico | lado derecho,https://reygoma.com.ar/wp-content/uploads/2019/01/3582-1-e1554129308866.gif,https://reygoma.com.ar/producto/art-35885/,Ecosport | FORD,DERECHO
REY GOMA,35882,SOPORTE DE MOTOR,Ecosport,FORD,,(CV21-7M121-AD) Soporte de motor (lado izquierdo) Kinetic 1.6 motor Sigma (4×2),CV21-7M121-AD | lado izquierdo | 4×2,https://reygoma.com.ar/wp-content/uploads/2019/01/35882.gif,https://reygoma.com.ar/producto/art-35882/,Ecosport | FORD,IZQUIERDO
REY GOMA,35873,SOPORTE / GOMA-METAL,Ecosport,FORD,,(CV21-6P082-DA) Soporte trasero de motor 1.6 Kinetic,CV21-6P082-DA,https://reygoma.com.ar/wp-content/uploads/2019/01/35873.gif,https://reygoma.com.ar/producto/art-35873/,Ecosport | FORD,
REY GOMA,35872,SOPORTE / GOMA-METAL,Ecosport,FORD,,(CN15-6P082-CA) Soporte trasero inferior de motor 2.0 caja IB5 Duratec,CN15-6P082-CA,https://reygoma.com.ar/wp-content/uploads/2019/01/35872.gif,https://reygoma.com.ar/producto/art-35872/,Ecosport | FORD,
REY GOMA,3583,SOPORTE DE MOTOR,Ecosport,FORD,,(CN15-6F012-DC) Soporte de motor (lado derecho) Kinetic 2.0 Duratec (elastomérico),CN15-6F012-DC | lado derecho | elastomérico,https://reygoma.com.ar/wp-content/uploads/2019/01/3583-e1554129219381.gif,https://reygoma.com.ar/producto/art-3583/,Ecosport | FORD,DERECHO
REY GOMA,3582,SOPORTE DE MOTOR,Ecosport,FORD,,(CV21-6F012-FC) Soporte de motor (lado derecho) Kinetic 1.6 Sigma (elastomérico),CV21-6F012-FC | lado derecho | elastomérico,https://reygoma.com.ar/wp-content/uploads/2019/01/3582-e1554128866356.gif,https://reygoma.com.ar/producto/art-3582/,Ecosport | FORD,DERECHO
REY GOMA,3581,SOPORTE DE MOTOR,Ecosport,FORD,,(CV21-7M121-AC) Soporte de motor (lado izquierdo) Kinetic 1.6 motor Sigma (4×2),CV21-7M121-AC | lado izquierdo | 4×2,https://reygoma.com.ar/wp-content/uploads/2019/01/3581.gif,https://reygoma.com.ar/producto/art-3581/,Ecosport | FORD,IZQUIERDO
REY GOMA,3580,SOPORTE DE MOTOR,Ecosport,FORD,,(CN15-7M121-CB) Soporte de motor (lado izquierdo) Kinetic 2.0 (4×2) caja IB5,CN15-7M121-CB | lado izquierdo | 4×2,https://reygoma.com.ar/wp-content/uploads/2019/01/3580.gif,https://reygoma.com.ar/producto/art-3580/,Ecosport | FORD,IZQUIERDO
REY GOMA,3572,SOPORTE / GOMA-METAL,Ecosport,FORD,,(2N156P082FA) Soporte trasero de motor 2.0 (4×4).,2N156P082FA | 4×4,https://reygoma.com.ar/wp-content/uploads/2019/01/3572.gif,https://reygoma.com.ar/producto/art-3572/,Ecosport | FORD,
REY GOMA,3566,SOPORTE / GOMA-METAL,Ecosport,FORD,,(2N156P082CA) Soporte trasero de motor 2.0 L nafta.,2N156P082CA,https://reygoma.com.ar/wp-content/uploads/2019/01/3566.gif,https://reygoma.com.ar/producto/art-3566/,Ecosport | FORD,
REY GOMA,3558,SOPORTE / GOMA-METAL,Ecosport,FORD,,"(2N15/6F012/JB) (2N15/6F012/NA) (2S41/6F012/AA) Soporte delantero de motor hidráulico (lado derecho) Focus con motor Zetec diesel ó Rocam 1,6 naftero",2N15/6F012/JB | 2N15/6F012/NA | 2S41/6F012/AA | lado derecho,https://reygoma.com.ar/wp-content/uploads/2019/01/3536-1.gif,https://reygoma.com.ar/producto/art-3558/,Ecosport | FORD,DERECHO
REY GOMA,3538,CAZOLETA,Ecosport,FORD,,"(2S65/3K155/CB) Cazoleta de amortiguador Fiesta, naftero o diesel año 2003 en adelante.",2S65/3K155/CB,https://reygoma.com.ar/wp-content/uploads/2019/01/3538.gif,https://reygoma.com.ar/producto/art-3538/,Ecosport | FORD,
REY GOMA,3536,SOPORTE / GOMA-METAL,Ecosport,FORD,,(2N15/6F012/JB) (2N15/6F012/NA) (2S41/6F012/AA) Soporte delantero de motor (lado derecho) (no hidráulico)Focus con motor Zetec diesel o Rocam 1.6 naftero.,2N15/6F012/JB | 2N15/6F012/NA | 2S41/6F012/AA | lado derecho | no hidráulico,https://reygoma.com.ar/wp-content/uploads/2019/01/3536.gif,https://reygoma.com.ar/producto/art-3536/,Ecosport | FORD,DERECHO
REY GOMA,3535,SOPORTE DE CAJA,Ecosport,FORD,,(2S65/7M121/AA) Soporte caja de velocidades 4×2 motor 1.4 diesel,2S65/7M121/AA,https://reygoma.com.ar/wp-content/uploads/2019/01/3535.gif,https://reygoma.com.ar/producto/art-3535/,Ecosport | FORD,CAJA
REY GOMA,3534,SOPORTE DE CAJA,Ecosport,FORD,,(2N15/7M121/AA) Soporte caja de velocidades 4×4 motor 2.0,2N15/7M121/AA,https://reygoma.com.ar/wp-content/uploads/2019/01/3534.gif,https://reygoma.com.ar/producto/art-3534/,Ecosport | FORD,CAJA
REY GOMA,3533,SOPORTE / GOMA-METAL,Ecosport,FORD,,(2N15/6F012/LA) Soporte delantero de motor (lado derecho) 4×4,2N15/6F012/LA | lado derecho,https://reygoma.com.ar/wp-content/uploads/2019/01/3533-e1554129142378.gif,https://reygoma.com.ar/producto/art-3533/,Ecosport | FORD,DERECHO
REY GOMA,3532,SOPORTE DE MOTOR,Ecosport,FORD,,(2S656F012-LB) Soporte de motor (lado derecho) Fiesta / nafta/diesel año 2003/…,2S656F012-LB | lado derecho,https://reygoma.com.ar/wp-content/uploads/2019/01/3532-e1554129053903.gif,https://reygoma.com.ar/producto/art-3532/,Ecosport | FORD,DERECHO
REY GOMA,3531,SOPORTE DE MOTOR,Ecosport,FORD,,(2S656F012-LB) (2N156F012/NA) Soporte de motor (lado derecho) Fiesta / 1.6 nafta con motor Rocam,2S656F012-LB | 2N156F012/NA | lado derecho,https://reygoma.com.ar/wp-content/uploads/2019/01/3531-e1554128956134.gif,https://reygoma.com.ar/producto/art-3531/,Ecosport | FORD,DERECHO
REY GOMA,3529,SOPORTE / GOMA-METAL,Ecosport,FORD,,(2S616P082AB) Soporte trasero de motor Fiesta / con motor Rocam,2S616P082AB,https://reygoma.com.ar/wp-content/uploads/2019/01/3529-e1554129442174.gif,https://reygoma.com.ar/producto/art-3529/,Ecosport | FORD,
REY GOMA,3553,SOPORTE / GOMA-METAL,Camion,FORD,,(TJG899397) Soporte trasero de cabina Cargo año 1996 en adelante.,TJG899397,https://reygoma.com.ar/wp-content/uploads/2019/01/3553.gif,https://reygoma.com.ar/producto/art-3553/,Camion | FORD,
REY GOMA,3520,SOPORTE / GOMA-METAL,Camion,FORD,,(2-SK/199381/1) Soporte trasero de motor Cargo 915 con motor MWM año 2000 en adelante F 4000 con motor Cummins. Ø 76 mm. Ø int. 38 mm. h 66 mm.,2-SK/199381/1,https://reygoma.com.ar/wp-content/uploads/2019/01/3502-1.gif,https://reygoma.com.ar/producto/art-3520/,Camion | FORD,
REY GOMA,3519,SOPORTE / GOMA-METAL,Camion,FORD,,(YC35/6068/CA) Soporte trasero de motor F 14000 año 1999 en adelante.,YC35/6068/CA,https://reygoma.com.ar/wp-content/uploads/2019/01/3519.gif,https://reygoma.com.ar/producto/art-3519/,Camion | FORD,
REY GOMA,3506,SOPORTE / GOMA-METAL,Camion,FORD,,(2SB/199201) Soporte delantero motor F-100 Cummins turbo 96/98 y Cargo 915 MWM diesel.,2SB/199201,https://reygoma.com.ar/wp-content/uploads/2019/01/3506.gif,https://reygoma.com.ar/producto/art-3506/,Camion | FORD,
REY GOMA,3502,SOPORTE / GOMA-METAL,Camion,"FORD, Pick-up",,"(199381) Soporte trasero de motor Cargo 915 Cummins diesel, F 100 con motor MWM. Ø 76 mm. Ø int. 32 mm. h 66 mm.",199381,https://reygoma.com.ar/wp-content/uploads/2019/01/3502.gif,https://reygoma.com.ar/producto/art-3502/,Camion | FORD | Pick-up,
REY GOMA,3440,SOPORTE / GOMA-METAL,Camion,FORD,,(CITB-8A320-AX) Juego completo de soporte de cabina (Bajo radiador) modelos F 100 y F 7000 años 1968/80,CITB-8A320-AX | Bajo radiador,https://reygoma.com.ar/wp-content/uploads/2019/01/34401x1.gif,https://reygoma.com.ar/producto/art-3440/,Camion | FORD,
REY GOMA,3439,SOPORTE / GOMA-METAL,Camion,FORD,,(EOHT06000155-AB) Soporte inferior de cabina modelos F 7000 y F 14000,EOHT06000155-AB,https://reygoma.com.ar/wp-content/uploads/2019/01/34391x1-1.gif,https://reygoma.com.ar/producto/art-3439/,Camion | FORD,
REY GOMA,3438,SOPORTE / GOMA-METAL,Camion,FORD,,(EOHZ-6000154-A) Soporte superior de cabina modelos F 7000 y F 14000,EOHZ-6000154-A,https://reygoma.com.ar/wp-content/uploads/2019/01/34381x1.gif,https://reygoma.com.ar/producto/art-3438/,Camion | FORD,
REY GOMA,3432,SOPORTE / GOMA-METAL,Camion,FORD,,"(FT71199381) (79TU6068B) Soporte trasero de motor (lado caja) modelos F 100, F 350, F 4000 y F 14000 con motor MWM",FT71199381 | 79TU6068B | lado caja,https://reygoma.com.ar/wp-content/uploads/2019/01/34321x1.gif,https://reygoma.com.ar/producto/art-3432/,Camion | FORD,CAJA
REY GOMA,3431,SOPORTE / GOMA-METAL,Camion,FORD,,(TEG199381B) (E5HT6068FA) Soporte trasero de motor (lado caja) modelo F 14000 con motor MWM. Ø 76 mm. Ø int. 38 mm. h 76 mm.,TEG199381B | E5HT6068FA | lado caja,https://reygoma.com.ar/wp-content/uploads/2019/01/34311x1-e1570020599829.gif,https://reygoma.com.ar/producto/art-3431/,Camion | FORD,CAJA
REY GOMA,3430,SOPORTE / GOMA-METAL,Camion,FORD,,(TJG199201B) Soporte delantero (central) de motor modelo F 14000 con motor MWM,TJG199201B | central,https://reygoma.com.ar/wp-content/uploads/2019/01/34301x1.gif,https://reygoma.com.ar/producto/art-3430/,Camion | FORD,CENTRO
REY GOMA,3416,SOPORTE / GOMA-METAL,Camion,FORD,,(T72199201) Soporte delantero de motor F 14000 con motor MWM. h 62 mm.,T72199201,https://reygoma.com.ar/wp-content/uploads/2019/01/34161x1.gif,https://reygoma.com.ar/producto/art-3416/,Camion | FORD,
REY GOMA,3382,SOPORTE DE CAJA,Camion,FORD,,"(BADIOS6068A) Soporte caja de velocidades modelos F 250, F 350 y F 7000 con motor Perkins 6-305",BADIOS6068A,https://reygoma.com.ar/wp-content/uploads/2019/01/33821x1.gif,https://reygoma.com.ar/producto/art-3382/,Camion | FORD,CAJA
REY GOMA,3375,BUJE,Camion,FORD,,(C7TZ3B203A) Buje de tensor modelo F 350 Twin-i-Beam,C7TZ3B203A,https://reygoma.com.ar/wp-content/uploads/2019/01/33751x1.gif,https://reygoma.com.ar/producto/art-3375/,Camion | FORD,
REY GOMA,3341,SOPORTE / GOMA-METAL,Camion,FORD,,(BADODZ6038A) Soporte delantero de motor pick-up y camiones con motor Perkins,BADODZ6038A,https://reygoma.com.ar/wp-content/uploads/2019/01/33411x1.gif,https://reygoma.com.ar/producto/art-3341/,Camion | FORD,
REY GOMA,3332,PEDAL,Camion,FORD,,(BAC6DZ2454A) Cubre pedal de freno y de embrague Falcon y F 350,BAC6DZ2454A,https://reygoma.com.ar/wp-content/uploads/2019/01/33321x1.gif,https://reygoma.com.ar/producto/art-3332/,Camion | FORD,
REY GOMA,3325,SOPORTE DE CAJA,Camion,FORD,,(CITT6A061D) (Deutz 03072047) Soporte de caja de velocidades modelo F 600 con motor Perkins 6-305 o Deutz,CITT6A061D | Deutz 03072047,https://reygoma.com.ar/wp-content/uploads/2019/01/33251x1.gif,https://reygoma.com.ar/producto/art-3325/,Camion | FORD,CAJA
REY GOMA,3323,SOPORTE / GOMA-METAL,Camion,FORD,,"(BAC4DS6039A) Soporte delantero de motor Perkins 6-305 modelos F 250, F 350, F 600, F 700 y F 7000",BAC4DS6039A,https://reygoma.com.ar/wp-content/uploads/2019/01/33231x1.gif,https://reygoma.com.ar/producto/art-3323/,Camion | FORD,
REY GOMA,3322,TOPE AMORTIGUADOR,Camion,FORD,,(C5DT4730A) Tope de elástico delantero modelo F 600,C5DT4730A,https://reygoma.com.ar/wp-content/uploads/2019/01/33221x1-e1553700464865.gif,https://reygoma.com.ar/producto/art-3322/,Camion | FORD,
REY GOMA,3320,SOPORTE / GOMA-METAL,Camion,FORD,,(8A2092) Tapa registro de freno todos,8A2092,https://reygoma.com.ar/wp-content/uploads/2019/01/33201x1.gif,https://reygoma.com.ar/producto/art-3320/,Camion | FORD,
REY GOMA,3319/1,SOPORTE DE CAJA,Camion,FORD,,(CITT6068C) (Perkins 6305/6354) (Deutz 03072046) + (CITT6A061D) (Deutz 03072047) Juego completo soporte de caja de velocidades con motor Perkins o Deutz modelos F 350 y F 600 años 1964/68 modelos…,CITT6068C | Perkins 6305/6354 | Deutz 03072046 | CITT6A061D | Deutz 03072047,https://reygoma.com.ar/wp-content/uploads/2019/01/3319-11x1.gif,https://reygoma.com.ar/producto/art-3319-1/,Camion | FORD,CAJA
REY GOMA,3319,SOPORTE DE CAJA,Camion,FORD,,"(CITT6068C) (Perkins 6305/6354) (Deutz 03072046) Soporte de caja de velocidades con motor Perkins o Deutz modelos F 350 y F 600 años 1964/68 modelos F 250, F 350, F 600,…",CITT6068C | Perkins 6305/6354 | Deutz 03072046,https://reygoma.com.ar/wp-content/uploads/2019/01/33191x1.gif,https://reygoma.com.ar/producto/art-3319/,Camion | FORD,CAJA
REY GOMA,3318/1,MANCHON,Camion,FORD,,"Manchón de dirección modelos F 100, F 250, F 350, F 500 y F 600",,https://reygoma.com.ar/wp-content/uploads/2019/01/3318-11x1.gif,https://reygoma.com.ar/producto/art-3318-1/,Camion | FORD,
REY GOMA,3312/2,SOPORTE / GOMA-METAL,Camion,FORD,,(REFORMA) Soporte central grande de cardán sin pestaña para rulemán N° 88508,REFORMA,https://reygoma.com.ar/wp-content/uploads/2019/01/3312-21x1.gif,https://reygoma.com.ar/producto/art-3312-2/,Camion | FORD,CENTRO
REY GOMA,3312,SOPORTE / GOMA-METAL,Camion,FORD,,(REFORMA) Soporte central chico de cardán sin pestaña para rulemán N° 88507,REFORMA,https://reygoma.com.ar/wp-content/uploads/2019/01/33121x1.gif,https://reygoma.com.ar/producto/art-3312/,Camion | FORD,CENTRO
REY GOMA,3304,ACCESORIO,Camion,FORD,,"(C1TB16758B) Antichirrido entre capot y guardabarro modelos F100, F 350 y F 600",C1TB16758B,https://reygoma.com.ar/wp-content/uploads/2019/01/33041x1.gif,https://reygoma.com.ar/producto/art-3304-2/,Camion | FORD,
REY GOMA,3297,TOPE AMORTIGUADOR,Camion,FORD,,"(CITT4730B) Tope de elástico trasero modelos F 100, F 350 y Falcon Taxi",CITT4730B,https://reygoma.com.ar/wp-content/uploads/2019/01/32971x1.gif,https://reygoma.com.ar/producto/art-3297/,Camion | FORD,
REY GOMA,3295,TOPE AMORTIGUADOR,Camion,FORD,,"(B7C5783A) Tope de elástico trasero modelos F 100, F 350 y F 600",B7C5783A,https://reygoma.com.ar/wp-content/uploads/2019/01/32951x1.gif,https://reygoma.com.ar/producto/art-3295/,Camion | FORD,
REY GOMA,3282,TOPE AMORTIGUADOR,Camion,FORD,,(B7C3020A) Tope de eje delantero modelos F 100 y F 600,B7C3020A,https://reygoma.com.ar/wp-content/uploads/2019/01/32821x1.gif,https://reygoma.com.ar/producto/art-3282/,Camion | FORD,
REY GOMA,3267/1,SOPORTE / GOMA-METAL,Camion,FORD,,(REFORMA) Soporte metálico para gancho de goma chico para capot pick-up y camiones,REFORMA,https://reygoma.com.ar/wp-content/uploads/2019/01/3267-11x1.gif,https://reygoma.com.ar/producto/art-3267-1/,Camion | FORD,
REY GOMA,3267,SOPORTE / GOMA-METAL,Camion,FORD,,(REFORMA) Gancho de goma chico para capot pick-up y camiones,REFORMA,https://reygoma.com.ar/wp-content/uploads/2019/01/32671x1.gif,https://reygoma.com.ar/producto/art-3267/,Camion | FORD,
REY GOMA,3257,SOPORTE / GOMA-METAL,Camion,FORD,,"(CITT6A061C) Soporte complemento inferior delantero y trasero de motor modelos F 100, F 350, F 500 y F 600",CITT6A061C,https://reygoma.com.ar/wp-content/uploads/2019/01/32571x1.gif,https://reygoma.com.ar/producto/art-3257/,Camion | FORD,
REY GOMA,3256,SOPORTE / GOMA-METAL,Camion,FORD,,"(CITT6068B) (C3TZ6068D) Soporte superior delantero y trasero de motor modelos F 100, F 350, F 500 y F 600",CITT6068B | C3TZ6068D,https://reygoma.com.ar/wp-content/uploads/2019/01/32561x1.gif,https://reygoma.com.ar/producto/art-3256/,Camion | FORD,
REY GOMA,3253,PEDAL,Camion,FORD,,(TAAK2457A) Cubre pedal de freno y de embrague pick-up y camiones,TAAK2457A,https://reygoma.com.ar/wp-content/uploads/2019/01/32531x1.gif,https://reygoma.com.ar/producto/art-3253/,Camion | FORD,
REY GOMA,3216/2,SOPORTE / GOMA-METAL,Camion,FORD,,(B5T44826A) Soporte central chico de cardán modelos F 500 y F 600 para rulemán N° 88507,B5T44826A,https://reygoma.com.ar/wp-content/uploads/2019/01/3216-21x1.gif,https://reygoma.com.ar/producto/art-3216-2/,Camion | FORD,CENTRO
REY GOMA,3216,SOPORTE / GOMA-METAL,Camion,FORD,,(B5QH4826) Soporte central grande de cardán modelos F 750 y F 900 para rulemán N° 88508,B5QH4826,https://reygoma.com.ar/wp-content/uploads/2019/01/32161x1.gif,https://reygoma.com.ar/producto/art-3216/,Camion | FORD,CENTRO
REY GOMA,7317,SOPORTE DE MOTOR,Civic,HONDA,,(50820-SNA-P01) Soporte de motor (lado derecho) 1.8 2006 al 2012,50820-SNA-P01 | lado derecho,https://reygoma.com.ar/wp-content/uploads/2026/02/7317-reducida2.jpg,https://reygoma.com.ar/producto/art-7317/,Civic | HONDA,DERECHO
REY GOMA,7316,SOPORTE DE MOTOR,Fit,HONDA,,"(50822-TG0-T02) Soporte de motor (hidráulico) caja manual y automática, años 2009 al 2012",50822-TG0-T02 | hidráulico,https://reygoma.com.ar/wp-content/uploads/2021/04/7316-e1617738769582.jpg,https://reygoma.com.ar/producto/art-7316/,Fit | HONDA,
REY GOMA,7302/1,SOPORTE / GOMA-METAL,Civic,HONDA,,Kit con abrazaderas y lubricante.,,https://reygoma.com.ar/wp-content/uploads/2019/03/7302.gif,https://reygoma.com.ar/producto/art-7302-1/,Civic | HONDA,
REY GOMA,7314,SOPORTE DE MOTOR,Fit,HONDA,,(50821.SAA.013) Soporte de motor (hidráulico) (lado derecho) 1.4 / 1.5 (caja automática) años 2003 al 2008,50821.SAA.013 | hidráulico | lado derecho | caja automática,https://reygoma.com.ar/wp-content/uploads/2018/12/7314.gif,https://reygoma.com.ar/producto/art-7314/,Fit | HONDA,DERECHO
REY GOMA,7311,SOPORTE DE MOTOR,Fit,HONDA,,(50805-SAA-013) Buje reparación de soporte de motor (lado izquierdo) años 2003 a 2009 (caja manual),50805-SAA-013 | lado izquierdo | caja manual,https://reygoma.com.ar/wp-content/uploads/2018/12/7311.gif,https://reygoma.com.ar/producto/art-7311/,Fit | HONDA,IZQUIERDO
REY GOMA,7308,SOPORTE DE MOTOR,Fit,HONDA,,(50805-SAA-J82) Buje reparación de soporte de motor (lado izquierdo) años 2003 a 2009 (caja automática),50805-SAA-J82 | lado izquierdo | caja automática,https://reygoma.com.ar/wp-content/uploads/2018/12/7308.gif,https://reygoma.com.ar/producto/art-7308/,Fit | HONDA,IZQUIERDO
REY GOMA,7303,SOPORTE DE MOTOR,Fit,HONDA,,(50826.SEL.E01) Soporte de motor (hidráulico) (lado derecho) año 2003 en adelante.,50826.SEL.E01 | hidráulico | lado derecho,https://reygoma.com.ar/wp-content/uploads/2018/12/7303.gif,https://reygoma.com.ar/producto/art-7303/,Fit | HONDA,DERECHO
REY GOMA,7302/1,SOPORTE / GOMA-METAL,Fit,HONDA,,Kit con abrazaderas y lubricante.,,https://reygoma.com.ar/wp-content/uploads/2018/12/7302-3.gif,https://reygoma.com.ar/producto/art-7302-1-2/,Fit | HONDA,
REY GOMA,7302,SOPORTE / GOMA-METAL,Fit,HONDA,,Fuelle semi eje (lado caja) año 2009 en adelante y New Civic.,lado caja,https://reygoma.com.ar/wp-content/uploads/2018/12/7302-2.gif,https://reygoma.com.ar/producto/art-7302-2/,Fit | HONDA,CAJA
REY GOMA,7315/1,SOPORTE / GOMA-METAL,Crv,HONDA,,Kit con abrazaderas y lubricante,,https://reygoma.com.ar/wp-content/uploads/2018/12/7315-3.gif,https://reygoma.com.ar/producto/art-7315-1-2/,Crv | HONDA,
REY GOMA,7315,SOPORTE / GOMA-METAL,Crv,HONDA,,"Fuelle semi eje (lado rueda) Accord, palier grueso (homocinética)",lado rueda | homocinética,https://reygoma.com.ar/wp-content/uploads/2018/12/7315-2.gif,https://reygoma.com.ar/producto/art-7315-2/,Crv | HONDA,
REY GOMA,7306,SOPORTE / GOMA-METAL,Crv,HONDA,,(50842-SR0-003) (50842-ST0-N81) Soporte delantero de motor (lado izquierdo) Civic años 1992 a 2000 y años 1997 a 2001 (caja automática),50842-SR0-003 | 50842-ST0-N81 | lado izquierdo | caja automática,https://reygoma.com.ar/wp-content/uploads/2018/12/7306-1.gif,https://reygoma.com.ar/producto/art-7306-2/,Crv | HONDA,IZQUIERDO
REY GOMA,7305,SOPORTE / GOMA-METAL,Crv,HONDA,,(50841-SR0-003) (50841-SR3-984) Soporte delantero de motor (lado derecho) Civic años 1992 a 2000 y años 1997 a 2001 (caja automática),50841-SR0-003 | 50841-SR3-984 | lado derecho | caja automática,https://reygoma.com.ar/wp-content/uploads/2018/12/7305-1.gif,https://reygoma.com.ar/producto/art-7305-2/,Crv | HONDA,DERECHO
REY GOMA,7304,SOPORTE / GOMA-METAL,Crv,HONDA,,(50810-SR3-030) (50810-ST7-000) Soporte trasero de motor Civic años 1992 a 2000 y años 1997 a 2001,50810-SR3-030 | 50810-ST7-000,https://reygoma.com.ar/wp-content/uploads/2018/12/7304-1.gif,https://reygoma.com.ar/producto/art-7304-2/,Crv | HONDA,
REY GOMA,7313,SOPORTE DE MOTOR,Civic,HONDA,,(50821-S5A-A05/A07) Soporte de motor (hidráulico) (lado izquierdo) año 2001 al 2006,50821-S5A-A05/A07 | hidráulico | lado izquierdo,https://reygoma.com.ar/wp-content/uploads/2018/12/7313.gif,https://reygoma.com.ar/producto/art-7313/,Civic | HONDA,IZQUIERDO
REY GOMA,7310,SOPORTE DE MOTOR,Civic,HONDA,,(50820-SR3-003) Buje reparación de soporte de motor (lado izquierdo) años 1994 a 1995 EX 2/4 puertas y 1994 SI 3 puertas,50820-SR3-003 | lado izquierdo,https://reygoma.com.ar/wp-content/uploads/2018/12/7310.gif,https://reygoma.com.ar/producto/art-7310/,Civic | HONDA,IZQUIERDO
REY GOMA,7309,SOPORTE DE MOTOR,Civic,HONDA,,(50820-SR3-J11) (50820-SR3-J03) (50821-SR3-020) Buje reparación de soporte de motor (lado izquierdo) años 1992 a 1995,50820-SR3-J11 | 50820-SR3-J03 | 50821-SR3-020 | lado izquierdo,https://reygoma.com.ar/wp-content/uploads/2018/12/7309.gif,https://reygoma.com.ar/producto/art-7309/,Civic | HONDA,IZQUIERDO
REY GOMA,7306,SOPORTE / GOMA-METAL,Civic,HONDA,,(50842-SR0-003) (50842-ST0-N81) Soporte delantero de motor (lado izquierdo) años 1992 a 2000 y CRV años 1997 a 2001 (caja automática),50842-SR0-003 | 50842-ST0-N81 | lado izquierdo | caja automática,https://reygoma.com.ar/wp-content/uploads/2018/12/7306.gif,https://reygoma.com.ar/producto/art-7306/,Civic | HONDA,IZQUIERDO
REY GOMA,7305,SOPORTE / GOMA-METAL,Civic,HONDA,,(50841-SR0-003) (50841-SR3-984) Soporte delantero de motor (lado derecho) años 1992 a 2000 y CRV años 1997 a 2001 (caja automática),50841-SR0-003 | 50841-SR3-984 | lado derecho | caja automática,https://reygoma.com.ar/wp-content/uploads/2018/12/7305.gif,https://reygoma.com.ar/producto/art-7305/,Civic | HONDA,DERECHO
REY GOMA,7304,SOPORTE / GOMA-METAL,Civic,HONDA,,(50810-SR3-030) (50810-ST7-000) Soporte trasero de motor años 1992 a 2000 y CRV años 1997 a 2001,50810-SR3-030 | 50810-ST7-000,https://reygoma.com.ar/wp-content/uploads/2018/12/7304.gif,https://reygoma.com.ar/producto/art-7304/,Civic | HONDA,
REY GOMA,7302,SOPORTE / GOMA-METAL,Civic,HONDA,,Fuelle semi eje (lado caja) Fit año 2009 en adelante y New .,lado caja,https://reygoma.com.ar/wp-content/uploads/2018/12/7302.gif,https://reygoma.com.ar/producto/art-7302/,Civic | HONDA,CAJA
REY GOMA,7301,BUJE,Civic,HONDA,,(33417202303205) Buje de pantógrafo trasero modelo .,33417202303205,https://reygoma.com.ar/wp-content/uploads/2018/12/7301.gif,https://reygoma.com.ar/producto/art-7301/,Civic | HONDA,
REY GOMA,7315/1,SOPORTE / GOMA-METAL,Accord,HONDA,,Kit con abrazaderas y lubricante,,https://reygoma.com.ar/wp-content/uploads/2018/12/7315-1.gif,https://reygoma.com.ar/producto/art-7315-1/,Accord | HONDA,
REY GOMA,7315,SOPORTE / GOMA-METAL,Accord,HONDA,,"Fuelle semi eje (lado rueda) CRV, palier grueso (homocinética)",lado rueda | homocinética,https://reygoma.com.ar/wp-content/uploads/2018/12/7315.gif,https://reygoma.com.ar/producto/art-7315/,Accord | HONDA,
REY GOMA,7312,BUJE,Accord,HONDA,,(50830-SM4-020/A81) Buje chico reparación de soporte delantero de motor,50830-SM4-020/A81,https://reygoma.com.ar/wp-content/uploads/2018/12/7312.gif,https://reygoma.com.ar/producto/art-7312/,Accord | HONDA,
REY GOMA,7307,BUJE,Accord,HONDA,,(50830-SM4-020) (50830-SM4-A81) Buje grande reparación de soporte delantero de motor años 1990 a 1993,50830-SM4-020 | 50830-SM4-A81,https://reygoma.com.ar/wp-content/uploads/2018/12/7307.gif,https://reygoma.com.ar/producto/art-7307/,Accord | HONDA,
REY GOMA,7300/1,SOPORTE / GOMA-METAL,Accord,HONDA,,Kit con abrazaderas y lubricante,,https://reygoma.com.ar/wp-content/uploads/2018/12/7300-1.gif,https://reygoma.com.ar/producto/art-7300-1/,Accord | HONDA,
REY GOMA,7300,SOPORTE / GOMA-METAL,Accord,HONDA,,Fuelle semi eje (ambos lados) año 80 al 82,ambos lados,https://reygoma.com.ar/wp-content/uploads/2018/12/7300.gif,https://reygoma.com.ar/producto/art-7300/,Accord | HONDA,AMBOS LADOS
REY GOMA,9051/1,SOPORTE / GOMA-METAL,HYUNDAI,,,Kit con abrazaderas y lubricante,,https://reygoma.com.ar/wp-content/uploads/2019/08/7671achicadisimo.jpg,https://reygoma.com.ar/producto/art-9051-1/,HYUNDAI,
REY GOMA,9051,SOPORTE / GOMA-METAL,HYUNDAI,,,Fuelle semi eje (lado caja) Santa Fe,lado caja,https://reygoma.com.ar/wp-content/uploads/2019/08/7671achicadisimo.jpg,https://reygoma.com.ar/producto/art-9051/,HYUNDAI,CAJA
REY GOMA,9050/1,SOPORTE / GOMA-METAL,HYUNDAI,,,Kit con abrazaderas y lubricante.,,https://reygoma.com.ar/wp-content/uploads/2018/11/9050-1.gif,https://reygoma.com.ar/producto/art-9050-1/,HYUNDAI,
REY GOMA,9050,SOPORTE / GOMA-METAL,HYUNDAI,,,Fuelle semi eje (lado caja) linea japonesa,lado caja,https://reygoma.com.ar/wp-content/uploads/2018/11/9050.gif,https://reygoma.com.ar/producto/art-9050/,HYUNDAI,CAJA
REY GOMA,7244,BUJE,IKA,Torino,,(2057835) Buje de barra estabilizadora delantera Rambler y,2057835,https://reygoma.com.ar/wp-content/uploads/2018/12/72441x1-1.gif,https://reygoma.com.ar/producto/art-7244-2/,IKA | Torino,
REY GOMA,7240/1,MANCHON,IKA,Torino,,"(20177911) Manchón de dirección Gladiator, Rambler y",20177911,https://reygoma.com.ar/wp-content/uploads/2018/12/7240-11x1-2.gif,https://reygoma.com.ar/producto/art-7240-1-3/,IKA | Torino,
REY GOMA,7235,SOPORTE / GOMA-METAL,IKA,Torino,,(2057918) Soporte delantero de motor,2057918,https://reygoma.com.ar/wp-content/uploads/2018/12/72351x1.gif,https://reygoma.com.ar/producto/art-7235/,IKA | Torino,
REY GOMA,7234,SOPORTE DE CAJA,IKA,Torino,,(2056783) (2059400) Soporte caja de velocidades 380,2056783 | 2059400,https://reygoma.com.ar/wp-content/uploads/2018/12/72341x1.gif,https://reygoma.com.ar/producto/art-7234/,IKA | Torino,CAJA
REY GOMA,7244,BUJE,IKA,Rambler,,(2057835) Buje de barra estabilizadora delantera y Torino,2057835,https://reygoma.com.ar/wp-content/uploads/2018/12/72441x1.gif,https://reygoma.com.ar/producto/art-7244/,IKA | Rambler,
REY GOMA,7240/1,MANCHON,IKA,Rambler,,"(20177911) Manchón de dirección Gladiator, y Torino",20177911,https://reygoma.com.ar/wp-content/uploads/2018/12/7240-11x1-1.gif,https://reygoma.com.ar/producto/art-7240-1-2/,IKA | Rambler,
REY GOMA,7226,BUJE,IKA,Rambler,,(3156228) Buje superior de amortiguador trasero,3156228,https://reygoma.com.ar/wp-content/uploads/2018/12/72261x1.gif,https://reygoma.com.ar/producto/art-7226/,IKA | Rambler,
REY GOMA,7217,SOPORTE / GOMA-METAL,IKA,Rambler,,(3163191) Unión flexible de cardán,3163191,https://reygoma.com.ar/wp-content/uploads/2018/12/72171x1.gif,https://reygoma.com.ar/producto/art-7217/,IKA | Rambler,
REY GOMA,7202,BUJE,IKA,Rambler,,(2020505) (3163485) Reforma buje de amortiguador .,2020505 | 3163485,https://reygoma.com.ar/wp-content/uploads/2018/12/7202.jpg,https://reygoma.com.ar/producto/art-7202/,IKA | Rambler,
REY GOMA,7157,SOPORTE / GOMA-METAL,IKA,Rambler,,(2004031) Tapa de registro de freno todos,2004031,https://reygoma.com.ar/wp-content/uploads/2018/12/71571x1-4.gif,https://reygoma.com.ar/producto/art-7157-5/,IKA | Rambler,
REY GOMA,7139,SOPORTE / GOMA-METAL,IKA,Rambler,,(3166936) (2056443) Soporte lateral trasero Gladiator y,3166936 | 2056443,https://reygoma.com.ar/wp-content/uploads/2018/12/71391x1-1.gif,https://reygoma.com.ar/producto/art-7139-2/,IKA | Rambler,
REY GOMA,7138,SOPORTE / GOMA-METAL,IKA,Rambler,,(3166782) Soporte delantero de motor Gladiator y,3166782,https://reygoma.com.ar/wp-content/uploads/2018/12/7138-1.gif,https://reygoma.com.ar/producto/art-7138-2/,IKA | Rambler,
REY GOMA,7158/2,SOPORTE / GOMA-METAL,IKA,Jeep,,Repuesto chico de goma para soporte 7158,,https://reygoma.com.ar/wp-content/uploads/2018/12/7158-21x1.gif,https://reygoma.com.ar/producto/art-7158-2/,IKA | Jeep,
REY GOMA,7158/1,SOPORTE / GOMA-METAL,IKA,Jeep,,Repuesto grande de goma para soporte 7158,,https://reygoma.com.ar/wp-content/uploads/2018/12/7158-11x1.gif,https://reygoma.com.ar/producto/art-7158-1/,IKA | Jeep,
REY GOMA,7158,SOPORTE / GOMA-METAL,IKA,Jeep,,Soporte delantero de motor,,https://reygoma.com.ar/wp-content/uploads/2018/12/71581x1.gif,https://reygoma.com.ar/producto/art-7158/,IKA | Jeep,
REY GOMA,7157,SOPORTE / GOMA-METAL,IKA,Jeep,,(2004031) Tapa registro de freno todos,2004031,https://reygoma.com.ar/wp-content/uploads/2018/12/71571x1-3.gif,https://reygoma.com.ar/producto/art-7157-4/,IKA | Jeep,
REY GOMA,7141,SOPORTE / GOMA-METAL,IKA,Jeep,,(6739531) Asiento de carrocería super medida,6739531,https://reygoma.com.ar/wp-content/uploads/2018/12/71411x1.gif,https://reygoma.com.ar/producto/art-7141/,IKA | Jeep,
REY GOMA,7137/1,SOPORTE / GOMA-METAL,IKA,Jeep,,"(REFORMA) Soporte metálico para gancho de goma chico para capot Baqueano, Estanciera, Gladiator y",REFORMA,https://reygoma.com.ar/wp-content/uploads/2018/12/7137-11x1-3.gif,https://reygoma.com.ar/producto/art-7137-1-4/,IKA | Jeep,
REY GOMA,7137,SOPORTE / GOMA-METAL,IKA,Jeep,,"(REFORMA) Gancho de goma chico para capot Baqueano, Estanciera, Gladiator y",REFORMA,https://reygoma.com.ar/wp-content/uploads/2018/12/71371x1-2.gif,https://reygoma.com.ar/producto/art-7137-4/,IKA | Jeep,
REY GOMA,7133,SOPORTE / GOMA-METAL,IKA,Jeep,,(907107) Guardapolvo palanca de cambios Estanciera y,907107,https://reygoma.com.ar/wp-content/uploads/2018/12/71331x1-1.gif,https://reygoma.com.ar/producto/art-7133-2/,IKA | Jeep,
REY GOMA,7114,BUJE,IKA,Jeep,,(2000883) Buje de amortiguador,2000883,https://reygoma.com.ar/wp-content/uploads/2018/12/7114-1.gif,https://reygoma.com.ar/producto/art-7114-2/,IKA | Jeep,
REY GOMA,7110/2,SOPORTE / GOMA-METAL,IKA,Jeep,,Repuesto chico de goma para soporte 7110,,https://reygoma.com.ar/wp-content/uploads/2018/12/7110-21x1-2.gif,https://reygoma.com.ar/producto/art-7110-2-3/,IKA | Jeep,
REY GOMA,7110/1,SOPORTE / GOMA-METAL,IKA,Jeep,,Repuesto grande de goma para soporte 7110,,https://reygoma.com.ar/wp-content/uploads/2018/12/7110-11x1-2.gif,https://reygoma.com.ar/producto/art-7110-1-3/,IKA | Jeep,
REY GOMA,7110,SOPORTE DE CAJA,IKA,Jeep,,"(2005268) Soporte caja de velocidades Estanciera, y Gladiator",2005268,https://reygoma.com.ar/wp-content/uploads/2018/12/71101x1-2.gif,https://reygoma.com.ar/producto/art-7110-4/,IKA | Jeep,CAJA
REY GOMA,7106,PEDAL,IKA,Jeep,,(2091093) Cubre pedal de freno y de embrague,2091093,https://reygoma.com.ar/wp-content/uploads/2018/12/71061x1.gif,https://reygoma.com.ar/producto/art-7106/,IKA | Jeep,
REY GOMA,7102,SOPORTE / GOMA-METAL,IKA,Jeep,,(638629) Soporte trasero de motor,638629,https://reygoma.com.ar/wp-content/uploads/2018/12/71021x1.gif,https://reygoma.com.ar/producto/art-7102/,IKA | Jeep,
REY GOMA,7101,SOPORTE DE MOTOR,IKA,Jeep,,(2000856) (638841) Soporte de motor,2000856 | 638841,https://reygoma.com.ar/wp-content/uploads/2018/12/71011x1.gif,https://reygoma.com.ar/producto/art-7101/,IKA | Jeep,
REY GOMA,7240/1,MANCHON,Gladiator,IKA,,(20177911) Manchón de dirección Rambler y Torino,20177911,https://reygoma.com.ar/wp-content/uploads/2018/12/7240-11x1.gif,https://reygoma.com.ar/producto/art-7240-1/,Gladiator | IKA,
REY GOMA,7213,SOPORTE / GOMA-METAL,Gladiator,IKA,,(0927967) Guardapolvo Cañonera delantera doble tracción,0927967,https://reygoma.com.ar/wp-content/uploads/2018/12/72131x1.gif,https://reygoma.com.ar/producto/art-7213/,Gladiator | IKA,
REY GOMA,7157,SOPORTE / GOMA-METAL,Gladiator,IKA,,(2004031) Tapa de registro de freno todos,2004031,https://reygoma.com.ar/wp-content/uploads/2018/12/71571x1-2.gif,https://reygoma.com.ar/producto/art-7157-3/,Gladiator | IKA,
REY GOMA,7139,SOPORTE / GOMA-METAL,Gladiator,IKA,,(3166936) (2056443) Soporte lateral trasero y Rambler,3166936 | 2056443,https://reygoma.com.ar/wp-content/uploads/2018/12/71391x1.gif,https://reygoma.com.ar/producto/art-7139/,Gladiator | IKA,
REY GOMA,7138,SOPORTE / GOMA-METAL,Gladiator,IKA,,(3166782) Soporte delantero de motor y Rambler,3166782,https://reygoma.com.ar/wp-content/uploads/2018/12/7138.gif,https://reygoma.com.ar/producto/art-7138/,Gladiator | IKA,
REY GOMA,7137/1,SOPORTE / GOMA-METAL,Gladiator,IKA,,"(REFORMA) Soporte metálico para gancho de goma chico para capot Baqueano, Estanciera, y Jeep",REFORMA,https://reygoma.com.ar/wp-content/uploads/2018/12/7137-11x1-2.gif,https://reygoma.com.ar/producto/art-7137-1-3/,Gladiator | IKA,
REY GOMA,7137,SOPORTE / GOMA-METAL,Gladiator,IKA,,"(REFORMA) Gancho de goma chico para capot Baqueano, Estanciera, y Jeep",REFORMA,https://reygoma.com.ar/wp-content/uploads/2018/12/71371x1-3.gif,https://reygoma.com.ar/producto/art-7137-3/,Gladiator | IKA,
REY GOMA,7110/2,SOPORTE / GOMA-METAL,Gladiator,IKA,,Repuesto chico de goma para soporte 7110,,https://reygoma.com.ar/wp-content/uploads/2018/12/7110-21x1-1.gif,https://reygoma.com.ar/producto/art-7110-2-2/,Gladiator | IKA,
REY GOMA,7110/1,SOPORTE / GOMA-METAL,Gladiator,IKA,,Repuesto grande de goma para soporte 7110,,https://reygoma.com.ar/wp-content/uploads/2018/12/7110-11x1-1.gif,https://reygoma.com.ar/producto/art-7110-1-2/,Gladiator | IKA,
REY GOMA,7110,SOPORTE DE CAJA,Gladiator,IKA,,"(2005268) Soporte caja de velocidades Estanciera, Jeep y",2005268,https://reygoma.com.ar/wp-content/uploads/2018/12/71101x1-1.gif,https://reygoma.com.ar/producto/art-7110-3/,Gladiator | IKA,CAJA
REY GOMA,7157,SOPORTE / GOMA-METAL,Estanciera,IKA,,(2004031) Tapa de registro de freno todos,2004031,https://reygoma.com.ar/wp-content/uploads/2018/12/71571x1-1.gif,https://reygoma.com.ar/producto/art-7157-2/,Estanciera | IKA,
REY GOMA,7146,SOPORTE / GOMA-METAL,Estanciera,IKA,,Asiento de carrocería,,https://reygoma.com.ar/wp-content/uploads/2018/12/71461x1.gif,https://reygoma.com.ar/producto/art-7146/,Estanciera | IKA,
REY GOMA,7142,SOPORTE / GOMA-METAL,Estanciera,IKA,,(673953) Asiento de carrocería,673953,https://reygoma.com.ar/wp-content/uploads/2018/12/71421x1.gif,https://reygoma.com.ar/producto/art-7142/,Estanciera | IKA,
REY GOMA,7137/1,SOPORTE / GOMA-METAL,Estanciera,IKA,,"(REFORMA) Soporte metálico para gancho de goma chico para capot Baqueano, Gladiator y Jeep",REFORMA,https://reygoma.com.ar/wp-content/uploads/2018/12/7137-11x1-1.gif,https://reygoma.com.ar/producto/art-7137-1-2/,Estanciera | IKA,
REY GOMA,7137,SOPORTE / GOMA-METAL,Estanciera,IKA,,"(REFORMA) Gancho de goma chico para capot Baqueano, Gladiator y Jeep",REFORMA,https://reygoma.com.ar/wp-content/uploads/2018/12/71371x1-1.gif,https://reygoma.com.ar/producto/art-7137-2/,Estanciera | IKA,
REY GOMA,7133,SOPORTE / GOMA-METAL,Estanciera,IKA,,(907107) Guardapolvo palanca de cambios y Jeep,907107,https://reygoma.com.ar/wp-content/uploads/2018/12/71331x1.gif,https://reygoma.com.ar/producto/art-7133/,Estanciera | IKA,
REY GOMA,7114,BUJE,Estanciera,IKA,,(2000883) Buje de amortiguador,2000883,https://reygoma.com.ar/wp-content/uploads/2018/12/7114.gif,https://reygoma.com.ar/producto/art-7114/,Estanciera | IKA,
REY GOMA,7113,SOPORTE DE ESCAPE,Estanciera,IKA,,(639024) (2007496) Soporte caño de escape . Ø 38 mm. h 25 mm. rosca 5/16 x 24 hilos,639024 | 2007496,https://reygoma.com.ar/wp-content/uploads/2018/12/71131x1.gif,https://reygoma.com.ar/producto/art-7113/,Estanciera | IKA,
REY GOMA,7110/2,SOPORTE / GOMA-METAL,Estanciera,IKA,,Repuesto chico de goma para soporte 7110,,https://reygoma.com.ar/wp-content/uploads/2018/12/7110-21x1.gif,https://reygoma.com.ar/producto/art-7110-2/,Estanciera | IKA,
REY GOMA,7110/1,SOPORTE / GOMA-METAL,Estanciera,IKA,,Repuesto grande de goma para soporte 7110,,https://reygoma.com.ar/wp-content/uploads/2018/12/7110-11x1.gif,https://reygoma.com.ar/producto/art-7110-1/,Estanciera | IKA,
REY GOMA,7110,SOPORTE DE CAJA,Estanciera,IKA,,(2005268) Soporte caja de velocidades Jeep y Gladiator,2005268,https://reygoma.com.ar/wp-content/uploads/2018/12/71101x1.gif,https://reygoma.com.ar/producto/art-7110/,Estanciera | IKA,CAJA
REY GOMA,7109/2,SOPORTE / GOMA-METAL,Estanciera,IKA,,Repuesto chico de goma para soporte 7109,,https://reygoma.com.ar/wp-content/uploads/2018/12/7109-21x1.gif,https://reygoma.com.ar/producto/art-7109-2/,Estanciera | IKA,
REY GOMA,7109/1,SOPORTE / GOMA-METAL,Estanciera,IKA,,Repuesto grande de goma para soporte 7109,,https://reygoma.com.ar/wp-content/uploads/2018/12/7109-11x1-e1553700664900.gif,https://reygoma.com.ar/producto/art-7109-1/,Estanciera | IKA,
REY GOMA,7109,SOPORTE / GOMA-METAL,Estanciera,IKA,,(2003265) (2004821) (2092530) Soporte delantero de motor,2003265 | 2004821 | 2092530,https://reygoma.com.ar/wp-content/uploads/2018/12/71091x1.gif,https://reygoma.com.ar/producto/art-7109/,Estanciera | IKA,
REY GOMA,7157,SOPORTE / GOMA-METAL,Baqueano,IKA,,(2004031) Tapa de registro de freno todos,2004031,https://reygoma.com.ar/wp-content/uploads/2018/12/71571x1.gif,https://reygoma.com.ar/producto/art-7157/,Baqueano | IKA,
REY GOMA,7137/1,SOPORTE / GOMA-METAL,Baqueano,IKA,,"(REFORMA) Soporte metálico para gancho de goma chico para capot Estanciera, Gladiator y Jeep",REFORMA,https://reygoma.com.ar/wp-content/uploads/2018/12/7137-11x1.gif,https://reygoma.com.ar/producto/art-7137-1/,Baqueano | IKA,
REY GOMA,7137,SOPORTE / GOMA-METAL,Baqueano,IKA,,"(REFORMA) Gancho de goma chico para capot Estanciera, Gladiator y Jeep",REFORMA,https://reygoma.com.ar/wp-content/uploads/2018/12/71371x1.gif,https://reygoma.com.ar/producto/art-7137/,Baqueano | IKA,
REY GOMA,7804,SOPORTE DE CAJA,ISUZU,,,(8-93216625-0) Soporte de caja de velocidades (caja MUA) año 1994 naftera y diesel.,8-93216625-0 | caja MUA,https://reygoma.com.ar/wp-content/uploads/2018/11/1228.gif,https://reygoma.com.ar/producto/art-7804/,ISUZU,CAJA
REY GOMA,7803,SOPORTE / GOMA-METAL,ISUZU,,,"(8-94334158-0) Soporte delantero de motor diesel 2,5 (lado derecho).",8-94334158-0 | lado derecho,https://reygoma.com.ar/wp-content/uploads/2018/11/7803.gif,https://reygoma.com.ar/producto/art-7803/,ISUZU,DERECHO
REY GOMA,7802,SOPORTE / GOMA-METAL,ISUZU,,,"(8-94334159-0) Soporte delantero de motor diesel 2,5 (lado izquierdo).",8-94334159-0 | lado izquierdo,https://reygoma.com.ar/wp-content/uploads/2018/11/7802.gif,https://reygoma.com.ar/producto/art-7802/,ISUZU,IZQUIERDO
REY GOMA,7801,SOPORTE / GOMA-METAL,ISUZU,,,(8-97066800-0) Soporte delantero de motor naftero (lado derecho) motor 2.3 (4×4) motor 2.6 (4×2 y 4×4).,8-97066800-0 | lado derecho | 4×4 | 4×2 y 4×4,https://reygoma.com.ar/wp-content/uploads/2018/11/7801.gif,https://reygoma.com.ar/producto/art-7801/,ISUZU,DERECHO
REY GOMA,7800,SOPORTE / GOMA-METAL,ISUZU,,,(8-94422868-2) Soporte delantero de motor naftero (lado izquierdo) motor 2.3 (4×4) motor 2.6 (4×2 y 4×4).,8-94422868-2 | lado izquierdo | 4×4 | 4×2 y 4×4,https://reygoma.com.ar/wp-content/uploads/2018/11/7800.gif,https://reygoma.com.ar/producto/art-7800/,ISUZU,IZQUIERDO
REY GOMA,9160,BUJE,Compass,"JEEP, Patriot",,(68032586AH) Buje reparación soporte trasero de motor 2.0/2.4 (4×2) año 2007 al 2016,68032586AH | 4×2,https://reygoma.com.ar/wp-content/uploads/2026/05/9160-reducido-e1778768349943.png,https://reygoma.com.ar/producto/art-9160/,Compass | JEEP | Patriot,
REY GOMA,9159,SOPORTE DE MOTOR,Compass,"JEEP, Patriot",,(5105494AD) Buje reparacion soporte de motor 2.0/2.4 (4×2 y 4×4) año 2007 al 2016,5105494AD | 4×2 y 4×4,https://reygoma.com.ar/wp-content/uploads/2026/05/9159-reducido-e1778768281810.png,https://reygoma.com.ar/producto/art-9159/,Compass | JEEP | Patriot,
REY GOMA,9158,BUJE,Compass,"JEEP, Patriot",,(5105495AD) Buje reparación soporte trasero de motor 2.0/2.4 (4×4) año 2007 al 2016.,5105495AD | 4×4,https://reygoma.com.ar/wp-content/uploads/2018/11/9002.gif,https://reygoma.com.ar/producto/art-9158/,Compass | JEEP | Patriot,
REY GOMA,9157,SOPORTE DE CAJA,Compass,"JEEP, Patriot",,(5105489AF) Buje reparación soporte de caja 2.0/2.4 año 2007 al 2016.,5105489AF,https://reygoma.com.ar/wp-content/uploads/2018/12/7310.gif,https://reygoma.com.ar/producto/art-9157/,Compass | JEEP | Patriot,
REY GOMA,9156,SOPORTE DE MOTOR,JEEP,Renegade,,(52058667) Soporte de motor (lado izquierdo) 1.8,52058667 | lado izquierdo,https://reygoma.com.ar/wp-content/uploads/2019/05/9156.png,https://reygoma.com.ar/producto/art-9156/,JEEP | Renegade,IZQUIERDO
REY GOMA,9155,SOPORTE / GOMA-METAL,JEEP,Renegade,,(520043163) Soporte trasero de motor 1.8 (4×4 y 4×2),520043163 | 4×4 y 4×2,https://reygoma.com.ar/wp-content/uploads/2019/05/9155.png,https://reygoma.com.ar/producto/art-9155/,JEEP | Renegade,
REY GOMA,9152,SOPORTE DE CAJA,Grand Cherokee,JEEP,,(52058994) Buje reparación soporte caja de velocidades motor 4.0 6 cilindros años 99 al 04,52058994,https://reygoma.com.ar/wp-content/uploads/2018/11/9152.gif,https://reygoma.com.ar/producto/art-9152/,Grand Cherokee | JEEP,CAJA
REY GOMA,9151,SOPORTE DE MOTOR,Grand Cherokee,JEEP,,(52059051) (52059050) Buje reparación soporte de motor (ambos lados) motor 3.1 turbodiesel años 99 a 04,52059051 | 52059050 | ambos lados,https://reygoma.com.ar/wp-content/uploads/2018/11/9151.gif,https://reygoma.com.ar/producto/art-9151/,Grand Cherokee | JEEP,AMBOS LADOS
REY GOMA,9150,SOPORTE DE MOTOR,Grand Cherokee,JEEP,,(52058504) (52058505) Buje reparación soporte de motor (ambos lados) motor 5.2 años 96 al 99,52058504 | 52058505 | ambos lados,https://reygoma.com.ar/wp-content/uploads/2018/11/9150.gif,https://reygoma.com.ar/producto/art-9150/,Grand Cherokee | JEEP,AMBOS LADOS
REY GOMA,9154,SOPORTE DE MOTOR,Cherokee,JEEP,,(52019201AB) Buje reparación soporte de motor (ambos lados) motor 4.0,52019201AB | ambos lados,https://reygoma.com.ar/wp-content/uploads/2018/11/9154.gif,https://reygoma.com.ar/producto/art-9154/,Cherokee | JEEP,AMBOS LADOS
REY GOMA,9153,SOPORTE DE MOTOR,Cherokee,JEEP,,(52059200AC) (52059201AC) Buje reparación soporte de motor (ambos lados) turbodiesel 2.5 años 96 al 01,52059200AC | 52059201AC | ambos lados,https://reygoma.com.ar/wp-content/uploads/2018/11/9153.gif,https://reygoma.com.ar/producto/art-9153/,Cherokee | JEEP,AMBOS LADOS
REY GOMA,3055/1,SOPORTE / GOMA-METAL,LAND ROVER,,,Kit con abrazaderas y lubricante,,https://reygoma.com.ar/wp-content/uploads/2019/05/3552-2.gif,https://reygoma.com.ar/producto/art-3055-1/,LAND ROVER,
REY GOMA,3055,SOPORTE / GOMA-METAL,LAND ROVER,,,Fuelle semi eje (lado caja) (con forma) Discovery,lado caja | con forma,https://reygoma.com.ar/wp-content/uploads/2019/05/3552-2.gif,https://reygoma.com.ar/producto/art-3055/,LAND ROVER,CAJA
REY GOMA,3054,SOPORTE DE MOTOR,LAND ROVER,,,(ANR-2488) Soporte de motor modelo Discovery,ANR-2488,https://reygoma.com.ar/wp-content/uploads/2018/11/IMP_1020.gif,https://reygoma.com.ar/producto/art-3054/,LAND ROVER,
REY GOMA,3053,SOPORTE DE MOTOR,LAND ROVER,,,(NTC-9416) Soporte de motor modelo Defender,NTC-9416,https://reygoma.com.ar/wp-content/uploads/2018/11/IMP_1019.gif,https://reygoma.com.ar/producto/art-3053/,LAND ROVER,
REY GOMA,3052,SOPORTE / GOMA-METAL,LAND ROVER,,,(231490) Soporte delantero de motor,231490,https://reygoma.com.ar/wp-content/uploads/2018/11/IMP_1012.gif,https://reygoma.com.ar/producto/art-3052/,LAND ROVER,
REY GOMA,3051,SOPORTE DE CAJA,LAND ROVER,,,(231489) Soporte caja de velocidades.,231489,https://reygoma.com.ar/wp-content/uploads/2018/11/IMP_1011.gif,https://reygoma.com.ar/producto/art-3051/,LAND ROVER,CAJA
REY GOMA,3050,SOPORTE DE MOTOR,LAND ROVER,,,(562688) Soporte de Motor,562688,https://reygoma.com.ar/wp-content/uploads/2018/11/IMP_1009.gif,https://reygoma.com.ar/producto/art-3050/,LAND ROVER,
REY GOMA,9102,SOPORTE DE ESCAPE,MAZDA,,,(F60240061) Soporte caño de escape 626,F60240061,https://reygoma.com.ar/wp-content/uploads/2018/11/IMP_304.gif,https://reygoma.com.ar/producto/art-9102/,MAZDA,
REY GOMA,9101,SOPORTE DE ESCAPE,MAZDA,,,(E30140061A) Soporte caño de escape 323,E30140061A,https://reygoma.com.ar/wp-content/uploads/2018/11/IMP_302-e1553700919442.gif,https://reygoma.com.ar/producto/art-9101/,MAZDA,
REY GOMA,9100,SOPORTE / GOMA-METAL,MAZDA,,,"(F00122530) Fuelle semi eje (lado rueda) 323 1.3, 1.5 y 1.7",F00122530 | lado rueda,https://reygoma.com.ar/wp-content/uploads/2018/11/IMP_300.gif,https://reygoma.com.ar/producto/art-9100/,MAZDA,
REY GOMA,1699,SOPORTE DE MOTOR,MERCEDES,Sprinter,,(A9062411013) Soporte de motor (lado izquierdo) 316-416-516,A9062411013 | lado izquierdo,https://reygoma.com.ar/wp-content/uploads/2026/04/1699-reducida-e1776351618262.jpg,https://reygoma.com.ar/producto/art-1699/,MERCEDES | Sprinter,IZQUIERDO
REY GOMA,1698,SOPORTE DE MOTOR,Bus,"Camion 709, Camion 710 y 813, Camion 911 y 913, Camion 912, Camion 914, MERCEDES",,"(6682400217) Soporte de motor (ambos lados) MB 709, L710D, L710, L710/42, 912/42, L913D, 914 y L0812, L0813D, L0814",6682400217 | ambos lados,https://reygoma.com.ar/wp-content/uploads/2019/08/1698achicado-1.jpg,https://reygoma.com.ar/producto/art-1698/,Bus | Camion 709 | Camion 710 y 813 | Camion 911 y 913 | Camion 912 | Camion 914 | MERCEDES,AMBOS LADOS
REY GOMA,1664,SOPORTE / GOMA-METAL,Camion 608,MERCEDES,,"(3220940091) Toma de aire camiones 608, 1112 y 1114.",3220940091,https://reygoma.com.ar/wp-content/uploads/2019/03/16641x1-1.gif,https://reygoma.com.ar/producto/art-1664-4/,Camion 608 | MERCEDES,
REY GOMA,1690/2,SOPORTE / GOMA-METAL,Camion 180,MERCEDES,,Fuelle semi eje modelo 180 + chapa y kit con abrazaderas y lubricante,,https://reygoma.com.ar/wp-content/uploads/2019/03/1690-2-1.gif,https://reygoma.com.ar/producto/art-1690-2-2/,Camion 180 | MERCEDES,
REY GOMA,1678,SOPORTE / GOMA-METAL,Camion 1114,MERCEDES,,(1203331965) Soporte inferior de cabina camiones 1112 y 1114,1203331965,https://reygoma.com.ar/wp-content/uploads/2019/03/16781x1.gif,https://reygoma.com.ar/producto/art-1678-3/,Camion 1114 | MERCEDES,
REY GOMA,1697,SOPORTE DE MOTOR,MERCEDES,Sprinter,,(A9012412513) Soporte de motor (ambos lados) año 2005 en adelante,A9012412513 | ambos lados,https://reygoma.com.ar/wp-content/uploads/2018/12/1697.gif,https://reygoma.com.ar/producto/art-1697/,MERCEDES | Sprinter,AMBOS LADOS
REY GOMA,1696,SOPORTE / GOMA-METAL,MERCEDES,Sprinter,,(9013200063) brida gemelo elastico trasero,9013200063,https://reygoma.com.ar/wp-content/uploads/2018/12/1696.gif,https://reygoma.com.ar/producto/art-1696/,MERCEDES | Sprinter,
REY GOMA,1693,CAZOLETA,MERCEDES,Sprinter,,(A9013230085) Cazoleta amortiguador delantero superior,A9013230085,https://reygoma.com.ar/wp-content/uploads/2018/12/1693.gif,https://reygoma.com.ar/producto/art-1693/,MERCEDES | Sprinter,
REY GOMA,1692,CAZOLETA,MERCEDES,Sprinter,,(A9013231185) Cazoleta amortiguador delantero inferior .,A9013231185,https://reygoma.com.ar/wp-content/uploads/2018/12/1692.gif,https://reygoma.com.ar/producto/art-1692/,MERCEDES | Sprinter,
REY GOMA,1688,SOPORTE / GOMA-METAL,MERCEDES,Sprinter,,(A6902417113) Soporte delantero de motor .,A6902417113,https://reygoma.com.ar/wp-content/uploads/2018/12/1688.gif,https://reygoma.com.ar/producto/art-1688/,MERCEDES | Sprinter,
REY GOMA,1687,SOPORTE DE CAJA,MERCEDES,Sprinter,,(A6902427113) Soporte caja velocidades .,A6902427113,https://reygoma.com.ar/wp-content/uploads/2018/12/1687.jpg,https://reygoma.com.ar/producto/art-1687/,MERCEDES | Sprinter,CAJA
REY GOMA,1677,BUJE,Camion 6600,MERCEDES,,(1061603) Buje de amortiguador camión 6600.,1061603,https://reygoma.com.ar/wp-content/uploads/2018/12/16771x1.gif,https://reygoma.com.ar/producto/art-1677/,Camion 6600 | MERCEDES,
REY GOMA,1631,SOPORTE / GOMA-METAL,Camion 6600,MERCEDES,,(3042400018) Soporte delantero y trasero de motor camión 6600.,3042400018,https://reygoma.com.ar/wp-content/uploads/2018/12/16311x1.gif,https://reygoma.com.ar/producto/art-1631/,Camion 6600 | MERCEDES,
REY GOMA,1531/1,SOPORTE / GOMA-METAL,Camion 6600,MERCEDES,,(3125271717) Soporte metálico para gancho de goma grande para capot camiones 3500 y 6600.,3125271717,https://reygoma.com.ar/wp-content/uploads/2018/12/1531-11x1-1.gif,https://reygoma.com.ar/producto/art-1531-1-2/,Camion 6600 | MERCEDES,
REY GOMA,1531,SOPORTE / GOMA-METAL,Camion 6600,MERCEDES,,(3125271717) Gancho de goma grande para capot camiones 3500 y 6600.,3125271717,https://reygoma.com.ar/wp-content/uploads/2018/12/15311x1-1-e1553701250362.gif,https://reygoma.com.ar/producto/art-1531-2/,Camion 6600 | MERCEDES,
REY GOMA,1660,SOPORTE / GOMA-METAL,Camion 3500,MERCEDES,,"(1362670296) Fuelle palanca de cambios camiones 312, 911, 1112 y 3500.",1362670296,https://reygoma.com.ar/wp-content/uploads/2018/12/16601x1-2.gif,https://reygoma.com.ar/producto/art-1660-4/,Camion 3500 | MERCEDES,
REY GOMA,1630,SOPORTE / GOMA-METAL,Camion 3500,MERCEDES,,"(3122201317) Soporte trasero de motor camiones 911, 1112 y 3500 (2 agujeros).",3122201317 | 2 agujeros,https://reygoma.com.ar/wp-content/uploads/2018/12/16301x1-2.gif,https://reygoma.com.ar/producto/art-1630-3/,Camion 3500 | MERCEDES,
REY GOMA,1629,SOPORTE / GOMA-METAL,Camion 3500,MERCEDES,,(312240117) Soporte delantero de motor camión 3500 (1 agujero).,312240117 | 1 agujero,https://reygoma.com.ar/wp-content/uploads/2018/12/16291x1.gif,https://reygoma.com.ar/producto/art-1629/,Camion 3500 | MERCEDES,
REY GOMA,1623,SOPORTE / GOMA-METAL,Camion 3500,MERCEDES,,"(3128100372) Soporte de cabina camión 3500. Ø 60 mm. h 43 mm. rosca M 12 x 1,5",3128100372,https://reygoma.com.ar/wp-content/uploads/2018/12/16231x1.gif,https://reygoma.com.ar/producto/art-1623/,Camion 3500 | MERCEDES,
REY GOMA,1579,SOPORTE / GOMA-METAL,Camion 3500,MERCEDES,,(3120941191) Unión toma de aire modelo 170 y camión 3500.,3120941191,https://reygoma.com.ar/wp-content/uploads/2018/12/15791x1-1.gif,https://reygoma.com.ar/producto/art-1579-2/,Camion 3500 | MERCEDES,
REY GOMA,1531/1,SOPORTE / GOMA-METAL,Camion 3500,MERCEDES,,(3125271717) Soporte metálico para gancho de goma grande para capot camiones 3500 y 6600.,3125271717,https://reygoma.com.ar/wp-content/uploads/2018/12/1531-11x1.gif,https://reygoma.com.ar/producto/art-1531-1/,Camion 3500 | MERCEDES,
REY GOMA,1531,SOPORTE / GOMA-METAL,Camion 3500,MERCEDES,,(3125271717) Gancho de goma grande para capot camiones 3500 y 6600.,3125271717,https://reygoma.com.ar/wp-content/uploads/2018/12/15311x1-e1553701155681.gif,https://reygoma.com.ar/producto/art-1531/,Camion 3500 | MERCEDES,
REY GOMA,1521,PEDAL,Camion 3500,MERCEDES,,(3122911082) Cubre pedal de freno y de embrague camión 3500.,3122911082,https://reygoma.com.ar/wp-content/uploads/2018/12/15211x1.gif,https://reygoma.com.ar/producto/art-1521/,Camion 3500 | MERCEDES,
REY GOMA,1503,ACCESORIO,Camion 3500,MERCEDES,,"(3124131112) Arandela movimiento de cardán (porta rulemán) camiones 608, 3500 y 1114.",3124131112 | porta rulemán,https://reygoma.com.ar/wp-content/uploads/2018/12/15031x1-2.gif,https://reygoma.com.ar/producto/art-1503-3/,Camion 3500 | MERCEDES,
REY GOMA,1691,SOPORTE DE CAJA,Camion 1526,MERCEDES,,(3612660184) Soporte caja velocidades modelo 1521 / 1526,3612660184,https://reygoma.com.ar/wp-content/uploads/2018/12/1691-1.gif,https://reygoma.com.ar/producto/art-1691-2/,Camion 1526 | MERCEDES,CAJA
REY GOMA,1686,SOPORTE / GOMA-METAL,Camion 1526,MERCEDES,,(3452400017) Soporte delantero de motor (izquierdo y derecho) camiones 1521 y 1526.,3452400017 | izquierdo y derecho,https://reygoma.com.ar/wp-content/uploads/2018/12/16861x1-1.gif,https://reygoma.com.ar/producto/art-1686-2/,Camion 1526 | MERCEDES,DERECHO / IZQUIERDO
REY GOMA,1691,SOPORTE DE CAJA,Camion 1521,MERCEDES,,(3612660184) Soporte caja velocidades modelo 1521 / 1526,3612660184,https://reygoma.com.ar/wp-content/uploads/2018/12/1691.gif,https://reygoma.com.ar/producto/art-1691/,Camion 1521 | MERCEDES,CAJA
REY GOMA,1686,SOPORTE / GOMA-METAL,Camion 1521,MERCEDES,,(3452400017) Soporte delantero de motor (izquierdo y derecho) camiones 1521 y 1526.,3452400017 | izquierdo y derecho,https://reygoma.com.ar/wp-content/uploads/2018/12/16861x1.gif,https://reygoma.com.ar/producto/art-1686/,Camion 1521 | MERCEDES,DERECHO / IZQUIERDO
REY GOMA,1682,SOPORTE / GOMA-METAL,Camion 1517,MERCEDES,,(3522400318) Soporte trasero de motor camión 1517.,3522400318,https://reygoma.com.ar/wp-content/uploads/2018/12/16821x1.gif,https://reygoma.com.ar/producto/art-1682/,Camion 1517 | MERCEDES,
REY GOMA,1681,SOPORTE / GOMA-METAL,Camion 1517,MERCEDES,,(3522400417) Soporte delantero de motor camión 1517.,3522400417,https://reygoma.com.ar/wp-content/uploads/2018/12/16811x1.gif,https://reygoma.com.ar/producto/art-1681/,Camion 1517 | MERCEDES,
REY GOMA,1683,SOPORTE / GOMA-METAL,Camion 1114,MERCEDES,,(3124131112) Soporte de cardán camión 1114.,3124131112,https://reygoma.com.ar/wp-content/uploads/2018/12/16831x1.gif,https://reygoma.com.ar/producto/art-1683/,Camion 1114 | MERCEDES,
REY GOMA,1680,SOPORTE / GOMA-METAL,Camion 1114,MERCEDES,,(3228910101) Soporte superior de cabina camiones 1112 y 1114.,3228910101,https://reygoma.com.ar/wp-content/uploads/2018/12/16801x1-1.gif,https://reygoma.com.ar/producto/art-1680-2/,Camion 1114 | MERCEDES,
REY GOMA,1679,BUJE,Camion 1114,MERCEDES,,(3093230385) Buje de barra estabilizadora camiones 1112 y 1114.,3093230385,https://reygoma.com.ar/wp-content/uploads/2018/12/16791x1-1.gif,https://reygoma.com.ar/producto/art-1679-2/,Camion 1114 | MERCEDES,
REY GOMA,1678,SOPORTE / GOMA-METAL,Camion 1112,MERCEDES,,(1203331965) Soporte inferior de cabina camiones 1112 y 1114,1203331965,https://reygoma.com.ar/wp-content/uploads/2018/12/16781x1-1.gif,https://reygoma.com.ar/producto/art-1678-2/,Camion 1112 | MERCEDES,
REY GOMA,1676,SOPORTE / GOMA-METAL,Camion 1114,MERCEDES,,(3372670096) Capuchón palanca de cambios camión 1114.,3372670096,https://reygoma.com.ar/wp-content/uploads/2018/12/16761x1.gif,https://reygoma.com.ar/producto/art-1676/,Camion 1114 | MERCEDES,
REY GOMA,1675,SOPORTE / GOMA-METAL,Camion 1114,MERCEDES,,(3354620096) Protector columna de dirección camión 1114.,3354620096,https://reygoma.com.ar/wp-content/uploads/2018/12/16751x1.gif,https://reygoma.com.ar/producto/art-1675/,Camion 1114 | MERCEDES,
REY GOMA,1672,SOPORTE / GOMA-METAL,Camion 1114,MERCEDES,,(3524100080) Guardapolvo de cardán camiones 1112 y 1114.,3524100080,https://reygoma.com.ar/wp-content/uploads/2018/12/16721x1-1-e1553701779521.gif,https://reygoma.com.ar/producto/art-1672-2/,Camion 1114 | MERCEDES,
REY GOMA,1664,SOPORTE / GOMA-METAL,Camion 1114,MERCEDES,,"(3220940091) Toma de aire camiones 608, 1112 y 1114.",3220940091,https://reygoma.com.ar/wp-content/uploads/2018/12/16641x1-2.gif,https://reygoma.com.ar/producto/art-1664-3/,Camion 1114 | MERCEDES,
REY GOMA,1662,ACCESORIO,Camion 1114,MERCEDES,,"(0001846580) Arandela de filtro de aceite, inyección directa camiones 911, 1112 y 1114.",0001846580,https://reygoma.com.ar/wp-content/uploads/2018/12/16621x1-2.gif,https://reygoma.com.ar/producto/art-1662-3/,Camion 1114 | MERCEDES,
REY GOMA,1661,SOPORTE / GOMA-METAL,Camion 1114,MERCEDES,,(3222670295) Fuelle palanca de cambios camión 1114.,3222670295,https://reygoma.com.ar/wp-content/uploads/2018/12/16611x1.gif,https://reygoma.com.ar/producto/art-1661/,Camion 1114 | MERCEDES,
REY GOMA,1657,SOPORTE / GOMA-METAL,Camion 1114,MERCEDES,,"(3225044032) Soporte de radiador camiones 1112 y 1114. Ø 63 mm. h 30 mm. rosca M 10 x 1,5",3225044032,https://reygoma.com.ar/wp-content/uploads/2018/12/16571x1-1.gif,https://reygoma.com.ar/producto/art-1657-2/,Camion 1114 | MERCEDES,
REY GOMA,1656,SOPORTE / GOMA-METAL,Camion 1114,MERCEDES,,"(337890500) Soporte de cabina camiones 1112 y 1114. Ø 80 mm. h 50 mm. rosca M 12 x 1,75",337890500,https://reygoma.com.ar/wp-content/uploads/2018/12/16561x1-1.gif,https://reygoma.com.ar/producto/art-1656-2/,Camion 1114 | MERCEDES,
REY GOMA,1646,SOPORTE / GOMA-METAL,Camion 1114,MERCEDES,,3212200217) Soporte delantero y trasero de motor camiones 0321 y 1114 (3 agujeros).,3 agujeros,https://reygoma.com.ar/wp-content/uploads/2018/12/16461x1-1.gif,https://reygoma.com.ar/producto/art-1646-2/,Camion 1114 | MERCEDES,
REY GOMA,1503,ACCESORIO,Camion 1114,MERCEDES,,"(3124131112) Arandela movimiento de cardán (porta rulemán) camiones 608, 3500 y 1114.",3124131112 | porta rulemán,https://reygoma.com.ar/wp-content/uploads/2018/12/15031x1-1.gif,https://reygoma.com.ar/producto/art-1503-2/,Camion 1114 | MERCEDES,
REY GOMA,1680,SOPORTE / GOMA-METAL,Camion 1112,MERCEDES,,(3228910101) Soporte superior de cabina camiones 1112 y 1114.,3228910101,https://reygoma.com.ar/wp-content/uploads/2018/12/16801x1.gif,https://reygoma.com.ar/producto/art-1680/,Camion 1112 | MERCEDES,
REY GOMA,1679,BUJE,Camion 1112,MERCEDES,,(3093230385) Buje de barra estabilizadora camiones 1112 y 1114.,3093230385,https://reygoma.com.ar/wp-content/uploads/2018/12/16791x1.gif,https://reygoma.com.ar/producto/art-1679/,Camion 1112 | MERCEDES,
REY GOMA,1678,SOPORTE / GOMA-METAL,Camion 1112,MERCEDES,,(1203331695) Soporte inferior de cabina camiones 1112 y 1114,1203331695,https://reygoma.com.ar/wp-content/uploads/2018/12/16781x1.gif,https://reygoma.com.ar/producto/art-1678/,Camion 1112 | MERCEDES,
REY GOMA,1672,SOPORTE / GOMA-METAL,Camion 1112,MERCEDES,,(3524100080) Guardapolvo de cardán camiones 1112 y 1114.,3524100080,https://reygoma.com.ar/wp-content/uploads/2018/12/16721x1-e1553701343890.gif,https://reygoma.com.ar/producto/art-1672/,Camion 1112 | MERCEDES,
REY GOMA,1664,SOPORTE / GOMA-METAL,Camion 1112,MERCEDES,,"(3220940091) Toma de aire camiones 608, 1112 y 1114.",3220940091,https://reygoma.com.ar/wp-content/uploads/2018/12/16641x1-1.gif,https://reygoma.com.ar/producto/art-1664-2/,Camion 1112 | MERCEDES,
REY GOMA,1662,ACCESORIO,Camion 1112,MERCEDES,,"(0001846580) Arandela de filtro de aceite, inyección directa camiones 911, 1112 y 1114.",0001846580,https://reygoma.com.ar/wp-content/uploads/2018/12/16621x1-1.gif,https://reygoma.com.ar/producto/art-1662-2/,Camion 1112 | MERCEDES,
REY GOMA,1660,SOPORTE / GOMA-METAL,Camion 1112,MERCEDES,,"(1362670296) Fuelle palanca de cambios camiones 312, 911, 1112 y 3500.",1362670296,https://reygoma.com.ar/wp-content/uploads/2018/12/16601x1-1-1.gif,https://reygoma.com.ar/producto/art-1660-3/,Camion 1112 | MERCEDES,
REY GOMA,1659,SOPORTE / GOMA-METAL,Camion 1112,MERCEDES,,(3405010282) Fuelle de termostato camión 1112.,3405010282,https://reygoma.com.ar/wp-content/uploads/2018/12/16591x1.gif,https://reygoma.com.ar/producto/art-1659/,Camion 1112 | MERCEDES,
REY GOMA,1657,SOPORTE / GOMA-METAL,Camion 1112,MERCEDES,,"(3225044032) Soporte de radiador camiones 1112 y 1114. Ø 63 mm. h 30 mm. rosca M 10 x 1,5",3225044032,https://reygoma.com.ar/wp-content/uploads/2018/12/16571x1.gif,https://reygoma.com.ar/producto/art-1657/,Camion 1112 | MERCEDES,
REY GOMA,1656,SOPORTE / GOMA-METAL,Camion 1112,MERCEDES,,(337890500) Soporte de cabina camiones 1112 y 1114.,337890500,https://reygoma.com.ar/wp-content/uploads/2018/12/16561x1.gif,https://reygoma.com.ar/producto/art-1656/,Camion 1112 | MERCEDES,
REY GOMA,1654,SOPORTE / GOMA-METAL,Camion 1112,MERCEDES,,(3122201517) Soporte delantero de motor camiones 911 y 1112.,3122201517,https://reygoma.com.ar/wp-content/uploads/2018/12/16541x1-1.gif,https://reygoma.com.ar/producto/art-1654-2/,Camion 1112 | MERCEDES,
REY GOMA,1630,SOPORTE / GOMA-METAL,Camion 1112,MERCEDES,,"(3122201317) Soporte trasero de motor camiones 911, 1112 y 3500 (2 agujeros).",3122201317 | 2 agujeros,https://reygoma.com.ar/wp-content/uploads/2018/12/16301x1-1.gif,https://reygoma.com.ar/producto/art-1630-2/,Camion 1112 | MERCEDES,
REY GOMA,1685,SOPORTE DE CAJA,Camion 911 y 913,MERCEDES,,"(6682420143) Soporte superior de caja de velocidades camiones 710, 813 y 913.",6682420143,https://reygoma.com.ar/wp-content/uploads/2018/12/16851x1-1.gif,https://reygoma.com.ar/producto/art-1685-2/,Camion 911 y 913 | MERCEDES,CAJA
REY GOMA,1684,SOPORTE DE CAJA,Camion 911 y 913,MERCEDES,,"(6682420013) Soporte trasero inferior caja de velocidades camiones 710, 813 y 913.",6682420013,https://reygoma.com.ar/wp-content/uploads/2018/12/16841x1-1.gif,https://reygoma.com.ar/producto/art-1684-2/,Camion 911 y 913 | MERCEDES,CAJA
REY GOMA,1662,ACCESORIO,Camion 911 y 913,MERCEDES,,"(0001846580) Arandela de filtro de aceite, inyección directa camiones 911, 1112 y 1114.",0001846580,https://reygoma.com.ar/wp-content/uploads/2018/12/16621x1.gif,https://reygoma.com.ar/producto/art-1662/,Camion 911 y 913 | MERCEDES,
REY GOMA,1660,SOPORTE / GOMA-METAL,Camion 911 y 913,MERCEDES,,"(1362670296) Fuelle palanca de cambios camiones 312, 911, 1112 y 3500.",1362670296,https://reygoma.com.ar/wp-content/uploads/2018/12/16601x1-1.gif,https://reygoma.com.ar/producto/art-1660-2/,Camion 911 y 913 | MERCEDES,
REY GOMA,1654,SOPORTE / GOMA-METAL,Camion 911 y 913,MERCEDES,,(3122201517) Soporte delantero de motor camiones 911 y 1112.,3122201517,https://reygoma.com.ar/wp-content/uploads/2018/12/16541x1.gif,https://reygoma.com.ar/producto/art-1654/,Camion 911 y 913 | MERCEDES,
REY GOMA,1630,SOPORTE / GOMA-METAL,Camion 911 y 913,MERCEDES,,"(3122201317) Soporte trasero de motor camiones 911, 1112 y 3500 (2 agujeros).",3122201317 | 2 agujeros,https://reygoma.com.ar/wp-content/uploads/2018/12/16301x1.gif,https://reygoma.com.ar/producto/art-1630/,Camion 911 y 913 | MERCEDES,
REY GOMA,1685,SOPORTE DE CAJA,Camion 710 y 813,MERCEDES,,"(6682420143) Soporte superior de caja de velocidades camiones 710, 813 y 913.",6682420143,https://reygoma.com.ar/wp-content/uploads/2018/12/16851x1.gif,https://reygoma.com.ar/producto/art-1685/,Camion 710 y 813 | MERCEDES,CAJA
REY GOMA,1684,SOPORTE DE CAJA,Camion 710 y 813,MERCEDES,,"(6682420013) Soporte trasero inferior caja de velocidades camiones 710, 813 y 913.",6682420013,https://reygoma.com.ar/wp-content/uploads/2018/12/16841x1.gif,https://reygoma.com.ar/producto/art-1684/,Camion 710 y 813 | MERCEDES,CAJA
REY GOMA,1670,SOPORTE / GOMA-METAL,Camion 608,MERCEDES,,(3102420013) Soporte trasero de motor camión 608.,3102420013,https://reygoma.com.ar/wp-content/uploads/2018/12/16701x1.gif,https://reygoma.com.ar/producto/art-1670/,Camion 608 | MERCEDES,
REY GOMA,1669,SOPORTE / GOMA-METAL,Camion 608,MERCEDES,,(0412200112) (3142230112) Soporte delantero de motor camión 608.,0412200112 | 3142230112,https://reygoma.com.ar/wp-content/uploads/2018/12/16691x1.gif,https://reygoma.com.ar/producto/art-1669/,Camion 608 | MERCEDES,
REY GOMA,1668,SOPORTE / GOMA-METAL,Camion 608,MERCEDES,,"(0019872640) Soporte de radiador fijación superior camión 608. Ø 28 mm. h 22 mm. rosca M 8 x 1,25",0019872640,https://reygoma.com.ar/wp-content/uploads/2018/12/16681x1.gif,https://reygoma.com.ar/producto/art-1668/,Camion 608 | MERCEDES,
REY GOMA,1667,SOPORTE / GOMA-METAL,Camion 608,MERCEDES,,(3093100577) Soporte delantero de cabina camión 608.,3093100577,https://reygoma.com.ar/wp-content/uploads/2018/12/16671x1.gif,https://reygoma.com.ar/producto/art-1667/,Camion 608 | MERCEDES,
REY GOMA,1666,SOPORTE / GOMA-METAL,Camion 608,MERCEDES,,(3093100277) Soporte trasero de cabina camión 608.,3093100277,https://reygoma.com.ar/wp-content/uploads/2018/12/16661x1.gif,https://reygoma.com.ar/producto/art-1666/,Camion 608 | MERCEDES,
REY GOMA,1665,SOPORTE / GOMA-METAL,Camion 608,MERCEDES,,"(0019873140) Soporte de radiador fijación inferior camión 608. Ø 37 mm. h 20 mm. rosca M 10 x 1,5",0019873140,https://reygoma.com.ar/wp-content/uploads/2018/12/16651x1.gif,https://reygoma.com.ar/producto/art-1665/,Camion 608 | MERCEDES,
REY GOMA,1664,SOPORTE / GOMA-METAL,Camion 1112,MERCEDES,,"(3220940091) Toma de aire camiones 608, 1112 y 1114.",3220940091,https://reygoma.com.ar/wp-content/uploads/2018/12/16641x1.gif,https://reygoma.com.ar/producto/art-1664/,Camion 1112 | MERCEDES,
REY GOMA,1663,BUJE,Camion 608,MERCEDES,,(3193240750) Buje de elástico delantero camión 608.,3193240750,https://reygoma.com.ar/wp-content/uploads/2018/12/16631x1.gif,https://reygoma.com.ar/producto/art-1663/,Camion 608 | MERCEDES,
REY GOMA,1503,ACCESORIO,Camion 608,MERCEDES,,"(3124131112) Arandela movimiento de cardán (porta rulemán) camiones 608, 3500 y 1114.",3124131112 | porta rulemán,https://reygoma.com.ar/wp-content/uploads/2018/12/15031x1.gif,https://reygoma.com.ar/producto/art-1503/,Camion 608 | MERCEDES,
REY GOMA,1671,BUJE,Camion 321,MERCEDES,,(3230785) Buje de amortiguador delantero modelo 321 tipo 120 – 0140.,3230785,https://reygoma.com.ar/wp-content/uploads/2018/12/16711x1.gif,https://reygoma.com.ar/producto/art-1671/,Camion 321 | MERCEDES,
REY GOMA,1646,SOPORTE / GOMA-METAL,Camion 321,MERCEDES,,(3212200217) Soporte delantero y trasero de motor camiones 321 y 1114 (3 agujeros).,3212200217 | 3 agujeros,https://reygoma.com.ar/wp-content/uploads/2018/12/16461x1.gif,https://reygoma.com.ar/producto/art-1646/,Camion 321 | MERCEDES,
REY GOMA,1690/2,SOPORTE / GOMA-METAL,Camion 180,MERCEDES,,Fuelle semi eje modelo 180 + chapa y kit con abrazaderas y lubricante,,https://reygoma.com.ar/wp-content/uploads/2018/12/1690-2.gif,https://reygoma.com.ar/producto/art-1690-2/,Camion 180 | MERCEDES,
REY GOMA,1690/1,SOPORTE / GOMA-METAL,Camion 180,MERCEDES,,Kit con abrazaderas y lubricantes,,https://reygoma.com.ar/wp-content/uploads/2018/12/1690-1.gif,https://reygoma.com.ar/producto/art-1690-1/,Camion 180 | MERCEDES,
REY GOMA,1690,SOPORTE / GOMA-METAL,Camion 180,MERCEDES,,Fuelle semi eje modelo 180 (lado caja),lado caja,https://reygoma.com.ar/wp-content/uploads/2018/12/1690.gif,https://reygoma.com.ar/producto/art-1690/,Camion 180 | MERCEDES,CAJA
REY GOMA,1689/1,SOPORTE / GOMA-METAL,Camion 180,MERCEDES,,Kit con abrazaderas y lubricantes,,https://reygoma.com.ar/wp-content/uploads/2018/12/1689-1.gif,https://reygoma.com.ar/producto/art-1689-1/,Camion 180 | MERCEDES,
REY GOMA,1689,SOPORTE / GOMA-METAL,Camion 180,MERCEDES,,Fuelle semi eje modelo 180 (lado rueda),lado rueda,https://reygoma.com.ar/wp-content/uploads/2018/12/1689.gif,https://reygoma.com.ar/producto/art-1689/,Camion 180 | MERCEDES,
REY GOMA,1660,SOPORTE / GOMA-METAL,Camion 170 y 312,MERCEDES,,"(1362670296) Fuelle palanca de cambios camiones 312, 911, 1112 y 3500.",1362670296,https://reygoma.com.ar/wp-content/uploads/2018/12/16601x1.gif,https://reygoma.com.ar/producto/art-1660/,Camion 170 y 312 | MERCEDES,
REY GOMA,1579,SOPORTE / GOMA-METAL,Camion 170 y 312,MERCEDES,,(3120941191) Unión toma de aire modelo 170 y camión 3500.,3120941191,https://reygoma.com.ar/wp-content/uploads/2018/12/15791x1.gif,https://reygoma.com.ar/producto/art-1579/,Camion 170 y 312 | MERCEDES,
REY GOMA,1528,SOPORTE / GOMA-METAL,Camion 170 y 312,MERCEDES,,(1363510291) Fuellle guardapolvo para diferencial modelo 170.,1363510291,https://reygoma.com.ar/wp-content/uploads/2018/12/15281x1.gif,https://reygoma.com.ar/producto/art-1528/,Camion 170 y 312 | MERCEDES,
REY GOMA,1695,SOPORTE DE MOTOR,Automoviles,MERCEDES,,(1232402018) Soporte de motor modelos 123 (200D-220D-240D-240DT),1232402018 | 200D-220D-240D-240DT,https://reygoma.com.ar/wp-content/uploads/2018/12/IMP_637.gif,https://reygoma.com.ar/producto/art-1695/,Automoviles | MERCEDES,
REY GOMA,1694,SOPORTE DE MOTOR,Automoviles,MERCEDES,,(1232401318) Soporte de motor modelos 123-201 (200-220D-230-240-190-190E),1232401318 | 200-220D-230-240-190-190E,https://reygoma.com.ar/wp-content/uploads/2018/12/IMP_636.gif,https://reygoma.com.ar/producto/art-1694/,Automoviles | MERCEDES,
REY GOMA,,SOPORTE / GOMA-METAL,NISSAN,,,9004/1 Kit con abrazaderas y lubricante,,https://reygoma.com.ar/wp-content/uploads/2019/05/3551-3.gif,https://reygoma.com.ar/producto/9004-1/,NISSAN,
REY GOMA,,SOPORTE / GOMA-METAL,NISSAN,,,9004 Fuelle semi eje (lado caja) Kicks,lado caja,https://reygoma.com.ar/wp-content/uploads/2019/05/3551-3.gif,https://reygoma.com.ar/producto/9004/,NISSAN,CAJA
REY GOMA,9003,SOPORTE DE MOTOR,NISSAN,,,"(11210-EL01B) Soporte de motor (hidráulico) (lado derecho) Tiida, años 2007 al 2014",11210-EL01B | hidráulico | lado derecho,https://reygoma.com.ar/wp-content/uploads/2021/04/9003-e1617799862535.jpg,https://reygoma.com.ar/producto/art-9003/,NISSAN,DERECHO
REY GOMA,9002,SOPORTE DE MOTOR,NISSAN,,,(11350-EDB804) Buje grande reparación de soporte de motor Tiida año 2005 en adelante,11350-EDB804,https://reygoma.com.ar/wp-content/uploads/2018/11/9002.gif,https://reygoma.com.ar/producto/art-9002/,NISSAN,
REY GOMA,9001/1,SOPORTE / GOMA-METAL,NISSAN,,,Kit con abrazaderas y lubricante.,,https://reygoma.com.ar/wp-content/uploads/2018/11/9001-1.gif,https://reygoma.com.ar/producto/art-9001-1/,NISSAN,
REY GOMA,9001,SOPORTE / GOMA-METAL,NISSAN,,,Fuelle semi eje (lado caja) Sentra mexicano.,lado caja,https://reygoma.com.ar/wp-content/uploads/2018/11/9001.gif,https://reygoma.com.ar/producto/art-9001/,NISSAN,CAJA
REY GOMA,9000/1,SOPORTE / GOMA-METAL,NISSAN,,,Kit con abrazaderas y lubricante,,https://reygoma.com.ar/wp-content/uploads/2018/11/9000-1-1.gif,https://reygoma.com.ar/producto/art-9000-1/,NISSAN,
REY GOMA,9000,SOPORTE / GOMA-METAL,NISSAN,,,Fuelle semi eje (lado rueda) Sentra,lado rueda,https://reygoma.com.ar/wp-content/uploads/2018/11/9000-1.gif,https://reygoma.com.ar/producto/art-9000/,NISSAN,
REY GOMA,1954,BUJE,OPEL,Opel K 180,,K 180 (3454930) (3431255) Buje de barra estabilizadora trasera K 180.,3454930 | 3431255,https://reygoma.com.ar/wp-content/uploads/2018/12/19541x1-1.gif,https://reygoma.com.ar/producto/art-1954-2/,OPEL | Opel K 180,
REY GOMA,1952,SOPORTE / GOMA-METAL,OPEL,Opel K 180,,K 180 (7316518) Guardapolvo horquilla de embrague K 180.,7316518,https://reygoma.com.ar/wp-content/uploads/2018/12/19521x1-1.gif,https://reygoma.com.ar/producto/art-1952-2/,OPEL | Opel K 180,
REY GOMA,1951,PEDAL,OPEL,Opel K 180,,K 180 (8952997) Cubre pedal de freno y de embrague K 180.,8952997,https://reygoma.com.ar/wp-content/uploads/2018/12/19511x1-1.gif,https://reygoma.com.ar/producto/art-1951-2/,OPEL | Opel K 180,
REY GOMA,1950,SOPORTE / GOMA-METAL,OPEL,Opel K 180,,K 180 (8984651) Fuelle de dirección K 180.,8984651,https://reygoma.com.ar/wp-content/uploads/2018/12/19501x1-1.gif,https://reygoma.com.ar/producto/art-1950-2/,OPEL | Opel K 180,
REY GOMA,1949,SOPORTE DE CAJA,OPEL,Opel K 180,,K 180 (8977805) Soporte caja de velocidades K 180 y Chevette.,8977805,https://reygoma.com.ar/wp-content/uploads/2018/12/19491x1-1.gif,https://reygoma.com.ar/producto/art-1949-2/,OPEL | Opel K 180,CAJA
REY GOMA,1948,SOPORTE / GOMA-METAL,OPEL,Opel K 180,,"K 180 (2639324) Soporte delantero de motor K 180. Ø 67 mm. h 53 mm. rosca M 10 x 1,5",2639324,https://reygoma.com.ar/wp-content/uploads/2018/12/19481x1-1.gif,https://reygoma.com.ar/producto/art-1948-2/,OPEL | Opel K 180,
REY GOMA,1947,BUJE,OPEL,Opel K 180,,K 180 (2875013) Buje estabilizador K 180.,2875013,https://reygoma.com.ar/wp-content/uploads/2018/12/19471x1-1.gif,https://reygoma.com.ar/producto/art-1947-2/,OPEL | Opel K 180,
REY GOMA,1946,SOPORTE / GOMA-METAL,OPEL,Opel K 180,,K 180 (2886700) Anillo soporte de silenciador K 180.,2886700,https://reygoma.com.ar/wp-content/uploads/2018/12/19461x1-1.gif,https://reygoma.com.ar/producto/art-1946-2/,OPEL | Opel K 180,
REY GOMA,1945,BUJE,OPEL,Opel K 180,,K 180 (8982376) Buje de parrilla superior K 180.,8982376,https://reygoma.com.ar/wp-content/uploads/2018/12/19451x1-1.gif,https://reygoma.com.ar/producto/art-1945-2/,OPEL | Opel K 180,
REY GOMA,1954,BUJE,Chevette,OPEL,,(3454930) (3431255) Buje de barra estabilizadora trasera K 180.,3454930 | 3431255,https://reygoma.com.ar/wp-content/uploads/2018/12/19541x1.gif,https://reygoma.com.ar/producto/art-1954/,Chevette | OPEL,
REY GOMA,1952,SOPORTE / GOMA-METAL,Chevette,OPEL,,(7316518) Guardapolvo horquilla de embrague K 180.,7316518,https://reygoma.com.ar/wp-content/uploads/2018/12/19521x1.gif,https://reygoma.com.ar/producto/art-1952/,Chevette | OPEL,
REY GOMA,1951,PEDAL,Chevette,OPEL,,(8952997) Cubre pedal de freno y de embrague K 180.,8952997,https://reygoma.com.ar/wp-content/uploads/2018/12/19511x1.gif,https://reygoma.com.ar/producto/art-1951/,Chevette | OPEL,
REY GOMA,1950,SOPORTE / GOMA-METAL,Chevette,OPEL,,(8984651) Fuelle de dirección K 180.,8984651,https://reygoma.com.ar/wp-content/uploads/2018/12/19501x1.gif,https://reygoma.com.ar/producto/art-1950/,Chevette | OPEL,
REY GOMA,1949,SOPORTE DE CAJA,Chevette,OPEL,,(8977805) Soporte de caja de velocidades K 180 y .,8977805,https://reygoma.com.ar/wp-content/uploads/2018/12/19491x1.gif,https://reygoma.com.ar/producto/art-1949/,Chevette | OPEL,CAJA
REY GOMA,1948,SOPORTE / GOMA-METAL,Chevette,OPEL,,"(2639324) Soporte delantero de motor K 180. Ø 67 mm. h 53 mm. rosca M 10 x 1,5",2639324,https://reygoma.com.ar/wp-content/uploads/2018/12/19481x1.gif,https://reygoma.com.ar/producto/art-1948/,Chevette | OPEL,
REY GOMA,1947,BUJE,Chevette,OPEL,,(2875013) Buje estabilizador K 180.,2875013,https://reygoma.com.ar/wp-content/uploads/2018/12/19471x1.gif,https://reygoma.com.ar/producto/art-1947/,Chevette | OPEL,
REY GOMA,1946,SOPORTE / GOMA-METAL,Chevette,OPEL,,(2886700) Anillo soporte de silenciador K 180.,2886700,https://reygoma.com.ar/wp-content/uploads/2018/12/19461x1.gif,https://reygoma.com.ar/producto/art-1946/,Chevette | OPEL,
REY GOMA,1945,BUJE,Chevette,OPEL,,(8982376) Buje de parrilla superior K 180.,8982376,https://reygoma.com.ar/wp-content/uploads/2018/12/19451x1.gif,https://reygoma.com.ar/producto/art-1945/,Chevette | OPEL,
REY GOMA,8216,SOPORTE / GOMA-METAL,PERKINS,,,(006086) Soporte delantero de motor 4-203 potenciado,006086,https://reygoma.com.ar/wp-content/uploads/2018/11/82161x1.gif,https://reygoma.com.ar/producto/art-8216/,PERKINS,
REY GOMA,8215,SOPORTE / GOMA-METAL,PERKINS,,,(L0908) Soporte delantero de motor potenciado,L0908,https://reygoma.com.ar/wp-content/uploads/2018/11/82151x1.gif,https://reygoma.com.ar/producto/art-8215/,PERKINS,
REY GOMA,8214,SOPORTE / GOMA-METAL,PERKINS,,,"(BAC7D56038A) Soporte delantero de motor 6-354, camiones Ford F 600, F 700, F 7000 y camiones Dodge",BAC7D56038A,https://reygoma.com.ar/wp-content/uploads/2018/11/82141x1.gif,https://reygoma.com.ar/producto/art-8214/,PERKINS,
REY GOMA,8213,SOPORTE / GOMA-METAL,PERKINS,,,(BAC4DF6039) Soporte delantero de motor 6-305 y camiones Ford F 600 años 1964/66,BAC4DF6039,https://reygoma.com.ar/wp-content/uploads/2018/11/82131x1.gif,https://reygoma.com.ar/producto/art-8213/,PERKINS,
REY GOMA,8212,SOPORTE / GOMA-METAL,PERKINS,,,(D18573) Soporte delantero de motor 108 y Chevrolet diesel,D18573,https://reygoma.com.ar/wp-content/uploads/2018/11/82121x1.gif,https://reygoma.com.ar/producto/art-8212/,PERKINS,
REY GOMA,8209,SOPORTE / GOMA-METAL,PERKINS,,,(D15272) Soporte delantero de motor,D15272,https://reygoma.com.ar/wp-content/uploads/2018/11/82091x1.gif,https://reygoma.com.ar/producto/art-8209/,PERKINS,
REY GOMA,6828/1,SOPORTE / GOMA-METAL,407,"Expert, PEUGEOT",,Kit con abrazaderas y lubricante,,https://reygoma.com.ar/wp-content/uploads/2019/05/3552.gif,https://reygoma.com.ar/producto/art-6828-1/,407 | Expert | PEUGEOT,
REY GOMA,6828,SOPORTE / GOMA-METAL,407,"Expert, PEUGEOT",,Fuelle semi eje (lado caja) / año 2012/..,lado caja,https://reygoma.com.ar/wp-content/uploads/2019/05/3552.gif,https://reygoma.com.ar/producto/art-6828/,407 | Expert | PEUGEOT,CAJA
REY GOMA,6827,CAZOLETA,2008,"208, 301, PEUGEOT",,(5038G60) Cazoleta suspension delantera / /,5038G60,https://reygoma.com.ar/wp-content/uploads/2024/10/6827reducido.jpg,https://reygoma.com.ar/producto/art-6827/,2008 | 208 | 301 | PEUGEOT,
REY GOMA,6826,SOPORTE / GOMA-METAL,3008,"307, 308, 408, 5008, PEUGEOT",,(1806AO) Soporte trasero de motor y c/motores 1.8 16V y 2.0 16V EW10A,1806AO,https://reygoma.com.ar/wp-content/uploads/2022/07/8404-1.jpg,https://reygoma.com.ar/producto/art-6826/,3008 | 307 | 308 | 408 | 5008 | PEUGEOT,
REY GOMA,6825,SOPORTE DE MOTOR,208,PEUGEOT,,(9817020980) Soporte de motor (lado derecho) 1.6 16V,9817020980 | lado derecho,https://reygoma.com.ar/wp-content/uploads/2022/04/6825-1.jpg,https://reygoma.com.ar/producto/art-6825/,208 | PEUGEOT,DERECHO
REY GOMA,6824,SOPORTE DE MOTOR,207,PEUGEOT,,"(9654166080) Soporte de motor (hidráulico) (lado derecho) 1.4 VTI naftero, años 2006 al 2012",9654166080 | hidráulico | lado derecho,https://reygoma.com.ar/wp-content/uploads/2021/04/6824-e1617738568414.jpg,https://reygoma.com.ar/producto/art-6824/,207 | PEUGEOT,DERECHO
REY GOMA,6823,SOPORTE / GOMA-METAL,2008,"208, PEUGEOT",,(9811898780) (9802186880) Bieleta antipar y .,9811898780 | 9802186880,https://reygoma.com.ar/wp-content/uploads/2019/01/8373.gif,https://reygoma.com.ar/producto/art-6823/,2008 | 208 | PEUGEOT,
REY GOMA,6822,SOPORTE DE MOTOR,2008,"208, PEUGEOT",,(9802185580) Soporte de motor (lado derecho) y 1.5 y 1.6 (motor TU4) año 2012 en adelante.,9802185580 | lado derecho | motor TU4,https://reygoma.com.ar/wp-content/uploads/2020/08/6822-1-300x245.jpg,https://reygoma.com.ar/producto/art-6822/,2008 | 208 | PEUGEOT,DERECHO
REY GOMA,6821,SOPORTE DE MOTOR,208,PEUGEOT,,(1839F6) Soporte de motor (hidráulico) (lado derecho) 1.4 / 1.5,1839F6 | hidráulico | lado derecho,https://reygoma.com.ar/wp-content/uploads/2019/08/6821-e1567188303842-300x253.jpg,https://reygoma.com.ar/producto/art-6821/,208 | PEUGEOT,DERECHO
REY GOMA,6820,SOPORTE DE MOTOR,2008,"208, PEUGEOT",,(181392) Soporte de motor (lado izquierdo) y 1.6 16V,181392 | lado izquierdo,https://reygoma.com.ar/wp-content/uploads/2019/01/8374.gif,https://reygoma.com.ar/producto/art-6820-2/,2008 | 208 | PEUGEOT,IZQUIERDO
REY GOMA,6819,SOPORTE DE MOTOR,2008,"208, PEUGEOT",,(1839F0) Soporte de motor (hidráulico) (lado derecho) y 1.6 16V,1839F0 | hidráulico | lado derecho,https://reygoma.com.ar/wp-content/uploads/2019/01/8375.gif,https://reygoma.com.ar/producto/art-6819/,2008 | 208 | PEUGEOT,DERECHO
REY GOMA,ner,SOPORTE / GOMA-METAL,306,"504, 505, Partner, PEUGEOT",,Capuchón precap y,,https://reygoma.com.ar/wp-content/uploads/2019/08/6818-e1567183688235-300x300.jpg,https://reygoma.com.ar/producto/art-6818/,306 | 504 | 505 | Partner | PEUGEOT,
REY GOMA,6817,SOPORTE DE MOTOR,Boxer,PEUGEOT,,(180759) Soporte de motor (lado izquierdo) 2.3,180759 | lado izquierdo,https://reygoma.com.ar/wp-content/uploads/2019/05/6817.png,https://reygoma.com.ar/producto/art-6817/,Boxer | PEUGEOT,IZQUIERDO
REY GOMA,7036,SOPORTE DE MOTOR,206,PEUGEOT,,(1844510) Soporte de motor (lado izquierdo) modelo motor 1600 y 307 HDI 2.0L 110CV.,1844510 | lado izquierdo,https://reygoma.com.ar/wp-content/uploads/2019/04/7036.gif,https://reygoma.com.ar/producto/art-7036/,206 | PEUGEOT,IZQUIERDO
REY GOMA,7085,SOPORTE DE MOTOR,307,PEUGEOT,,(183994) Soporte de motor (hidráulico) EW10EJ4 naftero,183994 | hidráulico,https://reygoma.com.ar/wp-content/uploads/2019/03/7085.gif,https://reygoma.com.ar/producto/art-7085-2/,307 | PEUGEOT,
REY GOMA,7029,SOPORTE DE MOTOR,206,PEUGEOT,,"(184447) Soporte de motor (lado derecho) (no hidráulico) modelos 306 XS, XSI, XD, XDT y naftero",184447 | lado derecho | no hidráulico,https://reygoma.com.ar/wp-content/uploads/2019/03/70291x1-1.gif,https://reygoma.com.ar/producto/art-7029/,206 | PEUGEOT,DERECHO
REY GOMA,ner,SOPORTE DE MOTOR,Partner,PEUGEOT,,(1844A7) Soporte de motor (lado derecho) 1.4 8V,1844A7 | lado derecho,https://reygoma.com.ar/wp-content/uploads/2019/01/6815.gif,https://reygoma.com.ar/producto/art-6815/,Partner | PEUGEOT,DERECHO
REY GOMA,ner,SOPORTE / GOMA-METAL,Partner,PEUGEOT,,"(1809-205I) Soporte inferior de motor 106 – 205 – 206 – 1.4/1.6 Nafta, 206 – 1.9 Diesel 2005 /… Ø 65 mm.",1809-205I,https://reygoma.com.ar/wp-content/uploads/2019/01/70241x1-1.gif,https://reygoma.com.ar/producto/art-7089-4/,Partner | PEUGEOT,
REY GOMA,ner,SOPORTE / GOMA-METAL,Partner,PEUGEOT,,"(1807430) Soporte delantero de motor (hidráulico) (lado derecho) modelos 405 naftero, 205, 306, 309 y",1807430 | hidráulico | lado derecho,https://reygoma.com.ar/wp-content/uploads/2019/01/70211x1-1.gif,https://reygoma.com.ar/producto/art-7082-5/,Partner | PEUGEOT,DERECHO
REY GOMA,ner,SOPORTE / GOMA-METAL,Partner,PEUGEOT,,Kit con abrazaderas y lubricante.,,https://reygoma.com.ar/wp-content/uploads/2019/01/7073-1.gif,https://reygoma.com.ar/producto/art-7073-1-3/,Partner | PEUGEOT,
REY GOMA,ner,SOPORTE / GOMA-METAL,Partner,PEUGEOT,,"Fuelle semi eje (lado caja) c/trebol modelos 106, 206 y Patágonica",lado caja,https://reygoma.com.ar/wp-content/uploads/2019/01/7073.gif,https://reygoma.com.ar/producto/art-7073-3/,Partner | PEUGEOT,CAJA
REY GOMA,ner,CAZOLETA,Partner,PEUGEOT,,(5038-210-0) Cazoleta de amortiguador .,5038-210-0,https://reygoma.com.ar/wp-content/uploads/2019/01/7069.gif,https://reygoma.com.ar/producto/art-7069/,Partner | PEUGEOT,
REY GOMA,ner,SOPORTE / GOMA-METAL,Partner,PEUGEOT,,Kit con abrazaderas y lubricante,,https://reygoma.com.ar/wp-content/uploads/2019/01/7066-1.gif,https://reygoma.com.ar/producto/art-7066-1-2/,Partner | PEUGEOT,
REY GOMA,ner,SOPORTE / GOMA-METAL,Partner,PEUGEOT,,Fuelle s/eje 405 caño (lado rueda) y,lado rueda,https://reygoma.com.ar/wp-content/uploads/2019/01/7066.gif,https://reygoma.com.ar/producto/art-7066-2/,Partner | PEUGEOT,
REY GOMA,ner,SOPORTE / GOMA-METAL,Partner,PEUGEOT,,Kit con abrazaderas y lubricante,,https://reygoma.com.ar/wp-content/uploads/2019/01/7065-1.gif,https://reygoma.com.ar/producto/art-7065-1-2/,Partner | PEUGEOT,
REY GOMA,ner,SOPORTE / GOMA-METAL,Partner,PEUGEOT,,Fuelle s/eje 405 caño (lado caja) (intermedio).,lado caja | intermedio,https://reygoma.com.ar/wp-content/uploads/2019/01/7065.gif,https://reygoma.com.ar/producto/art-7065-2/,Partner | PEUGEOT,CAJA
REY GOMA,ner,BUJE,Partner,PEUGEOT,,"(1807470) Soporte buje central de motor modelos 405 naftero, y 307 1.6, 2.0L, HDI. Ø 70 mm",1807470,https://reygoma.com.ar/wp-content/uploads/2019/01/70241x1.gif,https://reygoma.com.ar/producto/art-7024-3/,Partner | PEUGEOT,CENTRO
REY GOMA,ner,SOPORTE / GOMA-METAL,Partner,PEUGEOT,,"(1843950) Soporte delantero de motor (lado izquierdo) modelos 405 naftero, 106, 205, 309 y",1843950 | lado izquierdo,https://reygoma.com.ar/wp-content/uploads/2019/01/70221x1.gif,https://reygoma.com.ar/producto/art-7022-5/,Partner | PEUGEOT,IZQUIERDO
REY GOMA,ner,SOPORTE / GOMA-METAL,Partner,PEUGEOT,,"(1807430) Soporte delantero de motor (lado derecho) modelo 405 naftero (no hidráulico), 205, 309 y",1807430 | lado derecho | no hidráulico,https://reygoma.com.ar/wp-content/uploads/2019/01/70211x1-e1553702691858.gif,https://reygoma.com.ar/producto/art-7021-4/,Partner | PEUGEOT,DERECHO
REY GOMA,ner,SOPORTE / GOMA-METAL,Partner,PEUGEOT,,Kit con abrazaderas y lubricante,,https://reygoma.com.ar/wp-content/uploads/2019/01/6813-1.gif,https://reygoma.com.ar/producto/art-6813-1-3/,Partner | PEUGEOT,
REY GOMA,ner,SOPORTE / GOMA-METAL,Partner,PEUGEOT,,Fuelle semi eje (lado caja) 207 – 307 y (palier corto),lado caja | palier corto,https://reygoma.com.ar/wp-content/uploads/2019/01/6813.gif,https://reygoma.com.ar/producto/art-6813-3/,Partner | PEUGEOT,CAJA
REY GOMA,ner,SOPORTE / GOMA-METAL,Partner,PEUGEOT,,Kit con abrazaderas y lubricante.,,https://reygoma.com.ar/wp-content/uploads/2019/01/6808-1.gif,https://reygoma.com.ar/producto/art-6808-1-2/,Partner | PEUGEOT,
REY GOMA,ner,SOPORTE / GOMA-METAL,Partner,PEUGEOT,,Fuelle semi eje palier grueso (lado caja) c/forma 307 y .,lado caja,https://reygoma.com.ar/wp-content/uploads/2019/01/6808.gif,https://reygoma.com.ar/producto/art-6808-2/,Partner | PEUGEOT,CAJA
REY GOMA,ner,SOPORTE / GOMA-METAL,Partner,PEUGEOT,,Kit con abrazaderas y lubricante.,,https://reygoma.com.ar/wp-content/uploads/2019/01/6807-1.gif,https://reygoma.com.ar/producto/art-6807-1-4/,Partner | PEUGEOT,
REY GOMA,ner,SOPORTE / GOMA-METAL,Partner,PEUGEOT,,Fuelle semi eje palier fino (lado caja) 206 – 207 – 307 y .,lado caja,https://reygoma.com.ar/wp-content/uploads/2019/01/6807.gif,https://reygoma.com.ar/producto/art-6807-4/,Partner | PEUGEOT,CAJA
REY GOMA,7092,SOPORTE DE MOTOR,Boxer,PEUGEOT,,(430107441) Silentbloc soporte de motor,430107441,https://reygoma.com.ar/wp-content/uploads/2019/01/imp6510s.gif,https://reygoma.com.ar/producto/art-7092/,Boxer | PEUGEOT,
REY GOMA,7091,CAZOLETA,Boxer,PEUGEOT,,(1307241080) Cazoleta de amortiguador (lado izquierdo),1307241080 | lado izquierdo,https://reygoma.com.ar/wp-content/uploads/2019/01/imp_1887.gif,https://reygoma.com.ar/producto/art-7091/,Boxer | PEUGEOT,IZQUIERDO
REY GOMA,7090,CAZOLETA,Boxer,PEUGEOT,,(1307242080) Cazoleta de amortiguador (lado derecho),1307242080 | lado derecho,https://reygoma.com.ar/wp-content/uploads/2019/01/imp_1886.gif,https://reygoma.com.ar/producto/art-7090/,Boxer | PEUGEOT,DERECHO
REY GOMA,7083,SOPORTE DE MOTOR,Boxer,PEUGEOT,,"(180139) (180253) Soporte de motor (ambos lados) 2,8 TDI año 2005 en adelante.",180139 | 180253 | ambos lados,https://reygoma.com.ar/wp-content/uploads/2019/01/2339.gif,https://reygoma.com.ar/producto/art-7083/,Boxer | PEUGEOT,AMBOS LADOS
REY GOMA,7075,SOPORTE / GOMA-METAL,Boxer,PEUGEOT,,(182719) Soporte delantero de motor (lado derecho) 2.5,182719 | lado derecho,https://reygoma.com.ar/wp-content/uploads/2019/01/7075.gif,https://reygoma.com.ar/producto/art-7075/,Boxer | PEUGEOT,DERECHO
REY GOMA,7074,SOPORTE / GOMA-METAL,Boxer,PEUGEOT,,(182717) Soporte delantero de motor (lado izquierdo) 2.5,182717 | lado izquierdo,https://reygoma.com.ar/wp-content/uploads/2019/01/7074.gif,https://reygoma.com.ar/producto/art-7074/,Boxer | PEUGEOT,IZQUIERDO
REY GOMA,7072,PEDAL,Boxer,PEUGEOT,,(4504160) Cubre pedal de freno y de embrague .,4504160,https://reygoma.com.ar/wp-content/uploads/2019/01/7072.gif,https://reygoma.com.ar/producto/art-7072/,Boxer | PEUGEOT,
REY GOMA,7071,SOPORTE DE CAJA,Boxer,PEUGEOT,,(184666) Soporte caja de velocidades (modelo nuevo).,184666 | modelo nuevo,https://reygoma.com.ar/wp-content/uploads/2019/01/23297071.gif,https://reygoma.com.ar/producto/art-7071/,Boxer | PEUGEOT,CAJA
REY GOMA,7070,TOPE AMORTIGUADOR,Boxer,PEUGEOT,,Tope rebote de amortiguador (trasero) .,trasero,https://reygoma.com.ar/wp-content/uploads/2019/01/7070-e1554128372880.gif,https://reygoma.com.ar/producto/art-7070/,Boxer | PEUGEOT,
REY GOMA,7068,SOPORTE DE CAJA,Boxer,PEUGEOT,,(184398) Soporte caja de velocidades (moderno) .,184398 | moderno,https://reygoma.com.ar/wp-content/uploads/2019/01/7068.gif,https://reygoma.com.ar/producto/art-7068/,Boxer | PEUGEOT,CAJA
REY GOMA,7067,SOPORTE / GOMA-METAL,Boxer,PEUGEOT,,(184361) Soporte completo de motor .,184361,https://reygoma.com.ar/wp-content/uploads/2019/01/7067.gif,https://reygoma.com.ar/producto/art-7067/,Boxer | PEUGEOT,
REY GOMA,7057/1,SOPORTE / GOMA-METAL,Boxer,PEUGEOT,,Kit con abrazaderas y lubricante,,https://reygoma.com.ar/wp-content/uploads/2019/01/7057-1.gif,https://reygoma.com.ar/producto/art-7057-1/,Boxer | PEUGEOT,
REY GOMA,7057,SOPORTE / GOMA-METAL,Boxer,PEUGEOT,,Fuelle semi eje (lado rueda),lado rueda,https://reygoma.com.ar/wp-content/uploads/2019/01/7057.gif,https://reygoma.com.ar/producto/art-7057/,Boxer | PEUGEOT,
REY GOMA,7056/1,SOPORTE / GOMA-METAL,Boxer,PEUGEOT,,Kit con abrazaderas y lubricante,,https://reygoma.com.ar/wp-content/uploads/2019/01/7056-1.gif,https://reygoma.com.ar/producto/art-7056-1/,Boxer | PEUGEOT,
REY GOMA,7056,SOPORTE / GOMA-METAL,Boxer,PEUGEOT,,Fuelle semi eje (lado caja),lado caja,https://reygoma.com.ar/wp-content/uploads/2019/01/7056.gif,https://reygoma.com.ar/producto/art-7056/,Boxer | PEUGEOT,CAJA
REY GOMA,7049,BUJE,Boxer,PEUGEOT,,(3521-650T) Buje parrilla delantera .,3521-650T,https://reygoma.com.ar/wp-content/uploads/2019/01/7049.jpg,https://reygoma.com.ar/producto/art-7049/,Boxer | PEUGEOT,
REY GOMA,7048,BUJE,Boxer,PEUGEOT,,(3521-650D) Buje parrilla delantera (goma y caño).,3521-650D | goma y caño,https://reygoma.com.ar/wp-content/uploads/2019/01/7048.jpg,https://reygoma.com.ar/producto/art-7048/,Boxer | PEUGEOT,
REY GOMA,6814/1,SOPORTE / GOMA-METAL,Boxer,PEUGEOT,,Kit con abrazaderas,,https://reygoma.com.ar/wp-content/uploads/2018/12/6814-1.gif,https://reygoma.com.ar/producto/art-6814-1/,Boxer | PEUGEOT,
REY GOMA,6814,SOPORTE / GOMA-METAL,Boxer,PEUGEOT,,"Fuelle semi eje (lado caja) palier grueso, con trébol",lado caja,https://reygoma.com.ar/wp-content/uploads/2018/12/6814.gif,https://reygoma.com.ar/producto/art-6814/,Boxer | PEUGEOT,CAJA
REY GOMA,6806/1,SOPORTE / GOMA-METAL,Boxer,PEUGEOT,,Kit con abrazaderas y lubricante.,,https://reygoma.com.ar/wp-content/uploads/2018/12/6806-1.gif,https://reygoma.com.ar/producto/art-6806-1/,Boxer | PEUGEOT,
REY GOMA,6806,SOPORTE / GOMA-METAL,Boxer,PEUGEOT,,Fuelle semi eje (lado rueda) .,lado rueda,https://reygoma.com.ar/wp-content/uploads/2018/12/6806.gif,https://reygoma.com.ar/producto/art-6806/,Boxer | PEUGEOT,
REY GOMA,6803,SOPORTE / GOMA-METAL,Boxer,PEUGEOT,,(1846-65) Soporte superior de motor,1846-65,https://reygoma.com.ar/wp-content/uploads/2018/12/6803-e1553701992472.gif,https://reygoma.com.ar/producto/art-6803/,Boxer | PEUGEOT,
REY GOMA,7087,SOPORTE DE MOTOR,Expert,PEUGEOT,,(184493) soporte de motor (lado derecho) hdi,184493 | lado derecho,https://reygoma.com.ar/wp-content/uploads/2018/12/7087.gif,https://reygoma.com.ar/producto/art-7087/,Expert | PEUGEOT,DERECHO
REY GOMA,7088,SOPORTE DE MOTOR,Expert,PEUGEOT,,(182716) Soporte de motor (lado izquierdo) HDI,182716 | lado izquierdo,https://reygoma.com.ar/wp-content/uploads/2018/12/70311x1-1-1.gif,https://reygoma.com.ar/producto/art-7088/,Expert | PEUGEOT,IZQUIERDO
REY GOMA,7094,PEDAL,806,PEUGEOT,,"(213013) Cubre pedal de freno modelos 306, 405, 605 y",213013,https://reygoma.com.ar/wp-content/uploads/2018/12/IMP_8060-2-e1554217489913.gif,https://reygoma.com.ar/producto/art-7094-4/,806 | PEUGEOT,
REY GOMA,7093,PEDAL,806,PEUGEOT,,"(450412) Cubre pedal de embrague modelos 306, 405, 605 y",450412,https://reygoma.com.ar/wp-content/uploads/2018/12/IMP_8059-1-1-e1554217415832.gif,https://reygoma.com.ar/producto/art-7093-4/,806 | PEUGEOT,
REY GOMA,7094,PEDAL,605,PEUGEOT,,"(213013) Cubre pedal de freno modelos 306, 405, y 806",213013,https://reygoma.com.ar/wp-content/uploads/2018/12/IMP_8060-1-1-e1554217331310.gif,https://reygoma.com.ar/producto/art-7094-3/,605 | PEUGEOT,
REY GOMA,7093,PEDAL,605,PEUGEOT,,"(450412) Cubre pedal de embrague modelos 306, 405, y 806",450412,https://reygoma.com.ar/wp-content/uploads/2018/12/IMP_8059-2-e1554217271301.gif,https://reygoma.com.ar/producto/art-7093-3/,605 | PEUGEOT,
REY GOMA,7058/1,SOPORTE / GOMA-METAL,605,PEUGEOT,,Kit con abrazaderas y lubricante,,https://reygoma.com.ar/wp-content/uploads/2018/12/7058-1-1.gif,https://reygoma.com.ar/producto/art-7058-1-4/,605 | PEUGEOT,
REY GOMA,7058,SOPORTE / GOMA-METAL,605,PEUGEOT,,"Fuelle semi eje (lado rueda) modelos 306, 406, 405 copa grande",lado rueda,https://reygoma.com.ar/wp-content/uploads/2018/12/7058-6.gif,https://reygoma.com.ar/producto/art-7058-4/,605 | PEUGEOT,
REY GOMA,7031,SOPORTE DE MOTOR,605,PEUGEOT,,(182706) Soporte de motor (lado derecho) modelos 405 y DTI (no hidráulico),182706 | lado derecho | no hidráulico,https://reygoma.com.ar/wp-content/uploads/2018/12/70311x1-1.gif,https://reygoma.com.ar/producto/art-7031-2/,605 | PEUGEOT,DERECHO
REY GOMA,7079,TOPE AMORTIGUADOR,505,PEUGEOT,,Tope rebote de amortiguador delantero modelo,,https://reygoma.com.ar/wp-content/uploads/2018/12/7079-e1554128444778.gif,https://reygoma.com.ar/producto/art-7079/,505 | PEUGEOT,
REY GOMA,7060/2,SOPORTE / GOMA-METAL,505,PEUGEOT,,Fuelle semi eje (ambos lados) modelo + chapa y kit con abrazaderas y lubricante,ambos lados,https://reygoma.com.ar/wp-content/uploads/2018/12/7060-2.gif,https://reygoma.com.ar/producto/art-7060-2/,505 | PEUGEOT,AMBOS LADOS
REY GOMA,7060/1,SOPORTE / GOMA-METAL,505,PEUGEOT,,Kit con abrazaderas y lubricante,,https://reygoma.com.ar/wp-content/uploads/2018/12/7060-1.gif,https://reygoma.com.ar/producto/art-7060-1/,505 | PEUGEOT,
REY GOMA,7060,SOPORTE / GOMA-METAL,505,PEUGEOT,,Fuelle semi eje (ambos lados) modelo,ambos lados,https://reygoma.com.ar/wp-content/uploads/2018/12/7060.gif,https://reygoma.com.ar/producto/art-7060/,505 | PEUGEOT,AMBOS LADOS
REY GOMA,7052,SOPORTE / GOMA-METAL,505,PEUGEOT,,Fuelle largo cremallera modelo,,https://reygoma.com.ar/wp-content/uploads/2018/12/7052.gif,https://reygoma.com.ar/producto/art-7052/,505 | PEUGEOT,
REY GOMA,7050,SOPORTE / GOMA-METAL,505,PEUGEOT,,Fuelle corto dirección hidráulica modelo,,https://reygoma.com.ar/wp-content/uploads/2018/12/7050.gif,https://reygoma.com.ar/producto/art-7050/,505 | PEUGEOT,
REY GOMA,7047,CAZOLETA,505,PEUGEOT,,(5210-220) Cazoleta 86/.,5210-220,https://reygoma.com.ar/wp-content/uploads/2018/12/7047.gif,https://reygoma.com.ar/producto/art-7047/,505 | PEUGEOT,
REY GOMA,7046,SOPORTE DE CAJA,505,PEUGEOT,,"(1843-700) Soporte caja 5 velocidades 504, naftero.",1843-700,https://reygoma.com.ar/wp-content/uploads/2018/12/7046-1.gif,https://reygoma.com.ar/producto/art-7046-2/,505 | PEUGEOT,CAJA
REY GOMA,7045,SOPORTE DE CAJA,505,PEUGEOT,,(1843-680) Soporte caja 5 velocidades 504 y diesel.,1843-680,https://reygoma.com.ar/wp-content/uploads/2018/12/7045-1.gif,https://reygoma.com.ar/producto/art-7045-2/,505 | PEUGEOT,CAJA
REY GOMA,7042,SOPORTE / GOMA-METAL,505,PEUGEOT,,"(9991-041) Contrapeso largo 404, 504, nafta/diesel.",9991-041,https://reygoma.com.ar/wp-content/uploads/2018/12/7042-1-1.gif,https://reygoma.com.ar/producto/art-7042-3/,505 | PEUGEOT,
REY GOMA,7040,CAZOLETA,505,PEUGEOT,,(5210-170) Cazoleta 504 y .,5210-170,https://reygoma.com.ar/wp-content/uploads/2018/12/7040-1.gif,https://reygoma.com.ar/producto/art-7040-2/,505 | PEUGEOT,
REY GOMA,7020,SOPORTE / GOMA-METAL,505,PEUGEOT,,(1463013) Soporte de filtro de aire modleo naftero,1463013,https://reygoma.com.ar/wp-content/uploads/2018/12/70201x1.gif,https://reygoma.com.ar/producto/art-7020/,505 | PEUGEOT,
REY GOMA,7018,SOPORTE / GOMA-METAL,505,PEUGEOT,,(1807430) Soporte delantero de motor (no hidráulico) modelo diesel,1807430 | no hidráulico,https://reygoma.com.ar/wp-content/uploads/2018/12/70181x1-1.gif,https://reygoma.com.ar/producto/art-7018/,505 | PEUGEOT,
REY GOMA,7017,SOPORTE / GOMA-METAL,505,PEUGEOT,,(1807280) Soporte delantero de motor modelos 504 diesel y (motor diesel ligero xd2),1807280 | motor diesel ligero xd2,https://reygoma.com.ar/wp-content/uploads/2018/12/70171x1-1.gif,https://reygoma.com.ar/producto/art-7017-2/,505 | PEUGEOT,
REY GOMA,7016,BUJE,505,PEUGEOT,,(5220002) Buje de amortiguador modelos 504 y,5220002,https://reygoma.com.ar/wp-content/uploads/2018/12/70161x1-1.gif,https://reygoma.com.ar/producto/art-7016-2/,505 | PEUGEOT,
REY GOMA,7015,BUJE,505,PEUGEOT,,(3561060) Buje de suspensión con pestaña modelos 504 y,3561060,https://reygoma.com.ar/wp-content/uploads/2018/12/70151x1-1.gif,https://reygoma.com.ar/producto/art-7015-2/,505 | PEUGEOT,
REY GOMA,7004,SOPORTE / GOMA-METAL,505,PEUGEOT,,"(1807250) Soporte delantero de motor modelos 404 diesel, 504 diesel y naftero",1807250,https://reygoma.com.ar/wp-content/uploads/2018/12/70041x1-1-1.gif,https://reygoma.com.ar/producto/art-7004-3/,505 | PEUGEOT,
REY GOMA,7076,TOPE AMORTIGUADOR,504,PEUGEOT,,Tope rebote de amortiguador delantero modelo,,https://reygoma.com.ar/wp-content/uploads/2018/12/7076.gif,https://reygoma.com.ar/producto/art-7076/,504 | PEUGEOT,
REY GOMA,7046,SOPORTE DE CAJA,504,PEUGEOT,,(1843-700) Soporte caja 5 velocidades 505 naftero.,1843-700,https://reygoma.com.ar/wp-content/uploads/2018/12/7046.gif,https://reygoma.com.ar/producto/art-7046/,504 | PEUGEOT,CAJA
REY GOMA,7045,SOPORTE DE CAJA,504,PEUGEOT,,(1843-680) Soporte caja 5 velocidades y 505 diesel.,1843-680,https://reygoma.com.ar/wp-content/uploads/2018/12/7045.gif,https://reygoma.com.ar/producto/art-7045/,504 | PEUGEOT,CAJA
REY GOMA,7044,SOPORTE / GOMA-METAL,504,PEUGEOT,,(1874-032) Contrapeso caja 404 diesel.,1874-032,https://reygoma.com.ar/wp-content/uploads/2018/12/7044-1.gif,https://reygoma.com.ar/producto/art-7044-2/,504 | PEUGEOT,
REY GOMA,7043,SOPORTE DE CAJA,504,PEUGEOT,,(1843-260) Soporte caja de velocidades 404 y nafteros.,1843-260,https://reygoma.com.ar/wp-content/uploads/2018/12/7043-1.gif,https://reygoma.com.ar/producto/art-7043-2/,504 | PEUGEOT,CAJA
REY GOMA,7042,SOPORTE / GOMA-METAL,504,PEUGEOT,,"(9991-041) Contrapeso largo 404, 505 nafta/diesel.",9991-041,https://reygoma.com.ar/wp-content/uploads/2018/12/7042-1.gif,https://reygoma.com.ar/producto/art-7042-2/,504 | PEUGEOT,
REY GOMA,7041,SOPORTE / GOMA-METAL,504,PEUGEOT,,(9991-039) Contrapeso corto 404 nafteros.,9991-039,https://reygoma.com.ar/wp-content/uploads/2018/12/7041-1.gif,https://reygoma.com.ar/producto/art-7041-2/,504 | PEUGEOT,
REY GOMA,7040,CAZOLETA,504,PEUGEOT,,(5210-170) Cazoleta y 505.,5210-170,https://reygoma.com.ar/wp-content/uploads/2018/12/7040.gif,https://reygoma.com.ar/producto/art-7040/,504 | PEUGEOT,
REY GOMA,7019,SOPORTE / GOMA-METAL,504,PEUGEOT,,(14250602) Soporte de filtro de aire modelo XD2 motor diesel,14250602,https://reygoma.com.ar/wp-content/uploads/2018/12/70191x1.gif,https://reygoma.com.ar/producto/art-7019/,504 | PEUGEOT,
REY GOMA,7017,SOPORTE / GOMA-METAL,504,PEUGEOT,,(1807280) Soporte delantero de motor modelos diesel y 505 diesel (motor diesel ligero xd2),1807280 | motor diesel ligero xd2,https://reygoma.com.ar/wp-content/uploads/2018/12/70171x1.gif,https://reygoma.com.ar/producto/art-7017/,504 | PEUGEOT,
REY GOMA,7016,BUJE,504,PEUGEOT,,(5220002) Buje de amortiguador modelos y 505,5220002,https://reygoma.com.ar/wp-content/uploads/2018/12/70161x1.gif,https://reygoma.com.ar/producto/art-7016/,504 | PEUGEOT,
REY GOMA,7015,BUJE,504,PEUGEOT,,(3561060) Buje de suspensión con pestaña modelos y 505,3561060,https://reygoma.com.ar/wp-content/uploads/2018/12/70151x1.gif,https://reygoma.com.ar/producto/art-7015/,504 | PEUGEOT,
REY GOMA,7014,BUJE,504,PEUGEOT,,(5094022) Buje de barra estabilizadora modelo,5094022,https://reygoma.com.ar/wp-content/uploads/2018/12/70141x1-1.gif,https://reygoma.com.ar/producto/art-7014/,504 | PEUGEOT,
REY GOMA,7013,TOPE AMORTIGUADOR,504,PEUGEOT,,(5166060) Tope de suspensión modelo,5166060,https://reygoma.com.ar/wp-content/uploads/2018/12/70131x1.gif,https://reygoma.com.ar/producto/art-7013/,504 | PEUGEOT,
REY GOMA,7004,SOPORTE / GOMA-METAL,504,PEUGEOT,,"(1807250) Soporte delantero de motor modelos 404 diesel, diesel y 505 naftero",1807250,https://reygoma.com.ar/wp-content/uploads/2018/12/70041x1-1.gif,https://reygoma.com.ar/producto/art-7004-2/,504 | PEUGEOT,
REY GOMA,7003,BUJE,504,PEUGEOT,,(5094021) Buje de barra estabilizadora modelo,5094021,https://reygoma.com.ar/wp-content/uploads/2018/12/70031x1.gif,https://reygoma.com.ar/producto/art-7003/,504 | PEUGEOT,
REY GOMA,6997,PEDAL,504,PEUGEOT,,"(2130070) Cubre pedal de freno y de embrague modelos 403, 404 y",2130070,https://reygoma.com.ar/wp-content/uploads/2018/12/69971x1-1-1.gif,https://reygoma.com.ar/producto/art-6997-3/,504 | PEUGEOT,
REY GOMA,6995,CAZOLETA,504,PEUGEOT,,(521007) Cazoleta modelos 404 y,521007,https://reygoma.com.ar/wp-content/uploads/2018/12/69951x1-2.gif,https://reygoma.com.ar/producto/art-6995-2/,504 | PEUGEOT,
REY GOMA,6942,SOPORTE / GOMA-METAL,504,PEUGEOT,,(516402) Base espiral de suspensión cónica fina,516402,https://reygoma.com.ar/wp-content/uploads/2018/12/6942-1.gif,https://reygoma.com.ar/producto/art-6942/,504 | PEUGEOT,
REY GOMA,6941,SOPORTE / GOMA-METAL,504,PEUGEOT,,(516404) Base espiral de suspensión cónica gruesa,516404,https://reygoma.com.ar/wp-content/uploads/2018/12/6941.gif,https://reygoma.com.ar/producto/art-6941/,504 | PEUGEOT,
REY GOMA,6940,SOPORTE / GOMA-METAL,504,PEUGEOT,,Base espiral de suspensión gruesa lisa,,https://reygoma.com.ar/wp-content/uploads/2018/12/6940-1.gif,https://reygoma.com.ar/producto/art-6940-2/,504 | PEUGEOT,
REY GOMA,6929,PEDAL,504,PEUGEOT,,"(160402) Cubre pedal de acelerador modelos 403, 404 y",160402,https://reygoma.com.ar/wp-content/uploads/2018/12/69291x1-2.gif,https://reygoma.com.ar/producto/art-6929-3/,504 | PEUGEOT,
REY GOMA,6926,SOPORTE / GOMA-METAL,504,PEUGEOT,,(406602) Fuelle de dirección modelos 404 y,406602,https://reygoma.com.ar/wp-content/uploads/2018/12/69261x1-1.gif,https://reygoma.com.ar/producto/art-6926-2/,504 | PEUGEOT,
REY GOMA,7081,SOPORTE DE MOTOR,406,PEUGEOT,,"(1844470) Soporte de motor (hidráulico) (lado derecho) modelos 206 TD, 405 TD, 306 D y",1844470 | hidráulico | lado derecho,https://reygoma.com.ar/wp-content/uploads/2018/12/70291x1-2-1.gif,https://reygoma.com.ar/producto/art-7081-4/,406 | PEUGEOT,DERECHO
REY GOMA,7058/1,SOPORTE / GOMA-METAL,406,PEUGEOT,,Kit con abrazaderas y lubricante,,https://reygoma.com.ar/wp-content/uploads/2018/12/7058-5.gif,https://reygoma.com.ar/producto/art-7058-1-3/,406 | PEUGEOT,
REY GOMA,7058,SOPORTE / GOMA-METAL,406,PEUGEOT,,"Fuelle semi eje (lado rueda) modelos 306, 605, 405 copa grande",lado rueda,https://reygoma.com.ar/wp-content/uploads/2018/12/7058-4.gif,https://reygoma.com.ar/producto/art-7058-3/,406 | PEUGEOT,
REY GOMA,7037,SOPORTE DE MOTOR,406,PEUGEOT,,(1844770) Soporte de motor (lado derecho) (no hidráulico) modelo 206 TD – 405 TD – 306 D y,1844770 | lado derecho | no hidráulico,https://reygoma.com.ar/wp-content/uploads/2018/12/7037-2.gif,https://reygoma.com.ar/producto/art-7037-4/,406 | PEUGEOT,DERECHO
REY GOMA,6804/1,SOPORTE / GOMA-METAL,406,PEUGEOT,,Kit con abrazaderas y lubricante.,,https://reygoma.com.ar/wp-content/uploads/2018/12/6804-1.gif,https://reygoma.com.ar/producto/art-6804-1/,406 | PEUGEOT,
REY GOMA,6804,SOPORTE / GOMA-METAL,406,PEUGEOT,,Fuelle semi eje (lado caja) .,lado caja,https://reygoma.com.ar/wp-content/uploads/2018/12/6804.gif,https://reygoma.com.ar/producto/art-6804/,406 | PEUGEOT,CAJA
REY GOMA,7096,SOPORTE DE MOTOR,405,PEUGEOT,,"(1854-160) brida soporte de motor 205, 306, con buje",1854-160,https://reygoma.com.ar/wp-content/uploads/2018/12/7096-1-1.gif,https://reygoma.com.ar/producto/art-7096-3/,405 | PEUGEOT,
REY GOMA,7094,PEDAL,405,PEUGEOT,,"(213013) Cubre pedal de freno modelos 306, 605 y 806",213013,https://reygoma.com.ar/wp-content/uploads/2018/12/IMP_8060-1-e1554216914146.gif,https://reygoma.com.ar/producto/art-7094-2/,405 | PEUGEOT,
REY GOMA,7093,PEDAL,405,PEUGEOT,,"(450412) Cubre pedal de embrague modelos 306, 605 y 806",450412,https://reygoma.com.ar/wp-content/uploads/2018/12/IMP_8059-1-e1554216854494.gif,https://reygoma.com.ar/producto/art-7093-2/,405 | PEUGEOT,
REY GOMA,7082,SOPORTE / GOMA-METAL,405,PEUGEOT,,"(1807430) Soporte delantero de motor (hidráulico) (lado derecho) modelos naftero, 205, 306, 309 y P",1807430 | hidráulico | lado derecho,https://reygoma.com.ar/wp-content/uploads/2018/12/70211x1-5.gif,https://reygoma.com.ar/producto/art-7082-4/,405 | PEUGEOT,DERECHO
REY GOMA,7081,SOPORTE DE MOTOR,405,PEUGEOT,,"(1844470) Soporte de motor (hidráulico) (lado derecho) modelos 206 TD, TD, 306 D y 406",1844470 | hidráulico | lado derecho,https://reygoma.com.ar/wp-content/uploads/2018/12/70291x1-3.gif,https://reygoma.com.ar/producto/art-7081-3/,405 | PEUGEOT,DERECHO
REY GOMA,7080,SOPORTE / GOMA-METAL,405,PEUGEOT,,(5151230) Soporte travesaño trasero modelo todos,5151230,https://reygoma.com.ar/wp-content/uploads/2018/12/7080.gif,https://reygoma.com.ar/producto/art-7080/,405 | PEUGEOT,
REY GOMA,7066/1,SOPORTE / GOMA-METAL,405,PEUGEOT,,Kit con abrazaderas y lubricante,,https://reygoma.com.ar/wp-content/uploads/2018/12/7066-1-1.gif,https://reygoma.com.ar/producto/art-7066-1/,405 | PEUGEOT,
REY GOMA,7066,SOPORTE / GOMA-METAL,405,PEUGEOT,,Fuelle s/eje caño (lado rueda) y P,lado rueda,https://reygoma.com.ar/wp-content/uploads/2018/12/7066.gif,https://reygoma.com.ar/producto/art-7066/,405 | PEUGEOT,
REY GOMA,7065/1,SOPORTE / GOMA-METAL,405,PEUGEOT,,Kit con abrazaderas y lubricante,,https://reygoma.com.ar/wp-content/uploads/2018/12/7065-1.gif,https://reygoma.com.ar/producto/art-7065-1/,405 | PEUGEOT,
REY GOMA,7065,SOPORTE / GOMA-METAL,405,PEUGEOT,,Fuelle s/eje caño (lado caja) P (intermedio).,lado caja | intermedio,https://reygoma.com.ar/wp-content/uploads/2018/12/7065.gif,https://reygoma.com.ar/producto/art-7065/,405 | PEUGEOT,CAJA
REY GOMA,7059/2,SOPORTE / GOMA-METAL,405,PEUGEOT,,Fuelle semi eje Spicer (lado caja) modelos 306 + chapa y kit con abrazaderas y lubricante.,lado caja,https://reygoma.com.ar/wp-content/uploads/2018/12/7059-2-2.gif,https://reygoma.com.ar/producto/art-7059-2-2/,405 | PEUGEOT,CAJA
REY GOMA,7059/1,SOPORTE / GOMA-METAL,405,PEUGEOT,,Kit con 1 abrazadera y lubricante,,https://reygoma.com.ar/wp-content/uploads/2018/12/7059-2-1.gif,https://reygoma.com.ar/producto/art-7059-1-2/,405 | PEUGEOT,
REY GOMA,7059,SOPORTE / GOMA-METAL,405,PEUGEOT,,Fuelle semi eje Spicer (lado caja) modelos 306,lado caja,https://reygoma.com.ar/wp-content/uploads/2018/12/7059-3.gif,https://reygoma.com.ar/producto/art-7059-3/,405 | PEUGEOT,CAJA
REY GOMA,7058/1,SOPORTE / GOMA-METAL,405,PEUGEOT,,Kit con abrazaderas y lubricante,,https://reygoma.com.ar/wp-content/uploads/2018/12/7058-3.gif,https://reygoma.com.ar/producto/art-7058-1-2/,405 | PEUGEOT,
REY GOMA,7058,SOPORTE / GOMA-METAL,405,PEUGEOT,,"Fuelle semi eje (lado rueda) modelos 306, 406, 605, copa grande",lado rueda,https://reygoma.com.ar/wp-content/uploads/2018/12/7058-2.gif,https://reygoma.com.ar/producto/art-7058-2/,405 | PEUGEOT,
REY GOMA,7055/1,SOPORTE / GOMA-METAL,405,PEUGEOT,,Kit con abrazaderas y lubricante,,https://reygoma.com.ar/wp-content/uploads/2018/12/7055-1-1.gif,https://reygoma.com.ar/producto/art-7055-1-2/,405 | PEUGEOT,
REY GOMA,7055,SOPORTE / GOMA-METAL,405,PEUGEOT,,Fuelle semi eje (intermedio) con ranura modelo modelo 205,intermedio,https://reygoma.com.ar/wp-content/uploads/2018/12/7055.gif,https://reygoma.com.ar/producto/art-7055-3/,405 | PEUGEOT,
REY GOMA,7054/1,SOPORTE / GOMA-METAL,405,PEUGEOT,,Kit con abrazaderas y lubricante,,https://reygoma.com.ar/wp-content/uploads/2018/12/7054-1.gif,https://reygoma.com.ar/producto/art-7054-1/,405 | PEUGEOT,
REY GOMA,7054,SOPORTE / GOMA-METAL,405,PEUGEOT,,Fuelle semi eje (intermedio) modelo,intermedio,https://reygoma.com.ar/wp-content/uploads/2018/12/7054.gif,https://reygoma.com.ar/producto/art-7054/,405 | PEUGEOT,
REY GOMA,7053/1,SOPORTE / GOMA-METAL,405,PEUGEOT,,Kit con abrazaderas y lubricante,,https://reygoma.com.ar/wp-content/uploads/2018/12/7053-1.gif,https://reygoma.com.ar/producto/art-7053-1/,405 | PEUGEOT,
REY GOMA,7053,SOPORTE / GOMA-METAL,405,PEUGEOT,,Fuelle semi eje (lado rueda) modelo,lado rueda,https://reygoma.com.ar/wp-content/uploads/2018/12/7053.gif,https://reygoma.com.ar/producto/art-7053/,405 | PEUGEOT,
REY GOMA,7051,SOPORTE / GOMA-METAL,405,PEUGEOT,,Fuelle corto dirección hidráulica modelo,,https://reygoma.com.ar/wp-content/uploads/2018/12/7051.gif,https://reygoma.com.ar/producto/art-7051/,405 | PEUGEOT,
REY GOMA,7037,SOPORTE DE MOTOR,405,PEUGEOT,,(1844770) Soporte de motor (lado derecho) (no hidráulico) modelo 206 TD – TD – 306 D y 406,1844770 | lado derecho | no hidráulico,https://reygoma.com.ar/wp-content/uploads/2018/12/7037-1-1.gif,https://reygoma.com.ar/producto/art-7037-3/,405 | PEUGEOT,DERECHO
REY GOMA,7031,SOPORTE DE MOTOR,405,PEUGEOT,,(182706) Soporte de motor (lado derecho) modelos y 605 DTI (no hidráulico),182706 | lado derecho | no hidráulico,https://reygoma.com.ar/wp-content/uploads/2018/12/70311x1.gif,https://reygoma.com.ar/producto/art-7031/,405 | PEUGEOT,DERECHO
REY GOMA,7030,SOPORTE DE MOTOR,405,PEUGEOT,,(182710) Soporte de motor (lado izquierdo) modelo DTI,182710 | lado izquierdo,https://reygoma.com.ar/wp-content/uploads/2018/12/70301x1.gif,https://reygoma.com.ar/producto/art-7030/,405 | PEUGEOT,IZQUIERDO
REY GOMA,7027,CAZOLETA,405,PEUGEOT,,(9611536780) Cazoleta de amortiguador modelo,9611536780,https://reygoma.com.ar/wp-content/uploads/2018/12/70271x1.gif,https://reygoma.com.ar/producto/art-7027/,405 | PEUGEOT,
REY GOMA,7026,SOPORTE / GOMA-METAL,405,PEUGEOT,,(3523540) Soporte parrilla de suspensión modelo todos. Ø 18 mm.,3523540,https://reygoma.com.ar/wp-content/uploads/2018/12/70261x1.gif,https://reygoma.com.ar/producto/art-7026/,405 | PEUGEOT,
REY GOMA,7025,TOPE AMORTIGUADOR,405,PEUGEOT,,"(9607170880) Soporte tope de motor (lado derecho) modelos naftero o diesel, 205 y 309",9607170880 | lado derecho,https://reygoma.com.ar/wp-content/uploads/2018/12/70251x1-1.gif,https://reygoma.com.ar/producto/art-7025-2/,405 | PEUGEOT,DERECHO
REY GOMA,7024,BUJE,405,PEUGEOT,,"(1807470) Soporte buje central de motor modelos naftero, P y 307 1.6, 2.0L, HDI. Ø 70 mm.",1807470,https://reygoma.com.ar/wp-content/uploads/2018/12/70241x1-1-1.gif,https://reygoma.com.ar/producto/art-7024-2/,405 | PEUGEOT,CENTRO
REY GOMA,7023,TOPE AMORTIGUADOR,405,PEUGEOT,,"(1844170) Soporte tope de motor (lado derecho) modelos naftero, 205 diesel y 309",1844170 | lado derecho,https://reygoma.com.ar/wp-content/uploads/2018/12/70231x1-1.gif,https://reygoma.com.ar/producto/art-7023-2/,405 | PEUGEOT,DERECHO
REY GOMA,7022,SOPORTE / GOMA-METAL,405,PEUGEOT,,"(1843950) Soporte delantero de motor (lado izquierdo) modelos naftero, 106, 205, 309 y P",1843950 | lado izquierdo,https://reygoma.com.ar/wp-content/uploads/2018/12/70221x1-1-2.gif,https://reygoma.com.ar/producto/art-7022-4/,405 | PEUGEOT,IZQUIERDO
REY GOMA,7021,SOPORTE / GOMA-METAL,405,PEUGEOT,,"(1807430) Soporte delantero de motor (lado derecho) modelo naftero (no hidráulico), 205, 309 y P",1807430 | lado derecho | no hidráulico,https://reygoma.com.ar/wp-content/uploads/2018/12/70211x1-4.gif,https://reygoma.com.ar/producto/art-7021-3/,405 | PEUGEOT,DERECHO
REY GOMA,6802,CAZOLETA,405,PEUGEOT,,(5212-130) limitador cazoleta,5212-130,https://reygoma.com.ar/wp-content/uploads/2018/12/6802.gif,https://reygoma.com.ar/producto/art-6802/,405 | PEUGEOT,
REY GOMA,7044,SOPORTE / GOMA-METAL,404,PEUGEOT,,(1874-032) Contrapeso caja 504 diesel.,1874-032,https://reygoma.com.ar/wp-content/uploads/2018/12/7044.gif,https://reygoma.com.ar/producto/art-7044/,404 | PEUGEOT,
REY GOMA,7043,SOPORTE DE CAJA,404,PEUGEOT,,(1843-260) Soporte caja de velocidades y 504 nafteros.,1843-260,https://reygoma.com.ar/wp-content/uploads/2018/12/7043.gif,https://reygoma.com.ar/producto/art-7043/,404 | PEUGEOT,CAJA
REY GOMA,7042,SOPORTE / GOMA-METAL,404,PEUGEOT,,"(9991-041) Contrapeso largo 504, 505 nafta/diesel.",9991-041,https://reygoma.com.ar/wp-content/uploads/2018/12/7042.gif,https://reygoma.com.ar/producto/art-7042/,404 | PEUGEOT,
REY GOMA,7041,SOPORTE / GOMA-METAL,404,PEUGEOT,,(9991-039) Contrapeso corto 504 nafteros.,9991-039,https://reygoma.com.ar/wp-content/uploads/2018/12/7041-e1553703257934.gif,https://reygoma.com.ar/producto/art-7041/,404 | PEUGEOT,
REY GOMA,7004,SOPORTE / GOMA-METAL,404,PEUGEOT,,"(1807250) Soporte delantero de motor modelos diesel, 504 diesel y 505 naftero",1807250,https://reygoma.com.ar/wp-content/uploads/2018/12/70041x1.gif,https://reygoma.com.ar/producto/art-7004/,404 | PEUGEOT,
REY GOMA,6995,CAZOLETA,404,PEUGEOT,,(521007) Cazoleta modelos y 504,521007,https://reygoma.com.ar/wp-content/uploads/2018/12/69951x1.gif,https://reygoma.com.ar/producto/art-6995/,404 | PEUGEOT,
REY GOMA,6982,TOPE AMORTIGUADOR,404,PEUGEOT,,(351409) Tope brazo de suspensión modelo,351409,https://reygoma.com.ar/wp-content/uploads/2018/12/69821x1.gif,https://reygoma.com.ar/producto/art-6982/,404 | PEUGEOT,
REY GOMA,6980,SOPORTE / GOMA-METAL,404,PEUGEOT,,(5254020) Fuelle de suspensión modelo,5254020,https://reygoma.com.ar/wp-content/uploads/2018/12/69801x1.gif,https://reygoma.com.ar/producto/art-6980/,404 | PEUGEOT,
REY GOMA,6979,TOPE AMORTIGUADOR,404,PEUGEOT,,(351416) Tope chico de suspensión modelo,351416,https://reygoma.com.ar/wp-content/uploads/2018/12/69791x1.gif,https://reygoma.com.ar/producto/art-6979/,404 | PEUGEOT,
REY GOMA,6978,TOPE AMORTIGUADOR,404,PEUGEOT,,(351408) Tope mediano de suspensión modelo,351408,https://reygoma.com.ar/wp-content/uploads/2018/12/69781x1.gif,https://reygoma.com.ar/producto/art-6978/,404 | PEUGEOT,
REY GOMA,6977,TOPE AMORTIGUADOR,404,PEUGEOT,,(516606) Tope grande de suspensión modelo,516606,https://reygoma.com.ar/wp-content/uploads/2018/12/69771x1-1.gif,https://reygoma.com.ar/producto/art-6977/,404 | PEUGEOT,
REY GOMA,6974,BUJE,404,PEUGEOT,,(5094010) Buje de barra estabilizadora modelo,5094010,https://reygoma.com.ar/wp-content/uploads/2018/12/69741x1.gif,https://reygoma.com.ar/producto/art-6974/,404 | PEUGEOT,
REY GOMA,6967,MANCHON,404,PEUGEOT,,(404003) Manchón de dirección modelos 403 y,404003,https://reygoma.com.ar/wp-content/uploads/2018/12/69671x1-1.gif,https://reygoma.com.ar/producto/art-6967-2/,404 | PEUGEOT,
REY GOMA,6940,SOPORTE / GOMA-METAL,404,PEUGEOT,,Base espiral de suspensión gruesa lisa,,https://reygoma.com.ar/wp-content/uploads/2018/12/6940.gif,https://reygoma.com.ar/producto/art-6940/,404 | PEUGEOT,
REY GOMA,6929,PEDAL,404,PEUGEOT,,"(160402) Cubre pedal de acelerador modelos 403, y 504",160402,https://reygoma.com.ar/wp-content/uploads/2018/12/69291x1-1.gif,https://reygoma.com.ar/producto/art-6929-2/,404 | PEUGEOT,
REY GOMA,6926,SOPORTE / GOMA-METAL,404,PEUGEOT,,(406602) Fuelle de dirección modelos y 504,406602,https://reygoma.com.ar/wp-content/uploads/2018/12/69261x1.gif,https://reygoma.com.ar/producto/art-6926/,404 | PEUGEOT,
REY GOMA,6924,SOPORTE / GOMA-METAL,404,PEUGEOT,,(024914) Junta tapa de válvulas modelo,024914,https://reygoma.com.ar/wp-content/uploads/2018/12/69241x1.gif,https://reygoma.com.ar/producto/art-6924/,404 | PEUGEOT,
REY GOMA,6912,SOPORTE / GOMA-METAL,404,PEUGEOT,,(180708) (180713) Soporte delantero de motor modelos 403 y,180708 | 180713,https://reygoma.com.ar/wp-content/uploads/2018/12/69121x1-1.gif,https://reygoma.com.ar/producto/art-6912-2/,404 | PEUGEOT,
REY GOMA,6997,PEDAL,403,"404, PEUGEOT",,(2130070) Cubre pedal de freno y de embrague modelos y 504,2130070,https://reygoma.com.ar/wp-content/uploads/2018/12/69971x1.gif,https://reygoma.com.ar/producto/art-6997/,403 | 404 | PEUGEOT,
REY GOMA,6967,MANCHON,403,PEUGEOT,,(404003) Manchón de dirección modelos y 404,404003,https://reygoma.com.ar/wp-content/uploads/2018/12/69671x1.gif,https://reygoma.com.ar/producto/art-6967/,403 | PEUGEOT,
REY GOMA,6929,PEDAL,403,PEUGEOT,,(160402) Cubre pedal de acelerador modelos 404 y 504,160402,https://reygoma.com.ar/wp-content/uploads/2018/12/69291x1-3.gif,https://reygoma.com.ar/producto/art-6929/,403 | PEUGEOT,
REY GOMA,6912,SOPORTE / GOMA-METAL,403,PEUGEOT,,(180708) (180713) Soporte delantero de motor modelos y 404,180708 | 180713,https://reygoma.com.ar/wp-content/uploads/2018/12/69121x1.gif,https://reygoma.com.ar/producto/art-6912/,403 | PEUGEOT,
REY GOMA,6901,SOPORTE / GOMA-METAL,403,PEUGEOT,,(406704) Fuelle de dirección modelo,406704,https://reygoma.com.ar/wp-content/uploads/2018/12/69011x1.gif,https://reygoma.com.ar/producto/art-6901/,403 | PEUGEOT,
REY GOMA,7082,SOPORTE / GOMA-METAL,309,PEUGEOT,,"(1807430) Soporte delantero de motor (hidráulico) (lado derecho) modelos 405 naftero, 205, 306, y P",1807430 | hidráulico | lado derecho,https://reygoma.com.ar/wp-content/uploads/2018/12/70211x1-3-1.gif,https://reygoma.com.ar/producto/art-7082-3/,309 | PEUGEOT,DERECHO
REY GOMA,7023,TOPE AMORTIGUADOR,309,PEUGEOT,,"(1844170) Soporte tope de motor (lado derecho) modelos 405 naftero, 205 diesel y",1844170 | lado derecho,https://reygoma.com.ar/wp-content/uploads/2018/12/70231x1.gif,https://reygoma.com.ar/producto/art-7023/,309 | PEUGEOT,DERECHO
REY GOMA,7022,SOPORTE / GOMA-METAL,309,PEUGEOT,,"(1843950) Soporte delantero de motor (lado izquierdo) modelos 405 naftero, 106, 205, y P",1843950 | lado izquierdo,https://reygoma.com.ar/wp-content/uploads/2018/12/70221x1-4.gif,https://reygoma.com.ar/producto/art-7022-3/,309 | PEUGEOT,IZQUIERDO
REY GOMA,7021,SOPORTE / GOMA-METAL,309,PEUGEOT,,"(1807430) Soporte delantero de motor (lado derecho) modelo 405 naftero (no hidráulico), 205, y P",1807430 | lado derecho | no hidráulico,https://reygoma.com.ar/wp-content/uploads/2018/12/70211x1-1-1.gif,https://reygoma.com.ar/producto/art-7021-2/,309 | PEUGEOT,DERECHO
REY GOMA,7086,SOPORTE DE MOTOR,307,PEUGEOT,,(183993) Soporte de motor (hidráulico) 2.0 HDI diesel,183993 | hidráulico,https://reygoma.com.ar/wp-content/uploads/2018/12/7086.gif,https://reygoma.com.ar/producto/art-7086/,307 | PEUGEOT,
REY GOMA,7084,SOPORTE DE MOTOR,307,PEUGEOT,,(183992) Soporte de motor (hidráulico) 1.6 16V naftero,183992 | hidráulico,https://reygoma.com.ar/wp-content/uploads/2018/12/7084.gif,https://reygoma.com.ar/producto/art-7084/,307 | PEUGEOT,
REY GOMA,7038,SOPORTE DE MOTOR,307,PEUGEOT,,"(1844680) Soporte de motor (lado izquierdo) modelo 206 nafta/diesel y 1.6, 2.0L, HDI.",1844680 | lado izquierdo,https://reygoma.com.ar/wp-content/uploads/2018/12/7038-1.gif,https://reygoma.com.ar/producto/art-7038-2/,307 | PEUGEOT,IZQUIERDO
REY GOMA,7036,SOPORTE DE MOTOR,307,PEUGEOT,,(1844510) Soporte de motor (lado izquierdo) modelo 206 motor 1600 y HDI 2.0L 110CV,1844510 | lado izquierdo,https://reygoma.com.ar/wp-content/uploads/2018/12/7036-1.gif,https://reygoma.com.ar/producto/art-7036-2/,307 | PEUGEOT,IZQUIERDO
REY GOMA,7024,BUJE,307,PEUGEOT,,"(1807470) Soporte buje central de motor modelos 405 naftero, P y 1.6, 2.0L, HDI. Ø 70 mm.",1807470,https://reygoma.com.ar/wp-content/uploads/2018/12/70241x1.gif,https://reygoma.com.ar/producto/art-7024/,307 | PEUGEOT,CENTRO
REY GOMA,ner,SOPORTE / GOMA-METAL,307,"308, 408, Partner, PEUGEOT",,Kit con abrazaderas y lubricante.,,https://reygoma.com.ar/wp-content/uploads/2019/05/6816-e1559146165452.png,https://reygoma.com.ar/producto/art-6816-1/,307 | 308 | 408 | Partner | PEUGEOT,
REY GOMA,ner,SOPORTE / GOMA-METAL,307,"308, 408, Partner, PEUGEOT",,Fuelle semi eje (lado rueda) (con ranura) //y .,lado rueda | con ranura,https://reygoma.com.ar/wp-content/uploads/2019/05/6816-e1559146165452.png,https://reygoma.com.ar/producto/art-6816/,307 | 308 | 408 | Partner | PEUGEOT,
REY GOMA,6813/1,SOPORTE / GOMA-METAL,307,PEUGEOT,,Kit con abrazaderas y lubricante,,https://reygoma.com.ar/wp-content/uploads/2018/12/6813-3.gif,https://reygoma.com.ar/producto/art-6813-1-2/,307 | PEUGEOT,
REY GOMA,6813,SOPORTE / GOMA-METAL,307,PEUGEOT,,Fuelle semi eje (lado caja) 207 – y P (palier corto),lado caja | palier corto,https://reygoma.com.ar/wp-content/uploads/2018/12/6813-2.gif,https://reygoma.com.ar/producto/art-6813-2/,307 | PEUGEOT,CAJA
REY GOMA,6808/1,SOPORTE / GOMA-METAL,307,PEUGEOT,,Kit con abrazaderas y lubricante.,,https://reygoma.com.ar/wp-content/uploads/2018/12/6808-1.gif,https://reygoma.com.ar/producto/art-6808-1/,307 | PEUGEOT,
REY GOMA,6808,SOPORTE / GOMA-METAL,307,PEUGEOT,,Fuelle semi eje palier grueso (lado caja) c/forma y P,lado caja,https://reygoma.com.ar/wp-content/uploads/2018/12/6808.gif,https://reygoma.com.ar/producto/art-6808/,307 | PEUGEOT,CAJA
REY GOMA,6807/1,SOPORTE / GOMA-METAL,307,PEUGEOT,,Kit con abrazaderas y lubricante.,,https://reygoma.com.ar/wp-content/uploads/2018/12/6807-1-1.gif,https://reygoma.com.ar/producto/art-6807-1-3/,307 | PEUGEOT,
REY GOMA,6807,SOPORTE / GOMA-METAL,307,PEUGEOT,,Fuelle semi eje palier fino (lado caja) 206 – 207 – y P,lado caja,https://reygoma.com.ar/wp-content/uploads/2018/12/6807-1.gif,https://reygoma.com.ar/producto/art-6807-3/,307 | PEUGEOT,CAJA
REY GOMA,6805,SOPORTE / GOMA-METAL,307,PEUGEOT,,Fuelle de dirección hidráulica (ambos lados) modelos 206 y .,ambos lados,https://reygoma.com.ar/wp-content/uploads/2018/12/6805-1-e1553702547457.gif,https://reygoma.com.ar/producto/art-6805-2/,307 | PEUGEOT,AMBOS LADOS
REY GOMA,7096,SOPORTE DE MOTOR,306,PEUGEOT,,"(1854-160) brida soporte de motor 205, 405 con buje",1854-160,https://reygoma.com.ar/wp-content/uploads/2018/12/7096-1.gif,https://reygoma.com.ar/producto/art-7096-2/,306 | PEUGEOT,
REY GOMA,7095,SOPORTE DE MOTOR,306,PEUGEOT,,(1854-14) brida soporte de motor con buje d y td,1854-14,https://reygoma.com.ar/wp-content/uploads/2018/12/7095.gif,https://reygoma.com.ar/producto/art-7095/,306 | PEUGEOT,
REY GOMA,7094,PEDAL,306,PEUGEOT,,"(213013) Cubre pedal de freno modelos 405, 605 y 806",213013,https://reygoma.com.ar/wp-content/uploads/2018/12/IMP_8060.gif,https://reygoma.com.ar/producto/art-7094/,306 | PEUGEOT,
REY GOMA,7093,PEDAL,306,PEUGEOT,,"(450412) Cubre pedal de embrague modelos 405, 605 y 806",450412,https://reygoma.com.ar/wp-content/uploads/2018/12/IMP_8059.gif,https://reygoma.com.ar/producto/art-7093/,306 | PEUGEOT,
REY GOMA,7082,SOPORTE / GOMA-METAL,306,PEUGEOT,,"(1807430) Soporte delantero de motor (hidráulico) (lado derecho) modelos 405 naftero, 205, 309 y P",1807430 | hidráulico | lado derecho,https://reygoma.com.ar/wp-content/uploads/2018/12/70211x1-3.gif,https://reygoma.com.ar/producto/art-7082-2/,306 | PEUGEOT,DERECHO
REY GOMA,7081,SOPORTE DE MOTOR,306,PEUGEOT,,"(1844470) Soporte de motor (hidráulico) (lado derecho) modelos 206 TD, 405 TD, D y 406",1844470 | hidráulico | lado derecho,https://reygoma.com.ar/wp-content/uploads/2018/12/70291x1-1-1.gif,https://reygoma.com.ar/producto/art-7081-2/,306 | PEUGEOT,DERECHO
REY GOMA,7077,SOPORTE / GOMA-METAL,306,PEUGEOT,,(5131-71) Soporte superior travesaño trasero modelo todos.,5131-71,https://reygoma.com.ar/wp-content/uploads/2018/12/7077.gif,https://reygoma.com.ar/producto/art-7077/,306 | PEUGEOT,
REY GOMA,7059/2,SOPORTE / GOMA-METAL,306,PEUGEOT,,"Fuelle semi eje Spicer (lado caja) modelos 405, + chapa y kit con abrazaderas y lubricante.",lado caja,https://reygoma.com.ar/wp-content/uploads/2018/12/7059-2.gif,https://reygoma.com.ar/producto/art-7059-2/,306 | PEUGEOT,CAJA
REY GOMA,7062/1,SOPORTE / GOMA-METAL,306,PEUGEOT,,Kit con abrazaderas y lubricante,,https://reygoma.com.ar/wp-content/uploads/2018/12/7062-1-1.gif,https://reygoma.com.ar/producto/art-7062-1-2/,306 | PEUGEOT,
REY GOMA,7062,SOPORTE / GOMA-METAL,306,PEUGEOT,,"Fuelle semi eje grande (lado rueda) modelo 205,",lado rueda,https://reygoma.com.ar/wp-content/uploads/2018/12/7062-3.gif,https://reygoma.com.ar/producto/art-7062-2/,306 | PEUGEOT,
REY GOMA,7059/1,SOPORTE / GOMA-METAL,306,PEUGEOT,,Kit con 1 abrazadera y lubricante,,https://reygoma.com.ar/wp-content/uploads/2018/12/7559-1.gif,https://reygoma.com.ar/producto/art-7059-1/,306 | PEUGEOT,
REY GOMA,7059,SOPORTE / GOMA-METAL,306,PEUGEOT,,"Fuelle semi eje Spicer (lado caja) modelos 405,",lado caja,https://reygoma.com.ar/wp-content/uploads/2018/12/7059.gif,https://reygoma.com.ar/producto/art-7059/,306 | PEUGEOT,CAJA
REY GOMA,7058/1,SOPORTE / GOMA-METAL,306,PEUGEOT,,Kit con abrazaderas y lubricante,,https://reygoma.com.ar/wp-content/uploads/2018/12/7058-1.gif,https://reygoma.com.ar/producto/art-7058-1/,306 | PEUGEOT,
REY GOMA,7058,SOPORTE / GOMA-METAL,306,PEUGEOT,,"Fuelle semi eje (lado rueda) modelos 406, 605, 405 copa grande",lado rueda,https://reygoma.com.ar/wp-content/uploads/2018/12/7058.gif,https://reygoma.com.ar/producto/art-7058/,306 | PEUGEOT,
REY GOMA,7037,SOPORTE DE MOTOR,306,PEUGEOT,,(1844770) Soporte de motor (lado derecho) (no hidráulico) modelo 206 TD – 405 TD – D y 406,1844770 | lado derecho | no hidráulico,https://reygoma.com.ar/wp-content/uploads/2018/12/7037-1.gif,https://reygoma.com.ar/producto/art-7037-2/,306 | PEUGEOT,DERECHO
REY GOMA,7035,CAZOLETA,306,PEUGEOT,,(5038-210-0) Cazoleta amortiguador .,5038-210-0,https://reygoma.com.ar/wp-content/uploads/2018/12/7035.gif,https://reygoma.com.ar/producto/art-7035/,306 | PEUGEOT,
REY GOMA,7034,SOPORTE / GOMA-METAL,306,PEUGEOT,,(3523500) Soporte parrilla de suspensión modelo todos Ø 18 mm.,3523500,https://reygoma.com.ar/wp-content/uploads/2018/12/70341x1.gif,https://reygoma.com.ar/producto/art-7034/,306 | PEUGEOT,
REY GOMA,ner,SOPORTE / GOMA-METAL,306,"Partner, PEUGEOT",,(1809-21) Soporte central de motor modelo todos y . Ø 70 mm.,1809-21,https://reygoma.com.ar/wp-content/uploads/2018/12/70331x1-e1553703008750.gif,https://reygoma.com.ar/producto/art-7033/,306 | Partner | PEUGEOT,CENTRO
REY GOMA,7032,SOPORTE DE MOTOR,306,PEUGEOT,,(184436) Soporte de motor (lado izquierdo) modelo todos,184436 | lado izquierdo,https://reygoma.com.ar/wp-content/uploads/2018/12/70321x1.gif,https://reygoma.com.ar/producto/art-7032/,306 | PEUGEOT,IZQUIERDO
REY GOMA,7029,SOPORTE DE MOTOR,306,PEUGEOT,,"(184447) Soporte de motor (lado derecho) (no hidráulico) modelos XS, XSI, XD, XDT y 206 naftero",184447 | lado derecho | no hidráulico,https://reygoma.com.ar/wp-content/uploads/2018/12/70291x1-1.gif,https://reygoma.com.ar/producto/art-7029-2/,306 | PEUGEOT,DERECHO
REY GOMA,7028,SOPORTE / GOMA-METAL,306,PEUGEOT,,"(3523500) Soporte parrilla de suspensión modelo todos Ø 18,7 mm.",3523500,https://reygoma.com.ar/wp-content/uploads/2018/12/70281x1-1.gif,https://reygoma.com.ar/producto/art-7028/,306 | PEUGEOT,
REY GOMA,6801,CAZOLETA,307,PEUGEOT,,(5031-770C) cazoleta suspension delantera (completa),5031-770C | completa,https://reygoma.com.ar/wp-content/uploads/2018/12/img830-300x300.jpg,https://reygoma.com.ar/producto/art-6801/,307 | PEUGEOT,
REY GOMA,6800,CAZOLETA,307,PEUGEOT,,(5031-770) cazoleta suspension delantera,5031-770,https://reygoma.com.ar/wp-content/uploads/2018/12/6800.gif,https://reygoma.com.ar/producto/art-6800/,307 | PEUGEOT,
REY GOMA,6812,SOPORTE DE MOTOR,308,PEUGEOT,,(1807.GG) Soporte de motor (hidráulico) (lado derecho) CC 1.6,1807.GG | hidráulico | lado derecho,https://reygoma.com.ar/wp-content/uploads/2018/12/6812.gif,https://reygoma.com.ar/producto/art-6812/,308 | PEUGEOT,DERECHO
REY GOMA,6813/1,SOPORTE / GOMA-METAL,207,PEUGEOT,,Kit con abrazaderas y lubricante,,https://reygoma.com.ar/wp-content/uploads/2018/12/6813-1.gif,https://reygoma.com.ar/producto/art-6813-1/,207 | PEUGEOT,
REY GOMA,6813,SOPORTE / GOMA-METAL,207,PEUGEOT,,Fuelle semi eje (lado caja) – 307 y P (palier corto),lado caja | palier corto,https://reygoma.com.ar/wp-content/uploads/2018/12/6813.gif,https://reygoma.com.ar/producto/art-6813/,207 | PEUGEOT,CAJA
REY GOMA,6807/1,SOPORTE / GOMA-METAL,207,PEUGEOT,,Kit con abrazaderas y lubricante.,,https://reygoma.com.ar/wp-content/uploads/2018/12/6807-4.gif,https://reygoma.com.ar/producto/art-6807-1-2/,207 | PEUGEOT,
REY GOMA,6807,SOPORTE / GOMA-METAL,207,PEUGEOT,,Fuelle semi eje palier fino (lado caja) 206 – – 307 y P,lado caja,https://reygoma.com.ar/wp-content/uploads/2018/12/6807-3.gif,https://reygoma.com.ar/producto/art-6807-2/,207 | PEUGEOT,CAJA
REY GOMA,7099,CAZOLETA,206,PEUGEOT,,(5038-36) cazoleta suspension delantera izquierda año 1999 en adelante,5038-36,https://reygoma.com.ar/wp-content/uploads/2018/12/7099.gif,https://reygoma.com.ar/producto/art-7099/,206 | PEUGEOT,IZQUIERDO
REY GOMA,7098,CAZOLETA,206,PEUGEOT,,(5038-400) cazoleta suspension delantera derecha año 1999 en adelante,5038-400,https://reygoma.com.ar/wp-content/uploads/2018/12/7098.gif,https://reygoma.com.ar/producto/art-7098/,206 | PEUGEOT,DERECHO
REY GOMA,7089,SOPORTE / GOMA-METAL,206,PEUGEOT,,"(1809-205I) Soporte inferior de motor 106 – 205 – – P 1.4/1.6 Nafta, – P 1.9 Diesel 2005 /… Ø 65 mm.",1809-205I,https://reygoma.com.ar/wp-content/uploads/2018/12/70241x1-2.gif,https://reygoma.com.ar/producto/art-7089-3/,206 | PEUGEOT,
REY GOMA,7081,SOPORTE DE MOTOR,206,PEUGEOT,,"(1844470) Soporte de motor (hidráulico) (lado derecho) modelos TD, 405 TD, 306 D y 406",1844470 | hidráulico | lado derecho,https://reygoma.com.ar/wp-content/uploads/2018/12/70291x1-2.gif,https://reygoma.com.ar/producto/art-7081/,206 | PEUGEOT,DERECHO
REY GOMA,7078/1,SOPORTE / GOMA-METAL,206,PEUGEOT,,Kit con abrazaderas y lubricante,,https://reygoma.com.ar/wp-content/uploads/2018/12/7078-3.gif,https://reygoma.com.ar/producto/art-7078-1-2/,206 | PEUGEOT,
REY GOMA,7078,SOPORTE / GOMA-METAL,206,PEUGEOT,,Fuelle semi eje (lado rueda) modelos 106 y,lado rueda,https://reygoma.com.ar/wp-content/uploads/2018/12/7078-2.gif,https://reygoma.com.ar/producto/art-7078-2/,206 | PEUGEOT,
REY GOMA,7073/1,SOPORTE / GOMA-METAL,206,PEUGEOT,,Kit con abrazaderas y lubricante.,,https://reygoma.com.ar/wp-content/uploads/2018/12/7073-4.gif,https://reygoma.com.ar/producto/art-7073-1-2/,206 | PEUGEOT,
REY GOMA,7073,SOPORTE / GOMA-METAL,206,PEUGEOT,,"Fuelle semi eje (lado caja) c/trebol modelos 106, y P Patágonica",lado caja,https://reygoma.com.ar/wp-content/uploads/2018/12/7073-3.gif,https://reygoma.com.ar/producto/art-7073-2/,206 | PEUGEOT,CAJA
REY GOMA,7039,SOPORTE / GOMA-METAL,206,PEUGEOT,,(1809.210) Soporte central de motor diesel. Ø 70 mm.,1809.210,https://reygoma.com.ar/wp-content/uploads/2018/12/7039.gif,https://reygoma.com.ar/producto/art-7039/,206 | PEUGEOT,CENTRO
REY GOMA,7038,SOPORTE DE MOTOR,206,PEUGEOT,,"(1844680) Soporte de motor (lado izquierdo) modelo nafta/diesel y 307 1.6, 2.0L, HDI.",1844680 | lado izquierdo,https://reygoma.com.ar/wp-content/uploads/2018/12/7038.gif,https://reygoma.com.ar/producto/art-7038/,206 | PEUGEOT,IZQUIERDO
REY GOMA,7037,SOPORTE DE MOTOR,206,PEUGEOT,,(1844770) Soporte de motor (lado derecho) (no hidráulico) modelo TD – 405 TD – 306 D y 406,1844770 | lado derecho | no hidráulico,https://reygoma.com.ar/wp-content/uploads/2018/12/7037.gif,https://reygoma.com.ar/producto/art-7037/,206 | PEUGEOT,DERECHO
REY GOMA,6811,SOPORTE DE MOTOR,206,PEUGEOT,,(1844.A1) Tope de soporte de motor diesel (grande),1844.A1 | grande,https://reygoma.com.ar/wp-content/uploads/2018/12/6811.gif,https://reygoma.com.ar/producto/art-6811/,206 | PEUGEOT,
REY GOMA,6810,SOPORTE DE MOTOR,206,PEUGEOT,,(1844.A3) Tope de soporte de motor diesel (mediano),1844.A3 | mediano,https://reygoma.com.ar/wp-content/uploads/2018/12/6810.gif,https://reygoma.com.ar/producto/art-6810/,206 | PEUGEOT,
REY GOMA,6809,SOPORTE DE MOTOR,206,PEUGEOT,,(1844.A2) Tope de soporte de motor diesel (chico),1844.A2 | chico,https://reygoma.com.ar/wp-content/uploads/2018/12/6809.gif,https://reygoma.com.ar/producto/art-6809/,206 | PEUGEOT,
REY GOMA,6807/1,SOPORTE / GOMA-METAL,206,PEUGEOT,,Kit con abrazaderas y lubricante.,,https://reygoma.com.ar/wp-content/uploads/2018/12/6807-2.gif,https://reygoma.com.ar/producto/art-6807-1/,206 | PEUGEOT,
REY GOMA,6807,SOPORTE / GOMA-METAL,206,PEUGEOT,,Fuelle semi eje palier fino (lado caja) – 207 – 307 y P,lado caja,https://reygoma.com.ar/wp-content/uploads/2018/12/6807.gif,https://reygoma.com.ar/producto/art-6807/,206 | PEUGEOT,CAJA
REY GOMA,6805,SOPORTE / GOMA-METAL,206,PEUGEOT,,Fuelle de dirección hidráulica (ambos lados) modelos y 307.,ambos lados,https://reygoma.com.ar/wp-content/uploads/2018/12/6805-e1553702459140.gif,https://reygoma.com.ar/producto/art-6805/,206 | PEUGEOT,AMBOS LADOS
REY GOMA,7097,CAZOLETA,106,PEUGEOT,,(5038-150) cazoleta supension delantera con tres tornillos,5038-150,https://reygoma.com.ar/wp-content/uploads/2018/12/7097.gif,https://reygoma.com.ar/producto/art-7097/,106 | PEUGEOT,
REY GOMA,7078/1,SOPORTE / GOMA-METAL,106,PEUGEOT,,Kit con abrazaderas y lubricante,,https://reygoma.com.ar/wp-content/uploads/2018/12/7078-1.gif,https://reygoma.com.ar/producto/art-7078-1/,106 | PEUGEOT,
REY GOMA,7078,SOPORTE / GOMA-METAL,106,PEUGEOT,,Fuelle semi eje (lado rueda) modelos y 206,lado rueda,https://reygoma.com.ar/wp-content/uploads/2018/12/7078.gif,https://reygoma.com.ar/producto/art-7078/,106 | PEUGEOT,
REY GOMA,7062/1,SOPORTE / GOMA-METAL,205,PEUGEOT,,Kit con abrazaderas y lubricante,,https://reygoma.com.ar/wp-content/uploads/2018/12/7062-2.gif,https://reygoma.com.ar/producto/art-7062-1/,205 | PEUGEOT,
REY GOMA,7055,SOPORTE / GOMA-METAL,205,PEUGEOT,,"Fuelle semi eje (intermedio) con ranura modelo 405, modelo",intermedio,https://reygoma.com.ar/wp-content/uploads/2018/12/7055-5.gif,https://reygoma.com.ar/producto/art-7055-2/,205 | PEUGEOT,
REY GOMA,7096,SOPORTE DE MOTOR,205,PEUGEOT,,"(1854-160) brida soporte de motor 306, 405 con buje",1854-160,https://reygoma.com.ar/wp-content/uploads/2018/12/7096.gif,https://reygoma.com.ar/producto/art-7096/,205 | PEUGEOT,
REY GOMA,7089,SOPORTE / GOMA-METAL,205,PEUGEOT,,"(1809-205I) Soporte inferior de motor 106 – – 206 – P 1.4/1.6 Nafta, 206 – P 1.9 Diesel 2005 /… Ø 65 mm.",1809-205I,https://reygoma.com.ar/wp-content/uploads/2018/12/70241x1-4.gif,https://reygoma.com.ar/producto/art-7089-2/,205 | PEUGEOT,
REY GOMA,7082,SOPORTE / GOMA-METAL,205,PEUGEOT,,"(1807430) Soporte delantero de motor (hidráulico) (lado derecho) modelos 405 naftero, 306, 309 y P",1807430 | hidráulico | lado derecho,https://reygoma.com.ar/wp-content/uploads/2018/12/70211x1-1.gif,https://reygoma.com.ar/producto/art-7082/,205 | PEUGEOT,DERECHO
REY GOMA,7064/1,SOPORTE / GOMA-METAL,205,PEUGEOT,,Kit con abrazaderas y lubricante,,https://reygoma.com.ar/wp-content/uploads/2018/12/7064-1.gif,https://reygoma.com.ar/producto/art-7064-1/,205 | PEUGEOT,
REY GOMA,7064,SOPORTE / GOMA-METAL,205,PEUGEOT,,Fuelle semi eje + chapa (lado caja) modelo,lado caja,https://reygoma.com.ar/wp-content/uploads/2018/12/7064.gif,https://reygoma.com.ar/producto/art-7064/,205 | PEUGEOT,CAJA
REY GOMA,7063/1,SOPORTE / GOMA-METAL,205,PEUGEOT,,Kit con abrazaderas y lubricante,,https://reygoma.com.ar/wp-content/uploads/2018/12/7063-1.gif,https://reygoma.com.ar/producto/art-7063-1/,205 | PEUGEOT,
REY GOMA,7063,SOPORTE / GOMA-METAL,205,PEUGEOT,,Fuelle semi eje c/trebol (lado caja) modelo,lado caja,https://reygoma.com.ar/wp-content/uploads/2018/12/7063.gif,https://reygoma.com.ar/producto/art-7063/,205 | PEUGEOT,CAJA
REY GOMA,7062,SOPORTE / GOMA-METAL,205,PEUGEOT,,Fuelle semi eje grande (lado rueda) modelo 306,lado rueda,https://reygoma.com.ar/wp-content/uploads/2018/12/7062.gif,https://reygoma.com.ar/producto/art-7062/,205 | PEUGEOT,
REY GOMA,7061/1,SOPORTE / GOMA-METAL,205,PEUGEOT,,Kit con abrazaderas y lubricante,,https://reygoma.com.ar/wp-content/uploads/2018/12/7061-1.gif,https://reygoma.com.ar/producto/art-7061-1/,205 | PEUGEOT,
REY GOMA,7061,SOPORTE / GOMA-METAL,205,PEUGEOT,,Fuelle semi eje chico (lado rueda) modelo,lado rueda,https://reygoma.com.ar/wp-content/uploads/2018/12/7061.gif,https://reygoma.com.ar/producto/art-7061/,205 | PEUGEOT,
REY GOMA,7055/1,SOPORTE / GOMA-METAL,205,PEUGEOT,,Kit con abrazaderas y lubricante,,https://reygoma.com.ar/wp-content/uploads/2018/12/7055-3.gif,https://reygoma.com.ar/producto/art-7055-1/,205 | PEUGEOT,
REY GOMA,7025,TOPE AMORTIGUADOR,205,PEUGEOT,,"(9607170880) Soporte tope de motor (lado derecho) modelos 405 naftero o diesel, y 309",9607170880 | lado derecho,https://reygoma.com.ar/wp-content/uploads/2018/12/70251x1.gif,https://reygoma.com.ar/producto/art-7025/,205 | PEUGEOT,DERECHO
REY GOMA,7022,SOPORTE / GOMA-METAL,205,PEUGEOT,,"(1843950) Soporte delantero de motor (lado izquierdo) modelos 405 naftero, 106, 309 y P",1843950 | lado izquierdo,https://reygoma.com.ar/wp-content/uploads/2018/12/70221x1-1-1.gif,https://reygoma.com.ar/producto/art-7022-2/,205 | PEUGEOT,IZQUIERDO
REY GOMA,7021,SOPORTE / GOMA-METAL,205,PEUGEOT,,"(1807430) Soporte delantero de motor (lado derecho) modelo 405 naftero (no hidráulico), 309 y P",1807430 | lado derecho | no hidráulico,https://reygoma.com.ar/wp-content/uploads/2018/12/70211x1.gif,https://reygoma.com.ar/producto/art-7021/,205 | PEUGEOT,DERECHO
REY GOMA,7089,SOPORTE / GOMA-METAL,106,PEUGEOT,,"(1809-205I) Soporte inferior de motor – 205 – 206 – P 1.4/1.6 Nafta, 206 – P 1.9 Diesel 2005 /… Ø 65 mm.",1809-205I,https://reygoma.com.ar/wp-content/uploads/2018/12/70241x1-3.gif,https://reygoma.com.ar/producto/art-7089/,106 | PEUGEOT,
REY GOMA,7073/1,SOPORTE / GOMA-METAL,106,PEUGEOT,,Kit con abrazaderas y lubricante.,,https://reygoma.com.ar/wp-content/uploads/2018/12/7073-2.gif,https://reygoma.com.ar/producto/art-7073-1/,106 | PEUGEOT,
REY GOMA,7073,SOPORTE / GOMA-METAL,106,PEUGEOT,,Fuelle semi eje (lado caja) c/trebol modelos 206 y P Patágonica,lado caja,https://reygoma.com.ar/wp-content/uploads/2018/12/7073.gif,https://reygoma.com.ar/producto/art-7073/,106 | PEUGEOT,CAJA
REY GOMA,7022,SOPORTE / GOMA-METAL,106,PEUGEOT,,"(1843950) Soporte delantero de motor (lado izquierdo) modelos 405 naftero, 205, 309 y P",1843950 | lado izquierdo,https://reygoma.com.ar/wp-content/uploads/2018/12/70221x1-2.gif,https://reygoma.com.ar/producto/art-7022/,106 | PEUGEOT,IZQUIERDO
REY GOMA,3616/1,SOPORTE / GOMA-METAL,RASTROJERO,,,(REFORMA) Soporte metálico para gancho de goma chico para capot,REFORMA,https://reygoma.com.ar/wp-content/uploads/2019/03/3616-11x1.gif,https://reygoma.com.ar/producto/art-3616-1/,RASTROJERO,
REY GOMA,3634,SOPORTE DE ESCAPE,RASTROJERO,,,(000250010) Soporte caño de escape. Ø 37 mm. h 25 mm. rosca 5/16 x 24 H,000250010,https://reygoma.com.ar/wp-content/uploads/2018/11/36341x1.gif,https://reygoma.com.ar/producto/art-3634/,RASTROJERO,
REY GOMA,3632,BUJE,RASTROJERO,,,(P6321004) Buje de amortiguador delantero,P6321004,https://reygoma.com.ar/wp-content/uploads/2018/11/36321x1.gif,https://reygoma.com.ar/producto/art-3632/,RASTROJERO,
REY GOMA,3631,SOPORTE / GOMA-METAL,RASTROJERO,,,(112015) Soporte delantero de motor (Indenor),112015 | Indenor,https://reygoma.com.ar/wp-content/uploads/2018/11/36311x1.gif,https://reygoma.com.ar/producto/art-3631/,RASTROJERO,
REY GOMA,3630,PEDAL,RASTROJERO,,,(F136000) Pedal de acelerador,F136000,https://reygoma.com.ar/wp-content/uploads/2018/11/36301x1.gif,https://reygoma.com.ar/producto/art-3630/,RASTROJERO,
REY GOMA,3629,SOPORTE / GOMA-METAL,RASTROJERO,,,(REFORMA) Soporte delantero de motor,REFORMA,https://reygoma.com.ar/wp-content/uploads/2018/11/36291x1.gif,https://reygoma.com.ar/producto/art-3629/,RASTROJERO,
REY GOMA,3626,TOPE AMORTIGUADOR,RASTROJERO,,,(6221600) Tope inferior de suspensión,6221600,https://reygoma.com.ar/wp-content/uploads/2018/11/36261x1.gif,https://reygoma.com.ar/producto/art-3626/,RASTROJERO,
REY GOMA,3625,SOPORTE / GOMA-METAL,RASTROJERO,,,(NP6221700) Soporte superior de suspensión,NP6221700,https://reygoma.com.ar/wp-content/uploads/2018/11/36251x1.gif,https://reygoma.com.ar/producto/art-3625/,RASTROJERO,
REY GOMA,3623,SOPORTE / GOMA-METAL,RASTROJERO,,,(P6310200) Soporte delantero de motor,P6310200,https://reygoma.com.ar/wp-content/uploads/2018/11/36231x1.gif,https://reygoma.com.ar/producto/art-3623/,RASTROJERO,
REY GOMA,3622,SOPORTE DE CAJA,RASTROJERO,,,(P6310300) Soporte caja de velocidades,P6310300,https://reygoma.com.ar/wp-content/uploads/2018/11/36221x1-1.gif,https://reygoma.com.ar/producto/art-3622/,RASTROJERO,CAJA
REY GOMA,3621,PEDAL,RASTROJERO,,,(P6347007) Cubre pedal de freno y de embrague,P6347007,https://reygoma.com.ar/wp-content/uploads/2018/11/36211x1.gif,https://reygoma.com.ar/producto/art-3621/,RASTROJERO,
REY GOMA,3616,SOPORTE / GOMA-METAL,RASTROJERO,,,(REFORMA) Gancho de goma chico para capot,REFORMA,https://reygoma.com.ar/wp-content/uploads/2018/11/36161x1.gif,https://reygoma.com.ar/producto/art-3616/,RASTROJERO,
REY GOMA,3615,SOPORTE / GOMA-METAL,RASTROJERO,,,Soporte delantero de motor (naftero),naftero,https://reygoma.com.ar/wp-content/uploads/2018/11/36151x1.gif,https://reygoma.com.ar/producto/art-3615/,RASTROJERO,
REY GOMA,3591,BUJE,RASTROJERO,,,(NP6221401) Buje de amortiguador,NP6221401,https://reygoma.com.ar/wp-content/uploads/2018/11/35911x1.gif,https://reygoma.com.ar/producto/art-3591/,RASTROJERO,
REY GOMA,3588,SOPORTE / GOMA-METAL,RASTROJERO,,,(2055340) Soporte delantero de motor,2055340,https://reygoma.com.ar/wp-content/uploads/2018/11/35881x1.gif,https://reygoma.com.ar/producto/art-3588/,RASTROJERO,
REY GOMA,3587,SOPORTE DE CAJA,RASTROJERO,,,(RD1102000) Soporte caja de velocidades,RD1102000,https://reygoma.com.ar/wp-content/uploads/2018/11/35871x1.gif,https://reygoma.com.ar/producto/art-3587/,RASTROJERO,CAJA
REY GOMA,7684,CAZOLETA,Captur,"Duster, Kangoo, Logan, Oroch, RENAULT, Sandero",,(8200723741) Cazoleta amortiguador delantero / 2007/.. / 2 / / 2 /,8200723741,https://reygoma.com.ar/wp-content/uploads/2024/10/7684reducido.jpg,https://reygoma.com.ar/producto/art-7684/,Captur | Duster | Kangoo | Logan | Oroch | RENAULT | Sandero,
REY GOMA,7683,SOPORTE DE MOTOR,Kwid,RENAULT,,(112108798R) Soporte de motor (lado derecho) 1.0 naftero,112108798R | lado derecho,https://reygoma.com.ar/wp-content/uploads/2024/05/7683reducido.jpg,https://reygoma.com.ar/producto/art-7683/,Kwid | RENAULT,DERECHO
REY GOMA,7682,SOPORTE DE MOTOR,Kwid,RENAULT,,(112212175R) Soporte de motor (lado izquierdo) 1.0 maftero,112212175R | lado izquierdo,https://reygoma.com.ar/wp-content/uploads/2024/05/7682reducido.jpg,https://reygoma.com.ar/producto/art-7682/,Kwid | RENAULT,IZQUIERDO
REY GOMA,7680,SOPORTE DE MOTOR,Kangoo,RENAULT,,(112102235R) (112842305R) Soporte de motor (lado derecho) 1.6 16V H4M año 2018 en adelante.,112102235R | 112842305R | lado derecho,https://reygoma.com.ar/wp-content/uploads/2023/09/7680-1-1.jpg,https://reygoma.com.ar/producto/art-7680/,Kangoo | RENAULT,DERECHO
REY GOMA,7678,SOPORTE DE MOTOR,Captur,"Duster, Kangoo, Oroch, RENAULT, Sandero",,"(112102235R) (112842305R) Soporte de motor (lado derecho) 1.6 16V H4M año 2018/.., 2018/.., 2018/.., 2017/.., 2020/..",112102235R | 112842305R | lado derecho,https://reygoma.com.ar/wp-content/uploads/2023/09/7678-1-1.jpg,https://reygoma.com.ar/producto/art-7678/,Captur | Duster | Kangoo | Oroch | RENAULT | Sandero,DERECHO
REY GOMA,7681,SOPORTE DE MOTOR,Duster,RENAULT,,"(112105867R) Soporte de motor (lado derecho) 2, año 2015 en adelante.",112105867R | lado derecho,https://reygoma.com.ar/wp-content/uploads/2022/12/7681.jpg,https://reygoma.com.ar/producto/art-7681/,Duster | RENAULT,DERECHO
REY GOMA,7679,SOPORTE DE MOTOR,Logan,"RENAULT, Sandero",,(112106213R) Soporte de motor (lado derecho) y K4M 1.6 16V,112106213R | lado derecho,https://reygoma.com.ar/wp-content/uploads/2022/12/7679.jpg,https://reygoma.com.ar/producto/art-7679/,Logan | RENAULT | Sandero,DERECHO
REY GOMA,7676,SOPORTE DE MOTOR,Megane,RENAULT,,(8200904700) (820014931) Soporte de motor (hidráulico) (lado derecho) Mégane 2 K4M 1.6 16V (sin muesca),8200904700 | 820014931 | hidráulico | lado derecho | sin muesca,https://reygoma.com.ar/wp-content/uploads/2021/10/7676-1-sin-muesca-300x242.jpg,https://reygoma.com.ar/producto/art-7676/,Megane | RENAULT,DERECHO
REY GOMA,7675,SOPORTE DE MOTOR,Megane,RENAULT,,(8200438263) Soporte de motor (hidráulico) (lado derecho) Mégane 2.0 16V (muesca derecha),8200438263 | hidráulico | lado derecho | muesca derecha,https://reygoma.com.ar/wp-content/uploads/2021/10/7675-1-muesca-der-300x242.jpg,https://reygoma.com.ar/producto/art-7675/,Megane | RENAULT,DERECHO
REY GOMA,7677,SOPORTE DE MOTOR,Logan,RENAULT,,"(112101292R) Repuesto para soporte de motor (lado derecho) 1.6 8V K7M nafta, años 2014 al 2018",112101292R | lado derecho,https://reygoma.com.ar/wp-content/uploads/2021/04/7677-e1617880690586.jpg,https://reygoma.com.ar/producto/art-7677/,Logan | RENAULT,DERECHO
REY GOMA,7670,SOPORTE / GOMA-METAL,Master,RENAULT,,(8200675206) Soporte trasero de motor III diesel,8200675206,https://reygoma.com.ar/wp-content/uploads/2019/11/7670chico.jpg,https://reygoma.com.ar/producto/art-7670/,Master | RENAULT,
REY GOMA,7674,SOPORTE DE MOTOR,Master,RENAULT,,(112108180R) Soporte de motor (lado derecho) III 2.3 DCI,112108180R | lado derecho,https://reygoma.com.ar/wp-content/uploads/2019/09/7674achicadisimo-300x245.jpg,https://reygoma.com.ar/producto/art-7674/,Master | RENAULT,DERECHO
REY GOMA,7673,SOPORTE DE MOTOR,Master,RENAULT,,(8200676857) Soporte de motor (lado izquierdo) III 2.3 DCI,8200676857 | lado izquierdo,https://reygoma.com.ar/wp-content/uploads/2019/09/7673achicadisimo-300x193.jpg,https://reygoma.com.ar/producto/art-7673/,Master | RENAULT,IZQUIERDO
REY GOMA,7671/1,SOPORTE / GOMA-METAL,Duster,"Koleos, RENAULT",,Kit con abrazaderas y lubricante,,https://reygoma.com.ar/wp-content/uploads/2019/08/7671achicadisimo.jpg,https://reygoma.com.ar/producto/art-7671-1/,Duster | Koleos | RENAULT,
REY GOMA,7671,SOPORTE / GOMA-METAL,Duster,"Koleos, RENAULT",,Fuelle semi eje (lado caja) y,lado caja,https://reygoma.com.ar/wp-content/uploads/2019/08/7671achicadisimo.jpg,https://reygoma.com.ar/producto/art-7671/,Duster | Koleos | RENAULT,CAJA
REY GOMA,7672,SOPORTE / GOMA-METAL,Kwid,RENAULT,,(113609519R) Soporte trasero de motor 1.0,113609519R,https://reygoma.com.ar/wp-content/uploads/2019/08/7672achicadisimo-1.jpg,https://reygoma.com.ar/producto/art-7672/,Kwid | RENAULT,
REY GOMA,7669,SOPORTE / GOMA-METAL,Clio,"Kangoo, RENAULT",,"(8200155207) (8200175102) Soporte trasero de motor II, II 1.2 naftero y 1.5 DCI diesel",8200155207 | 8200175102,https://reygoma.com.ar/wp-content/uploads/2019/08/7669-e1567188951315-300x132.jpg,https://reygoma.com.ar/producto/art-7669/,Clio | Kangoo | RENAULT,
REY GOMA,7667,SOPORTE DE MOTOR,Kangoo,"Logan, RENAULT",,(112209464R) Soporte de motor (lado izquierdo) año 2014 en adelante y año 2018 en adelante (nafta y diesel),112209464R | lado izquierdo | nafta y diesel,https://reygoma.com.ar/wp-content/uploads/2019/05/7667.png,https://reygoma.com.ar/producto/art-7667/,Kangoo | Logan | RENAULT,IZQUIERDO
REY GOMA,7668,SOPORTE / GOMA-METAL,Clio,"Kangoo, Megane, RENAULT",,Almohadilla (única) y Mégane,única,https://reygoma.com.ar/wp-content/uploads/2019/05/7668.png,https://reygoma.com.ar/producto/art-7668/,Clio | Kangoo | Megane | RENAULT,
REY GOMA,7581,SOPORTE / GOMA-METAL,RENAULT,Twingo,,Fuelle semi eje (lado caja) nuevo,lado caja,https://reygoma.com.ar/wp-content/uploads/2019/05/7581.gif,https://reygoma.com.ar/producto/art-7581/,RENAULT | Twingo,CAJA
REY GOMA,7402,MANCHON,RENAULT,Renault 18,,"18 (6052682) Manchón de dirección Dauphine, Gordini, R 4, R 6, R 12 y R 18",6052682,https://reygoma.com.ar/wp-content/uploads/2019/05/74021x1.gif,https://reygoma.com.ar/producto/art-7402-6/,RENAULT | Renault 18,
REY GOMA,7545,SOPORTE DE CAJA,Express,RENAULT,,(7700755531) Soporte delantero izquierdo de caja de velocidades modelo,7700755531,https://reygoma.com.ar/wp-content/uploads/2019/05/75451x1.gif,https://reygoma.com.ar/producto/art-7545-2/,Express | RENAULT,CAJA / IZQUIERDO
REY GOMA,7664,SOPORTE DE MOTOR,Megane,RENAULT,,"(112100039R) Soporte de motor (hidráulico) (lado derecho) Fluence, Mégane III, Scenic III 2.0",112100039R | hidráulico | lado derecho,https://reygoma.com.ar/wp-content/uploads/2019/05/7664-1.gif,https://reygoma.com.ar/producto/art-7664-3/,Megane | RENAULT,DERECHO
REY GOMA,7663,SOPORTE / GOMA-METAL,Megane,RENAULT,,(112200013R) Repuesto para artículo 7656,112200013R,https://reygoma.com.ar/wp-content/uploads/2019/05/7663.gif,https://reygoma.com.ar/producto/art-7663-2/,Megane | RENAULT,
REY GOMA,7659,SOPORTE / GOMA-METAL,Megane,RENAULT,,(112380004R) Soporte trasero de motor Fluence 1.6 y Mégane III,112380004R,https://reygoma.com.ar/wp-content/uploads/2019/05/7659.gif,https://reygoma.com.ar/producto/art-7659-2/,Megane | RENAULT,
REY GOMA,7656,SOPORTE DE MOTOR,Megane,RENAULT,,(112200013R) Soporte de motor (lado izquierdo) Fluence o Mégane III 1.6 (caja de 5ta.),112200013R | lado izquierdo | caja de 5ta.,https://reygoma.com.ar/wp-content/uploads/2019/05/7656.gif,https://reygoma.com.ar/producto/art-7656-2/,Megane | RENAULT,IZQUIERDO
REY GOMA,7655,SOPORTE DE MOTOR,Megane,RENAULT,,(112200014R) Repuesto para soporte de motor (lado izquierdo) Fluence / Mégane III 2.0 caja de 6ta.,112200014R | lado izquierdo,https://reygoma.com.ar/wp-content/uploads/2019/05/7655.gif,https://reygoma.com.ar/producto/art-7655-2/,Megane | RENAULT,IZQUIERDO
REY GOMA,7652,SOPORTE DE MOTOR,Megane,RENAULT,,(8200352861) Soporte de motor (lado izquierdo) Mégane II y Scenic II,8200352861 | lado izquierdo,https://reygoma.com.ar/wp-content/uploads/2019/05/7652-1.gif,https://reygoma.com.ar/producto/art-7652-2/,Megane | RENAULT,IZQUIERDO
REY GOMA,7650,SOPORTE / GOMA-METAL,Megane,RENAULT,,(112380010R) Soporte trasero de motor Fluence 2.0L y Mégane III,112380010R,https://reygoma.com.ar/wp-content/uploads/2019/05/7650.gif,https://reygoma.com.ar/producto/art-7650-2/,Megane | RENAULT,
REY GOMA,7645,SOPORTE / GOMA-METAL,Megane,RENAULT,,"(8200103263) Tensor trasero de motor Mégane II motor F4R, nafta.",8200103263,https://reygoma.com.ar/wp-content/uploads/2019/05/7645.gif,https://reygoma.com.ar/producto/art-7645/,Megane | RENAULT,
REY GOMA,7643,SOPORTE / GOMA-METAL,Megane,RENAULT,,(8200042454) Soporte trasero de motor Mégane II motor F9Q/F4R.,8200042454,https://reygoma.com.ar/wp-content/uploads/2019/05/7643.gif,https://reygoma.com.ar/producto/art-7643/,Megane | RENAULT,
REY GOMA,7642,CAZOLETA,Megane,RENAULT,,(8200222463) Cazoleta amortiguador delantero Mégane II,8200222463,https://reygoma.com.ar/wp-content/uploads/2019/05/7642.gif,https://reygoma.com.ar/producto/art-7642/,Megane | RENAULT,
REY GOMA,7629,SOPORTE / GOMA-METAL,Megane,"RENAULT, Symbol",,"(6001549205) Soporte inferior de motor Logan 1.5 DCI año 2007 en adelante, Sandero 1.6 8V / 16V y 1.6",6001549205,https://reygoma.com.ar/wp-content/uploads/2019/05/7629.gif,https://reygoma.com.ar/producto/art-7629-3/,Megane | RENAULT | Symbol,
REY GOMA,7625,SOPORTE / GOMA-METAL,Megane,RENAULT,,"(8200148388) Soporte trasero central de motor Mégane, Scenic F4R 2.0 TDI año 2004 en adelante.",8200148388,https://reygoma.com.ar/wp-content/uploads/2019/05/7625-1.gif,https://reygoma.com.ar/producto/art-7625-2/,Megane | RENAULT,CENTRO
REY GOMA,7624,SOPORTE DE ESCAPE,Megane,RENAULT,,(8200035448) Soporte trasero de caño de escape Mégane II.,8200035448,https://reygoma.com.ar/wp-content/uploads/2019/05/7624.gif,https://reygoma.com.ar/producto/art-7624/,Megane | RENAULT,
REY GOMA,7623,SOPORTE DE MOTOR,Megane,"RENAULT, Sandero",,(8200549046) Soporte de motor hidráulico (lado derecho) Mégane II F4R y Stepway 1.6 16V (muesca izquierda),8200549046 | lado derecho | muesca izquierda,https://reygoma.com.ar/wp-content/uploads/2019/05/7623-1-muesca-izq-300x242.jpg,https://reygoma.com.ar/producto/art-7623-2/,Megane | RENAULT | Sandero,DERECHO / IZQUIERDO
REY GOMA,7615,SOPORTE DE MOTOR,Megane,RENAULT,,"(7700437391) Soporte de motor (hidráulico) (lado derecho) Scenic 16V, Mégane 1.6 y Clio Fase II",7700437391 | hidráulico | lado derecho,https://reygoma.com.ar/wp-content/uploads/2019/05/7590-7.gif,https://reygoma.com.ar/producto/art-7615-3/,Megane | RENAULT,DERECHO
REY GOMA,7611,SOPORTE DE MOTOR,Megane,RENAULT,,(7700852257) Soporte de motor (hidráulico) (lado derecho) Mégane motor 2000.,7700852257 | hidráulico | lado derecho,https://reygoma.com.ar/wp-content/uploads/2019/05/75461x1-2.gif,https://reygoma.com.ar/producto/art-7611/,Megane | RENAULT,DERECHO
REY GOMA,7608/1,SOPORTE / GOMA-METAL,Megane,RENAULT,,Kit con 1 abarazadera (no utiliza lubricante),no utiliza lubricante,https://reygoma.com.ar/wp-content/uploads/2019/05/7608-8.gif,https://reygoma.com.ar/producto/art-7608-1-4/,Megane | RENAULT,
REY GOMA,7608,SOPORTE / GOMA-METAL,Megane,RENAULT,,"Fuelle semi eje (lado caja) p/corto, modelos: Clio, Kangoo, Twingo y Mégane (triceta)",lado caja | triceta,https://reygoma.com.ar/wp-content/uploads/2019/05/7608-7.gif,https://reygoma.com.ar/producto/art-7608-4/,Megane | RENAULT,CAJA
REY GOMA,7606,FUELLE DIRECCION,Megane,RENAULT,,"Fuelle dirección hidráulica Kangoo, y Clio 2.",,https://reygoma.com.ar/wp-content/uploads/2019/05/7606-2.gif,https://reygoma.com.ar/producto/art-7606-3/,Megane | RENAULT,
REY GOMA,7605/1,SOPORTE / GOMA-METAL,Megane,RENAULT,,Kit con abrazaderas y lubricante,,https://reygoma.com.ar/wp-content/uploads/2019/05/7605-3.gif,https://reygoma.com.ar/producto/art-7605-1-2/,Megane | RENAULT,
REY GOMA,7605,SOPORTE / GOMA-METAL,Megane,RENAULT,,Fuelle semi eje (lado rueda) modelos Clio y,lado rueda,https://reygoma.com.ar/wp-content/uploads/2019/05/7605-2.gif,https://reygoma.com.ar/producto/art-7605-2/,Megane | RENAULT,
REY GOMA,7604/1,SOPORTE / GOMA-METAL,Megane,RENAULT,,Kit con abrazaderas y lubricante,,https://reygoma.com.ar/wp-content/uploads/2019/05/7604-7.gif,https://reygoma.com.ar/producto/art-7604-1-4/,Megane | RENAULT,
REY GOMA,7604,SOPORTE / GOMA-METAL,Megane,RENAULT,,"Fuelle semi eje (lado rueda) modelos Mégane, Clio, Kangoo y Express",lado rueda,https://reygoma.com.ar/wp-content/uploads/2019/05/7604-6.gif,https://reygoma.com.ar/producto/art-7604-4/,Megane | RENAULT,
REY GOMA,7603/1,SOPORTE / GOMA-METAL,Megane,RENAULT,,Kit con abrazaderas y lubricante,,https://reygoma.com.ar/wp-content/uploads/2019/05/7603-7.gif,https://reygoma.com.ar/producto/art-7603-1-4/,Megane | RENAULT,
REY GOMA,7603,SOPORTE / GOMA-METAL,Megane,RENAULT,,"Fuelle semi eje c/trebol (lado caja) modelos Mégane, Clio, Twingo y Express",lado caja,https://reygoma.com.ar/wp-content/uploads/2019/05/7603-6.gif,https://reygoma.com.ar/producto/art-7603-4/,Megane | RENAULT,CAJA
REY GOMA,7602/1,SOPORTE / GOMA-METAL,Megane,RENAULT,,Kit con abrazaderas y lubricante,,https://reygoma.com.ar/wp-content/uploads/2019/05/7602-7.gif,https://reygoma.com.ar/producto/art-7602-1-4/,Megane | RENAULT,
REY GOMA,7602,SOPORTE / GOMA-METAL,Megane,RENAULT,,"Fuelle semi eje s/trebol (lado caja) modelos Mégane, Clio, Twingo y Express",lado caja,https://reygoma.com.ar/wp-content/uploads/2019/05/7602-6.gif,https://reygoma.com.ar/producto/art-7602-4/,Megane | RENAULT,CAJA
REY GOMA,7596,TOPE AMORTIGUADOR,Megane,RENAULT,,"Tope soporte Mégane 2000, Clio, Express y Scenic diesel.",,https://reygoma.com.ar/wp-content/uploads/2019/05/7596-3.gif,https://reygoma.com.ar/producto/art-7596-4/,Megane | RENAULT,
REY GOMA,7595,SOPORTE / GOMA-METAL,Megane,RENAULT,,"(7700434370) (7700437391) Taco de rebote central (lado derecho) Kangoo, 1.6 y Clio Fase II.",7700434370 | 7700437391 | lado derecho,https://reygoma.com.ar/wp-content/uploads/2019/05/7595-2.gif,https://reygoma.com.ar/producto/art-7595-3/,Megane | RENAULT,DERECHO / CENTRO
REY GOMA,7592,SOPORTE / GOMA-METAL,Megane,RENAULT,,"(7700437854) Soporte inferior de motor Clio 2 , 1.6 y Scenic Fase II.",7700437854,https://reygoma.com.ar/wp-content/uploads/2019/05/7592-2.gif,https://reygoma.com.ar/producto/art-7592-3/,Megane | RENAULT,
REY GOMA,7590,SOPORTE DE MOTOR,Megane,RENAULT,,(7700437391) Soporte de motor 16V (lado derecho) (no hidráulico) Scenic y Mégane 1.6 y Clio Fase II.,7700437391 | lado derecho | no hidráulico,https://reygoma.com.ar/wp-content/uploads/2019/05/7590-6.gif,https://reygoma.com.ar/producto/art-7590-3/,Megane | RENAULT,DERECHO
REY GOMA,7552,CAZOLETA,Megane,RENAULT,,(7702224432) Cazoleta R19 Mégane y Clio.,7702224432,https://reygoma.com.ar/wp-content/uploads/2019/05/7552-4.gif,https://reygoma.com.ar/producto/art-7552-3/,Megane | RENAULT,
REY GOMA,7546,SOPORTE DE MOTOR,Megane,,,(7700832256) Soporte de motor (lado derecho) (no hidráulico) Scenic y Mégane motor 2000 y diesel.,7700832256 | lado derecho | no hidráulico,https://reygoma.com.ar/wp-content/uploads/2019/05/75461x1-1.gif,https://reygoma.com.ar/producto/art-7546-2/,Megane,DERECHO
REY GOMA,7544,SOPORTE / GOMA-METAL,Megane,RENAULT,,(7700849715) Soporte central de motor Scenic y Mégane motor 2000 y diesel.,7700849715,https://reygoma.com.ar/wp-content/uploads/2019/05/75441x1-1.gif,https://reygoma.com.ar/producto/art-7544-2/,Megane | RENAULT,CENTRO
REY GOMA,7541,SOPORTE / GOMA-METAL,Megane,RENAULT,,"(7700788318) Soporte delantero de motor (lado izquierdo) Kangoo Express, Mégane, R19 y Scenic motor 2000, 1.6 o diesel y Clio 1.2 16V naftero.",7700788318 | lado izquierdo,https://reygoma.com.ar/wp-content/uploads/2019/05/75411x1-2.gif,https://reygoma.com.ar/producto/art-7541-2/,Megane | RENAULT,IZQUIERDO
REY GOMA,7536,SOPORTE / GOMA-METAL,Megane,RENAULT,,"(7700804163) Soporte central de motor Clio, Mégane y R 19",7700804163,https://reygoma.com.ar/wp-content/uploads/2019/05/75361x1-2.gif,https://reygoma.com.ar/producto/art-7536-3/,Megane | RENAULT,CENTRO
REY GOMA,7535,SOPORTE / GOMA-METAL,Megane,RENAULT,,"(7700801543) Soporte delantero de motor (lado izquierdo) Clio, Mégane 1.6 y R 19",7700801543 | lado izquierdo,https://reygoma.com.ar/wp-content/uploads/2019/05/75351x1-2.gif,https://reygoma.com.ar/producto/art-7535-3/,Megane | RENAULT,IZQUIERDO
REY GOMA,7534,SOPORTE / GOMA-METAL,Megane,RENAULT,,"(7700785949) Soporte delantero de motor naftero (lado derecho) Clio, Mégane 1.6, R 19 y Kangoo naftero",7700785949 | lado derecho,https://reygoma.com.ar/wp-content/uploads/2019/05/75341x1-3.gif,https://reygoma.com.ar/producto/art-7534-4/,Megane | RENAULT,DERECHO
REY GOMA,7641,CAZOLETA,Clio,RENAULT,,"(7700426450) Cubre cazoleta superior delantera 2, Kangoo",7700426450,https://reygoma.com.ar/wp-content/uploads/2019/05/7641-1.gif,https://reygoma.com.ar/producto/art-7641-2/,Clio | RENAULT,
REY GOMA,7632,SOPORTE DE ESCAPE,Clio,RENAULT,,"(7700435270) Soporte trasero caño de escape 2, nafta y diesel.",7700435270,https://reygoma.com.ar/wp-content/uploads/2019/05/7632.gif,https://reygoma.com.ar/producto/art-7632/,Clio | RENAULT,
REY GOMA,7631,SOPORTE DE ESCAPE,Clio,RENAULT,,(7700424342) Soporte intermedio caño de escape 2.,7700424342,https://reygoma.com.ar/wp-content/uploads/2019/05/7631.gif,https://reygoma.com.ar/producto/art-7631/,Clio | RENAULT,
REY GOMA,7630,SOPORTE DE ESCAPE,Clio,RENAULT,,(7700424341) Soporte caño de escape intermedio 2.,7700424341,https://reygoma.com.ar/wp-content/uploads/2019/05/7630.gif,https://reygoma.com.ar/producto/art-7630/,Clio | RENAULT,
REY GOMA,7621,SOPORTE DE MOTOR,Clio,RENAULT,,"(8200267625) Soporte de motor (hidráulico) (lado derecho) Clio2 1.5L diesel, motor K9K CDI",8200267625 | hidráulico | lado derecho,https://reygoma.com.ar/wp-content/uploads/2019/05/7621-e1556899364230.gif,https://reygoma.com.ar/producto/art-7621/,Clio | RENAULT,DERECHO
REY GOMA,7620/1,SOPORTE / GOMA-METAL,Clio,RENAULT,,Kit con abrazaderas y lubricante,,https://reygoma.com.ar/wp-content/uploads/2019/05/3552.gif,https://reygoma.com.ar/producto/art-7620-1-2/,Clio | RENAULT,
REY GOMA,7620,SOPORTE / GOMA-METAL,Clio,RENAULT,,Fuelle semi eje (lado rueda) 2 y Laguna,lado rueda,https://reygoma.com.ar/wp-content/uploads/2019/05/3552-2.gif,https://reygoma.com.ar/producto/art-7620-2/,Clio | RENAULT,
REY GOMA,7619/1,SOPORTE / GOMA-METAL,Clio,RENAULT,,Kit con abrazaderas y lubricante,,https://reygoma.com.ar/wp-content/uploads/2019/05/3551-3.gif,https://reygoma.com.ar/producto/art-7619-1-2/,Clio | RENAULT,
REY GOMA,7619,SOPORTE / GOMA-METAL,Clio,RENAULT,,Fuelle semi eje (lado caja) 2 y Kangoo año 2003 en adelante,lado caja,https://reygoma.com.ar/wp-content/uploads/2019/05/3551-2.gif,https://reygoma.com.ar/producto/art-7619-2/,Clio | RENAULT,CAJA
REY GOMA,7617,SOPORTE DE MOTOR,Clio,RENAULT,,(7700415087) Soporte de motor (hidráulico) (lado derecho) 1.2 y Kangoo naftero.,7700415087 | hidráulico | lado derecho,https://reygoma.com.ar/wp-content/uploads/2019/05/7617-1.gif,https://reygoma.com.ar/producto/art-7617-2/,Clio | RENAULT,DERECHO
REY GOMA,7615,SOPORTE DE MOTOR,Clio,RENAULT,,"(7700437391) Soporte de motor (hidráulico) (lado derecho) Scenic 16V, Mégane 1.6 y Fase II",7700437391 | hidráulico | lado derecho,https://reygoma.com.ar/wp-content/uploads/2019/05/7590-5.gif,https://reygoma.com.ar/producto/art-7615-2/,Clio | RENAULT,DERECHO
REY GOMA,7614,SOPORTE DE MOTOR,Clio,"RENAULT, Symbol",,"(7700434370) Soporte de motor (hidráulico) (lado derecho) Kangoo 1.6, Fase I y 1.6",7700434370 | hidráulico | lado derecho,https://reygoma.com.ar/wp-content/uploads/2019/05/7549-2.gif,https://reygoma.com.ar/producto/art-7614-2/,Clio | RENAULT | Symbol,DERECHO
REY GOMA,7613,SOPORTE DE MOTOR,Clio,RENAULT,,(7700818984) Soporte de motor (hidráulico) (lado derecho) y Express diesel.,7700818984 | hidráulico | lado derecho,https://reygoma.com.ar/wp-content/uploads/2019/05/75431x1-3.gif,https://reygoma.com.ar/producto/art-7613-2/,Clio | RENAULT,DERECHO
REY GOMA,7612,SOPORTE DE MOTOR,Clio,RENAULT,,(7700885123) Soporte de motor (hidráulico) (lado derecho),7700885123 | hidráulico | lado derecho,https://reygoma.com.ar/wp-content/uploads/2019/05/75421x1-1.gif,https://reygoma.com.ar/producto/art-7612/,Clio | RENAULT,DERECHO
REY GOMA,7608/1,SOPORTE / GOMA-METAL,Clio,RENAULT,,Kit con 1 abarazadera (no utiliza lubricante),no utiliza lubricante,https://reygoma.com.ar/wp-content/uploads/2019/05/7608-6.gif,https://reygoma.com.ar/producto/art-7608-1-3/,Clio | RENAULT,
REY GOMA,7608,SOPORTE / GOMA-METAL,Clio,RENAULT,,"Fuelle semi eje (lado caja) p/corto, modelos: Kangoo, Twingo y Mégane (triceta)",lado caja | triceta,https://reygoma.com.ar/wp-content/uploads/2019/05/7608-5.gif,https://reygoma.com.ar/producto/art-7608-3/,Clio | RENAULT,CAJA
REY GOMA,7606,FUELLE DIRECCION,Clio,RENAULT,,"Fuelle dirección hidráulica Kangoo, Megane y 2.",,https://reygoma.com.ar/wp-content/uploads/2019/05/7606-1.gif,https://reygoma.com.ar/producto/art-7606-2/,Clio | RENAULT,
REY GOMA,7605/1,SOPORTE / GOMA-METAL,Clio,RENAULT,,Kit con abrazaderas y lubricante,,https://reygoma.com.ar/wp-content/uploads/2019/05/7605-1.gif,https://reygoma.com.ar/producto/art-7605-1/,Clio | RENAULT,
REY GOMA,7605,SOPORTE / GOMA-METAL,Clio,RENAULT,,Fuelle semi eje (lado rueda) modelos y Megane,lado rueda,https://reygoma.com.ar/wp-content/uploads/2019/05/7605.gif,https://reygoma.com.ar/producto/art-7605/,Clio | RENAULT,
REY GOMA,7604/1,SOPORTE / GOMA-METAL,Clio,RENAULT,,Kit con abrazaderas y lubricante,,https://reygoma.com.ar/wp-content/uploads/2019/05/7604-5.gif,https://reygoma.com.ar/producto/art-7604-1-3/,Clio | RENAULT,
REY GOMA,7604,SOPORTE / GOMA-METAL,Clio,RENAULT,,"Fuelle semi eje (lado rueda) modelos Mégane, Kangoo y Express",lado rueda,https://reygoma.com.ar/wp-content/uploads/2019/05/7604-4.gif,https://reygoma.com.ar/producto/art-7604-3/,Clio | RENAULT,
REY GOMA,7603/1,SOPORTE / GOMA-METAL,Clio,RENAULT,,Kit con abrazaderas y lubricante,,https://reygoma.com.ar/wp-content/uploads/2019/05/7603-5.gif,https://reygoma.com.ar/producto/art-7603-1-3/,Clio | RENAULT,
REY GOMA,7603,SOPORTE / GOMA-METAL,Clio,RENAULT,,"Fuelle semi eje c/trebol (lado caja) modelos Mégane, Twingo y Express",lado caja,https://reygoma.com.ar/wp-content/uploads/2019/05/7603-4.gif,https://reygoma.com.ar/producto/art-7603-3/,Clio | RENAULT,CAJA
REY GOMA,7602/1,SOPORTE / GOMA-METAL,Clio,RENAULT,,Kit con abrazaderas y lubricante,,https://reygoma.com.ar/wp-content/uploads/2019/05/7602-5.gif,https://reygoma.com.ar/producto/art-7602-1-3/,Clio | RENAULT,
REY GOMA,7602,SOPORTE / GOMA-METAL,Clio,RENAULT,,"Fuelle semi eje s/trebol (lado caja) modelos Mégane, Twingo y Express",lado caja,https://reygoma.com.ar/wp-content/uploads/2019/05/7602-4.gif,https://reygoma.com.ar/producto/art-7602-3/,Clio | RENAULT,CAJA
REY GOMA,7596,TOPE AMORTIGUADOR,Clio,RENAULT,,"Tope soporte Mégane 2000, Express y Scenic diesel.",,https://reygoma.com.ar/wp-content/uploads/2019/05/7596-2.gif,https://reygoma.com.ar/producto/art-7596-3/,Clio | RENAULT,
REY GOMA,7595,SOPORTE / GOMA-METAL,Clio,RENAULT,,"(7700434370) (7700437391) Taco de rebote central (lado derecho) Kangoo, Megane 1.6 y Fase II.",7700434370 | 7700437391 | lado derecho,https://reygoma.com.ar/wp-content/uploads/2019/05/7595-1.gif,https://reygoma.com.ar/producto/art-7595-2/,Clio | RENAULT,DERECHO / CENTRO
REY GOMA,7592,SOPORTE / GOMA-METAL,Clio,RENAULT,,"(7700437854) Soporte inferior de motor 2 , Megane 1.6 y Scenic Fase II.",7700437854,https://reygoma.com.ar/wp-content/uploads/2019/05/7592-1.gif,https://reygoma.com.ar/producto/art-7592-2/,Clio | RENAULT,
REY GOMA,7590,SOPORTE DE MOTOR,Clio,RENAULT,,(7700437391) Soporte de motor 16V (lado derecho) (no hidráulico) Scenic y Mégane 1.6 y Fase II.,7700437391 | lado derecho | no hidráulico,https://reygoma.com.ar/wp-content/uploads/2019/05/7590-4.gif,https://reygoma.com.ar/producto/art-7590-2/,Clio | RENAULT,DERECHO
REY GOMA,7588,CAZOLETA,Clio,RENAULT,,(7700829529) Cazoleta delantera Kangoo y 2.,7700829529,https://reygoma.com.ar/wp-content/uploads/2019/05/7588-1.gif,https://reygoma.com.ar/producto/art-7588-2/,Clio | RENAULT,
REY GOMA,7585,CAZOLETA,Clio,RENAULT,,(77008278B) Cazoleta amortiguador delantero,77008278B,https://reygoma.com.ar/wp-content/uploads/2019/05/7585.gif,https://reygoma.com.ar/producto/art-7585/,Clio | RENAULT,
REY GOMA,7584,SOPORTE / GOMA-METAL,Clio,RENAULT,,"Fuelle cremallera mecánica R 9, R 11, R 19 RE, Express",,https://reygoma.com.ar/wp-content/uploads/2019/05/7584-2.gif,https://reygoma.com.ar/producto/art-7584-5/,Clio | RENAULT,
REY GOMA,7580/1,SOPORTE / GOMA-METAL,Clio,RENAULT,,Kit con abrazaderas y lubricante,,https://reygoma.com.ar/wp-content/uploads/2019/05/7580-7.gif,https://reygoma.com.ar/producto/art-7580-1-5/,Clio | RENAULT,
REY GOMA,7580,SOPORTE / GOMA-METAL,Clio,RENAULT,,"Fuelle semi eje (lado rueda) R 11 turbo, R 19, Twingo, Express",lado rueda,https://reygoma.com.ar/wp-content/uploads/2019/05/7580-6.gif,https://reygoma.com.ar/producto/art-7580-5/,Clio | RENAULT,
REY GOMA,7578/1,SOPORTE / GOMA-METAL,Clio,RENAULT,,Kit con abrazaderas y lubricante,,https://reygoma.com.ar/wp-content/uploads/2019/05/7578-7.gif,https://reygoma.com.ar/producto/art-7578-1-5/,Clio | RENAULT,
REY GOMA,7578,SOPORTE / GOMA-METAL,Clio,RENAULT,,"Fuelle semi eje (lado caja) R 5 Francés – Español, R 19, Express, Twingo,",lado caja,https://reygoma.com.ar/wp-content/uploads/2019/05/7578-6.gif,https://reygoma.com.ar/producto/art-7578-6/,Clio | RENAULT,CAJA
REY GOMA,7576/1,SOPORTE / GOMA-METAL,Clio,RENAULT,,Kit con abrazaderas y lubricante,,https://reygoma.com.ar/wp-content/uploads/2019/05/7576-1.gif,https://reygoma.com.ar/producto/art-7576-1/,Clio | RENAULT,
REY GOMA,7576,SOPORTE / GOMA-METAL,Clio,RENAULT,,Fuelle semi eje (lado rueda),lado rueda,https://reygoma.com.ar/wp-content/uploads/2019/05/7576.gif,https://reygoma.com.ar/producto/art-7576/,Clio | RENAULT,
REY GOMA,7573/2,SOPORTE / GOMA-METAL,Clio,RENAULT,,"Fuelle semi eje (lado caja) R 12 caja de 5a., R 9, Twingo, Express + chapa y kit con abrazaderas y lubricante",lado caja,https://reygoma.com.ar/wp-content/uploads/2019/05/7573-2-2.gif,https://reygoma.com.ar/producto/art-7573-2-5/,Clio | RENAULT,CAJA
REY GOMA,7573/1,SOPORTE / GOMA-METAL,Clio,RENAULT,,Kit con abrazaderas y lubricante,,https://reygoma.com.ar/wp-content/uploads/2019/05/7573-6.gif,https://reygoma.com.ar/producto/art-7573-1-5/,Clio | RENAULT,
REY GOMA,7573,SOPORTE / GOMA-METAL,Clio,RENAULT,,"Fuelle semi eje (lado caja) R 12 caja de 5a., R 9, Twingo, Express",lado caja,https://reygoma.com.ar/wp-content/uploads/2019/05/7573-5.gif,https://reygoma.com.ar/producto/art-7573-6/,Clio | RENAULT,CAJA
REY GOMA,7572/1,SOPORTE / GOMA-METAL,Clio,RENAULT,,"Kit con 1 abrazadera, no utiliza lubricante",,https://reygoma.com.ar/wp-content/uploads/2019/05/7572-7.gif,https://reygoma.com.ar/producto/art-7572-1-6/,Clio | RENAULT,
REY GOMA,7572,SOPORTE / GOMA-METAL,Clio,RENAULT,,"Fuelle semi eje (lado caja) p/corto R 9, R 11, R 19, Twingo, Express,",lado caja,https://reygoma.com.ar/wp-content/uploads/2019/05/7572-6.gif,https://reygoma.com.ar/producto/art-7572-6/,Clio | RENAULT,CAJA
REY GOMA,7552,CAZOLETA,Clio,RENAULT,,(7702224432) Cazoleta R19 Mégane y .,7702224432,https://reygoma.com.ar/wp-content/uploads/2019/05/7552-2.gif,https://reygoma.com.ar/producto/art-7552-2/,Clio | RENAULT,
REY GOMA,7548/1,SOPORTE / GOMA-METAL,Clio,RENAULT,,"(7700800522) (7700841151) Soporte suspensión motor lado caja R 19, express diesel h 50 mm.",7700800522 | 7700841151,https://reygoma.com.ar/wp-content/uploads/2019/05/7548-11x1-2.gif,https://reygoma.com.ar/producto/art-7548-1-3/,Clio | RENAULT,CAJA
REY GOMA,7548,SOPORTE / GOMA-METAL,Clio,RENAULT,,"(7700800522) (7700841151) (7700424321) Soporte suspensión motor lado caja R 19, Express diesel h 41 mm.",7700800522 | 7700841151 | 7700424321,https://reygoma.com.ar/wp-content/uploads/2019/05/75481x1-2-1.gif,https://reygoma.com.ar/producto/art-7548-3/,Clio | RENAULT,CAJA
REY GOMA,7543,SOPORTE DE MOTOR,Clio,RENAULT,,(7700805123) Soporte de motor (lado derecho) (no hidráulico) y Express diesel,7700805123 | lado derecho | no hidráulico,https://reygoma.com.ar/wp-content/uploads/2019/05/75431x1-2.gif,https://reygoma.com.ar/producto/art-7543-2/,Clio | RENAULT,DERECHO
REY GOMA,7542,SOPORTE DE MOTOR,Clio,RENAULT,,(7700818994) Soporte de motor (lado derecho) (no hidráulico),7700818994 | lado derecho | no hidráulico,https://reygoma.com.ar/wp-content/uploads/2019/05/75421x1.gif,https://reygoma.com.ar/producto/art-7542/,Clio | RENAULT,DERECHO
REY GOMA,7539,SOPORTE / GOMA-METAL,Clio,RENAULT,,(7700800522) Soporte superior de motor (lado caja) naftero y R 19 diesel,7700800522 | lado caja,https://reygoma.com.ar/wp-content/uploads/2019/05/75391x1-1.gif,https://reygoma.com.ar/producto/art-7539-2/,Clio | RENAULT,CAJA
REY GOMA,7537,SOPORTE / GOMA-METAL,Clio,RENAULT,,(7700795689) Soporte superior de motor modelo naftero,7700795689,https://reygoma.com.ar/wp-content/uploads/2019/05/75371x1.gif,https://reygoma.com.ar/producto/art-7537/,Clio | RENAULT,
REY GOMA,7536,SOPORTE / GOMA-METAL,Clio,RENAULT,,(7700804163) Soporte central de motor Mégane y R 19,7700804163,https://reygoma.com.ar/wp-content/uploads/2019/05/75361x1-1.gif,https://reygoma.com.ar/producto/art-7536-2/,Clio | RENAULT,CENTRO
REY GOMA,7535,SOPORTE / GOMA-METAL,Clio,RENAULT,,(7700801543) Soporte delantero de motor (lado izquierdo) Mégane 1.6 y R 19,7700801543 | lado izquierdo,https://reygoma.com.ar/wp-content/uploads/2019/05/75351x1-1.gif,https://reygoma.com.ar/producto/art-7535-2/,Clio | RENAULT,IZQUIERDO
REY GOMA,7534,SOPORTE / GOMA-METAL,Clio,RENAULT,,"(7700785949) Soporte delantero de motor naftero (lado derecho) Mégane 1.6, R 19 y Kangoo naftero",7700785949 | lado derecho,https://reygoma.com.ar/wp-content/uploads/2019/05/75341x1-2.gif,https://reygoma.com.ar/producto/art-7534-3/,Clio | RENAULT,DERECHO
REY GOMA,7635,CAZOLETA,RENAULT,Renault 21,,21 (7700757691) Cazoleta de amortiguador delantero R21 GTS TT TXE hasta año 91,7700757691,https://reygoma.com.ar/wp-content/uploads/2019/05/IMP_2222.gif,https://reygoma.com.ar/producto/art-7635/,RENAULT | Renault 21,
REY GOMA,7593,TOPE AMORTIGUADOR,RENAULT,Renault 21,,21 (7702094255) Tope amortiguador R 21.,7702094255,https://reygoma.com.ar/wp-content/uploads/2019/05/7593.gif,https://reygoma.com.ar/producto/art-7593/,RENAULT | Renault 21,
REY GOMA,7583/1,SOPORTE / GOMA-METAL,RENAULT,Renault 21,,21 Kit con abrazaderas y lubricante,,https://reygoma.com.ar/wp-content/uploads/2019/05/7583-3.gif,https://reygoma.com.ar/producto/art-7583-1-2/,RENAULT | Renault 21,
REY GOMA,7583,SOPORTE / GOMA-METAL,RENAULT,Renault 21,,"21 Fuelle semi eje R 21, Trafic 1400",,https://reygoma.com.ar/wp-content/uploads/2019/05/7583-2.gif,https://reygoma.com.ar/producto/art-7583-2/,RENAULT | Renault 21,
REY GOMA,7577/1,SOPORTE / GOMA-METAL,RENAULT,Renault 21,,21 Kit con abrazaderas y lubricante,,https://reygoma.com.ar/wp-content/uploads/2019/05/7577-1.gif,https://reygoma.com.ar/producto/art-7577-1/,RENAULT | Renault 21,
REY GOMA,7577,SOPORTE / GOMA-METAL,RENAULT,Renault 21,,21 Fuelle semi eje (lado rueda) R 21,lado rueda,https://reygoma.com.ar/wp-content/uploads/2019/05/7577.gif,https://reygoma.com.ar/producto/art-7577/,RENAULT | Renault 21,
REY GOMA,7566/2,SOPORTE / GOMA-METAL,RENAULT,Renault 21,,"21 Fuelle semi eje (lado caja) R 18, R 21, Fuego, Trafic + chapa y kit con abrazaderas y lubricante",lado caja,https://reygoma.com.ar/wp-content/uploads/2019/05/7566-2-2.gif,https://reygoma.com.ar/producto/art-7566-2-4/,RENAULT | Renault 21,CAJA
REY GOMA,7566/1,SOPORTE / GOMA-METAL,RENAULT,Renault 21,,21 Kit con abrazaderas y lubricante,,https://reygoma.com.ar/wp-content/uploads/2019/05/7566-2.gif,https://reygoma.com.ar/producto/art-7566-1-4/,RENAULT | Renault 21,
REY GOMA,7566,SOPORTE / GOMA-METAL,RENAULT,Renault 21,,"21 Fuelle semi eje (lado caja) R 18, R 21, Fuego, Trafic",lado caja,https://reygoma.com.ar/wp-content/uploads/2019/05/7566-1.gif,https://reygoma.com.ar/producto/art-7566-5/,RENAULT | Renault 21,CAJA
REY GOMA,7538,SOPORTE DE ESCAPE,RENAULT,Renault 21,,"21 (7700565762) Soporte caño de escape modelo R 21. Ø 49 mm. h 24 mm. rosca M 8 x 1,25",7700565762,https://reygoma.com.ar/wp-content/uploads/2019/05/75381x1-1.gif,https://reygoma.com.ar/producto/art-7538/,RENAULT | Renault 21,
REY GOMA,7532,SOPORTE / GOMA-METAL,RENAULT,Renault 21,,21 (7700766126) Soporte trasero de motor modelo R 21,7700766126,https://reygoma.com.ar/wp-content/uploads/2019/05/75321x1.gif,https://reygoma.com.ar/producto/art-7532/,RENAULT | Renault 21,
REY GOMA,7531,SOPORTE / GOMA-METAL,RENAULT,Renault 21,,21 (7700769720) Soporte delantero derecho de motor modelo R 21,7700769720,https://reygoma.com.ar/wp-content/uploads/2019/05/75311x1.gif,https://reygoma.com.ar/producto/art-7531/,RENAULT | Renault 21,DERECHO
REY GOMA,7530,SOPORTE / GOMA-METAL,RENAULT,Renault 21,,21 (7700769719) Soporte delantero izquierdo de motor modelo R 21,7700769719,https://reygoma.com.ar/wp-content/uploads/2019/05/75301x1.gif,https://reygoma.com.ar/producto/art-7530/,RENAULT | Renault 21,IZQUIERDO
REY GOMA,7618/1,SOPORTE / GOMA-METAL,RENAULT,Renault 19,,19 Kit con abrazaderas y lubricante,,https://reygoma.com.ar/wp-content/uploads/2019/04/7618-1.gif,https://reygoma.com.ar/producto/art-7618-1/,RENAULT | Renault 19,
REY GOMA,7618,SOPORTE / GOMA-METAL,RENAULT,Renault 19,,19 Fuelle semi eje homocinética (lado rueda) R19,lado rueda,https://reygoma.com.ar/wp-content/uploads/2019/04/7618.gif,https://reygoma.com.ar/producto/art-7618/,RENAULT | Renault 19,
REY GOMA,7610,SOPORTE / GOMA-METAL,RENAULT,Renault 19,,19 (7700802927) Soporte delantero de motor (hidráulico) (lado derecho) modelo R19 diesel.,7700802927 | hidráulico | lado derecho,https://reygoma.com.ar/wp-content/uploads/2019/04/75401x1-1.gif,https://reygoma.com.ar/producto/art-7610/,RENAULT | Renault 19,DERECHO
REY GOMA,7584,SOPORTE / GOMA-METAL,RENAULT,Renault 19,,"19 Fuelle cremallera mecánica R 9, R 11, R 19 RE, Clio, Express",,https://reygoma.com.ar/wp-content/uploads/2019/04/7584-1-1.gif,https://reygoma.com.ar/producto/art-7584-4/,RENAULT | Renault 19,
REY GOMA,7580/1,SOPORTE / GOMA-METAL,RENAULT,Renault 19,,19 Kit con abrazaderas y lubricante,,https://reygoma.com.ar/wp-content/uploads/2019/04/7580-5.gif,https://reygoma.com.ar/producto/art-7580-1-4/,RENAULT | Renault 19,
REY GOMA,7580,SOPORTE / GOMA-METAL,RENAULT,Renault 19,,"19 Fuelle semi eje (lado rueda) R 11 turbo, R 19, Twingo, Clio, Express",lado rueda,https://reygoma.com.ar/wp-content/uploads/2019/04/7580-4.gif,https://reygoma.com.ar/producto/art-7580-4/,RENAULT | Renault 19,
REY GOMA,7578/1,SOPORTE / GOMA-METAL,RENAULT,Renault 19,,19 Kit con abrazaderas y lubricante,,https://reygoma.com.ar/wp-content/uploads/2019/04/7578-5.gif,https://reygoma.com.ar/producto/art-7578-1-4/,RENAULT | Renault 19,
REY GOMA,7578,SOPORTE / GOMA-METAL,RENAULT,Renault 19,,"19 Fuelle semi eje (lado caja) R 5 Francés – Español, R 19, Express, Twingo, Clio",lado caja,https://reygoma.com.ar/wp-content/uploads/2019/04/7578-4.gif,https://reygoma.com.ar/producto/art-7578-5/,RENAULT | Renault 19,CAJA
REY GOMA,7572/1,SOPORTE / GOMA-METAL,RENAULT,Renault 19,,"19 Kit con 1 abrazadera, no utiliza lubricante",,https://reygoma.com.ar/wp-content/uploads/2019/04/7572-5.gif,https://reygoma.com.ar/producto/art-7572-1-5/,RENAULT | Renault 19,
REY GOMA,7572,SOPORTE / GOMA-METAL,RENAULT,Renault 19,,"19 Fuelle semi eje (lado caja) p/corto R 9, R 11, R 19, Twingo, Express, Clio",lado caja,https://reygoma.com.ar/wp-content/uploads/2019/04/7572-4.gif,https://reygoma.com.ar/producto/art-7572-5/,RENAULT | Renault 19,CAJA
REY GOMA,7570,SOPORTE / GOMA-METAL,RENAULT,Renault 19,,"19 Almohadilla abrazadera (única) R 9, R 11, R 19",única,https://reygoma.com.ar/wp-content/uploads/2019/04/7570-1-1.gif,https://reygoma.com.ar/producto/art-7570-3/,RENAULT | Renault 19,
REY GOMA,7561,SOPORTE / GOMA-METAL,RENAULT,Renault 19,,"19 Almohadilla abrazadera modelos R 9, R 11, R 18, R 19",,https://reygoma.com.ar/wp-content/uploads/2019/04/7561-2.gif,https://reygoma.com.ar/producto/art-7561-4/,RENAULT | Renault 19,
REY GOMA,7552,CAZOLETA,Renault 19,,,(7702224432) Cazoleta R19 Mégane y Clio.,7702224432,https://reygoma.com.ar/wp-content/uploads/2019/04/7552-1.gif,https://reygoma.com.ar/producto/art-7552/,Renault 19,
REY GOMA,7548/1,SOPORTE / GOMA-METAL,RENAULT,Renault 19,,"19 (7700800522) (7700841151) Soporte suspensión motor lado caja R 19, Clio, express diesel h 50 mm.",7700800522 | 7700841151,https://reygoma.com.ar/wp-content/uploads/2019/04/7548-11x1-1.gif,https://reygoma.com.ar/producto/art-7548-1-2/,RENAULT | Renault 19,CAJA
REY GOMA,7548,SOPORTE / GOMA-METAL,RENAULT,Renault 19,,"19 (7700800522) (7700841151) (7700424321) Soporte suspensión motor lado caja R 19, Clio, Express diesel h 41 mm.",7700800522 | 7700841151 | 7700424321,https://reygoma.com.ar/wp-content/uploads/2019/04/75481x1-1.gif,https://reygoma.com.ar/producto/art-7548-2/,RENAULT | Renault 19,CAJA
REY GOMA,7547,TOPE AMORTIGUADOR,RENAULT,Renault 19,,19 (7700788381) Tope soporte R 19 diesel,7700788381,https://reygoma.com.ar/wp-content/uploads/2019/04/75471x1.gif,https://reygoma.com.ar/producto/art-7547/,RENAULT | Renault 19,
REY GOMA,7541,SOPORTE / GOMA-METAL,RENAULT,Renault 19,,"19 (7700788318) Soporte delantero de motor (lado izquierdo) Kangoo Express, Megane, R19 y Scenic motor 2000, 1.6 o diesel y Clio 1.2 16V naftero.",7700788318 | lado izquierdo,https://reygoma.com.ar/wp-content/uploads/2019/04/75411x1-1.gif,https://reygoma.com.ar/producto/art-7541/,RENAULT | Renault 19,IZQUIERDO
REY GOMA,7540,SOPORTE / GOMA-METAL,RENAULT,Renault 19,,19 (7700802927) Soporte delantero de motor (lado derecho) (no hidráulico) modelo R 19 diesel,7700802927 | lado derecho | no hidráulico,https://reygoma.com.ar/wp-content/uploads/2019/04/75401x1.gif,https://reygoma.com.ar/producto/art-7540/,RENAULT | Renault 19,DERECHO
REY GOMA,7539,SOPORTE / GOMA-METAL,RENAULT,Renault 19,,19 (7700800522) Soporte superior de motor (lado caja) Clio naftero y R 19 diesel,7700800522 | lado caja,https://reygoma.com.ar/wp-content/uploads/2019/04/75391x1.gif,https://reygoma.com.ar/producto/art-7539/,RENAULT | Renault 19,CAJA
REY GOMA,7536,SOPORTE / GOMA-METAL,RENAULT,Renault 19,,"19 (7700804163) Soporte central de motor Clio, Mégane y R 19",7700804163,https://reygoma.com.ar/wp-content/uploads/2019/04/75361x1.gif,https://reygoma.com.ar/producto/art-7536/,RENAULT | Renault 19,CENTRO
REY GOMA,7535,SOPORTE / GOMA-METAL,RENAULT,Renault 19,,"19 (7700801543) Soporte delantero de motor (lado izquierdo) Clio, Mégane 1.6 y R 19",7700801543 | lado izquierdo,https://reygoma.com.ar/wp-content/uploads/2019/04/75351x1.gif,https://reygoma.com.ar/producto/art-7535/,RENAULT | Renault 19,IZQUIERDO
REY GOMA,7534,SOPORTE / GOMA-METAL,RENAULT,Renault 19,,"19 (7700785949) Soporte delantero de motor naftero (lado derecho) Clio, Mégane 1.6, R 19 y Kangoo naftero",7700785949 | lado derecho,https://reygoma.com.ar/wp-content/uploads/2019/04/75341x1-1.gif,https://reygoma.com.ar/producto/art-7534-2/,RENAULT | Renault 19,DERECHO
REY GOMA,7653,SOPORTE DE MOTOR,Master,RENAULT,,(8200022596) Soporte de motor (lado derecho) II,8200022596 | lado derecho,https://reygoma.com.ar/wp-content/uploads/2019/04/7653.gif,https://reygoma.com.ar/producto/art-7653/,Master | RENAULT,DERECHO
REY GOMA,7649/1,SOPORTE / GOMA-METAL,Master,RENAULT,,Kit con abrazaderas y lubricante.,,https://reygoma.com.ar/wp-content/uploads/2019/04/7649-1.gif,https://reygoma.com.ar/producto/art-7649-1/,Master | RENAULT,
REY GOMA,7649,SOPORTE / GOMA-METAL,Master,RENAULT,,Fuelle semi eje (lado rueda) (junta homocinética),lado rueda | junta homocinética,https://reygoma.com.ar/wp-content/uploads/2019/04/7649.gif,https://reygoma.com.ar/producto/art-7649/,Master | RENAULT,
REY GOMA,7648/1,SOPORTE / GOMA-METAL,Master,RENAULT,,Kit con abrazaderas y lubricante.,,https://reygoma.com.ar/wp-content/uploads/2019/04/7648-1.gif,https://reygoma.com.ar/producto/art-7648-1/,Master | RENAULT,
REY GOMA,7648,SOPORTE / GOMA-METAL,Master,RENAULT,,Fuelle semi eje (lado rueda) .,lado rueda,https://reygoma.com.ar/wp-content/uploads/2019/04/7648.gif,https://reygoma.com.ar/producto/art-7648/,Master | RENAULT,
REY GOMA,7628,SOPORTE DE MOTOR,Master,RENAULT,,(7700308762) (8200304198) Soporte de motor (lado izquierdo),7700308762 | 8200304198 | lado izquierdo,https://reygoma.com.ar/wp-content/uploads/2019/04/7628.gif,https://reygoma.com.ar/producto/art-7628/,Master | RENAULT,IZQUIERDO
REY GOMA,7627,SOPORTE DE MOTOR,Master,RENAULT,,(8200022595) Soporte de motor (lado derecho) .,8200022595 | lado derecho,https://reygoma.com.ar/wp-content/uploads/2019/04/7627.gif,https://reygoma.com.ar/producto/art-7627/,Master | RENAULT,DERECHO
REY GOMA,7626,SOPORTE / GOMA-METAL,Master,RENAULT,,(7700308756) Soporte trasero de motor,7700308756,https://reygoma.com.ar/wp-content/uploads/2019/04/7626.gif,https://reygoma.com.ar/producto/art-7626/,Master | RENAULT,
REY GOMA,7622/1,SOPORTE / GOMA-METAL,Master,RENAULT,,Kit con abrazaderas y lubricante,,https://reygoma.com.ar/wp-content/uploads/2019/04/7622-1.gif,https://reygoma.com.ar/producto/art-7622-1/,Master | RENAULT,
REY GOMA,7622,SOPORTE / GOMA-METAL,Master,RENAULT,,Fuelle semi eje + chapa (palier largo) (lado caja),palier largo | lado caja,https://reygoma.com.ar/wp-content/uploads/2019/04/7622.gif,https://reygoma.com.ar/producto/art-7622/,Master | RENAULT,CAJA
REY GOMA,7589,SOPORTE DE CAJA,Master,RENAULT,,(7700748646) Soporte caja Trafic diesel 99 en adelante y .,7700748646,https://reygoma.com.ar/wp-content/uploads/2019/04/7589-1.gif,https://reygoma.com.ar/producto/art-7589-2/,Master | RENAULT,CAJA
REY GOMA,7638,CAZOLETA,Laguna,RENAULT,,(7700832420) Cazoleta amortiguador delantero derecho .,7700832420,https://reygoma.com.ar/wp-content/uploads/2019/04/imp32420.gif,https://reygoma.com.ar/producto/art-7638/,Laguna | RENAULT,DERECHO
REY GOMA,7637,CAZOLETA,Laguna,RENAULT,,(7700832419) Cazoleta amortiguador delantero izquierdo .,7700832419,https://reygoma.com.ar/wp-content/uploads/2019/04/imp32419.gif,https://reygoma.com.ar/producto/art-7637/,Laguna | RENAULT,IZQUIERDO
REY GOMA,7636,BUJE,Laguna,RENAULT,,(7700822503) Buje parrilla suspensión central .,7700822503,https://reygoma.com.ar/wp-content/uploads/2019/04/imp22503.gif,https://reygoma.com.ar/producto/art-7636/,Laguna | RENAULT,CENTRO
REY GOMA,7633,SOPORTE / GOMA-METAL,Laguna,RENAULT,,(7700422529) Soporte trasero de motor 1.8 nafta y 1.9 diesel,7700422529,https://reygoma.com.ar/wp-content/uploads/2019/04/7633.gif,https://reygoma.com.ar/producto/art-7633/,Laguna | RENAULT,
REY GOMA,7620/1,SOPORTE / GOMA-METAL,Laguna,RENAULT,,Kit con abrazaderas y lubricante,,https://reygoma.com.ar/wp-content/uploads/2019/04/3552-1.gif,https://reygoma.com.ar/producto/art-7620-1/,Laguna | RENAULT,
REY GOMA,7620,SOPORTE / GOMA-METAL,Laguna,RENAULT,,Fuelle semi eje (lado rueda) Clio 2 y,lado rueda,https://reygoma.com.ar/wp-content/uploads/2019/04/3552.gif,https://reygoma.com.ar/producto/art-7620/,Laguna | RENAULT,
REY GOMA,7616,SOPORTE DE MOTOR,Laguna,RENAULT,,(7700414099) Soporte de motor (hidráulico) (lado derecho) RXE diesel,7700414099 | hidráulico | lado derecho,https://reygoma.com.ar/wp-content/uploads/2019/04/7598-1.gif,https://reygoma.com.ar/producto/art-7616/,Laguna | RENAULT,DERECHO
REY GOMA,7609,SOPORTE DE MOTOR,Laguna,RENAULT,,(7700825794) Soporte de motor RXE naftero o diesel con motores N7Q ó G8T,7700825794,https://reygoma.com.ar/wp-content/uploads/2019/04/7609.gif,https://reygoma.com.ar/producto/art-7609/,Laguna | RENAULT,
REY GOMA,7607,SOPORTE / GOMA-METAL,Laguna,RENAULT,,(7700827515) (7700825795) Soporte Central de motor naftero o diesel con motores N7Q ó G8T. Ø 70 mm.,7700827515 | 7700825795,https://reygoma.com.ar/wp-content/uploads/2019/04/7607-e1557692061287.gif,https://reygoma.com.ar/producto/art-7607/,Laguna | RENAULT,CENTRO
REY GOMA,7601,SOPORTE / GOMA-METAL,Laguna,RENAULT,,(7700818369) Soporte delantero de motor (lado derecho) naftero o diesel con motor N7Q/G8T,7700818369 | lado derecho,https://reygoma.com.ar/wp-content/uploads/2019/04/7601.gif,https://reygoma.com.ar/producto/art-7601/,Laguna | RENAULT,DERECHO
REY GOMA,7600,SOPORTE / GOMA-METAL,Laguna,RENAULT,,(7700817782) Soporte central de motor RT naftero y diesel motor F3R,7700817782,https://reygoma.com.ar/wp-content/uploads/2019/04/7600.gif,https://reygoma.com.ar/producto/art-7600/,Laguna | RENAULT,CENTRO
REY GOMA,7599,TOPE AMORTIGUADOR,Laguna,RENAULT,,(7700419775) Tope soporte (lado derecho) naftero motor N7Q y G8T.,7700419775 | lado derecho,https://reygoma.com.ar/wp-content/uploads/2019/04/7599.gif,https://reygoma.com.ar/producto/art-7599/,Laguna | RENAULT,DERECHO
REY GOMA,7598,SOPORTE DE MOTOR,Laguna,RENAULT,,(7700414099) Soporte de motor (lado derecho) (no hidráulico) RXE diesel.,7700414099 | lado derecho | no hidráulico,https://reygoma.com.ar/wp-content/uploads/2019/04/7598.gif,https://reygoma.com.ar/producto/art-7598/,Laguna | RENAULT,DERECHO
REY GOMA,7597/1,TOPE AMORTIGUADOR,Laguna,RENAULT,,Tope soporte (lado derecho) RT naftero motor F3R.,lado derecho,https://reygoma.com.ar/wp-content/uploads/2019/04/7597-1.gif,https://reygoma.com.ar/producto/art-7597-1/,Laguna | RENAULT,DERECHO
REY GOMA,7597,SOPORTE DE MOTOR,Laguna,RENAULT,,(7700823950) Soporte de motor (lado derecho) RT naftero motor F3R (no hidráulico).,7700823950 | lado derecho | no hidráulico,https://reygoma.com.ar/wp-content/uploads/2019/04/7597.gif,https://reygoma.com.ar/producto/art-7597/,Laguna | RENAULT,DERECHO
REY GOMA,7594,SOPORTE DE MOTOR,Laguna,RENAULT,,(7700423007) Soporte de motor (no hidraulico) .,7700423007 | no hidraulico,https://reygoma.com.ar/wp-content/uploads/2019/04/7594.gif,https://reygoma.com.ar/producto/art-7594/,Laguna | RENAULT,
REY GOMA,7591,SOPORTE DE MOTOR,Laguna,RENAULT,,(7700818371) Soporte de motor .,7700818371,https://reygoma.com.ar/wp-content/uploads/2019/04/7591.gif,https://reygoma.com.ar/producto/art-7591/,Laguna | RENAULT,
REY GOMA,7658,SOPORTE DE MOTOR,Kangoo,RENAULT,,(8200410267) Soporte de motor (hidráulico) (Lado derecho) 1.5 DCI (K9K),8200410267 | hidráulico | Lado derecho | K9K,https://reygoma.com.ar/wp-content/uploads/2019/04/7658.gif,https://reygoma.com.ar/producto/art-7658/,Kangoo | RENAULT,DERECHO
REY GOMA,7641,CAZOLETA,Kangoo,RENAULT,,"(7700426450) Cubre cazoleta superior delantera Clio 2,",7700426450,https://reygoma.com.ar/wp-content/uploads/2019/04/7641.gif,https://reygoma.com.ar/producto/art-7641/,Kangoo | RENAULT,
REY GOMA,7619/1,SOPORTE / GOMA-METAL,Kangoo,RENAULT,,Kit con abrazaderas y lubricante,,https://reygoma.com.ar/wp-content/uploads/2019/04/3551-1.gif,https://reygoma.com.ar/producto/art-7619-1/,Kangoo | RENAULT,
REY GOMA,7619,SOPORTE / GOMA-METAL,Kangoo,RENAULT,,Fuelle semi eje (lado caja) Clio 2 y año 2003 en adelante,lado caja,https://reygoma.com.ar/wp-content/uploads/2019/04/3551.gif,https://reygoma.com.ar/producto/art-7619/,Kangoo | RENAULT,CAJA
REY GOMA,7617,SOPORTE DE MOTOR,Kangoo,RENAULT,,(7700415087) Soporte de motor (hidráulico) (lado derecho) Clio 1.2 y naftero.,7700415087 | hidráulico | lado derecho,https://reygoma.com.ar/wp-content/uploads/2019/04/7617.gif,https://reygoma.com.ar/producto/art-7617/,Kangoo | RENAULT,DERECHO
REY GOMA,7614,SOPORTE DE MOTOR,Kangoo,RENAULT,,"(7700434370) Soporte de motor (hidráulico) (lado derecho) 1.6, Clio Fase I y Symbol 1.6",7700434370 | hidráulico | lado derecho,https://reygoma.com.ar/wp-content/uploads/2019/04/7549-1.gif,https://reygoma.com.ar/producto/art-7614/,Kangoo | RENAULT,DERECHO
REY GOMA,7608/1,SOPORTE / GOMA-METAL,Kangoo,RENAULT,,Kit con 1 abarazadera (no utiliza lubricante),no utiliza lubricante,https://reygoma.com.ar/wp-content/uploads/2019/04/7608-4.gif,https://reygoma.com.ar/producto/art-7608-1-2/,Kangoo | RENAULT,
REY GOMA,7608,SOPORTE / GOMA-METAL,Kangoo,RENAULT,,"Fuelle semi eje (lado caja) p/corto, modelos: Clio, Twingo y Mégane (triceta)",lado caja | triceta,https://reygoma.com.ar/wp-content/uploads/2019/04/7608-2.gif,https://reygoma.com.ar/producto/art-7608-2/,Kangoo | RENAULT,CAJA
REY GOMA,7606,FUELLE DIRECCION,Kangoo,RENAULT,,Fuelle dirección hidráulica Megane y Clio 2.,,https://reygoma.com.ar/wp-content/uploads/2019/04/7606.gif,https://reygoma.com.ar/producto/art-7606/,Kangoo | RENAULT,
REY GOMA,7604/1,SOPORTE / GOMA-METAL,Kangoo,RENAULT,,Kit con abrazaderas y lubricante,,https://reygoma.com.ar/wp-content/uploads/2019/04/7604-3.gif,https://reygoma.com.ar/producto/art-7604-1-2/,Kangoo | RENAULT,
REY GOMA,7604,SOPORTE / GOMA-METAL,Kangoo,RENAULT,,"Fuelle semi eje (lado rueda) modelos Mégane, Clio, y Express",lado rueda,https://reygoma.com.ar/wp-content/uploads/2019/04/7604-2.gif,https://reygoma.com.ar/producto/art-7604-2/,Kangoo | RENAULT,
REY GOMA,7595,SOPORTE / GOMA-METAL,Kangoo,RENAULT,,(7700434370) (7700437391) Taco de rebote central (lado derecho) Megane 1.6 y Clio Fase II.,7700434370 | 7700437391 | lado derecho,https://reygoma.com.ar/wp-content/uploads/2019/04/7595.gif,https://reygoma.com.ar/producto/art-7595/,Kangoo | RENAULT,DERECHO / CENTRO
REY GOMA,7588,CAZOLETA,Kangoo,RENAULT,,(7700829529) Cazoleta delantera y Clio 2.,7700829529,https://reygoma.com.ar/wp-content/uploads/2019/04/7588.gif,https://reygoma.com.ar/producto/art-7588/,Kangoo | RENAULT,
REY GOMA,7551,SOPORTE / GOMA-METAL,Kangoo,RENAULT,,(7700314800) Tensor trasero modelo nafta 1.6,7700314800,https://reygoma.com.ar/wp-content/uploads/2019/04/7551.gif,https://reygoma.com.ar/producto/art-7551/,Kangoo | RENAULT,
REY GOMA,7550,SOPORTE / GOMA-METAL,Kangoo,RENAULT,,(7700426193) Tensor trasero modelo diesel 1.9,7700426193,https://reygoma.com.ar/wp-content/uploads/2019/04/7550.gif,https://reygoma.com.ar/producto/art-7550/,Kangoo | RENAULT,
REY GOMA,7549,SOPORTE DE MOTOR,Kangoo,"RENAULT, Symbol",,"(7700434370) Soporte de motor (lado derecho) (no hidráulico) 1.6, Clio Fase I y 1.6.",7700434370 | lado derecho | no hidráulico,https://reygoma.com.ar/wp-content/uploads/2019/04/7549.gif,https://reygoma.com.ar/producto/art-7549/,Kangoo | RENAULT | Symbol,DERECHO
REY GOMA,7534,SOPORTE / GOMA-METAL,Kangoo,RENAULT,,"(7700785949) Soporte delantero de motor naftero (lado derecho) Clio, Mégane 1.6, R 19 y naftero",7700785949 | lado derecho,https://reygoma.com.ar/wp-content/uploads/2019/04/75341x1.gif,https://reygoma.com.ar/producto/art-7534/,Kangoo | RENAULT,DERECHO
REY GOMA,7613,SOPORTE DE MOTOR,Express,RENAULT,,(7700818984) Soporte de motor (hidráulico) (lado derecho) Clio y diesel.,7700818984 | hidráulico | lado derecho,https://reygoma.com.ar/wp-content/uploads/2019/04/75431x1-1.gif,https://reygoma.com.ar/producto/art-7613/,Express | RENAULT,DERECHO
REY GOMA,7604/1,SOPORTE / GOMA-METAL,Express,RENAULT,,Kit con abrazaderas y lubricante,,https://reygoma.com.ar/wp-content/uploads/2019/04/7604-1.gif,https://reygoma.com.ar/producto/art-7604-1/,Express | RENAULT,
REY GOMA,7604,SOPORTE / GOMA-METAL,Express,RENAULT,,"Fuelle semi eje (lado rueda) modelos Mégane, Clio, Kangoo y",lado rueda,https://reygoma.com.ar/wp-content/uploads/2019/04/7604.gif,https://reygoma.com.ar/producto/art-7604/,Express | RENAULT,
REY GOMA,7603/1,SOPORTE / GOMA-METAL,Express,RENAULT,,Kit con abrazaderas y lubricante,,https://reygoma.com.ar/wp-content/uploads/2019/04/7603-3.gif,https://reygoma.com.ar/producto/art-7603-1-2/,Express | RENAULT,
REY GOMA,7603,SOPORTE / GOMA-METAL,Express,RENAULT,,"Fuelle semi eje c/trebol (lado caja) modelos Mégane, Clio, Twingo y",lado caja,https://reygoma.com.ar/wp-content/uploads/2019/04/7603-2.gif,https://reygoma.com.ar/producto/art-7603-2/,Express | RENAULT,CAJA
REY GOMA,7602/1,SOPORTE / GOMA-METAL,Express,RENAULT,,Kit con abrazaderas y lubricante,,https://reygoma.com.ar/wp-content/uploads/2019/04/7602-3.gif,https://reygoma.com.ar/producto/art-7602-1-2/,Express | RENAULT,
REY GOMA,7602,SOPORTE / GOMA-METAL,Express,RENAULT,,"Fuelle semi eje s/trebol (lado caja) modelos Mégane, Clio, Twingo y",lado caja,https://reygoma.com.ar/wp-content/uploads/2019/04/7602-2.gif,https://reygoma.com.ar/producto/art-7602-2/,Express | RENAULT,CAJA
REY GOMA,7596,TOPE AMORTIGUADOR,Express,RENAULT,,"Tope soporte Mégane 2000, Clio, y Scenic diesel.",,https://reygoma.com.ar/wp-content/uploads/2019/04/7596-1.gif,https://reygoma.com.ar/producto/art-7596-2/,Express | RENAULT,
REY GOMA,7587,SOPORTE DE MOTOR,Express,RENAULT,,(7700770479) Soporte de motor (lado izquierdo) diesel,7700770479 | lado izquierdo,https://reygoma.com.ar/wp-content/uploads/2019/04/7587.gif,https://reygoma.com.ar/producto/art-7587/,Express | RENAULT,IZQUIERDO
REY GOMA,7586,SOPORTE / GOMA-METAL,Express,RENAULT,,(7700770307) Soporte trasero de motor diesel,7700770307,https://reygoma.com.ar/wp-content/uploads/2019/04/7586.gif,https://reygoma.com.ar/producto/art-7586/,Express | RENAULT,
REY GOMA,7584,SOPORTE / GOMA-METAL,Express,RENAULT,,"Fuelle cremallera mecánica R 9, R 11, R 19 RE, Clio,",,https://reygoma.com.ar/wp-content/uploads/2019/04/7584-2.gif,https://reygoma.com.ar/producto/art-7584-3/,Express | RENAULT,
REY GOMA,7580/1,SOPORTE / GOMA-METAL,Express,RENAULT,,Kit con abrazaderas y lubricante,,https://reygoma.com.ar/wp-content/uploads/2019/04/7580-3.gif,https://reygoma.com.ar/producto/art-7580-1-3/,Express | RENAULT,
REY GOMA,7580,SOPORTE / GOMA-METAL,Express,RENAULT,,"Fuelle semi eje (lado rueda) R 11 turbo, R 19, Twingo, Clio,",lado rueda,https://reygoma.com.ar/wp-content/uploads/2019/04/7580-2-1.gif,https://reygoma.com.ar/producto/art-7580-3/,Express | RENAULT,
REY GOMA,7578/1,SOPORTE / GOMA-METAL,Express,RENAULT,,Kit con abrazaderas y lubricante,,https://reygoma.com.ar/wp-content/uploads/2019/04/7578-3-1.gif,https://reygoma.com.ar/producto/art-7578-1-3/,Express | RENAULT,
REY GOMA,7578,SOPORTE / GOMA-METAL,Express,RENAULT,,"Fuelle semi eje (lado caja) R 5 Francés – Español, R 19, Twingo, Clio",lado caja,https://reygoma.com.ar/wp-content/uploads/2019/04/7578-2-1.gif,https://reygoma.com.ar/producto/art-7578-4/,Express | RENAULT,CAJA
REY GOMA,7573/2,SOPORTE / GOMA-METAL,Express,RENAULT,,"Fuelle semi eje (lado caja) R 12 caja de 5a., R 9, Clio, Twingo, + chapa y kit con abrazaderas y lubricante",lado caja,https://reygoma.com.ar/wp-content/uploads/2019/04/7573-2-1-2.gif,https://reygoma.com.ar/producto/art-7573-2-4/,Express | RENAULT,CAJA
REY GOMA,7573/1,SOPORTE / GOMA-METAL,Express,RENAULT,,Kit con abrazaderas y lubricante,,https://reygoma.com.ar/wp-content/uploads/2019/04/7573-4-1.gif,https://reygoma.com.ar/producto/art-7573-1-4/,Express | RENAULT,
REY GOMA,7573,SOPORTE / GOMA-METAL,Express,RENAULT,,"Fuelle semi eje (lado caja) R 12 caja de 5a., R 9, Clio, Twingo,",lado caja,https://reygoma.com.ar/wp-content/uploads/2019/04/7573-2-3.gif,https://reygoma.com.ar/producto/art-7573-5/,Express | RENAULT,CAJA
REY GOMA,7572/1,SOPORTE / GOMA-METAL,Express,RENAULT,,"Kit con 1 abrazadera, no utiliza lubricante",,https://reygoma.com.ar/wp-content/uploads/2019/04/7572-3-1.gif,https://reygoma.com.ar/producto/art-7572-1-4/,Express | RENAULT,
REY GOMA,7572,SOPORTE / GOMA-METAL,Express,RENAULT,,"Fuelle semi eje (lado caja) p/corto R 9, R 11, R 19, Twingo, Clio",lado caja,https://reygoma.com.ar/wp-content/uploads/2019/04/7572-2-2.gif,https://reygoma.com.ar/producto/art-7572-4/,Express | RENAULT,CAJA
REY GOMA,7557,CAZOLETA,Express,RENAULT,,(7700757324) Cazoleta goma amortiguador delantero modelo .,7700757324,https://reygoma.com.ar/wp-content/uploads/2019/04/7557.jpg,https://reygoma.com.ar/producto/art-7557/,Express | RENAULT,
REY GOMA,7556,CAZOLETA,Express,RENAULT,,(7700308789) Cazoleta metálica amortiguador delantero modelo .,7700308789,https://reygoma.com.ar/wp-content/uploads/2019/04/7556.jpg,https://reygoma.com.ar/producto/art-7556/,Express | RENAULT,
REY GOMA,7548/1,SOPORTE / GOMA-METAL,Express,RENAULT,,"(7700800522) (7700841151) Soporte suspensión motor lado caja R 19, Clio, diesel h 50 mm.",7700800522 | 7700841151,https://reygoma.com.ar/wp-content/uploads/2019/04/7548-11x1.gif,https://reygoma.com.ar/producto/art-7548-1/,Express | RENAULT,CAJA
REY GOMA,7548,SOPORTE / GOMA-METAL,Express,RENAULT,,"(7700800522) (7700841151) (7700424321) Soporte suspensión motor lado caja R 19, Clio, diesel h 41 mm.",7700800522 | 7700841151 | 7700424321,https://reygoma.com.ar/wp-content/uploads/2019/04/75481x1.gif,https://reygoma.com.ar/producto/art-7548/,Express | RENAULT,CAJA
REY GOMA,7543,SOPORTE DE MOTOR,Express,RENAULT,,(7700805123) Soporte de motor (lado derecho) (no hidráulico) Clio y diesel,7700805123 | lado derecho | no hidráulico,https://reygoma.com.ar/wp-content/uploads/2019/04/75431x1.gif,https://reygoma.com.ar/producto/art-7543/,Express | RENAULT,DERECHO
REY GOMA,7639,CAZOLETA,RENAULT,Twingo,,(7700846916) Cazoleta amortiguador trasero .,7700846916,https://reygoma.com.ar/wp-content/uploads/2019/04/imp46916.gif,https://reygoma.com.ar/producto/art-7639/,RENAULT | Twingo,
REY GOMA,7608/1,SOPORTE / GOMA-METAL,RENAULT,Twingo,,Kit con 1 abarazadera (no utiliza lubricante),no utiliza lubricante,https://reygoma.com.ar/wp-content/uploads/2019/04/7608-1.gif,https://reygoma.com.ar/producto/art-7608-1/,RENAULT | Twingo,
REY GOMA,7608,SOPORTE / GOMA-METAL,RENAULT,Twingo,,"Fuelle semi eje (lado caja) p/corto, modelos: Clio, Kangoo, y Mégane (triceta)",lado caja | triceta,https://reygoma.com.ar/wp-content/uploads/2019/04/7608.gif,https://reygoma.com.ar/producto/art-7608/,RENAULT | Twingo,CAJA
REY GOMA,7603/1,SOPORTE / GOMA-METAL,RENAULT,Twingo,,Kit con abrazaderas y lubricante,,https://reygoma.com.ar/wp-content/uploads/2019/04/7603-1.gif,https://reygoma.com.ar/producto/art-7603-1/,RENAULT | Twingo,
REY GOMA,7603,SOPORTE / GOMA-METAL,RENAULT,Twingo,,"Fuelle semi eje c/trebol (lado caja) modelos Mégane, Clio, y Express",lado caja,https://reygoma.com.ar/wp-content/uploads/2019/04/7603.gif,https://reygoma.com.ar/producto/art-7603/,RENAULT | Twingo,CAJA
REY GOMA,7602/1,SOPORTE / GOMA-METAL,RENAULT,Twingo,,Kit con abrazaderas y lubricante,,https://reygoma.com.ar/wp-content/uploads/2019/04/7602-1-1.gif,https://reygoma.com.ar/producto/art-7602-1/,RENAULT | Twingo,
REY GOMA,7602,SOPORTE / GOMA-METAL,RENAULT,Twingo,,"Fuelle semi eje s/trebol (lado caja) modelos Mégane, Clio, y Express",lado caja,https://reygoma.com.ar/wp-content/uploads/2019/04/7602.gif,https://reygoma.com.ar/producto/art-7602/,RENAULT | Twingo,CAJA
REY GOMA,7581/1,SOPORTE / GOMA-METAL,RENAULT,Twingo,,Kit con abrazaderas y lubricante,,https://reygoma.com.ar/wp-content/uploads/2019/04/7581-2.gif,https://reygoma.com.ar/producto/art-7581-1/,RENAULT | Twingo,
REY GOMA,7580/1,SOPORTE / GOMA-METAL,RENAULT,Twingo,,Kit con abrazaderas y lubricante,,https://reygoma.com.ar/wp-content/uploads/2019/04/7580-1-1.gif,https://reygoma.com.ar/producto/art-7580-1-2/,RENAULT | Twingo,
REY GOMA,7580,SOPORTE / GOMA-METAL,RENAULT,Twingo,,"Fuelle semi eje (lado rueda) R 11 turbo, R 19, Clio, Express",lado rueda,https://reygoma.com.ar/wp-content/uploads/2019/04/7580-2.gif,https://reygoma.com.ar/producto/art-7580-2/,RENAULT | Twingo,
REY GOMA,7578/1,SOPORTE / GOMA-METAL,RENAULT,Twingo,,Kit con abrazaderas y lubricante,,https://reygoma.com.ar/wp-content/uploads/2019/04/7578-1-1.gif,https://reygoma.com.ar/producto/art-7578-1-2/,RENAULT | Twingo,
REY GOMA,7578,SOPORTE / GOMA-METAL,RENAULT,Twingo,,"Fuelle semi eje (lado caja) R 5 Francés – Español, R 19, Express, Clio",lado caja,https://reygoma.com.ar/wp-content/uploads/2019/04/7578-3.gif,https://reygoma.com.ar/producto/art-7578-3/,RENAULT | Twingo,CAJA
REY GOMA,7573/2,SOPORTE / GOMA-METAL,RENAULT,Twingo,,"Fuelle semi eje (lado caja) R 12 caja de 5a., R 9, Clio, Express + chapa y kit con abrazaderas y lubricante",lado caja,https://reygoma.com.ar/wp-content/uploads/2019/04/7573-2-2.gif,https://reygoma.com.ar/producto/art-7573-2-3/,RENAULT | Twingo,CAJA
REY GOMA,7573/1,SOPORTE / GOMA-METAL,RENAULT,Twingo,,Kit con abrazaderas y lubricante,,https://reygoma.com.ar/wp-content/uploads/2019/04/7573-1-2.gif,https://reygoma.com.ar/producto/art-7573-1-3/,RENAULT | Twingo,
REY GOMA,7573,SOPORTE / GOMA-METAL,RENAULT,Twingo,,"Fuelle semi eje (lado caja) R 12 caja de 5a., R 9, Clio, Express",lado caja,https://reygoma.com.ar/wp-content/uploads/2019/04/7573-4.gif,https://reygoma.com.ar/producto/art-7573-4/,RENAULT | Twingo,CAJA
REY GOMA,7572/1,SOPORTE / GOMA-METAL,RENAULT,Twingo,,"Kit con 1 abrazadera, no utiliza lubricante",,https://reygoma.com.ar/wp-content/uploads/2019/04/7572-1-1.gif,https://reygoma.com.ar/producto/art-7572-1-3/,RENAULT | Twingo,
REY GOMA,7572,SOPORTE / GOMA-METAL,RENAULT,Twingo,,"Fuelle semi eje (lado caja) p/corto R 9, R 11, R 19, Express, Clio",lado caja,https://reygoma.com.ar/wp-content/uploads/2019/04/7572-3.gif,https://reygoma.com.ar/producto/art-7572-3/,RENAULT | Twingo,CAJA
REY GOMA,7555,SOPORTE / GOMA-METAL,RENAULT,Twingo,,(7700411949) Soporte central de motor 1.4,7700411949,https://reygoma.com.ar/wp-content/uploads/2019/04/7555.gif,https://reygoma.com.ar/producto/art-7555/,RENAULT | Twingo,CENTRO
REY GOMA,7554,SOPORTE DE MOTOR,RENAULT,Twingo,,(7700412094) Soporte de motor (lado derecho) 1.1,7700412094 | lado derecho,https://reygoma.com.ar/wp-content/uploads/2019/04/7554.gif,https://reygoma.com.ar/producto/art-7554/,RENAULT | Twingo,DERECHO
REY GOMA,7553,SOPORTE / GOMA-METAL,RENAULT,Twingo,,(7700821668) Soporte delantero de motor 1.4 (lado derecho) y 1.1,7700821668 | lado derecho,https://reygoma.com.ar/wp-content/uploads/2019/04/7553.jpg,https://reygoma.com.ar/producto/art-7553/,RENAULT | Twingo,DERECHO
REY GOMA,7589,SOPORTE DE CAJA,RENAULT,Trafic,,(7700748646) Soporte caja diesel 99 en adelante y Master.,7700748646,https://reygoma.com.ar/wp-content/uploads/2019/04/7589.gif,https://reygoma.com.ar/producto/art-7589/,RENAULT | Trafic,CAJA
REY GOMA,7583/1,SOPORTE / GOMA-METAL,RENAULT,Trafic,,Kit con abrazaderas y lubricante,,https://reygoma.com.ar/wp-content/uploads/2019/04/7583-1.gif,https://reygoma.com.ar/producto/art-7583-1/,RENAULT | Trafic,
REY GOMA,7583,SOPORTE / GOMA-METAL,RENAULT,Trafic,,"Fuelle semi eje R 21, 1400",,https://reygoma.com.ar/wp-content/uploads/2019/04/7583.gif,https://reygoma.com.ar/producto/art-7583/,RENAULT | Trafic,
REY GOMA,7574/1,SOPORTE / GOMA-METAL,RENAULT,Trafic,,Kit con abrazaderas y lubricante,,https://reygoma.com.ar/wp-content/uploads/2019/04/7574-1-2.gif,https://reygoma.com.ar/producto/art-7574-1-3/,RENAULT | Trafic,
REY GOMA,7574,SOPORTE / GOMA-METAL,RENAULT,Trafic,,"Fuelle semi eje (lado rueda) Fuego, R 18, Spicer",lado rueda,https://reygoma.com.ar/wp-content/uploads/2019/04/7574-3.gif,https://reygoma.com.ar/producto/art-7574-3/,RENAULT | Trafic,
REY GOMA,7569/1,SOPORTE / GOMA-METAL,RENAULT,Trafic,,Kit con abrazaderas y lubricante,,https://reygoma.com.ar/wp-content/uploads/2019/04/7569-1-1.gif,https://reygoma.com.ar/producto/art-7569-1-2/,RENAULT | Trafic,
REY GOMA,7569,SOPORTE / GOMA-METAL,RENAULT,Trafic,,"Fuelle semi eje (lado caja) R 18, Caño",lado caja,https://reygoma.com.ar/wp-content/uploads/2019/04/7569-2.gif,https://reygoma.com.ar/producto/art-7569-2/,RENAULT | Trafic,CAJA
REY GOMA,7568/1,SOPORTE / GOMA-METAL,RENAULT,Trafic,,Kit con abrazaderas y lubricante,,https://reygoma.com.ar/wp-content/uploads/2019/04/7568-1.gif,https://reygoma.com.ar/producto/art-7568-1/,RENAULT | Trafic,
REY GOMA,7568,SOPORTE / GOMA-METAL,RENAULT,Trafic,,Fuelle semi eje (lado rueda) 2000,lado rueda,https://reygoma.com.ar/wp-content/uploads/2019/04/7568.gif,https://reygoma.com.ar/producto/art-7568/,RENAULT | Trafic,
REY GOMA,7567/1,SOPORTE / GOMA-METAL,RENAULT,Trafic,,Kit con abrazaderas y lubricante,,https://reygoma.com.ar/wp-content/uploads/2019/04/7567-1-1.gif,https://reygoma.com.ar/producto/art-7567-1-2/,RENAULT | Trafic,
REY GOMA,7567,SOPORTE / GOMA-METAL,RENAULT,Trafic,,"Fuelle semi eje (lado rueda) R 18, 1400",lado rueda,https://reygoma.com.ar/wp-content/uploads/2019/04/7567-2.gif,https://reygoma.com.ar/producto/art-7567-2/,RENAULT | Trafic,
REY GOMA,7566/2,SOPORTE / GOMA-METAL,RENAULT,Trafic,,"Fuelle semi eje (lado caja) R 18, R 21, Fuego, + chapa y kit con abrazaderas y lubricante",lado caja,https://reygoma.com.ar/wp-content/uploads/2019/04/7566-2-1-2.gif,https://reygoma.com.ar/producto/art-7566-2-3/,RENAULT | Trafic,CAJA
REY GOMA,7566/1,SOPORTE / GOMA-METAL,RENAULT,Trafic,,Kit con abrazaderas y lubricante,,https://reygoma.com.ar/wp-content/uploads/2019/04/7566-4.gif,https://reygoma.com.ar/producto/art-7566-1-3/,RENAULT | Trafic,
REY GOMA,7566,SOPORTE / GOMA-METAL,RENAULT,Trafic,,"Fuelle semi eje (lado caja) R 18, R 21, Fuego,",lado caja,https://reygoma.com.ar/wp-content/uploads/2019/04/7566-5.gif,https://reygoma.com.ar/producto/art-7566-4/,RENAULT | Trafic,CAJA
REY GOMA,7564,SOPORTE / GOMA-METAL,RENAULT,Trafic,,"Fuelle cremallera mecánica (lado derecho) R 9, R 11 turbo, R 18",lado derecho,https://reygoma.com.ar/wp-content/uploads/2019/04/7564-3.gif,https://reygoma.com.ar/producto/art-7564-4/,RENAULT | Trafic,DERECHO
REY GOMA,7563,SOPORTE / GOMA-METAL,RENAULT,Trafic,,"Fuelle cremallera mecánica (lado izquierdo) R 9, R 11 turbo, R 18",lado izquierdo,https://reygoma.com.ar/wp-content/uploads/2019/04/7563-3.gif,https://reygoma.com.ar/producto/art-7563-4/,RENAULT | Trafic,IZQUIERDO
REY GOMA,7533,SOPORTE / GOMA-METAL,Trafic,,,(7700745290) Soporte delantero de motor motor 2000,7700745290,https://reygoma.com.ar/wp-content/uploads/2019/04/75331x1.gif,https://reygoma.com.ar/producto/art-7533/,Trafic,
REY GOMA,7528,SOPORTE DE CAJA,RENAULT,Trafic,,(7700702890) Soporte caja 5 velocidades naftero y diesel,7700702890,https://reygoma.com.ar/wp-content/uploads/2019/04/75281x1.gif,https://reygoma.com.ar/producto/art-7528/,RENAULT | Trafic,CAJA
REY GOMA,7664,SOPORTE DE MOTOR,RENAULT,Scenic,,"(112100039R) Soporte de motor (hidráulico) (lado derecho) Fluence, Mégane III, III 2.0",112100039R | hidráulico | lado derecho,https://reygoma.com.ar/wp-content/uploads/2019/04/7664-1.gif,https://reygoma.com.ar/producto/art-7664-2/,RENAULT | Scenic,DERECHO
REY GOMA,7657,SOPORTE DE MOTOR,RENAULT,Scenic,,(7700427286) Soporte de motor (lado izquierdo) con motor K4M,7700427286 | lado izquierdo,https://reygoma.com.ar/wp-content/uploads/2019/04/7657.gif,https://reygoma.com.ar/producto/art-7657/,RENAULT | Scenic,IZQUIERDO
REY GOMA,7652,SOPORTE DE MOTOR,RENAULT,Scenic,,(8200352861) Soporte de motor (lado izquierdo) Mégane II y II,8200352861 | lado izquierdo,https://reygoma.com.ar/wp-content/uploads/2019/04/7652.gif,https://reygoma.com.ar/producto/art-7652/,RENAULT | Scenic,IZQUIERDO
REY GOMA,7625,SOPORTE / GOMA-METAL,RENAULT,Scenic,,"(8200148388) Soporte trasero central de motor Mégane, F4R 2.0 TDI año 2004 en adelante.",8200148388,https://reygoma.com.ar/wp-content/uploads/2019/04/7625.gif,https://reygoma.com.ar/producto/art-7625/,RENAULT | Scenic,CENTRO
REY GOMA,7615,SOPORTE DE MOTOR,RENAULT,Scenic,,"(7700437391) Soporte de motor (hidráulico) (lado derecho) 16V, Mégane 1.6 y Clio Fase II",7700437391 | hidráulico | lado derecho,https://reygoma.com.ar/wp-content/uploads/2019/04/7590-3.gif,https://reygoma.com.ar/producto/art-7615/,RENAULT | Scenic,DERECHO
REY GOMA,7527,SOPORTE DE CAJA,RENAULT,Trafic,,(7704001969) Soporte caja 4 velocidades,7704001969,https://reygoma.com.ar/wp-content/uploads/2019/04/75271x1.gif,https://reygoma.com.ar/producto/art-7527/,RENAULT | Trafic,CAJA
REY GOMA,7526,SOPORTE / GOMA-METAL,RENAULT,Trafic,,(7700697879) Soporte delantero de motor motor 2000 y diesel,7700697879,https://reygoma.com.ar/wp-content/uploads/2019/04/75261x1.gif,https://reygoma.com.ar/producto/art-7526/,RENAULT | Trafic,
REY GOMA,7525,SOPORTE / GOMA-METAL,RENAULT,Trafic,,(7700697878) Soporte delantero de motor motor 1400,7700697878,https://reygoma.com.ar/wp-content/uploads/2019/04/75251x1.gif,https://reygoma.com.ar/producto/art-7525/,RENAULT | Trafic,
REY GOMA,7492,SOPORTE / GOMA-METAL,RENAULT,Trafic,,"(0555497400) Junta tapa de válvulas modelos R 4, R 6, R 9, R 11, R 12, R 18 GTL y motor 1400",0555497400,https://reygoma.com.ar/wp-content/uploads/2019/04/74921x1-5.gif,https://reygoma.com.ar/producto/art-7492-7/,RENAULT | Trafic,
REY GOMA,7406,PEDAL,RENAULT,Trafic,,"(6060908) Cubre pedal de freno y de embrague Dauphine, Gordini, R 4, R 5, R 6 y",6060908,https://reygoma.com.ar/wp-content/uploads/2019/04/74061x1-4.gif,https://reygoma.com.ar/producto/art-7406-6/,RENAULT | Trafic,
REY GOMA,7596,TOPE AMORTIGUADOR,RENAULT,Scenic,,"Tope soporte Mégane 2000, Clio, Express y diesel.",,https://reygoma.com.ar/wp-content/uploads/2019/04/7596.gif,https://reygoma.com.ar/producto/art-7596/,RENAULT | Scenic,
REY GOMA,7592,SOPORTE / GOMA-METAL,RENAULT,Scenic,,"(7700437854) Soporte inferior de motor Clio 2 , Megane 1.6 y Fase II.",7700437854,https://reygoma.com.ar/wp-content/uploads/2019/04/7592.gif,https://reygoma.com.ar/producto/art-7592/,RENAULT | Scenic,
REY GOMA,7590,SOPORTE DE MOTOR,RENAULT,Scenic,,(7700437391) Soporte de motor 16V (lado derecho) (no hidráulico) y Mégane 1.6 y Clio Fase II.,7700437391 | lado derecho | no hidráulico,https://reygoma.com.ar/wp-content/uploads/2019/04/7590.gif,https://reygoma.com.ar/producto/art-7590/,RENAULT | Scenic,DERECHO
REY GOMA,7546,SOPORTE DE MOTOR,RENAULT,Scenic,,(7700832256) Soporte de motor (lado derecho) (no hidráulico) y Mégane motor 2000 y diesel.,7700832256 | lado derecho | no hidráulico,https://reygoma.com.ar/wp-content/uploads/2019/04/75461x1.gif,https://reygoma.com.ar/producto/art-7546/,RENAULT | Scenic,DERECHO
REY GOMA,7544,SOPORTE / GOMA-METAL,RENAULT,Scenic,,(7700849715) Soporte central de motor y Mégane motor 2000 y diesel.,7700849715,https://reygoma.com.ar/wp-content/uploads/2019/04/75441x1.gif,https://reygoma.com.ar/producto/art-7544/,RENAULT | Scenic,CENTRO
REY GOMA,7541,SOPORTE / GOMA-METAL,RENAULT,Scenic,,"(7700788318) Soporte delantero de motor (lado izquierdo) Kangoo Express, Mégane, R19 y motor 2000, 1.6 o diesel y Clio 1.2 16V naftero.",7700788318 | lado izquierdo,https://reygoma.com.ar/wp-content/uploads/2019/04/75411x1.gif,https://reygoma.com.ar/producto/4848/,RENAULT | Scenic,IZQUIERDO
REY GOMA,7647,SOPORTE DE MOTOR,RENAULT,Sandero,,(112107695R) Soporte de motor (lado derecho) Logan y 1.6 8V naftero,112107695R | lado derecho,https://reygoma.com.ar/wp-content/uploads/2019/04/7647-1.gif,https://reygoma.com.ar/producto/art-7647-2/,RENAULT | Sandero,DERECHO
REY GOMA,7646,SOPORTE DE MOTOR,Logan,"RENAULT, Sandero, Symbol",,"(6001548160) Soporte de motor (lado izquierdo) 1.6 8V, 1.6 8V / 16V naftero y 1.6",6001548160 | lado izquierdo,https://reygoma.com.ar/wp-content/uploads/2019/04/7646-1.gif,https://reygoma.com.ar/producto/art-7646-2/,Logan | RENAULT | Sandero | Symbol,IZQUIERDO
REY GOMA,7644/1,SOPORTE / GOMA-METAL,RENAULT,Sandero,,Kit con abrazadera (no utiliza lubricante).,no utiliza lubricante,https://reygoma.com.ar/wp-content/uploads/2019/04/7644-3.gif,https://reygoma.com.ar/producto/art-7644-1-2/,RENAULT | Sandero,
REY GOMA,7644,SOPORTE / GOMA-METAL,RENAULT,Sandero,,Fuelle semi eje (lado caja) (palier corto) Logan y .,lado caja | palier corto,https://reygoma.com.ar/wp-content/uploads/2019/04/7644-2.gif,https://reygoma.com.ar/producto/art-7644-2/,RENAULT | Sandero,CAJA
REY GOMA,7629,SOPORTE / GOMA-METAL,RENAULT,Sandero,,"(6001549205) Soporte inferior de motor Logan 1.5 DCI año 2007 en adelante, 1.6 8V / 16V y Symbol 1.6",6001549205,https://reygoma.com.ar/wp-content/uploads/2019/04/7629-1.gif,https://reygoma.com.ar/producto/art-7629-2/,RENAULT | Sandero,
REY GOMA,7662,SOPORTE / GOMA-METAL,Kangoo,"Logan, RENAULT",,"(112381035R) Soporte trasero de motor 1.6 naftero, año 2014 en adelante y 1.6 año 2018 en adelante (nafta y diesel)",112381035R | nafta y diesel,https://reygoma.com.ar/wp-content/uploads/2019/04/7662.gif,https://reygoma.com.ar/producto/art-7662/,Kangoo | Logan | RENAULT,
REY GOMA,7647,SOPORTE DE MOTOR,Logan,RENAULT,,(112107695R) Soporte de motor (lado derecho) y Sandero 1.6 8V naftero,112107695R | lado derecho,https://reygoma.com.ar/wp-content/uploads/2019/04/7647.gif,https://reygoma.com.ar/producto/art-7647/,Logan | RENAULT,DERECHO
REY GOMA,7644/1,SOPORTE / GOMA-METAL,Logan,RENAULT,,Kit con abrazadera (no utiliza lubricante).,no utiliza lubricante,https://reygoma.com.ar/wp-content/uploads/2019/04/7644-1.gif,https://reygoma.com.ar/producto/art-7644-1/,Logan | RENAULT,
REY GOMA,7644,SOPORTE / GOMA-METAL,Logan,RENAULT,,Fuelle semi eje (lado caja) (palier corto) y Sandero.,lado caja | palier corto,https://reygoma.com.ar/wp-content/uploads/2019/04/7644.gif,https://reygoma.com.ar/producto/art-7644/,Logan | RENAULT,CAJA
REY GOMA,7629,SOPORTE / GOMA-METAL,Logan,RENAULT,,"(6001549205) Soporte inferior de motor 1.5 DCI año 2007 en adelante, Sandero 1.6 8V / 16V y Symbol 1.6",6001549205,https://reygoma.com.ar/wp-content/uploads/2019/04/7629.gif,https://reygoma.com.ar/producto/art-7629/,Logan | RENAULT,
REY GOMA,7418,SOPORTE / GOMA-METAL,Gordini,RENAULT,,(8537951) Guardapolvo palier cañonera Dauphine y,8537951,https://reygoma.com.ar/wp-content/uploads/2019/04/74181x1-1.gif,https://reygoma.com.ar/producto/art-7418-2/,Gordini | RENAULT,
REY GOMA,7414,SOPORTE / GOMA-METAL,Gordini,RENAULT,,(5537502) Fuelle de dirección Dauphine y,5537502,https://reygoma.com.ar/wp-content/uploads/2019/04/74141x1-1.gif,https://reygoma.com.ar/producto/art-7414-2/,Gordini | RENAULT,
REY GOMA,7409,BUJE,Gordini,RENAULT,,(6070380) Buje barra estabilizadora Dauphine y,6070380,https://reygoma.com.ar/wp-content/uploads/2019/04/74091x1-1.gif,https://reygoma.com.ar/producto/art-7409-2/,Gordini | RENAULT,
REY GOMA,7407,TOPE AMORTIGUADOR,Gordini,RENAULT,,"(8300100) (3129527) Tope de goma Dauphine, y R 6",8300100 | 3129527,https://reygoma.com.ar/wp-content/uploads/2019/04/74071x1-2.gif,https://reygoma.com.ar/producto/art-7407-3/,Gordini | RENAULT,
REY GOMA,7406,PEDAL,Gordini,RENAULT,,"(6060908) Cubre pedal de freno y de embrague Dauphine, R 4, R 5 y R 6",6060908,https://reygoma.com.ar/wp-content/uploads/2019/04/74061x1-3.gif,https://reygoma.com.ar/producto/art-7406-5/,Gordini | RENAULT,
REY GOMA,7404/1,SOPORTE / GOMA-METAL,Gordini,RENAULT,,(8300015) Soporte izquierdo de motor Dauphine y,8300015,https://reygoma.com.ar/wp-content/uploads/2019/04/7404-11x1-1.gif,https://reygoma.com.ar/producto/art-7404-1-2/,Gordini | RENAULT,IZQUIERDO
REY GOMA,7404,SOPORTE / GOMA-METAL,Gordini,RENAULT,,(8300016) Soporte derecho de motor Dauphine y,8300016,https://reygoma.com.ar/wp-content/uploads/2019/04/74041x1-1.gif,https://reygoma.com.ar/producto/art-7404-2/,Gordini | RENAULT,DERECHO
REY GOMA,7403,SOPORTE DE CAJA,Gordini,RENAULT,,(8235470) Soporte caja de velocidades Dauphine y,8235470,https://reygoma.com.ar/wp-content/uploads/2019/04/74031x1-1.gif,https://reygoma.com.ar/producto/art-7403-2/,Gordini | RENAULT,CAJA
REY GOMA,7402,MANCHON,Gordini,RENAULT,,"(6052682) Manchón de dirección Dauphine, R 4, R 6, R 12 y R 18",6052682,https://reygoma.com.ar/wp-content/uploads/2019/04/74021x1-4.gif,https://reygoma.com.ar/producto/art-7402-5/,Gordini | RENAULT,
REY GOMA,7575/2,SOPORTE / GOMA-METAL,Fuego,RENAULT,,Fuelle semi eje (lado caja) R 12 caja de 5a. + chapa y kit con abrazaderas y lubricante,lado caja,https://reygoma.com.ar/wp-content/uploads/2019/04/7575-2-1-1.gif,https://reygoma.com.ar/producto/art-7575-2-2/,Fuego | RENAULT,CAJA
REY GOMA,7575/1,SOPORTE / GOMA-METAL,Fuego,RENAULT,,Kit con abrazaderas y lubricante,,https://reygoma.com.ar/wp-content/uploads/2019/04/7575-3.gif,https://reygoma.com.ar/producto/art-7575-1-2/,Fuego | RENAULT,
REY GOMA,7575,SOPORTE / GOMA-METAL,Fuego,RENAULT,,Fuelle semi eje (lado caja) R 12 caja de 5a.,lado caja,https://reygoma.com.ar/wp-content/uploads/2019/04/7575-2-1.gif,https://reygoma.com.ar/producto/art-7575-3/,Fuego | RENAULT,CAJA
REY GOMA,7574/1,SOPORTE / GOMA-METAL,Fuego,RENAULT,,Kit con abrazaderas y lubricante,,https://reygoma.com.ar/wp-content/uploads/2019/04/7574-4.gif,https://reygoma.com.ar/producto/art-7574-1-2/,Fuego | RENAULT,
REY GOMA,7574,SOPORTE / GOMA-METAL,Fuego,RENAULT,,"Fuelle semi eje (lado rueda) R 18, Trafic Spicer",lado rueda,https://reygoma.com.ar/wp-content/uploads/2019/04/7574-2.gif,https://reygoma.com.ar/producto/art-7574-2/,Fuego | RENAULT,
REY GOMA,7566/2,SOPORTE / GOMA-METAL,Fuego,RENAULT,,"Fuelle semi eje (lado caja) R 18, R 21, Trafic + chapa y kit con abrazaderas y lubricante",lado caja,https://reygoma.com.ar/wp-content/uploads/2019/04/7566-2-1-1.gif,https://reygoma.com.ar/producto/art-7566-2-2/,Fuego | RENAULT,CAJA
REY GOMA,7566/1,SOPORTE / GOMA-METAL,Fuego,RENAULT,,Kit con abrazaderas y lubricante,,https://reygoma.com.ar/wp-content/uploads/2019/04/7566-3.gif,https://reygoma.com.ar/producto/art-7566-1-2/,Fuego | RENAULT,
REY GOMA,7566,SOPORTE / GOMA-METAL,Fuego,RENAULT,,"Fuelle semi eje (lado caja) R 18, R 21, Trafic",lado caja,https://reygoma.com.ar/wp-content/uploads/2019/04/7566-2-1.gif,https://reygoma.com.ar/producto/art-7566-3/,Fuego | RENAULT,CAJA
REY GOMA,7515,SOPORTE DE CAJA,Fuego,RENAULT,,(7704000777) Soporte caja de velocidades modelo R 18 y,7704000777,https://reygoma.com.ar/wp-content/uploads/2019/04/75151x1-1.gif,https://reygoma.com.ar/producto/art-7515-2/,Fuego | RENAULT,CAJA
REY GOMA,7512,SOPORTE / GOMA-METAL,Fuego,RENAULT,,"(7704000767) Soporte delantero derecho de motor modelo R 18 motor 2000, y diesel",7704000767,https://reygoma.com.ar/wp-content/uploads/2019/04/75121x1-1.gif,https://reygoma.com.ar/producto/art-7512-2/,Fuego | RENAULT,DERECHO
REY GOMA,7511,SOPORTE / GOMA-METAL,Fuego,RENAULT,,"(7704000769) Soporte izquierdo de motor modelo R 18 motor 2000, y diesel",7704000769,https://reygoma.com.ar/wp-content/uploads/2019/04/75111x1-1.gif,https://reygoma.com.ar/producto/art-7511-2/,Fuego | RENAULT,IZQUIERDO
REY GOMA,7666,SOPORTE DE MOTOR,Fluence,RENAULT,,(112100014R) Soporte de motor (lado derecho) 1.6 K4M,112100014R | lado derecho,https://reygoma.com.ar/wp-content/uploads/2019/04/7666.gif,https://reygoma.com.ar/producto/art-7666/,Fluence | RENAULT,DERECHO
REY GOMA,7664,SOPORTE DE MOTOR,Fluence,RENAULT,,"(112100039R) Soporte de motor (hidráulico) (lado derecho) Mégane III, Scenic III 2.0",112100039R | hidráulico | lado derecho,https://reygoma.com.ar/wp-content/uploads/2019/04/7664.gif,https://reygoma.com.ar/producto/art-7664/,Fluence | RENAULT,DERECHO
REY GOMA,7663,SOPORTE / GOMA-METAL,Fluence,RENAULT,,(112200013R) Repuesto para artículo 7656,112200013R,https://reygoma.com.ar/wp-content/uploads/2019/04/7663.gif,https://reygoma.com.ar/producto/art-7663/,Fluence | RENAULT,
REY GOMA,7661/1,SOPORTE / GOMA-METAL,Fluence,RENAULT,,Kit con abrazaderas y lubricante,,https://reygoma.com.ar/wp-content/uploads/2019/04/7661-3.gif,https://reygoma.com.ar/producto/art-7661-1-2/,Fluence | RENAULT,
REY GOMA,7661,SOPORTE / GOMA-METAL,Fluence,RENAULT,,Fuelle semi eje (lado caja) Duster y (con trebol),lado caja | con trebol,https://reygoma.com.ar/wp-content/uploads/2019/04/7661-2.gif,https://reygoma.com.ar/producto/art-7661-2/,Fluence | RENAULT,CAJA
REY GOMA,7659,SOPORTE / GOMA-METAL,Fluence,RENAULT,,(112380004R) Soporte trasero de motor 1.6 y Mégane III,112380004R,https://reygoma.com.ar/wp-content/uploads/2019/04/7659.gif,https://reygoma.com.ar/producto/art-7659/,Fluence | RENAULT,
REY GOMA,7656,SOPORTE DE MOTOR,Fluence,RENAULT,,(112200013R) Soporte de motor (lado izquierdo) o Mégane III 1.6 (caja de 5ta.),112200013R | lado izquierdo | caja de 5ta.,https://reygoma.com.ar/wp-content/uploads/2019/04/7656.gif,https://reygoma.com.ar/producto/art-7656/,Fluence | RENAULT,IZQUIERDO
REY GOMA,7655,SOPORTE DE MOTOR,Fluence,RENAULT,,(112200014R) Repuesto para soporte de motor (lado izquierdo) / Mégane III 2.0 caja de 6ta.,112200014R | lado izquierdo,https://reygoma.com.ar/wp-content/uploads/2019/04/7655.gif,https://reygoma.com.ar/producto/art-7655/,Fluence | RENAULT,IZQUIERDO
REY GOMA,7650,SOPORTE / GOMA-METAL,Fluence,RENAULT,,(112380010R) Soporte trasero de motor 2.0L y Mégane III,112380010R,https://reygoma.com.ar/wp-content/uploads/2019/04/7650.gif,https://reygoma.com.ar/producto/art-7650/,Fluence | RENAULT,
REY GOMA,7665,SOPORTE DE MOTOR,Duster,RENAULT,,(112107208R) Soporte de motor (hidráulico) (lado derecho) 2.0,112107208R | hidráulico | lado derecho,https://reygoma.com.ar/wp-content/uploads/2019/04/7665.gif,https://reygoma.com.ar/producto/art-7665/,Duster | RENAULT,DERECHO
REY GOMA,7661/1,SOPORTE / GOMA-METAL,Duster,RENAULT,,Kit con abrazaderas y lubricante,,https://reygoma.com.ar/wp-content/uploads/2019/04/7661-1.gif,https://reygoma.com.ar/producto/art-7661-1/,Duster | RENAULT,
REY GOMA,7661,SOPORTE / GOMA-METAL,Duster,RENAULT,,Fuelle semi eje (lado caja) y Fluence (con trebol),lado caja | con trebol,https://reygoma.com.ar/wp-content/uploads/2019/04/7661.gif,https://reygoma.com.ar/producto/art-7661/,Duster | RENAULT,CAJA
REY GOMA,7660,SOPORTE DE MOTOR,Duster,RENAULT,,(112101351R) Soporte de motor (lado derecho) 1.6,112101351R | lado derecho,https://reygoma.com.ar/wp-content/uploads/2019/04/7660.gif,https://reygoma.com.ar/producto/art-7660/,Duster | RENAULT,DERECHO
REY GOMA,7654,SOPORTE DE MOTOR,Duster,RENAULT,,(112387053R) Soporte de motor trasero inferior 2.0L,112387053R,https://reygoma.com.ar/wp-content/uploads/2019/04/7654.gif,https://reygoma.com.ar/producto/art-7654/,Duster | RENAULT,
REY GOMA,7651,SOPORTE DE MOTOR,Duster,RENAULT,,(8200805796) Soporte de motor (lado izquierdo) 2.0 naftero,8200805796 | lado izquierdo,https://reygoma.com.ar/wp-content/uploads/2019/04/7651.gif,https://reygoma.com.ar/producto/art-7651/,Duster | RENAULT,IZQUIERDO
REY GOMA,7418,SOPORTE / GOMA-METAL,Dauphine,RENAULT,,(8537951) Guardapolvo palier cañonera y Gordini,8537951,https://reygoma.com.ar/wp-content/uploads/2019/04/74181x1.gif,https://reygoma.com.ar/producto/art-7418/,Dauphine | RENAULT,
REY GOMA,7414,SOPORTE / GOMA-METAL,Dauphine,RENAULT,,(5537502) Fuelle de dirección y Gordini,5537502,https://reygoma.com.ar/wp-content/uploads/2019/04/74141x1.gif,https://reygoma.com.ar/producto/art-7414/,Dauphine | RENAULT,
REY GOMA,7409,BUJE,Dauphine,RENAULT,,(6070380) Buje barra estabilizadora y Gordini,6070380,https://reygoma.com.ar/wp-content/uploads/2019/04/74091x1.gif,https://reygoma.com.ar/producto/art-7409/,Dauphine | RENAULT,
REY GOMA,7407,TOPE AMORTIGUADOR,Dauphine,RENAULT,,(8300100) (3129527) Tope de goma Gordini y R 6,8300100 | 3129527,https://reygoma.com.ar/wp-content/uploads/2019/04/74071x1-1.gif,https://reygoma.com.ar/producto/art-7407-2/,Dauphine | RENAULT,
REY GOMA,7406,PEDAL,Dauphine,RENAULT,,"(6060908) Cubre pedal de freno y de embrague Gordini, R 4, R 5, R 6 y Trafic",6060908,https://reygoma.com.ar/wp-content/uploads/2019/04/74061x1-2.gif,https://reygoma.com.ar/producto/art-7406-4/,Dauphine | RENAULT,
REY GOMA,7404/1,SOPORTE / GOMA-METAL,Dauphine,RENAULT,,(8300015) Soporte izquierdo de motor y Gordini,8300015,https://reygoma.com.ar/wp-content/uploads/2019/04/7404-11x1.gif,https://reygoma.com.ar/producto/art-7404-1/,Dauphine | RENAULT,IZQUIERDO
REY GOMA,7404,SOPORTE / GOMA-METAL,Dauphine,RENAULT,,(8300016) Soporte derecho de motor y Gordini,8300016,https://reygoma.com.ar/wp-content/uploads/2019/04/74041x1.gif,https://reygoma.com.ar/producto/art-7404/,Dauphine | RENAULT,DERECHO
REY GOMA,7403,SOPORTE DE CAJA,Dauphine,RENAULT,,(8235470) Soporte caja de velocidades y Gordini,8235470,https://reygoma.com.ar/wp-content/uploads/2019/04/74031x1.gif,https://reygoma.com.ar/producto/art-7403/,Dauphine | RENAULT,CAJA
REY GOMA,7402,MANCHON,Dauphine,RENAULT,,"(6052682) Manchón de dirección Gordini, R 4, R 6, R 12 y R 18",6052682,https://reygoma.com.ar/wp-content/uploads/2019/04/74021x1-3.gif,https://reygoma.com.ar/producto/art-7402-4/,Dauphine | RENAULT,
REY GOMA,7574/1,SOPORTE / GOMA-METAL,RENAULT,Renault 18,,18 Kit con abrazaderas y lubricante,,https://reygoma.com.ar/wp-content/uploads/2019/04/7574-1-1.gif,https://reygoma.com.ar/producto/art-7574-1/,RENAULT | Renault 18,
REY GOMA,7574,SOPORTE / GOMA-METAL,RENAULT,Renault 18,,"18 Fuelle semi eje (lado rueda) Fuego, R 18, Trafic Spicer",lado rueda,https://reygoma.com.ar/wp-content/uploads/2019/04/7574-1.gif,https://reygoma.com.ar/producto/art-7574/,RENAULT | Renault 18,
REY GOMA,7569/1,SOPORTE / GOMA-METAL,RENAULT,Renault 18,,18 Kit con abrazaderas y lubricante,,https://reygoma.com.ar/wp-content/uploads/2019/04/7569-1.gif,https://reygoma.com.ar/producto/art-7569-1/,RENAULT | Renault 18,
REY GOMA,7569,SOPORTE / GOMA-METAL,RENAULT,Renault 18,,"18 Fuelle semi eje (lado caja) R 18, Trafic Caño",lado caja,https://reygoma.com.ar/wp-content/uploads/2019/04/7569.gif,https://reygoma.com.ar/producto/art-7569/,RENAULT | Renault 18,CAJA
REY GOMA,7567/1,SOPORTE / GOMA-METAL,RENAULT,Renault 18,,18 Kit con abrazaderas y lubricante,,https://reygoma.com.ar/wp-content/uploads/2019/04/7567-1.gif,https://reygoma.com.ar/producto/art-7567-1/,RENAULT | Renault 18,
REY GOMA,7567,SOPORTE / GOMA-METAL,RENAULT,Renault 18,,"18 Fuelle semi eje (lado rueda) R 18, Trafic 1400",lado rueda,https://reygoma.com.ar/wp-content/uploads/2019/04/7567.gif,https://reygoma.com.ar/producto/art-7567/,RENAULT | Renault 18,
REY GOMA,7566/2,SOPORTE / GOMA-METAL,RENAULT,Renault 18,,"18 Fuelle semi eje (lado caja) R 18, R 21, Fuego, Trafic + chapa y kit con abrazaderas y lubricante",lado caja,https://reygoma.com.ar/wp-content/uploads/2019/04/7566-2.gif,https://reygoma.com.ar/producto/art-7566-2/,RENAULT | Renault 18,CAJA
REY GOMA,7566/1,SOPORTE / GOMA-METAL,RENAULT,Renault 18,,18 Kit con abrazaderas y lubricante,,https://reygoma.com.ar/wp-content/uploads/2019/04/7566-1.gif,https://reygoma.com.ar/producto/art-7566-1/,RENAULT | Renault 18,
REY GOMA,7566,SOPORTE / GOMA-METAL,RENAULT,Renault 18,,"18 Fuelle semi eje (lado caja) R 18, R 21, Fuego, Trafic",lado caja,https://reygoma.com.ar/wp-content/uploads/2019/04/7566.gif,https://reygoma.com.ar/producto/art-7566/,RENAULT | Renault 18,CAJA
REY GOMA,7564,SOPORTE / GOMA-METAL,RENAULT,Renault 18,,"18 Fuelle cremallera mecánica (lado derecho) Trafic, R 9, R 11 turbo, R 18",lado derecho,https://reygoma.com.ar/wp-content/uploads/2019/04/7564-2.gif,https://reygoma.com.ar/producto/art-7564-3/,RENAULT | Renault 18,DERECHO
REY GOMA,7563,SOPORTE / GOMA-METAL,RENAULT,Renault 18,,"18 Fuelle cremallera mecánica (lado izquierdo) Trafic, R 9, R 11 turbo, R 18",lado izquierdo,https://reygoma.com.ar/wp-content/uploads/2019/04/7563-2.gif,https://reygoma.com.ar/producto/art-7563-3/,RENAULT | Renault 18,IZQUIERDO
REY GOMA,7561,SOPORTE / GOMA-METAL,RENAULT,Renault 18,,"18 Almohadilla abrazadera modelos R 9, R 11, R 18, R 19",,https://reygoma.com.ar/wp-content/uploads/2019/04/7561-3.gif,https://reygoma.com.ar/producto/art-7561-3/,RENAULT | Renault 18,
REY GOMA,7560,FUELLE DIRECCION,RENAULT,Renault 18,,18 Fuelle dirección hidráulica (ambos lados) R 18,ambos lados,https://reygoma.com.ar/wp-content/uploads/2019/04/7560.gif,https://reygoma.com.ar/producto/art-7560/,RENAULT | Renault 18,AMBOS LADOS
REY GOMA,7559/1,SOPORTE / GOMA-METAL,RENAULT,Renault 18,,18 Kit con abrazaderas y lubricante,,https://reygoma.com.ar/wp-content/uploads/2019/04/7559-1.gif,https://reygoma.com.ar/producto/art-7559-1/,RENAULT | Renault 18,
REY GOMA,7559,SOPORTE / GOMA-METAL,RENAULT,Renault 18,,18 Fuelle semi eje (lado rueda) R 18,lado rueda,https://reygoma.com.ar/wp-content/uploads/2019/04/7559.gif,https://reygoma.com.ar/producto/art-7559/,RENAULT | Renault 18,
REY GOMA,7517,BUJE,RENAULT,Renault 18,,18 (7700648702) (77006487703) Buje de bieleta inferior modelo R 18,7700648702 | 77006487703,https://reygoma.com.ar/wp-content/uploads/2019/04/7517.gif,https://reygoma.com.ar/producto/art-7517/,RENAULT | Renault 18,
REY GOMA,7521,SOPORTE / GOMA-METAL,RENAULT,Renault 18,,"18 (7704000622) Soporte trasero de motor R 18, motor 1400 y R 12 con caja de 5a.",7704000622,https://reygoma.com.ar/wp-content/uploads/2019/04/75211x1-1.gif,https://reygoma.com.ar/producto/art-7521-2/,RENAULT | Renault 18,
REY GOMA,7520,SOPORTE / GOMA-METAL,RENAULT,Renault 18,,18 (7704000469) Soporte delantero de motor modelo R 18 motor 1400 y 1600,7704000469,https://reygoma.com.ar/wp-content/uploads/2019/04/75201x1.gif,https://reygoma.com.ar/producto/art-7520/,RENAULT | Renault 18,
REY GOMA,7519,BUJE,RENAULT,Renault 18,,18 (7700651968) Buje de tensor delantero modelo R 18,7700651968,https://reygoma.com.ar/wp-content/uploads/2019/04/75191x1.gif,https://reygoma.com.ar/producto/art-7519/,RENAULT | Renault 18,
REY GOMA,7516,BUJE,RENAULT,Renault 18,,18 (7700666086) Buje de bieleta superior modelo R 18,7700666086,https://reygoma.com.ar/wp-content/uploads/2019/04/75161x1.gif,https://reygoma.com.ar/producto/art-7516/,RENAULT | Renault 18,
REY GOMA,7515,SOPORTE DE CAJA,RENAULT,Renault 18,,18 (7704000777) Soporte caja de velocidades modelo R 18 y Fuego,7704000777,https://reygoma.com.ar/wp-content/uploads/2019/04/75151x1.gif,https://reygoma.com.ar/producto/art-7515/,RENAULT | Renault 18,CAJA
REY GOMA,7514,SOPORTE / GOMA-METAL,RENAULT,Renault 18,,"18 (7704000829) Soporte delantero inferior de motor modelo R 18 motor 2000, y diesel",7704000829,https://reygoma.com.ar/wp-content/uploads/2019/04/75141x1.gif,https://reygoma.com.ar/producto/art-7514/,RENAULT | Renault 18,
REY GOMA,7513,SOPORTE DE ESCAPE,RENAULT,Renault 18,,18 (7700632015) Anillo caño de escape,7700632015,https://reygoma.com.ar/wp-content/uploads/2019/04/7513.gif,https://reygoma.com.ar/producto/art-7513/,RENAULT | Renault 18,
REY GOMA,7512,SOPORTE / GOMA-METAL,RENAULT,Renault 18,,"18 (7704000767) Soporte delantero derecho de motor modelo R 18 motor 2000, Fuego y diesel",7704000767,https://reygoma.com.ar/wp-content/uploads/2019/04/75121x1.gif,https://reygoma.com.ar/producto/art-7512/,RENAULT | Renault 18,DERECHO
REY GOMA,7511,SOPORTE / GOMA-METAL,RENAULT,Renault 18,,"18 (7704000769) Soporte izquierdo de motor modelo R 18 motor 2000, Fuego y diesel",7704000769,https://reygoma.com.ar/wp-content/uploads/2019/04/75111x1.gif,https://reygoma.com.ar/producto/art-7511/,RENAULT | Renault 18,IZQUIERDO
REY GOMA,7510,SOPORTE / GOMA-METAL,RENAULT,Renault 18,,18 (7702054670) Soporte de radiador modelo R 18,7702054670,https://reygoma.com.ar/wp-content/uploads/2019/04/75101x1.gif,https://reygoma.com.ar/producto/art-7510/,RENAULT | Renault 18,
REY GOMA,7509,BUJE,RENAULT,Renault 18,,18 (7701348634) Buje tensor de barra estabilizadora modelo R 18,7701348634,https://reygoma.com.ar/wp-content/uploads/2019/04/75091x1.gif,https://reygoma.com.ar/producto/art-7509/,RENAULT | Renault 18,
REY GOMA,7508,BUJE,RENAULT,Renault 18,,18 (7701348635) Buje tensor de eje trasero modelo R 18,7701348635,https://reygoma.com.ar/wp-content/uploads/2019/04/75081x1.gif,https://reygoma.com.ar/producto/art-7508/,RENAULT | Renault 18,
REY GOMA,7507,BUJE,RENAULT,Renault 18,,18 (7700666235) Buje de barra estabilizadora modelo R 18,7700666235,https://reygoma.com.ar/wp-content/uploads/2019/04/75071x1.gif,https://reygoma.com.ar/producto/art-7507/,RENAULT | Renault 18,
REY GOMA,7506,PEDAL,RENAULT,Renault 18,,18 (7700651523) Cubre pedal de freno y de embrague modelo R 18,7700651523,https://reygoma.com.ar/wp-content/uploads/2019/04/75061x1.gif,https://reygoma.com.ar/producto/art-7506/,RENAULT | Renault 18,
REY GOMA,7499,TOPE AMORTIGUADOR,RENAULT,Renault 18,,18 (7702058583) Tope palanca de cambios modelos R 12 y R 18. lado 22 mm. h 19 mm. rosca M 6 x 1,7702058583,https://reygoma.com.ar/wp-content/uploads/2019/04/74991x1-1.gif,https://reygoma.com.ar/producto/art-7499-2/,RENAULT | Renault 18,
REY GOMA,7492,SOPORTE / GOMA-METAL,RENAULT,Renault 18,,"18 (0555497400) Junta tapa de válvulas modelos R 4, R 6, R 9, R 11, R 12, R 18 GTL y Trafic motor 1400",0555497400,https://reygoma.com.ar/wp-content/uploads/2019/04/74921x1-4.gif,https://reygoma.com.ar/producto/art-7492-6/,RENAULT | Renault 18,
REY GOMA,7478,BUJE,RENAULT,Renault 18,,18 (0608540900) (7704001036) Buje de parrilla trasera de suspensión modelos R 12 y R 18,0608540900 | 7704001036,https://reygoma.com.ar/wp-content/uploads/2019/04/74781x1-2.gif,https://reygoma.com.ar/producto/art-7478-2/,RENAULT | Renault 18,
REY GOMA,7575/2,SOPORTE / GOMA-METAL,RENAULT,Renault 12,,"12 Fuelle semi eje (lado caja) Fuego, R 12 caja de 5a. + chapa y kit con abrazaderas y lubricante",lado caja,https://reygoma.com.ar/wp-content/uploads/2019/04/7575-2.gif,https://reygoma.com.ar/producto/art-7575-2/,RENAULT | Renault 12,CAJA
REY GOMA,7575/1,SOPORTE / GOMA-METAL,RENAULT,Renault 12,,12 Kit con abrazaderas y lubricante,,https://reygoma.com.ar/wp-content/uploads/2019/04/7575-1.gif,https://reygoma.com.ar/producto/art-7575-1/,RENAULT | Renault 12,
REY GOMA,7575,SOPORTE / GOMA-METAL,RENAULT,Renault 12,,"12 Fuelle semi eje (lado caja) Fuego, R 12 caja de 5a.",lado caja,https://reygoma.com.ar/wp-content/uploads/2019/04/7575.gif,https://reygoma.com.ar/producto/art-7575/,RENAULT | Renault 12,CAJA
REY GOMA,7573/2,SOPORTE / GOMA-METAL,RENAULT,Renault 12,,"12 Fuelle semi eje (lado caja) R 12 caja de 5a., R 9, Clio, Twingo, Express + chapa y kit con abrazaderas y lubricante",lado caja,https://reygoma.com.ar/wp-content/uploads/2019/04/7573-2-1-1.gif,https://reygoma.com.ar/producto/art-7573-2-2/,RENAULT | Renault 12,CAJA
REY GOMA,7573/1,SOPORTE / GOMA-METAL,RENAULT,Renault 12,,12 Kit con abrazaderas y lubricante,,https://reygoma.com.ar/wp-content/uploads/2019/04/7573-3.gif,https://reygoma.com.ar/producto/art-7573-1-2/,RENAULT | Renault 12,
REY GOMA,7573,SOPORTE / GOMA-METAL,RENAULT,Renault 12,,"12 Fuelle semi eje (lado caja) R 12 caja de 5a., R 9, Clio, Twingo, Express",lado caja,https://reygoma.com.ar/wp-content/uploads/2019/04/7573-2-1.gif,https://reygoma.com.ar/producto/art-7573-3/,RENAULT | Renault 12,CAJA
REY GOMA,7565/1,SOPORTE / GOMA-METAL,RENAULT,Renault 12,,12 Kit con abrazaderas y lubricante,,https://reygoma.com.ar/wp-content/uploads/2019/04/7565-4.gif,https://reygoma.com.ar/producto/art-7565-1-3/,RENAULT | Renault 12,
REY GOMA,7565,SOPORTE / GOMA-METAL,RENAULT,Renault 12,,"12 Fuelle semi eje homocinética (lado rueda) R 9, R 11, R 12",lado rueda,https://reygoma.com.ar/wp-content/uploads/2019/04/7565-3.gif,https://reygoma.com.ar/producto/art-7565-3/,RENAULT | Renault 12,
REY GOMA,7558/1,SOPORTE / GOMA-METAL,RENAULT,Renault 12,,12 Kit con abrazaderas y lubricante,,https://reygoma.com.ar/wp-content/uploads/2019/04/7558-1.gif,https://reygoma.com.ar/producto/art-7558-1/,RENAULT | Renault 12,
REY GOMA,7558,SOPORTE / GOMA-METAL,Renault 12,,,Fuelle semi eje (lado rueda) R12 triceta,lado rueda,https://reygoma.com.ar/wp-content/uploads/2019/04/7558.gif,https://reygoma.com.ar/producto/art-7558/,Renault 12,
REY GOMA,7521,SOPORTE / GOMA-METAL,RENAULT,Renault 12,,"12 (7704000622) Soporte trasero de motor R 18, motor 1400 y R 12 con caja de 5a.",7704000622,https://reygoma.com.ar/wp-content/uploads/2019/04/75211x1.gif,https://reygoma.com.ar/producto/art-7521/,RENAULT | Renault 12,
REY GOMA,7499,TOPE AMORTIGUADOR,RENAULT,Renault 12,,12 (7702058583) Tope palanca de cambios modelos R 12 y R 18. lado 22 mm. h 19 mm. rosca M 6 x 1,7702058583,https://reygoma.com.ar/wp-content/uploads/2019/04/74991x1.gif,https://reygoma.com.ar/producto/art-7499/,RENAULT | Renault 12,
REY GOMA,7497,SOPORTE / GOMA-METAL,RENAULT,Renault 12,,12 (7700521180) Junta de flotante tanque de nafta modelo R 12,7700521180,https://reygoma.com.ar/wp-content/uploads/2019/04/74971x1.gif,https://reygoma.com.ar/producto/art-7497/,RENAULT | Renault 12,
REY GOMA,7496,SOPORTE DE CAJA,RENAULT,Renault 12,,12 (7700511371) Fuelle salida de caja de velocidades modelo R 12,7700511371,https://reygoma.com.ar/wp-content/uploads/2019/04/74961x1.gif,https://reygoma.com.ar/producto/art-7496/,RENAULT | Renault 12,CAJA
REY GOMA,7495,SOPORTE / GOMA-METAL,RENAULT,Renault 12,,12 (7701013274) Reforma Fuelle de semi eje (lado rueda) modelos R 4 y R 12,7701013274 | lado rueda,https://reygoma.com.ar/wp-content/uploads/2019/04/74951x1.gif,https://reygoma.com.ar/producto/art-7495-2/,RENAULT | Renault 12,
REY GOMA,7494,SOPORTE / GOMA-METAL,RENAULT,Renault 12,,"12 (7702021549) Junta delantera de bancada modelos R 4, R 6 y R 12",7702021549,https://reygoma.com.ar/wp-content/uploads/2019/04/74941x1-1.gif,https://reygoma.com.ar/producto/art-7494-3/,RENAULT | Renault 12,
REY GOMA,7493,BUJE,RENAULT,Renault 12,,12 (7702024413) Buje de tensor modelo R 12,7702024413,https://reygoma.com.ar/wp-content/uploads/2019/04/74931x1.gif,https://reygoma.com.ar/producto/art-7493/,RENAULT | Renault 12,
REY GOMA,7492,SOPORTE / GOMA-METAL,RENAULT,Renault 12,,"12 (0555497400) Junta tapa de válvulas modelos R 4, R 6, R 9, R 11, R 12, R 18 GTL y Trafic motor 1400",0555497400,https://reygoma.com.ar/wp-content/uploads/2019/04/74921x1-3.gif,https://reygoma.com.ar/producto/art-7492-5/,RENAULT | Renault 12,
REY GOMA,7491,SOPORTE / GOMA-METAL,RENAULT,Renault 12,,"12 (7702027292) Fuelle de semi ele (lado rueda) junta Bed modelos R 4, R 6 y R 12",7702027292 | lado rueda,https://reygoma.com.ar/wp-content/uploads/2019/04/74911x1-1.gif,https://reygoma.com.ar/producto/art-7491-3/,RENAULT | Renault 12,
REY GOMA,7487,BUJE,RENAULT,Renault 12,,12 (7700503438) Buje barra estabilizadora modelo R 12,7700503438,https://reygoma.com.ar/wp-content/uploads/2019/04/74871x1.gif,https://reygoma.com.ar/producto/art-7487/,RENAULT | Renault 12,
REY GOMA,7485,SOPORTE / GOMA-METAL,RENAULT,Renault 12,,12 (7700526380) Fuelle de dirección modelo R 12,7700526380,https://reygoma.com.ar/wp-content/uploads/2019/04/74851x1.gif,https://reygoma.com.ar/producto/art-7485/,RENAULT | Renault 12,
REY GOMA,7484,SOPORTE DE ESCAPE,RENAULT,Renault 12,,"12 (7702020566) Soporte caño de escape modelo R 12. Ø 49 mm. h 29 mm. rosca M 10 x 1,5",7702020566,https://reygoma.com.ar/wp-content/uploads/2019/04/74841x1.gif,https://reygoma.com.ar/producto/art-7484/,RENAULT | Renault 12,
REY GOMA,7483,SOPORTE DE ESCAPE,RENAULT,Renault 12,,"12 (7702021650) Soporte caño de escape modelos R 4, R 6 y R 12. Ø 26 mm. h 20 mm. rosca M 6 x 1",7702021650,https://reygoma.com.ar/wp-content/uploads/2019/04/74831x1-1.gif,https://reygoma.com.ar/producto/art-7483-3/,RENAULT | Renault 12,
REY GOMA,7478,BUJE,RENAULT,Renault 12,,12 (0608540900) (7704001036) Buje de parrilla trasera de suspensión modelos R 12 y R 18,0608540900 | 7704001036,https://reygoma.com.ar/wp-content/uploads/2019/04/74781x1.gif,https://reygoma.com.ar/producto/art-7478/,RENAULT | Renault 12,
REY GOMA,7475,SOPORTE / GOMA-METAL,RENAULT,Renault 12,,12 (7700504590) Soporte delantero de motor modelo R 12,7700504590,https://reygoma.com.ar/wp-content/uploads/2019/04/74751x1.gif,https://reygoma.com.ar/producto/art-7475/,RENAULT | Renault 12,
REY GOMA,7474,SOPORTE DE CAJA,RENAULT,Renault 12,,12 (7700506311) Soporte caja de velocidades modelo R 12,7700506311,https://reygoma.com.ar/wp-content/uploads/2019/04/74741x1.gif,https://reygoma.com.ar/producto/art-7474/,RENAULT | Renault 12,CAJA
REY GOMA,7472,PEDAL,RENAULT,Renault 12,,12 (3148572) Cubre pedal de freno y de embrague modelo R 12,3148572,https://reygoma.com.ar/wp-content/uploads/2019/04/74721x1.gif,https://reygoma.com.ar/producto/art-7472/,RENAULT | Renault 12,
REY GOMA,7447,SOPORTE / GOMA-METAL,RENAULT,Renault 12,,"12 (7702020278) Fuelle junta homocinética (semi eje) modelos 4 L, R 4, R 6 y R 12",7702020278 | semi eje,https://reygoma.com.ar/wp-content/uploads/2019/04/74471x1-1.gif,https://reygoma.com.ar/producto/art-7447-3/,RENAULT | Renault 12,
REY GOMA,7402,MANCHON,RENAULT,Renault 12,,"12 (6052682) Manchón de dirección Dauphine, Gordini, R 4, R 6, R 12 y R 18",6052682,https://reygoma.com.ar/wp-content/uploads/2019/04/74021x1-1.gif,https://reygoma.com.ar/producto/art-7402-3/,RENAULT | Renault 12,
REY GOMA,7640/1,CAZOLETA,RENAULT,Renault 11,,11 Almohadilla de plastico para cazoleta amortiguador delantero R9 y R11,,https://reygoma.com.ar/wp-content/uploads/2019/04/7640_1-1.gif,https://reygoma.com.ar/producto/art-7640-1-2/,RENAULT | Renault 11,
REY GOMA,7640,CAZOLETA,RENAULT,Renault 11,,11 (7700760572) Cazoleta amortiguador delantero R9 y R11,7700760572,https://reygoma.com.ar/wp-content/uploads/2019/04/7640-1.gif,https://reygoma.com.ar/producto/art-7640-2/,RENAULT | Renault 11,
REY GOMA,7634,SOPORTE / GOMA-METAL,RENAULT,Renault 11,,11 (770687433) Cruceta de cardán (aluminio) 9 – 11.,770687433 | aluminio,https://reygoma.com.ar/wp-content/uploads/2019/04/imp2058-1.gif,https://reygoma.com.ar/producto/art-7634-2/,RENAULT | Renault 11,
REY GOMA,7584,SOPORTE / GOMA-METAL,RENAULT,Renault 11,,"11 Fuelle cremallera mecánica R 9, R 11, R 19 RE, Clio, Express",,https://reygoma.com.ar/wp-content/uploads/2019/04/7584-1.gif,https://reygoma.com.ar/producto/art-7584-2/,RENAULT | Renault 11,
REY GOMA,7582/1,SOPORTE / GOMA-METAL,RENAULT,Renault 11,,11 Kit con abrazaderas y lubricante,,https://reygoma.com.ar/wp-content/uploads/2019/04/7582-2.gif,https://reygoma.com.ar/producto/art-7582-1/,RENAULT | Renault 11,
REY GOMA,7582,SOPORTE / GOMA-METAL,RENAULT,Renault 11,,11 Fuelle semi eje (lado rueda) R 11 triceta,lado rueda,https://reygoma.com.ar/wp-content/uploads/2019/04/7582-1.gif,https://reygoma.com.ar/producto/art-7582/,RENAULT | Renault 11,
REY GOMA,7580/1,SOPORTE / GOMA-METAL,RENAULT,Renault 11,,11 Kit con abrazaderas y lubricante,,https://reygoma.com.ar/wp-content/uploads/2019/04/7580-1.gif,https://reygoma.com.ar/producto/art-7580-1/,RENAULT | Renault 11,
REY GOMA,7580,SOPORTE / GOMA-METAL,RENAULT,Renault 11,,"11 Fuelle semi eje (lado rueda) R 11 turbo, R 19, Twingo, Clio, Express",lado rueda,https://reygoma.com.ar/wp-content/uploads/2019/04/7580.gif,https://reygoma.com.ar/producto/art-7580/,RENAULT | Renault 11,
REY GOMA,7578,SOPORTE / GOMA-METAL,RENAULT,Renault 11,,"11 Fuelle semi eje (lado rueda) R 11 turbo, R 19, Twingo, Clio, Express",lado rueda,https://reygoma.com.ar/wp-content/uploads/2019/04/7578-2.gif,https://reygoma.com.ar/producto/art-7578-2/,RENAULT | Renault 11,
REY GOMA,7572/1,SOPORTE / GOMA-METAL,RENAULT,Renault 11,,"11 Kit con 1 abrazadera, no utiliza lubricante",,https://reygoma.com.ar/wp-content/uploads/2019/04/7572-2-1.gif,https://reygoma.com.ar/producto/art-7572-1-2/,RENAULT | Renault 11,
REY GOMA,7572,SOPORTE / GOMA-METAL,RENAULT,Renault 11,,"11 Fuelle semi eje (lado caja) p/corto R 9, R 11, R 19, Twingo, Express, Clio",lado caja,https://reygoma.com.ar/wp-content/uploads/2019/04/7572-2.gif,https://reygoma.com.ar/producto/art-7572-2/,RENAULT | Renault 11,CAJA
REY GOMA,7571/1,SOPORTE / GOMA-METAL,RENAULT,Renault 11,,11 Kit con abrazaderas y lubricante,,https://reygoma.com.ar/wp-content/uploads/2019/04/7571-1.gif,https://reygoma.com.ar/producto/art-7571-1/,RENAULT | Renault 11,
REY GOMA,7571,SOPORTE / GOMA-METAL,RENAULT,Renault 11,,11 Fuelle semi eje (lado caja) R 11p/largo,lado caja,https://reygoma.com.ar/wp-content/uploads/2019/04/7571.gif,https://reygoma.com.ar/producto/art-7571/,RENAULT | Renault 11,CAJA
REY GOMA,7570,SOPORTE / GOMA-METAL,RENAULT,Renault 11,,"11 Almohadilla abrazadera (única) R 9, R 11, R 19",única,https://reygoma.com.ar/wp-content/uploads/2019/04/7570-1.gif,https://reygoma.com.ar/producto/art-7570-2/,RENAULT | Renault 11,
REY GOMA,7565/1,SOPORTE / GOMA-METAL,RENAULT,Renault 11,,11 Kit con abrazaderas y lubricante,,https://reygoma.com.ar/wp-content/uploads/2019/04/7565-1-1.gif,https://reygoma.com.ar/producto/art-7565-1-2/,RENAULT | Renault 11,
REY GOMA,7565,SOPORTE / GOMA-METAL,RENAULT,Renault 11,,"11 Fuelle semi eje homocinética (lado rueda) R 9, R 11, R 12",lado rueda,https://reygoma.com.ar/wp-content/uploads/2019/04/7565-2.gif,https://reygoma.com.ar/producto/art-7565-2/,RENAULT | Renault 11,
REY GOMA,7564,SOPORTE / GOMA-METAL,RENAULT,Renault 11,,"11 Fuelle cremallera mecánica (lado derecho) Trafic, R 9, R 11 turbo, R 18",lado derecho,https://reygoma.com.ar/wp-content/uploads/2019/04/7564-1.gif,https://reygoma.com.ar/producto/art-7564-2/,RENAULT | Renault 11,DERECHO
REY GOMA,7563,SOPORTE / GOMA-METAL,RENAULT,Renault 11,,"11 Fuelle cremallera mecánica (lado izquierdo) Trafic, R 9, R 11 turbo, R 18",lado izquierdo,https://reygoma.com.ar/wp-content/uploads/2019/04/7563-1-1.gif,https://reygoma.com.ar/producto/art-7563-2/,RENAULT | Renault 11,IZQUIERDO
REY GOMA,7561,SOPORTE / GOMA-METAL,RENAULT,Renault 11,,"11 Almohadilla abrazadera modelos R 9, R 11, R 18, R 19",,https://reygoma.com.ar/wp-content/uploads/2019/04/7061.gif,https://reygoma.com.ar/producto/art-7561-2/,RENAULT | Renault 11,
REY GOMA,7524,SOPORTE / GOMA-METAL,RENAULT,Renault 11,,11 (7700760510) Soporte trasero central de motor R 9 y R 11,7700760510,https://reygoma.com.ar/wp-content/uploads/2019/04/75241x1-1.gif,https://reygoma.com.ar/producto/art-7524-2/,RENAULT | Renault 11,CENTRO
REY GOMA,7523,SOPORTE / GOMA-METAL,RENAULT,Renault 11,,11 (7704001319) Soporte delantero derecho de motor modelos R 9 y R 11,7704001319,https://reygoma.com.ar/wp-content/uploads/2019/04/75231x1-1.gif,https://reygoma.com.ar/producto/art-7523-2/,RENAULT | Renault 11,DERECHO
REY GOMA,7522,SOPORTE DE CAJA,RENAULT,Renault 11,,11 (7704001320) Soporte delantero izquierdo de caja de velocidades modelos R 9 y R 11,7704001320,https://reygoma.com.ar/wp-content/uploads/2019/04/75221x1-1.gif,https://reygoma.com.ar/producto/art-7522-2/,RENAULT | Renault 11,CAJA / IZQUIERDO
REY GOMA,7492,SOPORTE / GOMA-METAL,RENAULT,Renault 11,,"11 (0555497400) Junta tapa de válvulas modelos R 4, R 6, R 9, R 11, R 12, R 18 GTL y Trafic motor 1400",0555497400,https://reygoma.com.ar/wp-content/uploads/2019/04/74921x1-2.gif,https://reygoma.com.ar/producto/art-7492-4/,RENAULT | Renault 11,
REY GOMA,7640/1,CAZOLETA,RENAULT,Renault 9,,9 Almohadilla de plastico para cazoleta amortiguador delantero R9 y R11,,https://reygoma.com.ar/wp-content/uploads/2019/04/7640_1.gif,https://reygoma.com.ar/producto/art-7640-1/,RENAULT | Renault 9,
REY GOMA,7640,CAZOLETA,RENAULT,Renault 9,,9 (7700760572) Cazoleta amortiguador delantero R9 y R11,7700760572,https://reygoma.com.ar/wp-content/uploads/2019/04/7640.gif,https://reygoma.com.ar/producto/art-7640/,RENAULT | Renault 9,
REY GOMA,7634,SOPORTE / GOMA-METAL,RENAULT,Renault 9,,9 (770687433) Cruceta de cardán (aluminio) 9 – 11.,770687433 | aluminio,https://reygoma.com.ar/wp-content/uploads/2019/04/imp2058.gif,https://reygoma.com.ar/producto/art-7634/,RENAULT | Renault 9,
REY GOMA,7584,SOPORTE / GOMA-METAL,RENAULT,Renault 9,,"9 Fuelle cremallera mecánica R 9, R 11, R 19 RE, Clio, Express",,https://reygoma.com.ar/wp-content/uploads/2019/04/7584.gif,https://reygoma.com.ar/producto/art-7584/,RENAULT | Renault 9,
REY GOMA,7573/2,SOPORTE / GOMA-METAL,RENAULT,Renault 9,,"9 Fuelle semi eje (lado caja) R 12 caja de 5a., R 9, Clio, Twingo, Express + chapa y kit con abrazaderas y lubricante",lado caja,https://reygoma.com.ar/wp-content/uploads/2019/04/7573-2.gif,https://reygoma.com.ar/producto/art-7573-2/,RENAULT | Renault 9,CAJA
REY GOMA,7573/1,SOPORTE / GOMA-METAL,RENAULT,Renault 9,,9 Kit con abrazaderas y lubricante,,https://reygoma.com.ar/wp-content/uploads/2019/04/7573-1-1.gif,https://reygoma.com.ar/producto/art-7573-1/,RENAULT | Renault 9,
REY GOMA,7573,SOPORTE / GOMA-METAL,RENAULT,Renault 9,,"9 Fuelle semi eje (lado caja) R 12 caja de 5a., R 9, Clio, Twingo, Express",lado caja,https://reygoma.com.ar/wp-content/uploads/2019/04/7573-1.gif,https://reygoma.com.ar/producto/art-7573/,RENAULT | Renault 9,CAJA
REY GOMA,7572/1,SOPORTE / GOMA-METAL,RENAULT,Renault 9,,"9 Kit con 1 abrazadera, no utiliza lubricante",,https://reygoma.com.ar/wp-content/uploads/2019/04/7572-1.gif,https://reygoma.com.ar/producto/art-7572-1/,RENAULT | Renault 9,
REY GOMA,7572,SOPORTE / GOMA-METAL,RENAULT,Renault 9,,"9 Fuelle semi eje (lado caja) p/corto R 9, R 11, R 19, Twingo, Express, Clio",lado caja,https://reygoma.com.ar/wp-content/uploads/2019/04/7572.gif,https://reygoma.com.ar/producto/art-7572/,RENAULT | Renault 9,CAJA
REY GOMA,7570,SOPORTE / GOMA-METAL,RENAULT,Renault 9,,"9 Almohadilla abrazadera (única) R 9, R 11, R 19",única,https://reygoma.com.ar/wp-content/uploads/2019/04/7570.gif,https://reygoma.com.ar/producto/art-7570/,RENAULT | Renault 9,
REY GOMA,7565/1,SOPORTE / GOMA-METAL,RENAULT,Renault 9,,9 Kit con abrazaderas y lubricante,,https://reygoma.com.ar/wp-content/uploads/2019/04/7565-1.gif,https://reygoma.com.ar/producto/art-7565-1/,RENAULT | Renault 9,
REY GOMA,7565,SOPORTE / GOMA-METAL,RENAULT,Renault 9,,"9 Fuelle semi eje homocinética (lado rueda) R 9, R 11, R 12",lado rueda,https://reygoma.com.ar/wp-content/uploads/2019/04/7565.gif,https://reygoma.com.ar/producto/art-7565/,RENAULT | Renault 9,
REY GOMA,7564,SOPORTE / GOMA-METAL,RENAULT,Renault 9,,"9 Fuelle cremallera mecánica (lado derecho) Trafic, R 9, R 11 turbo, R 18",lado derecho,https://reygoma.com.ar/wp-content/uploads/2019/04/7564.gif,https://reygoma.com.ar/producto/art-7564/,RENAULT | Renault 9,DERECHO
REY GOMA,7563,SOPORTE / GOMA-METAL,RENAULT,Renault 9,,"9 Fuelle cremallera mecánica (lado izquierdo) Trafic, R 9, R 11 turbo, R 18",lado izquierdo,https://reygoma.com.ar/wp-content/uploads/2019/04/7563-1.gif,https://reygoma.com.ar/producto/art-7563/,RENAULT | Renault 9,IZQUIERDO
REY GOMA,7561,SOPORTE / GOMA-METAL,RENAULT,Renault 9,,"9 Almohadilla abrazadera modelos R 9, R 11, R 18, R 19",,https://reygoma.com.ar/wp-content/uploads/2019/04/7561.gif,https://reygoma.com.ar/producto/art-7561/,RENAULT | Renault 9,
REY GOMA,7524,SOPORTE / GOMA-METAL,RENAULT,Renault 9,,9 (7700760510) Soporte trasero central de motor R 9 y R 11,7700760510,https://reygoma.com.ar/wp-content/uploads/2019/04/75241x1.gif,https://reygoma.com.ar/producto/art-7524/,RENAULT | Renault 9,CENTRO
REY GOMA,7523,SOPORTE / GOMA-METAL,RENAULT,Renault 9,,9 (7704001319) Soporte delantero derecho de motor modelos R 9 y R 11,7704001319,https://reygoma.com.ar/wp-content/uploads/2019/04/75231x1.gif,https://reygoma.com.ar/producto/art-7523/,RENAULT | Renault 9,DERECHO
REY GOMA,7522,SOPORTE DE CAJA,RENAULT,Renault 9,,9 (7704001320) Soporte delantero izquierdo de caja de velocidades modelos R 9 y R 11,7704001320,https://reygoma.com.ar/wp-content/uploads/2019/04/75221x1.gif,https://reygoma.com.ar/producto/art-7522/,RENAULT | Renault 9,CAJA / IZQUIERDO
REY GOMA,7492,SOPORTE / GOMA-METAL,RENAULT,Renault 9,,"9 (0555497400) Junta tapa de válvulas modelos R 4, R 6, R 9, R 11, R 12, R 18 GTL y Trafic motor 1400",0555497400,https://reygoma.com.ar/wp-content/uploads/2019/04/74921x1-1.gif,https://reygoma.com.ar/producto/art-7492-3/,RENAULT | Renault 9,
REY GOMA,7579,SOPORTE / GOMA-METAL,RENAULT,Renault 6,,6 Capuchón con bolilla localizadora,,https://reygoma.com.ar/wp-content/uploads/2019/04/7579.gif,https://reygoma.com.ar/producto/art-7579-2/,RENAULT | Renault 6,
REY GOMA,7562,SOPORTE / GOMA-METAL,RENAULT,Renault 6,,6 Fuelle cremallera mecánica R 6,,https://reygoma.com.ar/wp-content/uploads/2019/04/7562-1.gif,https://reygoma.com.ar/producto/art-7562/,RENAULT | Renault 6,
REY GOMA,7501,BUJE,RENAULT,Renault 6,,6 (7702021391) Buje palanca de cambios modelos R 4 y R 6,7702021391,https://reygoma.com.ar/wp-content/uploads/2019/04/75011x1.gif,https://reygoma.com.ar/producto/art-7501-2/,RENAULT | Renault 6,
REY GOMA,7500,BUJE,RENAULT,Renault 6,,6 (7700520529) Buje palanca de cambios modelos R 4 y R 6,7700520529,https://reygoma.com.ar/wp-content/uploads/2019/04/75001x1.gif,https://reygoma.com.ar/producto/art-7500-2/,RENAULT | Renault 6,
REY GOMA,7498,BUJE,RENAULT,Renault 6,,6 (1018153) Buje balancín de embrague modelos R 4 y R 6,1018153,https://reygoma.com.ar/wp-content/uploads/2019/04/74981x1.gif,https://reygoma.com.ar/producto/art-7498-2/,RENAULT | Renault 6,
REY GOMA,7494,SOPORTE / GOMA-METAL,RENAULT,Renault 6,,"6 (7702021549) Junta delantera de bancada modelos R 4, R 6 y R 12",7702021549,https://reygoma.com.ar/wp-content/uploads/2019/04/74941x1.gif,https://reygoma.com.ar/producto/art-7494-2/,RENAULT | Renault 6,
REY GOMA,7492,SOPORTE / GOMA-METAL,RENAULT,Renault 6,,"6 (0555497400) Junta tapa de válvulas modelos R 4, R 6, R 9, R 11, R 12, R 18 GTL y Trafic motor 1400",0555497400,https://reygoma.com.ar/wp-content/uploads/2019/04/74921x1.gif,https://reygoma.com.ar/producto/art-7492-2/,RENAULT | Renault 6,
REY GOMA,7491,SOPORTE / GOMA-METAL,RENAULT,Renault 6,,"6 (7702027292) Fuelle de semi eje (lado rueda) junta Bed modelos R 4, R 6 y R 12",7702027292 | lado rueda,https://reygoma.com.ar/wp-content/uploads/2019/04/74911x1.gif,https://reygoma.com.ar/producto/art-7491-2/,RENAULT | Renault 6,
REY GOMA,7490/1,SOPORTE / GOMA-METAL,Renault 6,,,(1018840) Repuesto para artículos 7489 y 7490,1018840,https://reygoma.com.ar/wp-content/uploads/2019/04/7490-11x1-1.gif,https://reygoma.com.ar/producto/art-7490-1-2/,Renault 6,
REY GOMA,7490,SOPORTE / GOMA-METAL,RENAULT,Renault 6,,"6 (1017370) Soporte delantero derecho de motor modelos R 4, 4 S y R 6",1017370,https://reygoma.com.ar/wp-content/uploads/2019/04/74901x1.gif,https://reygoma.com.ar/producto/art-7490-2/,RENAULT | Renault 6,DERECHO
REY GOMA,7489,SOPORTE / GOMA-METAL,RENAULT,Renault 6,,"6 (7700506482) Soporte delantero izquierdo de motor modelos R 4, 4 S y R 6",7700506482,https://reygoma.com.ar/wp-content/uploads/2019/04/74891x1.gif,https://reygoma.com.ar/producto/art-7489-2/,RENAULT | Renault 6,IZQUIERDO
REY GOMA,7488,BUJE,Renault 6,,,(0608268700) Buje barra estabilizadora modelos R 4 y R 6,0608268700,https://reygoma.com.ar/wp-content/uploads/2019/04/74881x1.gif,https://reygoma.com.ar/producto/art-7488-2/,Renault 6,
REY GOMA,7483,SOPORTE DE ESCAPE,RENAULT,Renault 6,,"6 (7702021650) Soporte caño de escape modelos R 4, R 6 y R 12. Ø 26 mm. h 20 mm. rosca M 6 x 1",7702021650,https://reygoma.com.ar/wp-content/uploads/2019/04/74831x1.gif,https://reygoma.com.ar/producto/art-7483-2/,RENAULT | Renault 6,
REY GOMA,7479,BUJE,RENAULT,Renault 6,,6 (2057591) Buje de amortiguador modelo R 6,2057591,https://reygoma.com.ar/wp-content/uploads/2019/04/74791x1.gif,https://reygoma.com.ar/producto/art-7479/,RENAULT | Renault 6,
REY GOMA,7477,SOPORTE / GOMA-METAL,RENAULT,Renault 6,,6 (1016092) Soporte delantero de motor modelos R 4 y R 6,1016092,https://reygoma.com.ar/wp-content/uploads/2019/04/74771x1.gif,https://reygoma.com.ar/producto/art-7477-2/,RENAULT | Renault 6,
REY GOMA,7476,SOPORTE DE CAJA,RENAULT,Renault 6,,6 (1016093) Soporte caja de velocidades modelos R 4 y R 6,1016093,https://reygoma.com.ar/wp-content/uploads/2019/04/74761x1-1.gif,https://reygoma.com.ar/producto/art-7476-2/,RENAULT | Renault 6,CAJA
REY GOMA,7470,SOPORTE / GOMA-METAL,Renault 6,,,(7700509294) Fuelle de dirección modelos R 4 y R 6,7700509294,https://reygoma.com.ar/wp-content/uploads/2019/04/74701x1.gif,https://reygoma.com.ar/producto/art-7470-2/,Renault 6,
REY GOMA,7447,SOPORTE / GOMA-METAL,Renault 6,,,"(7702020278) Fuelle junta homocinética (semi eje) modelos 4 L, R 4, R 6 y R 12",7702020278 | semi eje,https://reygoma.com.ar/wp-content/uploads/2019/04/74471x1.gif,https://reygoma.com.ar/producto/art-7447-2/,Renault 6,
REY GOMA,7407,TOPE AMORTIGUADOR,Renault 6,,,"(8300100) (3129527) Tope de goma Dauphine, Gordini y R 6",8300100 | 3129527,https://reygoma.com.ar/wp-content/uploads/2019/04/74071x1.gif,https://reygoma.com.ar/producto/art-7407/,Renault 6,
REY GOMA,7406,PEDAL,Renault 6,,,"(6060908) Cubre pedal de freno y de embrague Dauphine, Gordini, R 4, R 5, R 6 y Trafic",6060908,https://reygoma.com.ar/wp-content/uploads/2019/04/74061x1-1.gif,https://reygoma.com.ar/producto/art-7406-3/,Renault 6,
REY GOMA,7402,MANCHON,Renault 6,,,"(6052682) Manchón de dirección Dauphine, Gordini, R 4, R 6, R 12 y R18",6052682,https://reygoma.com.ar/wp-content/uploads/2019/04/74021x1.gif,https://reygoma.com.ar/producto/art-7402-2/,Renault 6,
REY GOMA,7578/1,SOPORTE / GOMA-METAL,RENAULT,Renault 5,,5 Kit con abrazaderas y lubricante,,https://reygoma.com.ar/wp-content/uploads/2019/04/7578-1.gif,https://reygoma.com.ar/producto/art-7578-1/,RENAULT | Renault 5,
REY GOMA,7578,SOPORTE / GOMA-METAL,RENAULT,Renault 5,,"5 Fuelle semi eje (lado caja) R 5 Francés – Español, R 19, Express, Twingo, Clio",lado caja,https://reygoma.com.ar/wp-content/uploads/2019/04/7578.gif,https://reygoma.com.ar/producto/art-7578/,RENAULT | Renault 5,CAJA
REY GOMA,7406,PEDAL,RENAULT,Renault 5,,"5 (6060908) Cubre pedal de freno y de embrague Dauphine, Gordini R 4, R 5, R 6 y Trafic",6060908,https://reygoma.com.ar/wp-content/uploads/2019/04/74061x1.gif,https://reygoma.com.ar/producto/art-7406-2/,RENAULT | Renault 5,
REY GOMA,7476,SOPORTE DE CAJA,RENAULT,Renault 4 - 4L - 4S,,4 - 4L - 4S (1016093) Soporte caja de velocidades modelos R 4 y R 6,1016093,https://reygoma.com.ar/wp-content/uploads/2019/04/74761x1.gif,https://reygoma.com.ar/producto/art-7476/,RENAULT | Renault 4 - 4L - 4S,CAJA
REY GOMA,7579,SOPORTE / GOMA-METAL,RENAULT,Renault 4 - 4L - 4S,,4 - 4L - 4S Capuchón con bolilla localizadora,,https://reygoma.com.ar/wp-content/uploads/2018/12/7579.gif,https://reygoma.com.ar/producto/art-7579/,RENAULT | Renault 4 - 4L - 4S,
REY GOMA,7501,BUJE,RENAULT,Renault 4 - 4L - 4S,,4 - 4L - 4S (7702021391) Buje palanca de cambios modelos R 4 y R 6,7702021391,https://reygoma.com.ar/wp-content/uploads/2018/12/75001x1-1.gif,https://reygoma.com.ar/producto/art-7501/,RENAULT | Renault 4 - 4L - 4S,
REY GOMA,7500,BUJE,RENAULT,Renault 4 - 4L - 4S,,4 - 4L - 4S (7700520529) Buje palanca de cambios modelos R 4 y R 6,7700520529,https://reygoma.com.ar/wp-content/uploads/2018/12/75001x1.gif,https://reygoma.com.ar/producto/art-7500/,RENAULT | Renault 4 - 4L - 4S,
REY GOMA,7498,BUJE,RENAULT,Renault 4 - 4L - 4S,,4 - 4L - 4S (1018153) Buje balancín de embrague modelos R 4 y R 6,1018153,https://reygoma.com.ar/wp-content/uploads/2018/12/74981x1.gif,https://reygoma.com.ar/producto/art-7498/,RENAULT | Renault 4 - 4L - 4S,
REY GOMA,7495,SOPORTE / GOMA-METAL,RENAULT,Renault 4 - 4L - 4S,,4 - 4L - 4S (7701013274) Reforma Fuelle de semi eje (lado rueda) modelos R 4 y R 12,7701013274 | lado rueda,https://reygoma.com.ar/wp-content/uploads/2018/12/74951x1.gif,https://reygoma.com.ar/producto/art-7495/,RENAULT | Renault 4 - 4L - 4S,
REY GOMA,7494,SOPORTE / GOMA-METAL,RENAULT,Renault 4 - 4L - 4S,,"4 - 4L - 4S (7702021549) Junta delantera de bancada modelos R 4, R 6 y R 12",7702021549,https://reygoma.com.ar/wp-content/uploads/2018/12/74941x1.gif,https://reygoma.com.ar/producto/art-7494/,RENAULT | Renault 4 - 4L - 4S,
REY GOMA,7492,SOPORTE / GOMA-METAL,RENAULT,Renault 4 - 4L - 4S,,"4 - 4L - 4S (0555497400) Junta tapa de válvulas modelos R 4, R 6, R 9, R 11, R 12, R 18 GTL y Trafic motor 1400",0555497400,https://reygoma.com.ar/wp-content/uploads/2018/12/74921x1.gif,https://reygoma.com.ar/producto/art-7492/,RENAULT | Renault 4 - 4L - 4S,
REY GOMA,7491,SOPORTE / GOMA-METAL,RENAULT,Renault 4 - 4L - 4S,,"4 - 4L - 4S (7702027292) Fuelle de semi eje (lado rueda) junta Bed modelos R 4, R 6 y R 12",7702027292 | lado rueda,https://reygoma.com.ar/wp-content/uploads/2018/12/74911x1.gif,https://reygoma.com.ar/producto/art-7491/,RENAULT | Renault 4 - 4L - 4S,
REY GOMA,7490/1,SOPORTE / GOMA-METAL,RENAULT,Renault 4 - 4L - 4S,,4 - 4L - 4S (1018840) Repuesto para artículos 7489 y 7490,1018840,https://reygoma.com.ar/wp-content/uploads/2018/12/7490-11x1.gif,https://reygoma.com.ar/producto/art-7490-1/,RENAULT | Renault 4 - 4L - 4S,
REY GOMA,7490,SOPORTE / GOMA-METAL,RENAULT,Renault 4 - 4L - 4S,,"4 - 4L - 4S (1017370) Soporte delantero derecho de motor modelos R 4, 4 S y R 6",1017370,https://reygoma.com.ar/wp-content/uploads/2018/12/74901x1.gif,https://reygoma.com.ar/producto/art-7490/,RENAULT | Renault 4 - 4L - 4S,DERECHO
REY GOMA,7489,SOPORTE / GOMA-METAL,RENAULT,Renault 4 - 4L - 4S,,"4 - 4L - 4S (7700506482) Soporte delantero izquierdo de motor modelos R 4, 4 S y R 6",7700506482,https://reygoma.com.ar/wp-content/uploads/2018/12/74891x1.gif,https://reygoma.com.ar/producto/art-7489/,RENAULT | Renault 4 - 4L - 4S,IZQUIERDO
REY GOMA,7488,BUJE,RENAULT,Renault 4 - 4L - 4S,,4 - 4L - 4S (0608268700) Buje barra estabilizadora modelos R 4 y R 6,0608268700,https://reygoma.com.ar/wp-content/uploads/2018/12/74881x1.gif,https://reygoma.com.ar/producto/art-7488/,RENAULT | Renault 4 - 4L - 4S,
REY GOMA,7483,SOPORTE DE ESCAPE,RENAULT,Renault 4 - 4L - 4S,,"4 - 4L - 4S (7702021650) Soporte caño de escape modelos R 4, R 6 y R 12. Ø 26 mm. h 20 mm. rosca M 6 x 1",7702021650,https://reygoma.com.ar/wp-content/uploads/2018/12/74831x1-e1553703695259.gif,https://reygoma.com.ar/producto/art-7483/,RENAULT | Renault 4 - 4L - 4S,
REY GOMA,7477,SOPORTE / GOMA-METAL,RENAULT,Renault 4 - 4L - 4S,,4 - 4L - 4S (1016092) Soporte delantero de motor modelos R 4 y R 6,1016092,https://reygoma.com.ar/wp-content/uploads/2018/12/74771x1.gif,https://reygoma.com.ar/producto/art-7477/,RENAULT | Renault 4 - 4L - 4S,
REY GOMA,7470,SOPORTE / GOMA-METAL,RENAULT,Renault 4 - 4L - 4S,,4 - 4L - 4S (7700509294) Fuelle de dirección modelos R 4 y R 6,7700509294,https://reygoma.com.ar/wp-content/uploads/2018/12/74701x1.gif,https://reygoma.com.ar/producto/art-7470/,RENAULT | Renault 4 - 4L - 4S,
REY GOMA,7466,BUJE,RENAULT,Renault 4 - 4L - 4S,,4 - 4L - 4S (939154) Buje barra estabilizadora modelo 4 L,939154,https://reygoma.com.ar/wp-content/uploads/2018/12/74661x1.gif,https://reygoma.com.ar/producto/art-7466/,RENAULT | Renault 4 - 4L - 4S,
REY GOMA,7460,SOPORTE / GOMA-METAL,RENAULT,Renault 4 - 4L - 4S,,4 - 4L - 4S (6070672) Fuelle de dirección modelo 4 L,6070672,https://reygoma.com.ar/wp-content/uploads/2018/12/74601x1.gif,https://reygoma.com.ar/producto/art-7460/,RENAULT | Renault 4 - 4L - 4S,
REY GOMA,7447,SOPORTE / GOMA-METAL,RENAULT,Renault 4 - 4L - 4S,,"4 - 4L - 4S (7702020278) Fuelle junta homocinética (semi eje) modelos 4 L, R 4, R 6 y R 12",7702020278 | semi eje,https://reygoma.com.ar/wp-content/uploads/2018/12/74471x1.gif,https://reygoma.com.ar/producto/art-7447/,RENAULT | Renault 4 - 4L - 4S,
REY GOMA,7440,SOPORTE DE ESCAPE,RENAULT,Renault 4 - 4L - 4S,,4 - 4L - 4S (8524312) Soporte caño de escape modelo 4 L. Ø 21 mm. h 19 mm. rosca M 6 x 1,8524312,https://reygoma.com.ar/wp-content/uploads/2018/12/74401x1-e1554128189725.gif,https://reygoma.com.ar/producto/art-7440/,RENAULT | Renault 4 - 4L - 4S,
REY GOMA,7430,SOPORTE / GOMA-METAL,RENAULT,Renault 4 - 4L - 4S,,4 - 4L - 4S (8300364) Soporte de elástico modelo 4 L,8300364,https://reygoma.com.ar/wp-content/uploads/2018/12/74301x1.gif,https://reygoma.com.ar/producto/art-7430/,RENAULT | Renault 4 - 4L - 4S,
REY GOMA,7406,PEDAL,RENAULT,Renault 4 - 4L - 4S,,"4 - 4L - 4S (6060908) Cubre pedal de freno y de embrague Dauphine, Gordini, R 4, R 5 y R 6",6060908,https://reygoma.com.ar/wp-content/uploads/2018/12/74061x1.gif,https://reygoma.com.ar/producto/art-7406/,RENAULT | Renault 4 - 4L - 4S,
REY GOMA,7402,MANCHON,RENAULT,Renault 4 - 4L - 4S,,"4 - 4L - 4S (6052682) Manchón de dirección Dauphine, Gordini, R 4, R 6, R 12 y R 18",6052682,https://reygoma.com.ar/wp-content/uploads/2018/12/74021x1.gif,https://reygoma.com.ar/producto/art-7402/,RENAULT | Renault 4 - 4L - 4S,
REY GOMA,3002,BUJE,ROVER,,,(KKU101870) (KKH 100890) Buje chico reparación soporte delantero de motor 600 naftero,KKU101870 | KKH 100890,https://reygoma.com.ar/wp-content/uploads/2018/11/3002-e1553705045244.gif,https://reygoma.com.ar/producto/art-3002/,ROVER,
REY GOMA,3001,BUJE,ROVER,,,(KKU101870) (KKH 100890) Buje grande reparación soporte delantero de motor 600 naftero,KKU101870 | KKH 100890,https://reygoma.com.ar/wp-content/uploads/2018/11/3001-e1553705114254.gif,https://reygoma.com.ar/producto/art-3001/,ROVER,
REY GOMA,3000,BUJE,ROVER,,,"(RGX100980) Buje de pantógrafo trasero línea 200 modelo viejo, 400 todos.",RGX100980,https://reygoma.com.ar/wp-content/uploads/2018/11/3000.gif,https://reygoma.com.ar/producto/art-3000/,ROVER,
REY GOMA,8064,SOPORTE / GOMA-METAL,SCANIA,,,(138849) Soporte trasero de motor (agujeros de 1/2′),138849 | agujeros de 1/2′,https://reygoma.com.ar/wp-content/uploads/2018/11/80641x1-e1553705289583.gif,https://reygoma.com.ar/producto/art-8064/,SCANIA,
REY GOMA,8059,SOPORTE / GOMA-METAL,SCANIA,,,"(3327380) Soporte lateral de motor modelos K 112, R 112 y T 112. h 55 mm.",3327380,https://reygoma.com.ar/wp-content/uploads/2018/11/80591x1.gif,https://reygoma.com.ar/producto/art-8059/,SCANIA,
REY GOMA,8058,SOPORTE / GOMA-METAL,SCANIA,,,"(308604) Soporte de radiador modelo 112. Ø 51 mm. h 30 mm. rosca M 10 x 1,5",308604,https://reygoma.com.ar/wp-content/uploads/2018/11/80581x1.gif,https://reygoma.com.ar/producto/art-8058/,SCANIA,
REY GOMA,8057,SOPORTE DE CAJA,SCANIA,,,(291271) Soporte caja de velocidades modelos R 112 y T 112,291271,https://reygoma.com.ar/wp-content/uploads/2018/11/80571x1.gif,https://reygoma.com.ar/producto/art-8057/,SCANIA,CAJA
REY GOMA,8056,SOPORTE DE CAJA,SCANIA,,,(211694) Soporte caja de velocidades modelo L 111,211694,https://reygoma.com.ar/wp-content/uploads/2018/11/80561x1.gif,https://reygoma.com.ar/producto/art-8056/,SCANIA,CAJA
REY GOMA,8055,SOPORTE / GOMA-METAL,SCANIA,,,(40607) Soporte delantero de motor,40607,https://reygoma.com.ar/wp-content/uploads/2018/11/80551x1.gif,https://reygoma.com.ar/producto/art-8055/,SCANIA,
REY GOMA,8054/1,SOPORTE / GOMA-METAL,SCANIA,,,"Soporte trasero de motor. Ø 80 mm. h 50 mm. rosca M 12 x 1,75",,https://reygoma.com.ar/wp-content/uploads/2018/11/8054-11x1.gif,https://reygoma.com.ar/producto/art-8054-1/,SCANIA,
REY GOMA,8054,SOPORTE / GOMA-METAL,SCANIA,,,"Soporte delantero de motor. Ø 60 mm. h 43 mm. rosca M 12 x 1,5",,https://reygoma.com.ar/wp-content/uploads/2018/11/80541x1.gif,https://reygoma.com.ar/producto/art-8054/,SCANIA,
REY GOMA,8053,SOPORTE / GOMA-METAL,SCANIA,,,"(58510) (146526) Soporte delantero de motor modelos L 51, L 71, L 111, B 71 y BR 116. h 58 mm.",58510 | 146526,https://reygoma.com.ar/wp-content/uploads/2018/11/80531x1.gif,https://reygoma.com.ar/producto/art-8053/,SCANIA,
REY GOMA,8052,SOPORTE / GOMA-METAL,SCANIA,,,"(57537) Soporte trasero de motor modelos L 51, L 71, B 71 y BR 116. h 54 mm.",57537,https://reygoma.com.ar/wp-content/uploads/2018/11/80521x1.gif,https://reygoma.com.ar/producto/art-8052/,SCANIA,
REY GOMA,8050,SOPORTE DE CAJA,SCANIA,,,(122307) Soporte caja velocidades modelos L 51 y L 71,122307,https://reygoma.com.ar/wp-content/uploads/2018/11/80501x1-1.gif,https://reygoma.com.ar/producto/art-8050/,SCANIA,CAJA
REY GOMA,1409,SOPORTE DE MOTOR,SEAT,Toledo,,(SE191199279C) Soporte de motor 2.0 GL – GLX (hidráulico),SE191199279C | hidráulico,https://reygoma.com.ar/wp-content/uploads/2018/12/imp_2651.gif,https://reygoma.com.ar/producto/art-1409/,SEAT | Toledo,
REY GOMA,1408,SOPORTE DE MOTOR,SEAT,Toledo,,(SE3571992793) Soporte de motor 1.8 – 16 válvulas,SE3571992793,https://reygoma.com.ar/wp-content/uploads/2018/12/imp_2650.gif,https://reygoma.com.ar/producto/art-1408/,SEAT | Toledo,
REY GOMA,1402,SOPORTE / GOMA-METAL,SEAT,Toledo,,(6K0121267) Soporte superior de radiador nafta/diesel.,6K0121267,https://reygoma.com.ar/wp-content/uploads/2018/12/14024465-e1553705526349.gif,https://reygoma.com.ar/producto/art-1402/,SEAT | Toledo,
REY GOMA,1406,SOPORTE DE MOTOR,Ibiza,SEAT,,"(357199402B) Soporte de motor (lado caja) (no hidráulico) modelos y Córdoba, naftero o diesel, años 1995/2000.",357199402B | lado caja | no hidráulico,https://reygoma.com.ar/wp-content/uploads/2018/12/44481x1-1.gif,https://reygoma.com.ar/producto/art-1406-2/,Ibiza | SEAT,CAJA
REY GOMA,1405,SOPORTE DE MOTOR,Ibiza,SEAT,,"(1HO199262B) Soporte de motor (lado distribución) modelos y Córdoba, naftero o diesel, años 1995/2000.",1HO199262B | lado distribución,https://reygoma.com.ar/wp-content/uploads/2018/12/44471x1-1.gif,https://reygoma.com.ar/producto/art-1405-2/,Ibiza | SEAT,
REY GOMA,1404,SOPORTE / GOMA-METAL,Ibiza,SEAT,,"(1HO199609B) Soporte delantero central de motor modelos y Córdoba, naftero o diesel, años 1995/2000.",1HO199609B,https://reygoma.com.ar/wp-content/uploads/2018/12/44461x1-1.gif,https://reygoma.com.ar/producto/art-1404-2/,Ibiza | SEAT,CENTRO
REY GOMA,1407,TOPE AMORTIGUADOR,Cordoba,SEAT,,Tope rebote de amortiguador trasero Córdoba,,https://reygoma.com.ar/wp-content/uploads/2018/12/Art-1407-–-Rey-Goma-e1596823318947.png,https://reygoma.com.ar/producto/art-1407/,Cordoba | SEAT,
REY GOMA,1406,SOPORTE DE MOTOR,Cordoba,SEAT,,"(357199402B) Soporte de motor (lado caja) (no hidráulico) modelos Ibiza y Córdoba, naftero o diesel, años 1995/2000.",357199402B | lado caja | no hidráulico,https://reygoma.com.ar/wp-content/uploads/2018/12/44481x1.gif,https://reygoma.com.ar/producto/art-1406/,Cordoba | SEAT,CAJA
REY GOMA,1405,SOPORTE DE MOTOR,Cordoba,SEAT,,"(1HO199262B) Soporte de motor (lado distribución) modelos Ibiza y Córdoba, naftero o diesel, años 1995/2000.",1HO199262B | lado distribución,https://reygoma.com.ar/wp-content/uploads/2018/12/44471x1.gif,https://reygoma.com.ar/producto/art-1405/,Cordoba | SEAT,
REY GOMA,1404,SOPORTE / GOMA-METAL,Cordoba,SEAT,,"(1HO199609B) Soporte delantero central de motor modelos Ibiza y Córdoba, naftero o diesel, años 1995/2000.",1HO199609B,https://reygoma.com.ar/wp-content/uploads/2018/12/44461x1.gif,https://reygoma.com.ar/producto/art-1404/,Cordoba | SEAT,CENTRO
REY GOMA,1403,SOPORTE / GOMA-METAL,Cordoba,SEAT,,Fuelle de dirección hidráulica modelo Córdoba.,,https://reygoma.com.ar/wp-content/uploads/2018/12/1403.gif,https://reygoma.com.ar/producto/art-1403/,Cordoba | SEAT,
REY GOMA,1401/1,SOPORTE / GOMA-METAL,Cordoba,SEAT,,Kit con abrazaderas y lubricantes,,https://reygoma.com.ar/wp-content/uploads/2018/12/1401-1.gif,https://reygoma.com.ar/producto/art-1401-1/,Cordoba | SEAT,
REY GOMA,1401,SOPORTE / GOMA-METAL,Cordoba,SEAT,,Fuelle s/eje + chapa p/largo (lado caja),lado caja,https://reygoma.com.ar/wp-content/uploads/2018/12/1401.gif,https://reygoma.com.ar/producto/art-1401/,Cordoba | SEAT,CAJA
REY GOMA,1400/1,SOPORTE / GOMA-METAL,Cordoba,SEAT,,Kit con abrazaderas y lubricante.,,https://reygoma.com.ar/wp-content/uploads/2018/12/1400-1.gif,https://reygoma.com.ar/producto/art-1400-1/,Cordoba | SEAT,
REY GOMA,1400,SOPORTE / GOMA-METAL,Cordoba,SEAT,,Fuelle s/eje + chapa p/corto (lado caja),lado caja,https://reygoma.com.ar/wp-content/uploads/2018/12/1400.gif,https://reygoma.com.ar/producto/art-1400/,Cordoba | SEAT,CAJA
REY GOMA,4003,SOPORTE DE MOTOR,SUZUKI,,,(684294) Soporte de motor (lado derecho) Fun 1.0 sin aire año 2001 al 2005,684294 | lado derecho,https://reygoma.com.ar/wp-content/uploads/2018/11/4003.gif,https://reygoma.com.ar/producto/art-4003/,SUZUKI,DERECHO
REY GOMA,4002,SOPORTE / GOMA-METAL,SUZUKI,,,(93230328) Soporte trasero de motor Fun 1.0L y 1.4L.,93230328,https://reygoma.com.ar/wp-content/uploads/2018/11/12171x1.gif,https://reygoma.com.ar/producto/art-4002/,SUZUKI,
REY GOMA,4001,SOPORTE DE MOTOR,SUZUKI,,,(90495170) Soporte de motor (lado izquierdo) Fun 1.0L y 1.4L.,90495170 | lado izquierdo,https://reygoma.com.ar/wp-content/uploads/2018/11/1218.gif,https://reygoma.com.ar/producto/art-4001/,SUZUKI,IZQUIERDO
REY GOMA,4000,SOPORTE DE MOTOR,SUZUKI,,,(90445300) Soporte de motor (lado derecho) Fun 1.0L y 1.4L.,90445300 | lado derecho,https://reygoma.com.ar/wp-content/uploads/2018/11/1219.jpg,https://reygoma.com.ar/producto/art-4000/,SUZUKI,DERECHO
REY GOMA,7722,SOPORTE DE MOTOR,Rav-4,TOYOTA,,(12372-28220-07) Soporte de motor (lado izquierdo) (caja automática) año 2006 al 2012,12372-28220-07 | lado izquierdo | caja automática,https://reygoma.com.ar/wp-content/uploads/2026/05/7722-REDUCIDO-e1778765744457.jpg,https://reygoma.com.ar/producto/art-7722/,Rav-4 | TOYOTA,IZQUIERDO
REY GOMA,7724,SOPORTE / GOMA-METAL,Rav-4,TOYOTA,,(12361-28240) Soporte delantero de motor 2006 al 2012,12361-28240,https://reygoma.com.ar/wp-content/uploads/2026/02/7724reducida2.jpg,https://reygoma.com.ar/producto/art-7724/,Rav-4 | TOYOTA,
REY GOMA,7723,SOPORTE DE MOTOR,Rav-4,TOYOTA,,(12305-28230) Soporte de motor (lado derecho) 2006 al 2013,12305-28230 | lado derecho,https://reygoma.com.ar/wp-content/uploads/2026/02/7723-reducida2.jpg,https://reygoma.com.ar/producto/art-7723/,Rav-4 | TOYOTA,DERECHO
REY GOMA,7721/1,SOPORTE / GOMA-METAL,Corolla,TOYOTA,,Kit con abrazaderas y lubricante,,https://reygoma.com.ar/wp-content/uploads/2019/03/4457.gif,https://reygoma.com.ar/producto/art-7721-1/,Corolla | TOYOTA,
REY GOMA,7721,SOPORTE / GOMA-METAL,Corolla,TOYOTA,,"Fuelle semi eje (lado caja) caja de 6ta, años 2014 al 2020",lado caja,https://reygoma.com.ar/wp-content/uploads/2019/03/4457.gif,https://reygoma.com.ar/producto/art-7721/,Corolla | TOYOTA,CAJA
REY GOMA,,SOPORTE / GOMA-METAL,Corolla,TOYOTA,,7719 (12361-22080) Soporte delantero de motor 2003 al 2008 (caja manual),12361-22080 | caja manual,https://reygoma.com.ar/wp-content/uploads/2023/08/7719.jpg,https://reygoma.com.ar/producto/7719/,Corolla | TOYOTA,
REY GOMA,7718,SOPORTE DE MOTOR,Etios,TOYOTA,,(12305-0Y040) Soporte de motor (lado derecho) (hidráulico) y Cross,12305-0Y040 | lado derecho | hidráulico,https://reygoma.com.ar/wp-content/uploads/2023/03/7718-5.jpg,https://reygoma.com.ar/producto/art-7718/,Etios | TOYOTA,DERECHO
REY GOMA,7720,SOPORTE / GOMA-METAL,Corolla,TOYOTA,,(12371-22260) Soporte trasero de motor 2011 al 2014,12371-22260,https://reygoma.com.ar/wp-content/uploads/2022/10/7720-mas-chico.jpg,https://reygoma.com.ar/producto/art-7720/,Corolla | TOYOTA,
REY GOMA,7717,SOPORTE / GOMA-METAL,Etios,TOYOTA,,(12363-0Y021) Soporte trasero de motor y Cross 1.5 naftero año 2013 en adelante,12363-0Y021,https://reygoma.com.ar/wp-content/uploads/2019/05/7717.png,https://reygoma.com.ar/producto/art-7717/,Etios | TOYOTA,
REY GOMA,7716,SOPORTE / GOMA-METAL,Hilux,TOYOTA,,(12361-0L040) Soporte delantero de motor 2.5 y 3.0 año 2005 al 2015,12361-0L040,https://reygoma.com.ar/wp-content/uploads/2019/05/7716-e1557698885806.png,https://reygoma.com.ar/producto/art-7716/,Hilux | TOYOTA,
REY GOMA,7714,SOPORTE / GOMA-METAL,Corolla,TOYOTA,,(12371-27020) Soporte trasero de motor 2.0 diesel hasta año 2007,12371-27020,https://reygoma.com.ar/wp-content/uploads/2019/05/7714.png,https://reygoma.com.ar/producto/art-7714/,Corolla | TOYOTA,
REY GOMA,7711,SOPORTE / GOMA-METAL,Corolla,TOYOTA,,(12371-21110) Soporte trasero de motor 1.6/1.8 naftero año 2002 al 2009,12371-21110,https://reygoma.com.ar/wp-content/uploads/2019/05/7711.png,https://reygoma.com.ar/producto/art-7711/,Corolla | TOYOTA,
REY GOMA,7712/1,SOPORTE / GOMA-METAL,Hilux,TOYOTA,,Kit con abrazaderas y lubricante,,https://reygoma.com.ar/wp-content/uploads/2018/12/7712-1.gif,https://reygoma.com.ar/producto/art-7712-1/,Hilux | TOYOTA,
REY GOMA,7712,SOPORTE / GOMA-METAL,Hilux,TOYOTA,,Fuelle semi eje (lado caja) con forma,lado caja,https://reygoma.com.ar/wp-content/uploads/2018/12/7712.gif,https://reygoma.com.ar/producto/art-7712/,Hilux | TOYOTA,CAJA
REY GOMA,7710,FUELLE DIRECCION,Hilux,TOYOTA,,Fuelle dirección hidráulica (ambos lados),ambos lados,https://reygoma.com.ar/wp-content/uploads/2018/12/7710.gif,https://reygoma.com.ar/producto/art-7710/,Hilux | TOYOTA,AMBOS LADOS
REY GOMA,7709,CAZOLETA,Hilux,TOYOTA,,(48609-0K040) Cazoleta amortiguador delantera (completa) años 2005 al 2009.,48609-0K040 | completa,https://reygoma.com.ar/wp-content/uploads/2018/12/7709.gif,https://reygoma.com.ar/producto/art-7709/,Hilux | TOYOTA,
REY GOMA,7708,SOPORTE DE CAJA,Hilux,TOYOTA,,(12371-0L070) Soporte caja de velocidades 4×2 año 2005 en adelante.,12371-0L070,https://reygoma.com.ar/wp-content/uploads/2018/12/7708.gif,https://reygoma.com.ar/producto/art-7708/,Hilux | TOYOTA,CAJA
REY GOMA,7707,SOPORTE DE CAJA,Hilux,TOYOTA,,(12371-0L090) Soporte caja de velocidades 4×4 año 2005 en adelante.,12371-0L090,https://reygoma.com.ar/wp-content/uploads/2018/12/7707.gif,https://reygoma.com.ar/producto/art-7707/,Hilux | TOYOTA,CAJA
REY GOMA,7705,SOPORTE DE MOTOR,Hilux,TOYOTA,,(12361-54121) Soporte de motor con motor 5L,12361-54121,https://reygoma.com.ar/wp-content/uploads/2018/12/7705.gif,https://reygoma.com.ar/producto/art-7705/,Hilux | TOYOTA,
REY GOMA,7704,SOPORTE DE ESCAPE,Hilux,TOYOTA,,(17562-54191) Soporte caño de escape 4×4,17562-54191,https://reygoma.com.ar/wp-content/uploads/2018/12/7704.gif,https://reygoma.com.ar/producto/art-7704/,Hilux | TOYOTA,
REY GOMA,7703,SOPORTE DE ESCAPE,Hilux,TOYOTA,,(17572-54081) Soporte caño de escape 4×2,17572-54081,https://reygoma.com.ar/wp-content/uploads/2018/12/7703-e1553705612946.gif,https://reygoma.com.ar/producto/art-7703/,Hilux | TOYOTA,
REY GOMA,7702,SOPORTE DE CAJA,Hilux,TOYOTA,,(12371-54060) Soporte caja de velocidades doble tracción,12371-54060,https://reygoma.com.ar/wp-content/uploads/2018/12/7702.gif,https://reygoma.com.ar/producto/art-7702/,Hilux | TOYOTA,CAJA
REY GOMA,7701,SOPORTE DE CAJA,Hilux,TOYOTA,,(12371-34030) Soporte caja de velocidades simple tracción,12371-34030,https://reygoma.com.ar/wp-content/uploads/2018/12/7701.gif,https://reygoma.com.ar/producto/art-7701/,Hilux | TOYOTA,CAJA
REY GOMA,7700,SOPORTE DE MOTOR,Hilux,TOYOTA,,(12361-54111) Soporte de motor 2.4 y 2.8 diesel,12361-54111,https://reygoma.com.ar/wp-content/uploads/2018/12/7700.gif,https://reygoma.com.ar/producto/art-7700/,Hilux | TOYOTA,
REY GOMA,7715/1,SOPORTE / GOMA-METAL,Corolla,TOYOTA,,Kit con abrazaderas y lubricante,,https://reygoma.com.ar/wp-content/uploads/2018/12/7715-1.gif,https://reygoma.com.ar/producto/art-7715-1/,Corolla | TOYOTA,
REY GOMA,7715,SOPORTE / GOMA-METAL,Corolla,TOYOTA,,Fuelle semi eje (lado caja) c/trébol,lado caja,https://reygoma.com.ar/wp-content/uploads/2018/12/7715.gif,https://reygoma.com.ar/producto/art-7715/,Corolla | TOYOTA,CAJA
REY GOMA,7713/1,SOPORTE / GOMA-METAL,Corolla,TOYOTA,,Kit con abrazaderas y lubricante,,https://reygoma.com.ar/wp-content/uploads/2018/12/7713-1.gif,https://reygoma.com.ar/producto/art-7713-1/,Corolla | TOYOTA,
REY GOMA,7713,SOPORTE / GOMA-METAL,Corolla,TOYOTA,,Fuelle semi eje (lado rueda) palier grueso (homocinética),lado rueda | homocinética,https://reygoma.com.ar/wp-content/uploads/2018/12/7713.gif,https://reygoma.com.ar/producto/art-7713/,Corolla | TOYOTA,
REY GOMA,7706/1,SOPORTE / GOMA-METAL,Corolla,TOYOTA,,Kit con abrazaderas y lubricante.,,https://reygoma.com.ar/wp-content/uploads/2018/12/7706-1.gif,https://reygoma.com.ar/producto/art-7706-1/,Corolla | TOYOTA,
REY GOMA,7706,SOPORTE / GOMA-METAL,Corolla,TOYOTA,,Fuelle semi eje (lado caja) .,lado caja,https://reygoma.com.ar/wp-content/uploads/2018/12/7706.gif,https://reygoma.com.ar/producto/art-7706/,Corolla | TOYOTA,CAJA
REY GOMA,4530,SOPORTE DE MOTOR,Polo,"T-Cross, Virtus, VOLKSWAGEN",,(2QB199555D) Soporte de motor (lado izquierdo),2QB199555D | lado izquierdo,https://reygoma.com.ar/wp-content/uploads/2026/04/4530-reducida-e1776353360896.jpg,https://reygoma.com.ar/producto/art-4530/,Polo | T-Cross | Virtus | VOLKSWAGEN,IZQUIERDO
REY GOMA,4529,SOPORTE DE MOTOR,Polo,"T-Cross, Virtus, VOLKSWAGEN",,(2Q0199555AB) Soporte de motor (lado izquierdo) (caja automatica),2Q0199555AB | lado izquierdo | caja automatica,https://reygoma.com.ar/wp-content/uploads/2026/04/4529-reducida-e1776353186315.jpg,https://reygoma.com.ar/producto/art-4529/,Polo | T-Cross | Virtus | VOLKSWAGEN,IZQUIERDO
REY GOMA,4528,SOPORTE DE MOTOR,Polo,"T-Cross, Virtus, VOLKSWAGEN",,(2QB199262A) Soporte de motor (lado derecho),2QB199262A | lado derecho,https://reygoma.com.ar/wp-content/uploads/2026/04/4528-reducida-e1776352984365.jpg,https://reygoma.com.ar/producto/art-4528/,Polo | T-Cross | Virtus | VOLKSWAGEN,DERECHO
REY GOMA,4527,SOPORTE / GOMA-METAL,Polo,"Virtus, VOLKSWAGEN",,(2Q0199851AF) Soporte trasero de motor y 1.6 MSI (caja automática),2Q0199851AF | caja automática,https://reygoma.com.ar/wp-content/uploads/2024/10/4527-reducido.jpg,https://reygoma.com.ar/producto/art-4527/,Polo | Virtus | VOLKSWAGEN,
REY GOMA,4525,SOPORTE / GOMA-METAL,Polo,"Virtus, VOLKSWAGEN",,(2Q0199851AD) Soporte trasero de motor y 1.6 MSI (caja manual),2Q0199851AD | caja manual,https://reygoma.com.ar/wp-content/uploads/2024/10/4525-reducido-2.jpg,https://reygoma.com.ar/producto/art-4525/,Polo | Virtus | VOLKSWAGEN,
REY GOMA,,SOPORTE / GOMA-METAL,Up,VOLKSWAGEN,,4526/1 Kit con abrazaderas y lubricante,,https://reygoma.com.ar/wp-content/uploads/2019/05/3551-3.gif,https://reygoma.com.ar/producto/4526-1/,Up | VOLKSWAGEN,
REY GOMA,,SOPORTE / GOMA-METAL,Up,VOLKSWAGEN,,4526 Fuelle semi eje (lado caja),lado caja,https://reygoma.com.ar/wp-content/uploads/2019/05/3551-3.gif,https://reygoma.com.ar/producto/4526/,Up | VOLKSWAGEN,CAJA
REY GOMA,4524,FUELLE DIRECCION,Suran,"VOLKSWAGEN, Voyage",,Fuelle dirección hidráulica y,,https://reygoma.com.ar/wp-content/uploads/2022/04/4524.jpg,https://reygoma.com.ar/producto/art-4524/,Suran | VOLKSWAGEN | Voyage,
REY GOMA,4523,SOPORTE DE CAJA,Amarok,VOLKSWAGEN,,(2H0-399-151) (2H0-399-151-C) (2H0-399-151-J) Kit reparación para soporte de caja de velocidades (caja manual ó automática),2H0-399-151 | 2H0-399-151-C | 2H0-399-151-J | caja manual ó automática,https://reygoma.com.ar/wp-content/uploads/2019/05/4523.png,https://reygoma.com.ar/producto/art-4523/,Amarok | VOLKSWAGEN,CAJA
REY GOMA,4522,SOPORTE DE CAJA,Amarok,VOLKSWAGEN,,(2H0-399-151-C) (2H0-399-151-J) (2H6-399-151) Soporte de caja de velocidades (caja automática),2H0-399-151-C | 2H0-399-151-J | 2H6-399-151 | caja automática,https://reygoma.com.ar/wp-content/uploads/2019/05/4522.png,https://reygoma.com.ar/producto/art-4522/,Amarok | VOLKSWAGEN,CAJA
REY GOMA,4499,BUJE,Golf,VOLKSWAGEN,,"(1J0/501541/C) Buje brazo trasero Bora, Fox y New Beetle.",1J0/501541/C,https://reygoma.com.ar/wp-content/uploads/2019/04/4499.gif,https://reygoma.com.ar/producto/art-4499-3/,Golf | VOLKSWAGEN,
REY GOMA,4457/1,SOPORTE / GOMA-METAL,Senda,VOLKSWAGEN,,Kit con abrazaderas y lubricante,,https://reygoma.com.ar/wp-content/uploads/2019/03/4457.gif,https://reygoma.com.ar/producto/art-4457-1-5/,Senda | VOLKSWAGEN,
REY GOMA,4461,SOPORTE / GOMA-METAL,Passat,VOLKSWAGEN,,Fuelle s/eje + chapa p/largo (lado caja) Polo – – Golf.,lado caja,https://reygoma.com.ar/wp-content/uploads/2019/03/4461.gif,https://reygoma.com.ar/producto/art-4461-3/,Passat | VOLKSWAGEN,CAJA
REY GOMA,4507,SOPORTE / GOMA-METAL,Golf,VOLKSWAGEN,,Fuelle semi eje (lado caja) y Passat.,lado caja,https://reygoma.com.ar/wp-content/uploads/2019/03/4507.gif,https://reygoma.com.ar/producto/art-4507-2/,Golf | VOLKSWAGEN,CAJA
REY GOMA,4454/1,SOPORTE / GOMA-METAL,Carat,VOLKSWAGEN,,Kit con abrazaderas y lubricante,,https://reygoma.com.ar/wp-content/uploads/2019/03/4454.gif,https://reygoma.com.ar/producto/art-4454-1-6/,Carat | VOLKSWAGEN,
REY GOMA,4503,SOPORTE / GOMA-METAL,Camion,VOLKSWAGEN,,(2VC-199-381) (2VT-199-381) Soporte trasero de motor Camión VW 17-300 / 26-260 / 26-300.,2VC-199-381 | 2VT-199-381,https://reygoma.com.ar/wp-content/uploads/2019/03/4503.gif,https://reygoma.com.ar/producto/art-4503/,Camion | VOLKSWAGEN,
REY GOMA,7085,SOPORTE DE MOTOR,VOLKSWAGEN,,,(183994) Soporte de motor (hidráulico) 307 EW10EJ4 naftero,183994 | hidráulico,https://reygoma.com.ar/wp-content/uploads/2018/12/7085.gif,https://reygoma.com.ar/producto/art-7085/,VOLKSWAGEN,
REY GOMA,4513,SOPORTE / GOMA-METAL,VOLKSWAGEN,Voyage,,Repuesto para 4501,,https://reygoma.com.ar/wp-content/uploads/2018/12/4513-2.gif,https://reygoma.com.ar/producto/art-4513-4/,VOLKSWAGEN | Voyage,
REY GOMA,4502,SOPORTE DE MOTOR,VOLKSWAGEN,Voyage,,"(5U0199167B) Soporte de motor (lado derecho) Fox / Gol Trend / Suran / 1.0 y 1.6 nafta, año 2008 en adelante.",5U0199167B | lado derecho,https://reygoma.com.ar/wp-content/uploads/2018/12/4502-2.gif,https://reygoma.com.ar/producto/art-4502-4/,VOLKSWAGEN | Voyage,DERECHO
REY GOMA,4501,SOPORTE DE MOTOR,VOLKSWAGEN,Voyage,,"(6Q0/199555/AD) Soporte de motor (lado izquierdo) Fox y Suran, nafta/diesel Gol Trend y nafta.",6Q0/199555/AD | lado izquierdo,https://reygoma.com.ar/wp-content/uploads/2018/12/4501-2.gif,https://reygoma.com.ar/producto/art-4501-4/,VOLKSWAGEN | Voyage,IZQUIERDO
REY GOMA,4521/1,SOPORTE / GOMA-METAL,Vento,VOLKSWAGEN,,Kit con abrazaderas y lubricante,,https://reygoma.com.ar/wp-content/uploads/2018/12/4521-2.gif,https://reygoma.com.ar/producto/art-4521-1/,Vento | VOLKSWAGEN,
REY GOMA,4521,SOPORTE / GOMA-METAL,Vento,VOLKSWAGEN,,Fuelle semi eje (lado caja) c/trébol,lado caja,https://reygoma.com.ar/wp-content/uploads/2018/12/4521.gif,https://reygoma.com.ar/producto/art-4521/,Vento | VOLKSWAGEN,CAJA
REY GOMA,4517/1,SOPORTE / GOMA-METAL,Vento,VOLKSWAGEN,,Kit con abrazaderas y lubricante,,https://reygoma.com.ar/wp-content/uploads/2018/12/4517-3.gif,https://reygoma.com.ar/producto/art-4517-1-2/,Vento | VOLKSWAGEN,
REY GOMA,4517,SOPORTE / GOMA-METAL,Vento,VOLKSWAGEN,,Fuelle semi eje (lado caja) Passat y con forma,lado caja,https://reygoma.com.ar/wp-content/uploads/2018/12/4517-2.gif,https://reygoma.com.ar/producto/art-4517-2/,Vento | VOLKSWAGEN,CAJA
REY GOMA,4511,BUJE,Vento,VOLKSWAGEN,,(1K0-407183/B) Buje parrilla delantera 2006 en adelante y Crossfox,1K0-407183/B,https://reygoma.com.ar/wp-content/uploads/2018/12/4511-1.gif,https://reygoma.com.ar/producto/art-4511-2/,Vento | VOLKSWAGEN,
REY GOMA,4500,SOPORTE DE MOTOR,Vento,VOLKSWAGEN,,(1K0/199555/AP) Soporte de motor (lado caja) 2.5 naftero.,1K0/199555/AP | lado caja,https://reygoma.com.ar/wp-content/uploads/2018/12/4500.gif,https://reygoma.com.ar/producto/art-4500/,Vento | VOLKSWAGEN,CAJA
REY GOMA,4496/1,SOPORTE / GOMA-METAL,Vento,VOLKSWAGEN,,Kit con abrazaderas y lubricante,,https://reygoma.com.ar/wp-content/uploads/2018/12/4496-8.gif,https://reygoma.com.ar/producto/art-4496-1-5/,Vento | VOLKSWAGEN,
REY GOMA,4496,SOPORTE / GOMA-METAL,Vento,VOLKSWAGEN,,"Fuelle semi eje (lado caja) Bora, Golf, Passat, Sharan y .",lado caja,https://reygoma.com.ar/wp-content/uploads/2018/12/4496-7.gif,https://reygoma.com.ar/producto/art-4496-5/,Vento | VOLKSWAGEN,CAJA
REY GOMA,4481,BUJE,Vento,VOLKSWAGEN,,(1K0/199868/B) Buje apoyo trasero superior naftero ó diesel.,1K0/199868/B,https://reygoma.com.ar/wp-content/uploads/2018/12/4481.gif,https://reygoma.com.ar/producto/art-4481/,Vento | VOLKSWAGEN,
REY GOMA,4480,BUJE,Vento,VOLKSWAGEN,,(1K0/199867/B) Buje trasero inferior naftero ó diesel.,1K0/199867/B,https://reygoma.com.ar/wp-content/uploads/2018/12/4480.gif,https://reygoma.com.ar/producto/art-4480/,Vento | VOLKSWAGEN,
REY GOMA,4479,SOPORTE / GOMA-METAL,Vento,VOLKSWAGEN,,"(1K0199855AE) (1K0199855AJ) Soporte apoyo trasero de motor año 2006 en adelante, nafta y diesel.",1K0199855AE | 1K0199855AJ,https://reygoma.com.ar/wp-content/uploads/2018/12/4479.gif,https://reygoma.com.ar/producto/art-4479/,Vento | VOLKSWAGEN,
REY GOMA,4520,SOPORTE DE MOTOR,Up,VOLKSWAGEN,,(1S0199262) Soporte de motor (lado derecho) año 2014 en adelante,1S0199262 | lado derecho,https://reygoma.com.ar/wp-content/uploads/2018/12/4520.gif,https://reygoma.com.ar/producto/art-4520/,Up | VOLKSWAGEN,DERECHO
REY GOMA,4519,SOPORTE DE MOTOR,Up,VOLKSWAGEN,,(1S0199555B) Soporte de motor (lado izquierdo) año 2014 en adelante,1S0199555B | lado izquierdo,https://reygoma.com.ar/wp-content/uploads/2018/12/4519.gif,https://reygoma.com.ar/producto/art-4519/,Up | VOLKSWAGEN,IZQUIERDO
REY GOMA,4518/1,SOPORTE / GOMA-METAL,Up,VOLKSWAGEN,,(1S0199851) Repuesto para soporte trasero de motor año 2014 en adelante,1S0199851,https://reygoma.com.ar/wp-content/uploads/2018/12/4518-1.gif,https://reygoma.com.ar/producto/art-4518-1/,Up | VOLKSWAGEN,
REY GOMA,4518,SOPORTE / GOMA-METAL,Up,VOLKSWAGEN,,(1S0199851) Soporte trasero de motor año 2014 en adelante,1S0199851,https://reygoma.com.ar/wp-content/uploads/2018/12/4518.1.gif,https://reygoma.com.ar/producto/art-4518/,Up | VOLKSWAGEN,
REY GOMA,4510/1,SOPORTE / GOMA-METAL,Transporter,VOLKSWAGEN,,Kit con abrazaderas y lubricante.,,https://reygoma.com.ar/wp-content/uploads/2018/12/4510-5.gif,https://reygoma.com.ar/producto/art-4510-1-4/,Transporter | VOLKSWAGEN,
REY GOMA,4510,SOPORTE / GOMA-METAL,Transporter,VOLKSWAGEN,,"Fuelle semi eje (lado rueda) Bora, Golf, Passat y (junta homocinética).",lado rueda | junta homocinética,https://reygoma.com.ar/wp-content/uploads/2018/12/4510-4.gif,https://reygoma.com.ar/producto/art-4510-4/,Transporter | VOLKSWAGEN,
REY GOMA,4476/1,SOPORTE / GOMA-METAL,Transporter,VOLKSWAGEN,,Kit con abrazaderas y lubricante,,https://reygoma.com.ar/wp-content/uploads/2018/12/4476-1-1.gif,https://reygoma.com.ar/producto/art-4476-1/,Transporter | VOLKSWAGEN,
REY GOMA,4476,SOPORTE / GOMA-METAL,Transporter,VOLKSWAGEN,,Fuelle semi eje + chapa (lado caja),lado caja,https://reygoma.com.ar/wp-content/uploads/2018/12/4476-1.gif,https://reygoma.com.ar/producto/art-4476/,Transporter | VOLKSWAGEN,CAJA
REY GOMA,4513,SOPORTE / GOMA-METAL,Suran,VOLKSWAGEN,,Repuesto para 4501,,https://reygoma.com.ar/wp-content/uploads/2018/12/4513-1-1.gif,https://reygoma.com.ar/producto/art-4513-3/,Suran | VOLKSWAGEN,
REY GOMA,4512,SOPORTE DE MOTOR,Suran,VOLKSWAGEN,,(5U0.199.555) Repuesto para soporte de motor (lado izquierdo) Fox y naftero o diesel,5U0.199.555 | lado izquierdo,https://reygoma.com.ar/wp-content/uploads/2018/12/4512-1.gif,https://reygoma.com.ar/producto/art-4512-2/,Suran | VOLKSWAGEN,IZQUIERDO
REY GOMA,4502,SOPORTE DE MOTOR,Suran,VOLKSWAGEN,,"(5U0199167B) Soporte de motor (lado derecho) Fox / Gol Trend / / Voyage, 1.0 y 1.6 nafta, año 2008 en adelante.",5U0199167B | lado derecho,https://reygoma.com.ar/wp-content/uploads/2018/12/4502-1-1.gif,https://reygoma.com.ar/producto/art-4502-3/,Suran | VOLKSWAGEN,DERECHO
REY GOMA,4501,SOPORTE DE MOTOR,Suran,VOLKSWAGEN,,(6Q0/199555/AD) Soporte de motor (lado izquierdo) Fox y nafta/diesel Gol Trend y Voyage nafta.,6Q0/199555/AD | lado izquierdo,https://reygoma.com.ar/wp-content/uploads/2018/12/4501-1-1.gif,https://reygoma.com.ar/producto/art-4501-3/,Suran | VOLKSWAGEN,IZQUIERDO
REY GOMA,4497,SOPORTE / GOMA-METAL,Suran,VOLKSWAGEN,,"(5U0199851) Soporte trasero de motor Fox / / Gol Trend 1.6 / 1.0, año 2008 en adelante.",5U0199851,https://reygoma.com.ar/wp-content/uploads/2018/12/4497-1-1.gif,https://reygoma.com.ar/producto/art-4497-3/,Suran | VOLKSWAGEN,
REY GOMA,4477,SOPORTE DE MOTOR,Suran,VOLKSWAGEN,,"(5Z0-199167-A) (5Z0-199167-C) Soporte de motor hidráulico (lado izquierdo) Fox y 1,6.",5Z0-199167-A | 5Z0-199167-C | lado izquierdo,https://reygoma.com.ar/wp-content/uploads/2018/12/4477-3.gif,https://reygoma.com.ar/producto/art-4477-2/,Suran | VOLKSWAGEN,IZQUIERDO
REY GOMA,4496/1,SOPORTE / GOMA-METAL,Sharan,VOLKSWAGEN,,Kit con abrazaderas y lubricante,,https://reygoma.com.ar/wp-content/uploads/2018/12/4496-6.gif,https://reygoma.com.ar/producto/art-4496-1-4/,Sharan | VOLKSWAGEN,
REY GOMA,4496,SOPORTE / GOMA-METAL,Sharan,VOLKSWAGEN,,"Fuelle semi eje (lado caja) Bora, Golf, Passat, y Vento.",lado caja,https://reygoma.com.ar/wp-content/uploads/2018/12/4496-5.gif,https://reygoma.com.ar/producto/art-4496-4/,Sharan | VOLKSWAGEN,CAJA
REY GOMA,4457,SOPORTE / GOMA-METAL,Senda,VOLKSWAGEN,,"Fuelle semi eje (lado rueda) Gacel, Gol, Carat, Saveiro",lado rueda,https://reygoma.com.ar/wp-content/uploads/2018/12/4457-3-1.gif,https://reygoma.com.ar/producto/art-4457-5/,Senda | VOLKSWAGEN,
REY GOMA,4455,SOPORTE / GOMA-METAL,Senda,VOLKSWAGEN,,"Fuelle cremallera mecánica o hidráulica Gacel, Gol, Carat",,https://reygoma.com.ar/wp-content/uploads/2018/12/4455.gif,https://reygoma.com.ar/producto/art-4455-4/,Senda | VOLKSWAGEN,
REY GOMA,4454/2,SOPORTE / GOMA-METAL,Senda,VOLKSWAGEN,,"Fuelle semi eje (lado caja) Gacel, Gol, Carat, Saveiro + chapa y kit con abrazaderas y lubricante",lado caja,https://reygoma.com.ar/wp-content/uploads/2018/12/4454-2-1-1.gif,https://reygoma.com.ar/producto/art-4454-2-5/,Senda | VOLKSWAGEN,CAJA
REY GOMA,4454/1,SOPORTE / GOMA-METAL,Senda,VOLKSWAGEN,,Kit con abrazaderas y lubricante,,https://reygoma.com.ar/wp-content/uploads/2018/12/4454-3.gif,https://reygoma.com.ar/producto/art-4454-1-5/,Senda | VOLKSWAGEN,
REY GOMA,4454,SOPORTE / GOMA-METAL,Senda,VOLKSWAGEN,,"Fuelle semi eje (lado caja) Gacel, Gol, Carat, Saveiro",lado caja,https://reygoma.com.ar/wp-content/uploads/2018/12/4454-2-4.gif,https://reygoma.com.ar/producto/art-4454-6/,Senda | VOLKSWAGEN,CAJA
REY GOMA,4443,TOPE AMORTIGUADOR,Senda,VOLKSWAGEN,,"(823199339A) Tope delantero de motor Gacel, Saveiro y",823199339A,https://reygoma.com.ar/wp-content/uploads/2018/12/44431x1-1-1.gif,https://reygoma.com.ar/producto/art-4443-3/,Senda | VOLKSWAGEN,
REY GOMA,4440,SOPORTE / GOMA-METAL,Senda,VOLKSWAGEN,,"(ZBA121275) Soporte chico de radiador Gacel, Gol, Saveiro y . Ø 19 mm. h 11 mm. rosca M 6 x 1",ZBA121275,https://reygoma.com.ar/wp-content/uploads/2018/12/44401x1-1-1.gif,https://reygoma.com.ar/producto/art-4440-4/,Senda | VOLKSWAGEN,
REY GOMA,4439,SOPORTE / GOMA-METAL,Senda,VOLKSWAGEN,,"(OZBA121273) Soporte grande de radiador Gacel, Gol, Saveiro y . Ø 30 mm. h 15 mm. rosca M 8 x 1,25",OZBA121273,https://reygoma.com.ar/wp-content/uploads/2018/12/44391x1-1-1.gif,https://reygoma.com.ar/producto/art-4439-4/,Senda | VOLKSWAGEN,
REY GOMA,4438,SOPORTE DE CAJA,Senda,VOLKSWAGEN,,"(3033991131) Soporte caja de 5a. Carat, Gacel, Gol, Saveiro y",3033991131,https://reygoma.com.ar/wp-content/uploads/2018/12/44381x1-1-2.gif,https://reygoma.com.ar/producto/art-4438-5/,Senda | VOLKSWAGEN,CAJA
REY GOMA,4434,TOPE AMORTIGUADOR,Senda,VOLKSWAGEN,,"(ZBA412353) Tope superior amortiguador Gacel, Gol, Saveiro y",ZBA412353,https://reygoma.com.ar/wp-content/uploads/2018/12/44341x1-1-1.gif,https://reygoma.com.ar/producto/art-4434-3/,Senda | VOLKSWAGEN,
REY GOMA,4427,SOPORTE DE MOTOR,Senda,VOLKSWAGEN,,"(823199381) Soporte de motor Carat, Gacel, Gol, Saveiro y",823199381,https://reygoma.com.ar/wp-content/uploads/2018/12/44271x1-1-1.gif,https://reygoma.com.ar/producto/art-4427-5/,Senda | VOLKSWAGEN,
REY GOMA,4470,SOPORTE DE CAJA,Saveiro,VOLKSWAGEN,,(305/399341/1) Soporte de caja de velocidades Gol y años 80 al 86,305/399341/1,https://reygoma.com.ar/wp-content/uploads/2018/12/4470-1.gif,https://reygoma.com.ar/producto/art-4470-2/,Saveiro | VOLKSWAGEN,CAJA
REY GOMA,4457/1,SOPORTE / GOMA-METAL,Saveiro,VOLKSWAGEN,,Kit con abrazaderas y lubricante,,https://reygoma.com.ar/wp-content/uploads/2018/12/4457-2-2.gif,https://reygoma.com.ar/producto/art-4457-1-4/,Saveiro | VOLKSWAGEN,
REY GOMA,4457,SOPORTE / GOMA-METAL,Saveiro,VOLKSWAGEN,,"Fuelle semi eje (lado rueda) Gacel, Gol, Senda, Carat,",lado rueda,https://reygoma.com.ar/wp-content/uploads/2018/12/4457-1-1.gif,https://reygoma.com.ar/producto/art-4457-4/,Saveiro | VOLKSWAGEN,
REY GOMA,4454/2,SOPORTE / GOMA-METAL,Saveiro,VOLKSWAGEN,,"Fuelle semi eje (lado caja) Gacel, Gol, Senda, Carat, + chapa y kit con abrazaderas y lubricante",lado caja,https://reygoma.com.ar/wp-content/uploads/2018/12/4454-2-3.gif,https://reygoma.com.ar/producto/art-4454-2-4/,Saveiro | VOLKSWAGEN,CAJA
REY GOMA,4454/1,SOPORTE / GOMA-METAL,Saveiro,VOLKSWAGEN,,Kit con abrazaderas y lubricante,,https://reygoma.com.ar/wp-content/uploads/2018/12/4454-1-2.gif,https://reygoma.com.ar/producto/art-4454-1-4/,Saveiro | VOLKSWAGEN,
REY GOMA,4454,SOPORTE / GOMA-METAL,Saveiro,VOLKSWAGEN,,"Fuelle semi eje (lado caja) Gacel, Gol, Senda, Carat,",lado caja,https://reygoma.com.ar/wp-content/uploads/2018/12/4454.gif,https://reygoma.com.ar/producto/art-4454-5/,Saveiro | VOLKSWAGEN,CAJA
REY GOMA,4453,CAZOLETA,Saveiro,VOLKSWAGEN,,(377-412-329) Cazoleta VW Gol y .,377-412-329,https://reygoma.com.ar/wp-content/uploads/2018/12/4453-1.gif,https://reygoma.com.ar/producto/art-4453-2/,Saveiro | VOLKSWAGEN,
REY GOMA,4443,TOPE AMORTIGUADOR,Saveiro,VOLKSWAGEN,,"(823199339A) Tope delantero de motor Gacel, y Senda",823199339A,https://reygoma.com.ar/wp-content/uploads/2018/12/44431x1-1.gif,https://reygoma.com.ar/producto/art-4443-2/,Saveiro | VOLKSWAGEN,
REY GOMA,4440,SOPORTE / GOMA-METAL,Saveiro,VOLKSWAGEN,,"(ZBA121275) Soporte chico de radiador Gacel, Gol, y Senda. Ø 19 mm. h 11 mm. rosca M 6 x 1",ZBA121275,https://reygoma.com.ar/wp-content/uploads/2018/12/44401x1-3.gif,https://reygoma.com.ar/producto/art-4440-3/,Saveiro | VOLKSWAGEN,
REY GOMA,4439,SOPORTE / GOMA-METAL,Saveiro,VOLKSWAGEN,,"(OZBA121273) Soporte grande de radiador Gacel, Gol, y Senda. Ø 30 mm. h 15 mm. rosca M 8 x 1,25",OZBA121273,https://reygoma.com.ar/wp-content/uploads/2018/12/44391x1-2.gif,https://reygoma.com.ar/producto/art-4439-3/,Saveiro | VOLKSWAGEN,
REY GOMA,4438,SOPORTE DE CAJA,Saveiro,VOLKSWAGEN,,"(3033991131) Soporte caja de 5a. Carat, Gacel, Gol, y Senda",3033991131,https://reygoma.com.ar/wp-content/uploads/2018/12/44381x1-2.gif,https://reygoma.com.ar/producto/art-4438-4/,Saveiro | VOLKSWAGEN,CAJA
REY GOMA,4434,TOPE AMORTIGUADOR,Saveiro,VOLKSWAGEN,,"(ZBA412353) Tope superior amortiguador Gacel, Gol, y Senda",ZBA412353,https://reygoma.com.ar/wp-content/uploads/2018/12/44341x1-1.gif,https://reygoma.com.ar/producto/art-4434-2/,Saveiro | VOLKSWAGEN,
REY GOMA,4427,SOPORTE DE MOTOR,Saveiro,VOLKSWAGEN,,"(823199381) Soporte de motor Carat, Gacel, Gol, y Senda",823199381,https://reygoma.com.ar/wp-content/uploads/2018/12/44271x1-2.gif,https://reygoma.com.ar/producto/art-4427-4/,Saveiro | VOLKSWAGEN,
REY GOMA,4488,CAZOLETA,Quantum,VOLKSWAGEN,,"(377/412113) cazoleta suspension Carat, con crapodina",377/412113,https://reygoma.com.ar/wp-content/uploads/2018/12/4488-1.gif,https://reygoma.com.ar/producto/art-4488-2/,Quantum | VOLKSWAGEN,
REY GOMA,4487,CAZOLETA,Quantum,VOLKSWAGEN,,"(ZBC412323) cazoleta suspension Carat,",ZBC412323,https://reygoma.com.ar/wp-content/uploads/2018/12/4487-1.gif,https://reygoma.com.ar/producto/art-4487-2/,Quantum | VOLKSWAGEN,
REY GOMA,4459/2,SOPORTE / GOMA-METAL,Quantum,VOLKSWAGEN,,"Fuelle semi eje (lado caja) Pointer, + chapa y kit con abrazaderas y lubricante",lado caja,https://reygoma.com.ar/wp-content/uploads/2018/12/4459-2-1-1.gif,https://reygoma.com.ar/producto/art-4459-2-2/,Quantum | VOLKSWAGEN,CAJA
REY GOMA,4459/1,SOPORTE / GOMA-METAL,Quantum,VOLKSWAGEN,,Kit con abrazaderas y lubricante,,https://reygoma.com.ar/wp-content/uploads/2018/12/4459-3.gif,https://reygoma.com.ar/producto/art-4459-1-2/,Quantum | VOLKSWAGEN,
REY GOMA,4459,SOPORTE / GOMA-METAL,Quantum,VOLKSWAGEN,,"Fuelle semi eje (lado caja) Pointer,",lado caja,https://reygoma.com.ar/wp-content/uploads/2018/12/4459-2-1.gif,https://reygoma.com.ar/producto/art-4459-3/,Quantum | VOLKSWAGEN,CAJA
REY GOMA,4498,BUJE,Polo,VOLKSWAGEN,,(6Q0/407183/A) Buje consola soporte de parrilla Fox y .,6Q0/407183/A,https://reygoma.com.ar/wp-content/uploads/2018/12/4498-1.gif,https://reygoma.com.ar/producto/art-4498-2/,Polo | VOLKSWAGEN,
REY GOMA,4493,CAZOLETA,Polo,VOLKSWAGEN,,"(6Q0/412331/A)cazoleta suspension delantera 09/2000 en adelante, Fox 03/2006 en adelante",6Q0/412331/A,https://reygoma.com.ar/wp-content/uploads/2018/12/4493-1.gif,https://reygoma.com.ar/producto/art-4493-2/,Polo | VOLKSWAGEN,
REY GOMA,4473,SOPORTE DE MOTOR,Polo,VOLKSWAGEN,,"(191199402C) Soporte de motor (hidráulico) (lado caja) Caddy, Golf 1ra.serie GTI naftero ó diesel años 1996/98, Passat años 1994/97 y naftero ó diesel.",191199402C | hidráulico | lado caja,https://reygoma.com.ar/wp-content/uploads/2018/12/44481x1-3-1.gif,https://reygoma.com.ar/producto/art-4473-4/,Polo | VOLKSWAGEN,CAJA
REY GOMA,4472,TOPE AMORTIGUADOR,Polo,VOLKSWAGEN,,Tope rebote de amortiguador trasero y Caddy,,https://reygoma.com.ar/wp-content/uploads/2018/12/Art-4472-–-Rey-Goma-1.png,https://reygoma.com.ar/producto/art-4472-2/,Polo | VOLKSWAGEN,
REY GOMA,4468,SOPORTE / GOMA-METAL,Polo,VOLKSWAGEN,,"Fuelle de dirección hidráulica Golf, Caddy.",,https://reygoma.com.ar/wp-content/uploads/2018/12/4468-1-1.gif,https://reygoma.com.ar/producto/art-4468-3/,Polo | VOLKSWAGEN,
REY GOMA,4465,SOPORTE / GOMA-METAL,Polo,VOLKSWAGEN,,(6K0121267) Soporte superior de radiador modelos y Caddy diesel.,6K0121267,https://reygoma.com.ar/wp-content/uploads/2018/12/14024465-2.gif,https://reygoma.com.ar/producto/art-4465-2/,Polo | VOLKSWAGEN,
REY GOMA,4462,SOPORTE DE ESCAPE,Polo,VOLKSWAGEN,,"(861-253147) Soporte caño de escape Passat, y Gol AB9 año 96 en adelante.",861-253147,https://reygoma.com.ar/wp-content/uploads/2018/12/4462-2-1.gif,https://reygoma.com.ar/producto/art-4462-3/,Polo | VOLKSWAGEN,
REY GOMA,4464/1,SOPORTE / GOMA-METAL,Polo,VOLKSWAGEN,,Kit con abrazaderas y lubricante.,,https://reygoma.com.ar/wp-content/uploads/2018/12/4464-1.gif,https://reygoma.com.ar/producto/art-4464-1/,Polo | VOLKSWAGEN,
REY GOMA,4464,SOPORTE / GOMA-METAL,Polo,VOLKSWAGEN,,Fuelle semi eje (lado rueda) .,lado rueda,https://reygoma.com.ar/wp-content/uploads/2018/12/4464.gif,https://reygoma.com.ar/producto/art-4464/,Polo | VOLKSWAGEN,
REY GOMA,4461/1,SOPORTE / GOMA-METAL,Polo,VOLKSWAGEN,,Kit con abrazaderas y lubricante,,https://reygoma.com.ar/wp-content/uploads/2018/12/4461-6.gif,https://reygoma.com.ar/producto/art-4461-1-3/,Polo | VOLKSWAGEN,
REY GOMA,4461,SOPORTE / GOMA-METAL,Polo,VOLKSWAGEN,,Fuelle s/eje + chapa p/largo (lado caja) – Passat – Golf.,lado caja,https://reygoma.com.ar/wp-content/uploads/2018/12/4461-4.gif,https://reygoma.com.ar/producto/art-4461-2/,Polo | VOLKSWAGEN,CAJA
REY GOMA,4460/1,SOPORTE / GOMA-METAL,Polo,VOLKSWAGEN,,Kit con abrazaderas y lubricante,,https://reygoma.com.ar/wp-content/uploads/2018/12/4460-6.gif,https://reygoma.com.ar/producto/art-4460-1-3/,Polo | VOLKSWAGEN,
REY GOMA,4460,SOPORTE / GOMA-METAL,Polo,VOLKSWAGEN,,Fuelle s/eje + chapa p/corto (lado caja) – Passat – Golf.,lado caja,https://reygoma.com.ar/wp-content/uploads/2018/12/4460-4.gif,https://reygoma.com.ar/producto/art-4460-3/,Polo | VOLKSWAGEN,CAJA
REY GOMA,4450,CAZOLETA,Polo,VOLKSWAGEN,,(1HO412341) Cazoleta inferior de amortiguador,1HO412341,https://reygoma.com.ar/wp-content/uploads/2018/12/44501x1.gif,https://reygoma.com.ar/producto/art-4450/,Polo | VOLKSWAGEN,
REY GOMA,4449,CAZOLETA,Polo,VOLKSWAGEN,,(357412331A) Cazoleta superior de amortiguador,357412331A,https://reygoma.com.ar/wp-content/uploads/2018/12/44491x1.gif,https://reygoma.com.ar/producto/art-4449/,Polo | VOLKSWAGEN,
REY GOMA,4448,SOPORTE DE MOTOR,Polo,VOLKSWAGEN,,(357199402B) Soporte de motor (lado caja) (no hidráulico) naftero o diesel,357199402B | lado caja | no hidráulico,https://reygoma.com.ar/wp-content/uploads/2018/12/44481x1-2-1.gif,https://reygoma.com.ar/producto/art-4448/,Polo | VOLKSWAGEN,CAJA
REY GOMA,4447,SOPORTE DE MOTOR,Polo,VOLKSWAGEN,,(1HO199262B) Soporte de motor (lado distribución) naftero o diesel,1HO199262B | lado distribución,https://reygoma.com.ar/wp-content/uploads/2018/12/44471x1-2.gif,https://reygoma.com.ar/producto/art-4447/,Polo | VOLKSWAGEN,
REY GOMA,4446,SOPORTE / GOMA-METAL,Polo,VOLKSWAGEN,,(1HO199609B) Soporte delantero central de motor naftero o diesel,1HO199609B,https://reygoma.com.ar/wp-content/uploads/2018/12/44461x1-2.gif,https://reygoma.com.ar/producto/art-4446/,Polo | VOLKSWAGEN,CENTRO
REY GOMA,4463,TOPE AMORTIGUADOR,Pointer,VOLKSWAGEN,,Tope rebote de amortiguador Gol y .,,https://reygoma.com.ar/wp-content/uploads/2018/12/4463-1.gif,https://reygoma.com.ar/producto/art-4463-2/,Pointer | VOLKSWAGEN,
REY GOMA,4459/2,SOPORTE / GOMA-METAL,Pointer,VOLKSWAGEN,,Fuelle semi eje (lado caja) Quantum + chapa y kit con abrazaderas y lubricante,lado caja,https://reygoma.com.ar/wp-content/uploads/2018/12/4459-2.gif,https://reygoma.com.ar/producto/art-4459-2/,Pointer | VOLKSWAGEN,CAJA
REY GOMA,4459/1,SOPORTE / GOMA-METAL,Pointer,VOLKSWAGEN,,Kit con abrazaderas y lubricante,,https://reygoma.com.ar/wp-content/uploads/2018/12/4459-1.gif,https://reygoma.com.ar/producto/art-4459-1/,Pointer | VOLKSWAGEN,
REY GOMA,4459,SOPORTE / GOMA-METAL,Pointer,VOLKSWAGEN,,Fuelle semi eje (lado caja) Quantum,lado caja,https://reygoma.com.ar/wp-content/uploads/2018/12/4459.gif,https://reygoma.com.ar/producto/art-4459/,Pointer | VOLKSWAGEN,CAJA
REY GOMA,4458/1,SOPORTE / GOMA-METAL,Pointer,VOLKSWAGEN,,Kit con abrazaderas y lubricante,,https://reygoma.com.ar/wp-content/uploads/2018/12/4458-1.gif,https://reygoma.com.ar/producto/art-4458-1/,Pointer | VOLKSWAGEN,
REY GOMA,4458,SOPORTE / GOMA-METAL,Pointer,VOLKSWAGEN,,Fuelle semi eje (lado rueda) .,lado rueda,https://reygoma.com.ar/wp-content/uploads/2018/12/4458.gif,https://reygoma.com.ar/producto/art-4458/,Pointer | VOLKSWAGEN,
REY GOMA,4456,SOPORTE / GOMA-METAL,Pointer,VOLKSWAGEN,,Fuelle cremallera hidráulica (ambos lados),ambos lados,https://reygoma.com.ar/wp-content/uploads/2018/12/4456.gif,https://reygoma.com.ar/producto/art-4456/,Pointer | VOLKSWAGEN,AMBOS LADOS
REY GOMA,4452,SOPORTE / GOMA-METAL,Pointer,VOLKSWAGEN,,(547199262D) Soporte delantero inferior de motor,547199262D,https://reygoma.com.ar/wp-content/uploads/2018/12/44521x1-1.gif,https://reygoma.com.ar/producto/art-4452/,Pointer | VOLKSWAGEN,
REY GOMA,4451,SOPORTE / GOMA-METAL,Pointer,VOLKSWAGEN,,(547199262B) Soporte delantero superior de motor,547199262B,https://reygoma.com.ar/wp-content/uploads/2018/12/44511x1.gif,https://reygoma.com.ar/producto/art-4451/,Pointer | VOLKSWAGEN,
REY GOMA,4445,CAZOLETA,Pointer,VOLKSWAGEN,,(547412325) Cazoleta amortiguador,547412325,https://reygoma.com.ar/wp-content/uploads/2018/12/44451x1.gif,https://reygoma.com.ar/producto/art-4445/,Pointer | VOLKSWAGEN,
REY GOMA,4444,SOPORTE DE CAJA,Pointer,VOLKSWAGEN,,(547/399151/C) Soporte caja de velocidades,547/399151/C,https://reygoma.com.ar/wp-content/uploads/2018/12/44441x1.gif,https://reygoma.com.ar/producto/art-4444/,Pointer | VOLKSWAGEN,CAJA
REY GOMA,4517/1,SOPORTE / GOMA-METAL,Passat,VOLKSWAGEN,,Kit con abrazaderas y lubricante,,https://reygoma.com.ar/wp-content/uploads/2018/12/4517-1.gif,https://reygoma.com.ar/producto/art-4517-1/,Passat | VOLKSWAGEN,
REY GOMA,4517,SOPORTE / GOMA-METAL,Passat,VOLKSWAGEN,,"Fuelle semi eje (lado caja) y Vento, con forma",lado caja,https://reygoma.com.ar/wp-content/uploads/2018/12/4517.gif,https://reygoma.com.ar/producto/art-4517/,Passat | VOLKSWAGEN,CAJA
REY GOMA,4510/1,SOPORTE / GOMA-METAL,Passat,VOLKSWAGEN,,Kit con abrazaderas y lubricante.,,https://reygoma.com.ar/wp-content/uploads/2018/12/4510-3-1.gif,https://reygoma.com.ar/producto/art-4510-1-3/,Passat | VOLKSWAGEN,
REY GOMA,4510,SOPORTE / GOMA-METAL,Passat,VOLKSWAGEN,,"Fuelle semi eje (lado rueda) Bora, Golf, y Transporter (junta homocinética).",lado rueda | junta homocinética,https://reygoma.com.ar/wp-content/uploads/2018/12/4510-1-1.gif,https://reygoma.com.ar/producto/art-4510-3/,Passat | VOLKSWAGEN,
REY GOMA,4507/1,SOPORTE / GOMA-METAL,Passat,VOLKSWAGEN,,Kit con abrazaderas y lubricante.,,https://reygoma.com.ar/wp-content/uploads/2018/12/4507-4.gif,https://reygoma.com.ar/producto/art-4507-1-2/,Passat | VOLKSWAGEN,
REY GOMA,4507,SOPORTE / GOMA-METAL,Passat,VOLKSWAGEN,,Fuelle semi eje (lado caja) Golf y .,lado caja,https://reygoma.com.ar/wp-content/uploads/2018/12/4507-2.gif,https://reygoma.com.ar/producto/art-4507/,Passat | VOLKSWAGEN,CAJA
REY GOMA,4496/1,SOPORTE / GOMA-METAL,Passat,VOLKSWAGEN,,Kit con abrazaderas y lubricante,,https://reygoma.com.ar/wp-content/uploads/2018/12/4496-3.gif,https://reygoma.com.ar/producto/art-4496-1-3/,Passat | VOLKSWAGEN,
REY GOMA,4496,SOPORTE / GOMA-METAL,Passat,VOLKSWAGEN,,"Fuelle semi eje (lado caja) Bora, Golf, Sharan y Vento.",lado caja,https://reygoma.com.ar/wp-content/uploads/2018/12/4496-2.gif,https://reygoma.com.ar/producto/art-4496-3/,Passat | VOLKSWAGEN,CAJA
REY GOMA,4495,SOPORTE DE CAJA,Passat,VOLKSWAGEN,,"(8D0399151H) soporte caja de velocidades (lado izquierdo) 1,8 nafta año 1997 al 2000",8D0399151H | lado izquierdo,https://reygoma.com.ar/wp-content/uploads/2018/12/4495.gif,https://reygoma.com.ar/producto/art-4495/,Passat | VOLKSWAGEN,CAJA / IZQUIERDO
REY GOMA,4494,SOPORTE DE CAJA,Passat,VOLKSWAGEN,,"(8D0399151J) soporte caja de velocidades (lado derecho) 1,8 nafta año 1997 al 2000",8D0399151J | lado derecho,https://reygoma.com.ar/wp-content/uploads/2018/12/4494.gif,https://reygoma.com.ar/producto/art-4494/,Passat | VOLKSWAGEN,CAJA / DERECHO
REY GOMA,4485,SOPORTE DE ESCAPE,Passat,VOLKSWAGEN,,(IH0253144C) (357253144) Soporte caño de escape,IH0253144C | 357253144,https://reygoma.com.ar/wp-content/uploads/2018/12/IMP_5543.gif,https://reygoma.com.ar/producto/art-4485/,Passat | VOLKSWAGEN,
REY GOMA,4478,TOPE AMORTIGUADOR,Passat,VOLKSWAGEN,,(8D0199339P) Tope delantero de motor y Bora.,8D0199339P,https://reygoma.com.ar/wp-content/uploads/2018/12/4478-1.gif,https://reygoma.com.ar/producto/art-4478-2/,Passat | VOLKSWAGEN,
REY GOMA,4474,SOPORTE DE MOTOR,Passat,VOLKSWAGEN,,(8D0199382L) (8D0199328H) Soporte de motor hidráulico (ambos lados) 4,8D0199382L | 8D0199328H | ambos lados,https://reygoma.com.ar/wp-content/uploads/2018/12/4474-e1553705845565.gif,https://reygoma.com.ar/producto/art-4474/,Passat | VOLKSWAGEN,AMBOS LADOS
REY GOMA,4473,SOPORTE DE MOTOR,Passat,VOLKSWAGEN,,"(191199402C) Soporte de motor (hidráulico) (lado caja) Caddy, Golf 1ra.serie GTI naftero ó diesel años 1996/98, años 1994/97 y Polo naftero ó diesel.",191199402C | hidráulico | lado caja,https://reygoma.com.ar/wp-content/uploads/2018/12/44481x1-1-1.gif,https://reygoma.com.ar/producto/art-4473-3/,Passat | VOLKSWAGEN,CAJA
REY GOMA,4462,SOPORTE DE ESCAPE,Passat,VOLKSWAGEN,,(861-253147) Soporte caño de escape Polo y Gol AB9 año 96 en adelante.,861-253147,https://reygoma.com.ar/wp-content/uploads/2018/12/4462-1.gif,https://reygoma.com.ar/producto/art-4462-2/,Passat | VOLKSWAGEN,
REY GOMA,4461/1,SOPORTE / GOMA-METAL,Passat,VOLKSWAGEN,,Kit con abrazaderas y lubricante,,https://reygoma.com.ar/wp-content/uploads/2018/12/4461-3.gif,https://reygoma.com.ar/producto/art-4461-1-2/,Passat | VOLKSWAGEN,
REY GOMA,4460/1,SOPORTE / GOMA-METAL,Passat,VOLKSWAGEN,,Kit con abrazaderas y lubricante,,https://reygoma.com.ar/wp-content/uploads/2018/12/4460-3.gif,https://reygoma.com.ar/producto/art-4460-1-2/,Passat | VOLKSWAGEN,
REY GOMA,4460,SOPORTE / GOMA-METAL,Passat,VOLKSWAGEN,,Fuelle s/eje + chapa p/corto (lado caja) Polo – – Golf.,lado caja,https://reygoma.com.ar/wp-content/uploads/2018/12/4460-2.gif,https://reygoma.com.ar/producto/art-4460-2/,Passat | VOLKSWAGEN,CAJA
REY GOMA,4516,SOPORTE DE MOTOR,New Beetle,VOLKSWAGEN,,"(1J0-199-262BH) Soporte de motor (lado derecho) Golf 1.6, Bora y",1J0-199-262BH | lado derecho,https://reygoma.com.ar/wp-content/uploads/2018/12/4516-1-1.gif,https://reygoma.com.ar/producto/art-4516-3/,New Beetle | VOLKSWAGEN,DERECHO
REY GOMA,4514,SOPORTE DE MOTOR,New Beetle,VOLKSWAGEN,,"(1J0/199555/BD) Soporte de motor (lado izquierdo) Bora1.8, Golf IV 1.6 y 1.8,",1J0/199555/BD | lado izquierdo,https://reygoma.com.ar/wp-content/uploads/2018/12/4514-1-2.gif,https://reygoma.com.ar/producto/art-4514-3/,New Beetle | VOLKSWAGEN,IZQUIERDO
REY GOMA,4499,BUJE,New Beetle,VOLKSWAGEN,,"(1J0/501541/C) Buje brazo trasero Bora, Golf, Fox y .",1J0/501541/C,https://reygoma.com.ar/wp-content/uploads/2018/12/4499-1-1.gif,https://reygoma.com.ar/producto/art-4499-4/,New Beetle | VOLKSWAGEN,
REY GOMA,4491,CAZOLETA,New Beetle,VOLKSWAGEN,,"(1J0/412331/C) cazoleta suspension Golf 4, Bora año 1999 en adelante con crapodina",1J0/412331/C,https://reygoma.com.ar/wp-content/uploads/2018/12/4491-1-1-e1553707068485.gif,https://reygoma.com.ar/producto/art-4491-3/,New Beetle | VOLKSWAGEN,
REY GOMA,4490,CAZOLETA,New Beetle,VOLKSWAGEN,,"(1J0/412331/C) cazoleta suspension Golf 4, Bora año 1999 en adelante",1J0/412331/C,https://reygoma.com.ar/wp-content/uploads/2018/12/4490-1-1.gif,https://reygoma.com.ar/producto/art-4490-3/,New Beetle | VOLKSWAGEN,
REY GOMA,4482,SOPORTE DE MOTOR,New Beetle,VOLKSWAGEN,,"(1J0-199851/AA) Soporte de motor Bora, Golf IV, 1.8 – 1.6 – 2.0 Nafta",1J0-199851/AA,https://reygoma.com.ar/wp-content/uploads/2018/12/4482-1-1.gif,https://reygoma.com.ar/producto/art-4482-3/,New Beetle | VOLKSWAGEN,
REY GOMA,4435/2,SOPORTE / GOMA-METAL,Kombi,VOLKSWAGEN,,(3015012171) Guardapolvo delantero todos + chapa y kit con abrazaderas y lubricante,3015012171,https://reygoma.com.ar/wp-content/uploads/2018/12/4435-2.gif,https://reygoma.com.ar/producto/art-4435-2/,Kombi | VOLKSWAGEN,
REY GOMA,4435,SOPORTE / GOMA-METAL,Kombi,VOLKSWAGEN,,(3015012171) Guardapolvo delantero todos,3015012171,https://reygoma.com.ar/wp-content/uploads/2018/12/44351x1.gif,https://reygoma.com.ar/producto/art-4435/,Kombi | VOLKSWAGEN,
REY GOMA,4432,SOPORTE / GOMA-METAL,Kombi,VOLKSWAGEN,,(2113012631) Soporte trasero de motor todos,2113012631,https://reygoma.com.ar/wp-content/uploads/2018/12/44321x1-1.gif,https://reygoma.com.ar/producto/art-4432/,Kombi | VOLKSWAGEN,
REY GOMA,4431,SOPORTE / GOMA-METAL,Kombi,VOLKSWAGEN,,(2113012651) Soporte delantero de motor todos,2113012651,https://reygoma.com.ar/wp-content/uploads/2018/12/44311x1.gif,https://reygoma.com.ar/producto/art-4431/,Kombi | VOLKSWAGEN,
REY GOMA,4426,BUJE,Kombi,VOLKSWAGEN,,(1134133813) Buje de amortiguador,1134133813,https://reygoma.com.ar/wp-content/uploads/2018/12/44261x1.gif,https://reygoma.com.ar/producto/art-4426/,Kombi | VOLKSWAGEN,
REY GOMA,4516,SOPORTE DE MOTOR,Golf,VOLKSWAGEN,,"(1J0-199-262BH) Soporte de motor (lado derecho) 1.6, Bora y New Beetle",1J0-199-262BH | lado derecho,https://reygoma.com.ar/wp-content/uploads/2018/12/4516-1.gif,https://reygoma.com.ar/producto/art-4516-2/,Golf | VOLKSWAGEN,DERECHO
REY GOMA,4514,SOPORTE DE MOTOR,Golf,VOLKSWAGEN,,"(1J0/199555/BD) Soporte de motor (lado izquierdo) Bora1.8, IV 1.6 y 1.8, New Beetle",1J0/199555/BD | lado izquierdo,https://reygoma.com.ar/wp-content/uploads/2018/12/4514-1.gif,https://reygoma.com.ar/producto/art-4514-2/,Golf | VOLKSWAGEN,IZQUIERDO
REY GOMA,4510/1,SOPORTE / GOMA-METAL,Golf,VOLKSWAGEN,,Kit con abrazaderas y lubricante.,,https://reygoma.com.ar/wp-content/uploads/2018/12/4510-3.gif,https://reygoma.com.ar/producto/art-4510-1-2/,Golf | VOLKSWAGEN,
REY GOMA,4510,SOPORTE / GOMA-METAL,Golf,VOLKSWAGEN,,"Fuelle semi eje (lado rueda) Bora, Passat y Transporter (junta homocinética).",lado rueda | junta homocinética,https://reygoma.com.ar/wp-content/uploads/2018/12/4510-2.gif,https://reygoma.com.ar/producto/art-4510-2/,Golf | VOLKSWAGEN,
REY GOMA,4507/1,SOPORTE / GOMA-METAL,Golf,VOLKSWAGEN,,Kit con abrazaderas y lubricante.,,https://reygoma.com.ar/wp-content/uploads/2018/12/4507-1.gif,https://reygoma.com.ar/producto/art-4507-1/,Golf | VOLKSWAGEN,
REY GOMA,4496/1,SOPORTE / GOMA-METAL,Golf,VOLKSWAGEN,,Kit con abrazaderas y lubricante,,https://reygoma.com.ar/wp-content/uploads/2018/12/4496-1-1.gif,https://reygoma.com.ar/producto/art-4496-1-2/,Golf | VOLKSWAGEN,
REY GOMA,4496,SOPORTE / GOMA-METAL,Golf,VOLKSWAGEN,,"Fuelle semi eje (lado caja) Bora, Passat, Sharan y Vento.",lado caja,https://reygoma.com.ar/wp-content/uploads/2018/12/4496-1.gif,https://reygoma.com.ar/producto/art-4496-2/,Golf | VOLKSWAGEN,CAJA
REY GOMA,4491,CAZOLETA,Golf,VOLKSWAGEN,,"(1J0/412331/C) cazoleta suspension 4, New Beetle, Bora año 1999 en adelante con crapodina",1J0/412331/C,https://reygoma.com.ar/wp-content/uploads/2018/12/4491-1-e1553706771370.gif,https://reygoma.com.ar/producto/art-4491-2/,Golf | VOLKSWAGEN,
REY GOMA,4490,CAZOLETA,Golf,VOLKSWAGEN,,"(1J0/412331/C) cazoleta suspension 4, New Beetle, Bora año 1999 en adelante",1J0/412331/C,https://reygoma.com.ar/wp-content/uploads/2018/12/4490-1.gif,https://reygoma.com.ar/producto/art-4490-2/,Golf | VOLKSWAGEN,
REY GOMA,4486,CAZOLETA,Golf,VOLKSWAGEN,,(171412329A) Cazoleta 1ra. serie,171412329A,https://reygoma.com.ar/wp-content/uploads/2018/12/imp_5553.gif,https://reygoma.com.ar/producto/art-4486/,Golf | VOLKSWAGEN,
REY GOMA,4484,SOPORTE DE MOTOR,Golf,VOLKSWAGEN,,(1J0-199262/BE) Soporte de motor (lado derecho) IV 1.6 8V,1J0-199262/BE | lado derecho,https://reygoma.com.ar/wp-content/uploads/2018/12/4484.gif,https://reygoma.com.ar/producto/art-4484/,Golf | VOLKSWAGEN,DERECHO
REY GOMA,4483,SOPORTE DE MOTOR,Golf,VOLKSWAGEN,,(1J0-199555) Soporte de motor (lado izquierdo) IV 1.6 8V,1J0-199555 | lado izquierdo,https://reygoma.com.ar/wp-content/uploads/2018/12/4483.gif,https://reygoma.com.ar/producto/art-4483/,Golf | VOLKSWAGEN,IZQUIERDO
REY GOMA,4482,SOPORTE DE MOTOR,Golf,VOLKSWAGEN,,"(1J0-199851/AA) Soporte de motor Bora, IV, New Beetle 1.8 – 1.6 – 2.0 Nafta",1J0-199851/AA,https://reygoma.com.ar/wp-content/uploads/2018/12/4482-1.gif,https://reygoma.com.ar/producto/art-4482-2/,Golf | VOLKSWAGEN,
REY GOMA,4473,SOPORTE DE MOTOR,Golf,VOLKSWAGEN,,"(191199402C) Soporte de motor (hidráulico) (lado caja) Caddy, 1ra.serie GTI naftero ó diesel años 1996/98, Passat años 1994/97 y Polo naftero ó diesel.",191199402C | hidráulico | lado caja,https://reygoma.com.ar/wp-content/uploads/2018/12/44481x1-3.gif,https://reygoma.com.ar/producto/art-4473-2/,Golf | VOLKSWAGEN,CAJA
REY GOMA,4471,TOPE AMORTIGUADOR,Golf,VOLKSWAGEN,,Tope rebote de amortiguador trasero años 94 al 98,,https://reygoma.com.ar/wp-content/uploads/2018/12/4471.gif,https://reygoma.com.ar/producto/art-4471/,Golf | VOLKSWAGEN,
REY GOMA,4468,SOPORTE / GOMA-METAL,Golf,VOLKSWAGEN,,"Fuelle de dirección hidráulica Polo, Caddy.",,https://reygoma.com.ar/wp-content/uploads/2018/12/4468.gif,https://reygoma.com.ar/producto/art-4468-2/,Golf | VOLKSWAGEN,
REY GOMA,4461/1,SOPORTE / GOMA-METAL,Golf,VOLKSWAGEN,,Kit con abrazaderas y lubricante,,https://reygoma.com.ar/wp-content/uploads/2018/12/4461-1.gif,https://reygoma.com.ar/producto/art-4461-1/,Golf | VOLKSWAGEN,
REY GOMA,4461,SOPORTE / GOMA-METAL,Golf,VOLKSWAGEN,,Fuelle s/eje + chapa p/largo (lado caja) Polo – Passat – .,lado caja,https://reygoma.com.ar/wp-content/uploads/2018/12/4461.gif,https://reygoma.com.ar/producto/art-4461/,Golf | VOLKSWAGEN,CAJA
REY GOMA,4460/1,SOPORTE / GOMA-METAL,Golf,VOLKSWAGEN,,Kit con abrazaderas y lubricante,,https://reygoma.com.ar/wp-content/uploads/2018/12/4460-1.gif,https://reygoma.com.ar/producto/art-4460-1/,Golf | VOLKSWAGEN,
REY GOMA,4460,SOPORTE / GOMA-METAL,Golf,VOLKSWAGEN,,Fuelle s/eje + chapa p/corto (lado caja) Polo – Passat – .,lado caja,https://reygoma.com.ar/wp-content/uploads/2018/12/4460.gif,https://reygoma.com.ar/producto/art-4460/,Golf | VOLKSWAGEN,CAJA
REY GOMA,4513,SOPORTE / GOMA-METAL,Gol,VOLKSWAGEN,,Repuesto para 4501,,https://reygoma.com.ar/wp-content/uploads/2018/12/4513-1.gif,https://reygoma.com.ar/producto/art-4513-2/,Gol | VOLKSWAGEN,
REY GOMA,4509,SOPORTE DE MOTOR,Gol,VOLKSWAGEN,,"(377/199381) Soporte de motor (lado izquierdo) 1,0 y 1,4 nafta.",377/199381 | lado izquierdo,https://reygoma.com.ar/wp-content/uploads/2018/12/4509.gif,https://reygoma.com.ar/producto/art-4509/,Gol | VOLKSWAGEN,IZQUIERDO
REY GOMA,4508,SOPORTE DE MOTOR,Gol,VOLKSWAGEN,,"(377/199382) Soporte de motor (lado derecho) 1,0 y 1,4 nafta.",377/199382 | lado derecho,https://reygoma.com.ar/wp-content/uploads/2018/12/4508.gif,https://reygoma.com.ar/producto/art-4508/,Gol | VOLKSWAGEN,DERECHO
REY GOMA,4502,SOPORTE DE MOTOR,Gol,VOLKSWAGEN,,"(5U0199167B) Soporte de motor (lado derecho) Fox / Trend / Suran / Voyage, 1.0 y 1.6 nafta, año 2008 en adelante.",5U0199167B | lado derecho,https://reygoma.com.ar/wp-content/uploads/2018/12/4502-1.gif,https://reygoma.com.ar/producto/art-4502-2/,Gol | VOLKSWAGEN,DERECHO
REY GOMA,4501,SOPORTE DE MOTOR,Gol,VOLKSWAGEN,,"(6Q0/199555/AD) Soporte de motor (lado izquierdo) Fox y Suran, nafta/diesel Trend y Voyage nafta.",6Q0/199555/AD | lado izquierdo,https://reygoma.com.ar/wp-content/uploads/2018/12/4501-1.gif,https://reygoma.com.ar/producto/art-4501-2/,Gol | VOLKSWAGEN,IZQUIERDO
REY GOMA,4497,SOPORTE / GOMA-METAL,Gol,VOLKSWAGEN,,"(5U0199851) Soporte trasero de motor Fox / Suran / Trend 1.6 / 1.0, año 2008 en adelante.",5U0199851,https://reygoma.com.ar/wp-content/uploads/2018/12/4497-1.gif,https://reygoma.com.ar/producto/art-4497-2/,Gol | VOLKSWAGEN,
REY GOMA,4492,CAZOLETA,Gol,VOLKSWAGEN,,"(5X0/412329) cazoleta suspension delantera año 2002 en adelante, con chapa y crapodina",5X0/412329,https://reygoma.com.ar/wp-content/uploads/2018/12/4492.gif,https://reygoma.com.ar/producto/art-4492/,Gol | VOLKSWAGEN,
REY GOMA,4489,CAZOLETA,Gol,VOLKSWAGEN,,(377/412319/A) cubre cazoleta amortiguador delantero (sombrerito),377/412319/A | sombrerito,https://reygoma.com.ar/wp-content/uploads/2018/12/4489.gif,https://reygoma.com.ar/producto/art-4489/,Gol | VOLKSWAGEN,
REY GOMA,4470,SOPORTE DE CAJA,Gol,VOLKSWAGEN,,"(305/399341/1) Soporte de caja de velocidades y Saveiro, años 80 al 86",305/399341/1,https://reygoma.com.ar/wp-content/uploads/2018/12/4470.gif,https://reygoma.com.ar/producto/art-4470/,Gol | VOLKSWAGEN,CAJA
REY GOMA,4467,TOPE AMORTIGUADOR,Gol,VOLKSWAGEN,,Tope rebote de amortiguador (delantero) .,delantero,https://reygoma.com.ar/wp-content/uploads/2018/12/4467-e1554127986330.gif,https://reygoma.com.ar/producto/art-4467/,Gol | VOLKSWAGEN,
REY GOMA,4466,TOPE AMORTIGUADOR,Gol,VOLKSWAGEN,,Tope rebote de amortiguador (trasero) modelos y Carat (línea nueva).,trasero | línea nueva,https://reygoma.com.ar/wp-content/uploads/2018/12/Art-4466-–-Rey-Goma.png,https://reygoma.com.ar/producto/art-4466-2/,Gol | VOLKSWAGEN,
REY GOMA,4463,TOPE AMORTIGUADOR,Gol,VOLKSWAGEN,,Tope rebote de amortiguador y Pointer.,,https://reygoma.com.ar/wp-content/uploads/2018/12/4463.gif,https://reygoma.com.ar/producto/art-4463/,Gol | VOLKSWAGEN,
REY GOMA,4462,SOPORTE DE ESCAPE,Gol,VOLKSWAGEN,,"(861-253147) Soporte caño de escape Passat, Polo y AB9 año 96 en adelante.",861-253147,https://reygoma.com.ar/wp-content/uploads/2018/12/4462.gif,https://reygoma.com.ar/producto/art-4462/,Gol | VOLKSWAGEN,
REY GOMA,4457/1,SOPORTE / GOMA-METAL,Gol,VOLKSWAGEN,,Kit con abrazaderas y lubricante,,https://reygoma.com.ar/wp-content/uploads/2018/12/4457-4.gif,https://reygoma.com.ar/producto/art-4457-1-3/,Gol | VOLKSWAGEN,
REY GOMA,4457,SOPORTE / GOMA-METAL,Gol,VOLKSWAGEN,,"Fuelle semi eje (lado rueda) Gacel, Senda, Carat, Saveiro",lado rueda,https://reygoma.com.ar/wp-content/uploads/2018/12/4457-3.gif,https://reygoma.com.ar/producto/art-4457-3/,Gol | VOLKSWAGEN,
REY GOMA,4455,SOPORTE / GOMA-METAL,Gol,VOLKSWAGEN,,"Fuelle cremallera mecánica o hidráulica Gacel, Senda, Carat",,https://reygoma.com.ar/wp-content/uploads/2018/12/4455-2.gif,https://reygoma.com.ar/producto/art-4455-3/,Gol | VOLKSWAGEN,
REY GOMA,4454/2,SOPORTE / GOMA-METAL,Gol,VOLKSWAGEN,,"Fuelle semi eje (lado caja) Gacel, Senda, Carat, Saveiro + chapa y kit con abrazaderas y lubricante",lado caja,https://reygoma.com.ar/wp-content/uploads/2018/12/4454-2-2.gif,https://reygoma.com.ar/producto/art-4454-2-3/,Gol | VOLKSWAGEN,CAJA
REY GOMA,4454/1,SOPORTE / GOMA-METAL,Gol,VOLKSWAGEN,,Kit con abrazaderas y lubricante,,https://reygoma.com.ar/wp-content/uploads/2018/12/4454-6.gif,https://reygoma.com.ar/producto/art-4454-1-3/,Gol | VOLKSWAGEN,
REY GOMA,4454,SOPORTE / GOMA-METAL,Gol,VOLKSWAGEN,,"Fuelle semi eje (lado caja) Gacel, Senda, Carat, Saveiro",lado caja,https://reygoma.com.ar/wp-content/uploads/2018/12/4454-5.gif,https://reygoma.com.ar/producto/art-4454-4/,Gol | VOLKSWAGEN,CAJA
REY GOMA,4453,CAZOLETA,Gol,VOLKSWAGEN,,(377-412-329) Cazoleta VW y Saveiro.,377-412-329,https://reygoma.com.ar/wp-content/uploads/2018/12/4453.gif,https://reygoma.com.ar/producto/art-4453/,Gol | VOLKSWAGEN,
REY GOMA,4440,SOPORTE / GOMA-METAL,Gol,VOLKSWAGEN,,"(ZBA121275) Soporte chico de radiador Gacel, Saveiro y Senda. Ø 19 mm. h 11 mm, rosca M 6 x 1",ZBA121275,https://reygoma.com.ar/wp-content/uploads/2018/12/44401x1-2.gif,https://reygoma.com.ar/producto/art-4440-2/,Gol | VOLKSWAGEN,
REY GOMA,4439,SOPORTE / GOMA-METAL,Gol,VOLKSWAGEN,,"(OZBA121273) Soporte grande de radiador Gacel, Saveiro y Senda. Ø 30 mm. h 15 mm. rosca M 8 x 1,25",OZBA121273,https://reygoma.com.ar/wp-content/uploads/2018/12/44391x1-1.gif,https://reygoma.com.ar/producto/art-4439-2/,Gol | VOLKSWAGEN,
REY GOMA,4438,SOPORTE DE CAJA,Gol,VOLKSWAGEN,,"(3033991131) Soporte caja de 5a. Carat, Gacel, Saveiro y Senda",3033991131,https://reygoma.com.ar/wp-content/uploads/2018/12/44381x1-1-1.gif,https://reygoma.com.ar/producto/art-4438-3/,Gol | VOLKSWAGEN,CAJA
REY GOMA,4427,SOPORTE DE MOTOR,Gol,VOLKSWAGEN,,"(823199381) Soporte de motor Carat, Gacel, Saveiro y Senda",823199381,https://reygoma.com.ar/wp-content/uploads/2018/12/44271x1-1.gif,https://reygoma.com.ar/producto/art-4427-3/,Gol | VOLKSWAGEN,
REY GOMA,4457/1,SOPORTE / GOMA-METAL,Gacel,VOLKSWAGEN,,Kit con abrazaderas y lubricante,,https://reygoma.com.ar/wp-content/uploads/2018/12/4457-2-1.gif,https://reygoma.com.ar/producto/art-4457-1-2/,Gacel | VOLKSWAGEN,
REY GOMA,4457,SOPORTE / GOMA-METAL,Gacel,VOLKSWAGEN,,"Fuelle semi eje (lado rueda) Gol, Senda, Carat, Saveiro",lado rueda,https://reygoma.com.ar/wp-content/uploads/2018/12/4457-2.gif,https://reygoma.com.ar/producto/art-4457-2/,Gacel | VOLKSWAGEN,
REY GOMA,4455,SOPORTE / GOMA-METAL,Gacel,VOLKSWAGEN,,"Fuelle cremallera mecánica o hidráulica Gol, Senda, Carat",,https://reygoma.com.ar/wp-content/uploads/2018/12/4455-1.gif,https://reygoma.com.ar/producto/art-4455-2/,Gacel | VOLKSWAGEN,
REY GOMA,4454/2,SOPORTE / GOMA-METAL,Gacel,VOLKSWAGEN,,"Fuelle semi eje (lado caja) Gol, Senda, Carat, Saveiro + chapa y kit con abrazaderas y lubricante",lado caja,https://reygoma.com.ar/wp-content/uploads/2018/12/4454-2-1.gif,https://reygoma.com.ar/producto/art-4454-2-2/,Gacel | VOLKSWAGEN,CAJA
REY GOMA,4454/1,SOPORTE / GOMA-METAL,Gacel,VOLKSWAGEN,,Kit con abrazaderas y lubricante,,https://reygoma.com.ar/wp-content/uploads/2018/12/4454-4.gif,https://reygoma.com.ar/producto/art-4454-1-2/,Gacel | VOLKSWAGEN,
REY GOMA,4454,SOPORTE / GOMA-METAL,Gacel,VOLKSWAGEN,,"Fuelle semi eje (lado caja) Gol, Senda, Carat, Saveiro",lado caja,https://reygoma.com.ar/wp-content/uploads/2018/12/4454-2.gif,https://reygoma.com.ar/producto/art-4454-3/,Gacel | VOLKSWAGEN,CAJA
REY GOMA,4443,TOPE AMORTIGUADOR,Gacel,VOLKSWAGEN,,(823199339A) Tope delantero de motor Saveiro y Senda,823199339A,https://reygoma.com.ar/wp-content/uploads/2018/12/44431x1.gif,https://reygoma.com.ar/producto/art-4443/,Gacel | VOLKSWAGEN,
REY GOMA,4442,TOPE AMORTIGUADOR,Gacel,VOLKSWAGEN,,(ZBA199339) Tope delantero de motor,ZBA199339,https://reygoma.com.ar/wp-content/uploads/2018/12/44421x1.gif,https://reygoma.com.ar/producto/art-4442/,Gacel | VOLKSWAGEN,
REY GOMA,4440,SOPORTE / GOMA-METAL,Gacel,VOLKSWAGEN,,"(ZBA121275) Soporte chico de radiador Gol, Saveiro y Senda. Ø 19 mm. h 11 mm. rosca M 6 x 1",ZBA121275,https://reygoma.com.ar/wp-content/uploads/2018/12/44401x1.gif,https://reygoma.com.ar/producto/art-4440/,Gacel | VOLKSWAGEN,
REY GOMA,4439,SOPORTE / GOMA-METAL,Gacel,VOLKSWAGEN,,"(OZBA121273) Soporte grande de radiador Gol, Saveiro y Senda. Ø 30 mm. h 15 mm. rosca M 8 x 1,25",OZBA121273,https://reygoma.com.ar/wp-content/uploads/2018/12/44391x1.gif,https://reygoma.com.ar/producto/art-4439/,Gacel | VOLKSWAGEN,
REY GOMA,4438,SOPORTE DE CAJA,Gacel,VOLKSWAGEN,,"(3033991131) Soporte caja de 5a. Carat, Gol, Saveiro y Senda",3033991131,https://reygoma.com.ar/wp-content/uploads/2018/12/44381x1-1.gif,https://reygoma.com.ar/producto/art-4438-2/,Gacel | VOLKSWAGEN,CAJA
REY GOMA,4437,SOPORTE / GOMA-METAL,Gacel,VOLKSWAGEN,,(823253147A) Soporte Fijación silenciador,823253147A,https://reygoma.com.ar/wp-content/uploads/2018/12/44371x1.gif,https://reygoma.com.ar/producto/art-4437/,Gacel | VOLKSWAGEN,
REY GOMA,4436,SOPORTE DE ESCAPE,Gacel,VOLKSWAGEN,,(817253147) Soporte caño de escape,817253147,https://reygoma.com.ar/wp-content/uploads/2018/12/44361x1-1.gif,https://reygoma.com.ar/producto/art-4436/,Gacel | VOLKSWAGEN,
REY GOMA,4434,TOPE AMORTIGUADOR,Gacel,VOLKSWAGEN,,"(ZBA412353) Tope superior amortiguador Gol, Saveiro y Senda",ZBA412353,https://reygoma.com.ar/wp-content/uploads/2018/12/44341x1-2.gif,https://reygoma.com.ar/producto/art-4434/,Gacel | VOLKSWAGEN,
REY GOMA,4430,SOPORTE DE CAJA,Gacel,VOLKSWAGEN,,(ZBA3991511) Soporte caja de velocidades,ZBA3991511,https://reygoma.com.ar/wp-content/uploads/2018/12/44301x1.gif,https://reygoma.com.ar/producto/art-4430/,Gacel | VOLKSWAGEN,CAJA
REY GOMA,4427,SOPORTE DE MOTOR,Gacel,VOLKSWAGEN,,"(823199381) Soporte de motor Carat, Gol, Saveiro y Senda",823199381,https://reygoma.com.ar/wp-content/uploads/2018/12/44271x1-1-2.gif,https://reygoma.com.ar/producto/art-4427-2/,Gacel | VOLKSWAGEN,
REY GOMA,4425,BUJE,Gacel,VOLKSWAGEN,,(3054113271) buje interior de barra estabilizadora,3054113271,https://reygoma.com.ar/wp-content/uploads/2018/12/44251x1.gif,https://reygoma.com.ar/producto/art-4425/,Gacel | VOLKSWAGEN,
REY GOMA,4424,BUJE,Gacel,VOLKSWAGEN,,(3054113131) Buje exterior barra estabilizadora,3054113131,https://reygoma.com.ar/wp-content/uploads/2018/12/44241x1.gif,https://reygoma.com.ar/producto/art-4424/,Gacel | VOLKSWAGEN,
REY GOMA,4513,SOPORTE / GOMA-METAL,Fox,VOLKSWAGEN,,Repuesto para 4501,,https://reygoma.com.ar/wp-content/uploads/2018/12/4513.gif,https://reygoma.com.ar/producto/art-4513/,Fox | VOLKSWAGEN,
REY GOMA,4512,SOPORTE DE MOTOR,Fox,VOLKSWAGEN,,"(5U0.199.555) Repuesto para soporte de motor (lado izquierdo) y Suran, naftero o diesel",5U0.199.555 | lado izquierdo,https://reygoma.com.ar/wp-content/uploads/2018/12/4512.gif,https://reygoma.com.ar/producto/art-4512/,Fox | VOLKSWAGEN,IZQUIERDO
REY GOMA,4502,SOPORTE DE MOTOR,Fox,VOLKSWAGEN,,"(5U0199167B) Soporte de motor (lado derecho) / Gol Trend / Suran / Voyage, 1.0 y 1.6 nafta, año 2008 en adelante.",5U0199167B | lado derecho,https://reygoma.com.ar/wp-content/uploads/2018/12/4502.gif,https://reygoma.com.ar/producto/art-4502/,Fox | VOLKSWAGEN,DERECHO
REY GOMA,4501,SOPORTE DE MOTOR,Fox,VOLKSWAGEN,,"(6Q0/199555/AD) Soporte de motor (lado izquierdo) y Suran, nafta/diesel Gol Trend y Voyage nafta.",6Q0/199555/AD | lado izquierdo,https://reygoma.com.ar/wp-content/uploads/2018/12/4501.gif,https://reygoma.com.ar/producto/art-4501/,Fox | VOLKSWAGEN,IZQUIERDO
REY GOMA,4499,BUJE,Fox,VOLKSWAGEN,,"(1J0/501541/C) Buje brazo trasero Bora, Golf, y New Beetle.",1J0/501541/C,https://reygoma.com.ar/wp-content/uploads/2018/12/4499-1.gif,https://reygoma.com.ar/producto/art-4499-2/,Fox | VOLKSWAGEN,
REY GOMA,4477,SOPORTE DE MOTOR,Fox,VOLKSWAGEN,,"(5Z0-199167-A) (5Z0-199167-C) Soporte de motor hidráulico (lado izquierdo) y Suran 1,6.",5Z0-199167-A | 5Z0-199167-C | lado izquierdo,https://reygoma.com.ar/wp-content/uploads/2018/12/4477-1.gif,https://reygoma.com.ar/producto/art-4477/,Fox | VOLKSWAGEN,IZQUIERDO
REY GOMA,4498,BUJE,Fox,VOLKSWAGEN,,(6Q0/407183/A) Buje consola soporte de parrilla y Polo.,6Q0/407183/A,https://reygoma.com.ar/wp-content/uploads/2018/12/4498.gif,https://reygoma.com.ar/producto/art-4498/,Fox | VOLKSWAGEN,
REY GOMA,4497,SOPORTE / GOMA-METAL,Fox,VOLKSWAGEN,,"(5U0199851) Soporte trasero de motor / Suran / Gol Trend 1.6 / 1.0, año 2008 en adelante.",5U0199851,https://reygoma.com.ar/wp-content/uploads/2018/12/4497.gif,https://reygoma.com.ar/producto/art-4497/,Fox | VOLKSWAGEN,
REY GOMA,4493,CAZOLETA,Fox,VOLKSWAGEN,,"(6Q0/412331/A) cazoleta suspension delantera Polo 09/2000 en adelante, 03/2006 en adelante",6Q0/412331/A,https://reygoma.com.ar/wp-content/uploads/2018/12/4493.gif,https://reygoma.com.ar/producto/art-4493/,Fox | VOLKSWAGEN,
REY GOMA,4475,SOPORTE / GOMA-METAL,Fox,VOLKSWAGEN,,(6Q0/199851/AD) Soporte trasero de motor 1.0 y 1.6L naftero.,6Q0/199851/AD,https://reygoma.com.ar/wp-content/uploads/2018/12/4475.gif,https://reygoma.com.ar/producto/art-4475/,Fox | VOLKSWAGEN,
REY GOMA,4511,BUJE,Crossfox,VOLKSWAGEN,,(1K0-407183/B) Buje parrilla delantera Vento 2006 en adelante y,1K0-407183/B,https://reygoma.com.ar/wp-content/uploads/2018/12/4511.gif,https://reygoma.com.ar/producto/art-4511/,Crossfox | VOLKSWAGEN,
REY GOMA,4488,CAZOLETA,Carat,VOLKSWAGEN,,(377/412113) cazoleta suspension Quantum con crapodina,377/412113,https://reygoma.com.ar/wp-content/uploads/2018/12/4488.gif,https://reygoma.com.ar/producto/art-4488/,Carat | VOLKSWAGEN,
REY GOMA,4487,CAZOLETA,Carat,VOLKSWAGEN,,(ZBC412323) cazoleta suspension Quantum,ZBC412323,https://reygoma.com.ar/wp-content/uploads/2018/12/4487.gif,https://reygoma.com.ar/producto/art-4487/,Carat | VOLKSWAGEN,
REY GOMA,4466,TOPE AMORTIGUADOR,Carat,VOLKSWAGEN,,Tope rebote de amortiguador (trasero) modelos Gol y (línea nueva).,trasero | línea nueva,https://reygoma.com.ar/wp-content/uploads/2018/12/Art-4466-–-Rey-Goma-1.png,https://reygoma.com.ar/producto/art-4466/,Carat | VOLKSWAGEN,
REY GOMA,4457/1,SOPORTE / GOMA-METAL,Carat,VOLKSWAGEN,,Kit con abrazaderas y lubricante,,https://reygoma.com.ar/wp-content/uploads/2018/12/4457-1.gif,https://reygoma.com.ar/producto/art-4457-1/,Carat | VOLKSWAGEN,
REY GOMA,4457,SOPORTE / GOMA-METAL,Carat,VOLKSWAGEN,,"Fuelle semi eje (lado rueda) Gacel, Gol, Senda, Saveiro",lado rueda,https://reygoma.com.ar/wp-content/uploads/2018/12/4457.gif,https://reygoma.com.ar/producto/art-4457/,Carat | VOLKSWAGEN,
REY GOMA,4455,SOPORTE / GOMA-METAL,Carat,VOLKSWAGEN,,"Fuelle cremallera mecánica o hidráulica Gacel, Gol, Senda,",,https://reygoma.com.ar/wp-content/uploads/2018/12/4455-4.gif,https://reygoma.com.ar/producto/art-4455/,Carat | VOLKSWAGEN,
REY GOMA,4454/2,SOPORTE / GOMA-METAL,Carat,VOLKSWAGEN,,"Fuelle semi eje (lado caja) Gacel, Gol, Senda, Saveiro + chapa y kit con abrazaderas y lubricante",lado caja,https://reygoma.com.ar/wp-content/uploads/2018/12/4454-2-5.gif,https://reygoma.com.ar/producto/art-4454-2/,Carat | VOLKSWAGEN,CAJA
REY GOMA,4454/1,SOPORTE / GOMA-METAL,Carat,VOLKSWAGEN,,Kit con abrazaderas y lubricante,,https://reygoma.com.ar/wp-content/uploads/2018/12/4454-1-1.gif,https://reygoma.com.ar/producto/art-4454-1/,Carat | VOLKSWAGEN,
REY GOMA,4454,SOPORTE / GOMA-METAL,Carat,VOLKSWAGEN,,"Fuelle semi eje (lado caja) Gacel, Gol, Senda, Saveiro",lado caja,https://reygoma.com.ar/wp-content/uploads/2018/12/4454-1.gif,https://reygoma.com.ar/producto/art-4454/,Carat | VOLKSWAGEN,CAJA
REY GOMA,4438,SOPORTE DE CAJA,Carat,VOLKSWAGEN,,"(3033991131) Soporte caja de 5a. Gacel, Gol, Saveiro y Senda",3033991131,https://reygoma.com.ar/wp-content/uploads/2018/12/44381x1.gif,https://reygoma.com.ar/producto/art-4438/,Carat | VOLKSWAGEN,CAJA
REY GOMA,4427,SOPORTE DE MOTOR,Carat,VOLKSWAGEN,,"(823199381) Soporte de motor Gacel, Gol, Saveiro y Senda",823199381,https://reygoma.com.ar/wp-content/uploads/2018/12/44271x1.gif,https://reygoma.com.ar/producto/art-4427/,Carat | VOLKSWAGEN,
REY GOMA,4469,SOPORTE / GOMA-METAL,Camion,VOLKSWAGEN,,(2SH/199381) Soporte trasero de motor camión 9150 con motor MWM serie 10 desde año 2000. Ø 76 mm. Ø int. 38 mm. h 66 mm.,2SH/199381,https://reygoma.com.ar/wp-content/uploads/2018/12/3502.gif,https://reygoma.com.ar/producto/art-4469/,Camion | VOLKSWAGEN,
REY GOMA,4472,TOPE AMORTIGUADOR,Caddy,VOLKSWAGEN,,Tope rebote de amortiguador trasero Polo y,,https://reygoma.com.ar/wp-content/uploads/2018/12/Art-4472-–-Rey-Goma-1.png,https://reygoma.com.ar/producto/art-4472/,Caddy | VOLKSWAGEN,
REY GOMA,4473,SOPORTE DE MOTOR,Caddy,VOLKSWAGEN,,"(191199402C) Soporte de motor (hidráulico) (lado caja) Golf 1ra.serie GTI naftero ó diesel años 1996/98, Passat años 1994/97 y Polo naftero ó diesel.",191199402C | hidráulico | lado caja,https://reygoma.com.ar/wp-content/uploads/2018/12/44481x1-2.gif,https://reygoma.com.ar/producto/art-4473/,Caddy | VOLKSWAGEN,CAJA
REY GOMA,4468,SOPORTE / GOMA-METAL,Caddy,VOLKSWAGEN,,"Fuelle de dirección hidráulica Polo, Golf, .",,https://reygoma.com.ar/wp-content/uploads/2018/12/4468-1.gif,https://reygoma.com.ar/producto/art-4468/,Caddy | VOLKSWAGEN,
REY GOMA,4465,SOPORTE / GOMA-METAL,Caddy,VOLKSWAGEN,,(6K0121267) Soporte superior de radiador modelos Polo y diesel.,6K0121267,https://reygoma.com.ar/wp-content/uploads/2018/12/14024465-1.gif,https://reygoma.com.ar/producto/art-4465/,Caddy | VOLKSWAGEN,
REY GOMA,4516,SOPORTE DE MOTOR,Bora,VOLKSWAGEN,,"(1J0-199-262BH) Soporte de motor (lado derecho) Golf 1.6, y New Beetle",1J0-199-262BH | lado derecho,https://reygoma.com.ar/wp-content/uploads/2018/12/4516.gif,https://reygoma.com.ar/producto/art-4516/,Bora | VOLKSWAGEN,DERECHO
REY GOMA,4514,SOPORTE DE MOTOR,Bora,VOLKSWAGEN,,"(1J0/199555/BD) Soporte de motor (lado izquierdo) Bora1.8, Golf IV 1.6 y 1.8, New Beetle",1J0/199555/BD | lado izquierdo,https://reygoma.com.ar/wp-content/uploads/2018/12/4514.gif,https://reygoma.com.ar/producto/art-4514/,Bora | VOLKSWAGEN,IZQUIERDO
REY GOMA,4510/1,SOPORTE / GOMA-METAL,Bora,VOLKSWAGEN,,Kit con abrazaderas y lubricante.,,https://reygoma.com.ar/wp-content/uploads/2018/12/4510-1.gif,https://reygoma.com.ar/producto/art-4510-1/,Bora | VOLKSWAGEN,
REY GOMA,4510,SOPORTE / GOMA-METAL,Bora,VOLKSWAGEN,,"Fuelle semi eje (lado rueda) Golf, Passat y Transporter (junta homocinética).",lado rueda | junta homocinética,https://reygoma.com.ar/wp-content/uploads/2018/12/4510.gif,https://reygoma.com.ar/producto/art-4510/,Bora | VOLKSWAGEN,
REY GOMA,4499,BUJE,Bora,VOLKSWAGEN,,"(1J0/501541/C) Buje brazo trasero Golf, Fox y New Beetle.",1J0/501541/C,https://reygoma.com.ar/wp-content/uploads/2018/12/4499.gif,https://reygoma.com.ar/producto/art-4499/,Bora | VOLKSWAGEN,
REY GOMA,4496/1,SOPORTE / GOMA-METAL,Bora,VOLKSWAGEN,,Kit con abrazaderas y lubricante,,https://reygoma.com.ar/wp-content/uploads/2018/12/4496-4.gif,https://reygoma.com.ar/producto/art-4496-1/,Bora | VOLKSWAGEN,
REY GOMA,4496,SOPORTE / GOMA-METAL,Bora,VOLKSWAGEN,,"Fuelle semi eje (lado caja) Golf, Passat, Sharan y Vento.",lado caja,https://reygoma.com.ar/wp-content/uploads/2018/12/4496.gif,https://reygoma.com.ar/producto/art-4496/,Bora | VOLKSWAGEN,CAJA
REY GOMA,4491,CAZOLETA,Bora,VOLKSWAGEN,,"(1J0/412331/C) cazoleta suspension Golf 4, New Beetle, año 1999 en adelante con crapodina",1J0/412331/C,https://reygoma.com.ar/wp-content/uploads/2018/12/4491-e1553706921500.gif,https://reygoma.com.ar/producto/art-4491/,Bora | VOLKSWAGEN,
REY GOMA,4490,CAZOLETA,Bora,VOLKSWAGEN,,"(1J0/412331/C) cazoleta suspension Golf 4, New Beetle, año 1999 en adelante",1J0/412331/C,https://reygoma.com.ar/wp-content/uploads/2018/12/4490.gif,https://reygoma.com.ar/producto/art-4490/,Bora | VOLKSWAGEN,
REY GOMA,4482,SOPORTE DE MOTOR,Bora,VOLKSWAGEN,,"(1J0-199851/AA) Soporte de motor Golf IV, New Beetle 1.8 – 1.6 – 2.0 Nafta",1J0-199851/AA,https://reygoma.com.ar/wp-content/uploads/2018/12/4482.gif,https://reygoma.com.ar/producto/art-4482/,Bora | VOLKSWAGEN,
REY GOMA,4478,TOPE AMORTIGUADOR,Bora,VOLKSWAGEN,,(8D0199339P) Tope delantero de motor Passat y .,8D0199339P,https://reygoma.com.ar/wp-content/uploads/2018/12/4478.gif,https://reygoma.com.ar/producto/art-4478/,Bora | VOLKSWAGEN,
REY GOMA,4506,SOPORTE DE CAJA,Amarok,VOLKSWAGEN,,(2H0-399-151-A) Soporte de caja de velocidades (4×2).,2H0-399-151-A | 4×2,https://reygoma.com.ar/wp-content/uploads/2018/12/4506.gif,https://reygoma.com.ar/producto/art-4506/,Amarok | VOLKSWAGEN,CAJA
REY GOMA,4505,SOPORTE DE CAJA,Amarok,VOLKSWAGEN,,(2H0-399-151) Soporte de caja de velocidades TD 2.0L (4×4).,2H0-399-151 | 4×4,https://reygoma.com.ar/wp-content/uploads/2018/12/4505-1.gif,https://reygoma.com.ar/producto/art-4505/,Amarok | VOLKSWAGEN,CAJA
REY GOMA,4504,SOPORTE / GOMA-METAL,Amarok,VOLKSWAGEN,,(2H0-199-256-A) Soporte delantero de motor .,2H0-199-256-A,https://reygoma.com.ar/wp-content/uploads/2018/12/4504.gif,https://reygoma.com.ar/producto/art-4504/,Amarok | VOLKSWAGEN,
REY GOMA,8041,SOPORTE / GOMA-METAL,VOLVO,,,(305844) Soporte delantero de motor,305844,https://reygoma.com.ar/wp-content/uploads/2018/11/80411x1.gif,https://reygoma.com.ar/producto/art-8041/,VOLVO,
REY GOMA,8040/1,SOPORTE DE CAJA,VOLVO,,,(309121) Soporte caja de velocidades,309121,https://reygoma.com.ar/wp-content/uploads/2018/11/8040-11x1.gif,https://reygoma.com.ar/producto/art-8040-1/,VOLVO,CAJA
REY GOMA,8030,SOPORTE / GOMA-METAL,VOLVO,,,(300672) Soporte delantero de motor. h 55 mm.,300672,https://reygoma.com.ar/wp-content/uploads/2018/11/80301x1.gif,https://reygoma.com.ar/producto/art-8030/,VOLVO,
REY GOMA,8900,SOPORTE / GOMA-METAL,ZANELLO,,,(0090055) Soporte de cabina de tractor,0090055,https://reygoma.com.ar/wp-content/uploads/2018/11/89001x1.gif,https://reygoma.com.ar/producto/art-8900/,ZANELLO,
REY GOMA,7545,SOPORTE DE CAJA,OTROS,,,(7700755531) Soporte delantero izquierdo de caja de velocidades modelo Express,7700755531,https://reygoma.com.ar/wp-content/uploads/2019/04/75451x1.gif,https://reygoma.com.ar/producto/art-7545/,OTROS,CAJA / IZQUIERDO
REY GOMA,1264,SOPORTE DE ESCAPE,OTROS,,,(0852726) Soporte de caño de escape modelo Corsa.,0852726,https://reygoma.com.ar/wp-content/uploads/2019/04/IMP_5015-e1554132126926.gif,https://reygoma.com.ar/producto/art-1264-2/,OTROS,
REY GOMA,7058,SOPORTE / GOMA-METAL,OTROS,,,"Fuelle semi eje (lado rueda) modelos 306, 406, 605, 405 copa grande",lado rueda,https://reygoma.com.ar/wp-content/uploads/2019/03/7058.gif,https://reygoma.com.ar/producto/art-7058-5/,OTROS,
REY GOMA,6997,PEDAL,OTROS,,,"(2130070) Cubre pedal de freno y de embrague modelos 403, 404 y 504",2130070,https://reygoma.com.ar/wp-content/uploads/2019/03/69971x1.gif,https://reygoma.com.ar/producto/art-6997-4/,OTROS,
REY GOMA,3554,SOPORTE / GOMA-METAL,OTROS,,,(95AB6038-CA) Soporte lateral de motor (hidráulico) Escort diesel.,95AB6038-CA | hidráulico,https://reygoma.com.ar/wp-content/uploads/2019/03/34561x1-1.gif,https://reygoma.com.ar/producto/art-3554-2/,OTROS,
REY GOMA,3505,SOPORTE / GOMA-METAL,OTROS,,,(6038DA) (6B032DA) Soporte delantero de motor F-100 motor MWM 99 en adelante.,6038DA | 6B032DA,https://reygoma.com.ar/wp-content/uploads/2019/01/3505-1.gif,https://reygoma.com.ar/producto/art-3505/,OTROS,
REY GOMA,3285,BUJE,OTROS,,,(C3AZ18198A) Buje de amortiguador Falcon y F 100,C3AZ18198A,https://reygoma.com.ar/wp-content/uploads/2019/01/32851x1-1.gif,https://reygoma.com.ar/producto/art-3285-2/,OTROS,
REY GOMA,2314/1,SOPORTE / GOMA-METAL,OTROS,,,Kit con abrazaderas y lubricante,,https://reygoma.com.ar/wp-content/uploads/2019/01/2314-5.gif,https://reygoma.com.ar/producto/art-2314-1-3/,OTROS,
REY GOMA,2317/1,SOPORTE / GOMA-METAL,OTROS,,,Kit con abrazaderas y lubricante,,https://reygoma.com.ar/wp-content/uploads/2019/01/2317-1.gif,https://reygoma.com.ar/producto/art-2317-1/,OTROS,
REY GOMA,3303,SOPORTE / GOMA-METAL,OTROS,,,(C2DZ3A187A) Juego completo de reparación para barra tensora de suspensión delantera Falcon,C2DZ3A187A,https://reygoma.com.ar/wp-content/uploads/woocommerce-placeholder-300x300.png,https://reygoma.com.ar/producto/art-3303/,OTROS,
REY GOMA,6997,PEDAL,OTROS,,,"(2130070) Cubre pedal de freno y de embrague modelos 403, 404 y 504",2130070,https://reygoma.com.ar/wp-content/uploads/2018/12/69971x1-1.gif,https://reygoma.com.ar/producto/art-6997-2/,OTROS,
REY GOMA,1217,SOPORTE DE MOTOR,OTROS,,,(93230328) (52272845/47) Soporte de motor (lado derecho) Corsa y trasero Monza.,93230328 | 52272845/47 | lado derecho,https://reygoma.com.ar/wp-content/uploads/2018/12/12171x1.gif,https://reygoma.com.ar/producto/art-1217/,OTROS,DERECHO
